click_id,impression_id,campaign_id,customer_id,channel_id,click_date,device_type
1,4,7,3843,5,2026-06-01,Mobile
2,13,6,103,5,2025-02-24,Mobile
3,14,34,5321,3,2025-06-30,Desktop
4,19,13,3215,4,2024-09-04,Mobile
5,31,36,5612,5,2025-03-24,Mobile
6,43,3,2731,4,2025-12-12,Mobile
7,76,29,4259,1,2025-04-15,Desktop
8,78,13,1722,4,2024-09-16,Desktop
9,79,42,1107,2,2024-12-19,Mobile
10,94,27,1469,2,2024-10-25,Tablet
11,96,21,5434,3,2026-01-16,Desktop
12,134,30,2165,6,2024-11-26,Desktop
13,136,44,1421,1,2025-01-04,Mobile
14,140,34,2603,3,2025-06-14,Mobile
15,158,19,3669,4,2025-05-09,Desktop
16,162,8,3305,2,2025-08-11,Tablet
17,177,57,5767,2,2024-11-21,Tablet
18,183,22,1590,5,2024-10-24,Tablet
19,191,54,3197,1,2025-09-24,Desktop
20,246,40,3860,5,2026-03-06,Mobile
21,268,35,2628,6,2025-05-28,Desktop
22,314,57,3461,2,2024-10-30,Tablet
23,331,58,5363,1,2025-05-29,Desktop
24,334,47,5072,3,2024-10-10,Mobile
25,363,55,2583,3,2025-07-30,Desktop
26,370,40,3502,5,2026-03-02,Desktop
27,381,23,5090,1,2026-01-19,Desktop
28,384,18,330,4,2025-04-10,Tablet
29,391,50,2727,1,2025-04-25,Mobile
30,463,48,80,2,2026-02-09,Mobile
31,475,30,1769,6,2024-11-19,Tablet
32,479,55,482,3,2025-07-24,Tablet
33,492,9,382,2,2024-08-31,Desktop
34,496,23,2216,1,2026-01-03,Mobile
35,519,12,3430,1,2024-07-27,Mobile
36,522,51,3669,6,2025-09-08,Tablet
37,524,29,580,1,2025-04-08,Mobile
38,538,32,4453,3,2024-09-23,Tablet
39,562,14,862,2,2024-11-20,Tablet
40,571,50,4742,1,2025-03-30,Desktop
41,588,46,513,4,2025-01-02,Mobile
42,591,21,3310,3,2026-01-08,Tablet
43,630,53,1556,3,2026-05-10,Desktop
44,638,24,2197,6,2025-10-20,Mobile
45,639,27,2619,2,2024-10-25,Mobile
46,648,30,4880,6,2024-11-24,Desktop
47,657,43,5376,2,2026-01-10,Mobile
48,674,29,2023,1,2025-05-19,Desktop
49,678,2,3811,1,2024-10-29,Desktop
50,683,17,3526,2,2024-12-24,Mobile
51,686,8,338,2,2025-07-24,Desktop
52,722,51,1313,6,2025-10-03,Mobile
53,733,7,2253,5,2026-05-20,Tablet
54,760,6,5259,5,2025-01-18,Mobile
55,813,2,3238,1,2024-11-11,Tablet
56,814,3,516,4,2025-12-13,Mobile
57,822,56,4308,5,2024-12-16,Desktop
58,830,3,1892,4,2025-12-13,Mobile
59,861,29,5968,1,2025-05-02,Mobile
60,891,36,1114,5,2025-03-17,Desktop
61,906,20,2024,6,2025-04-30,Tablet
62,916,31,5572,4,2025-01-22,Tablet
63,927,56,3737,5,2024-12-11,Tablet
64,932,2,646,1,2024-10-29,Tablet
65,945,23,5013,1,2026-01-02,Mobile
66,949,24,2297,6,2025-10-28,Desktop
67,982,36,5813,5,2025-04-12,Desktop
68,999,48,3094,2,2026-02-15,Desktop
69,1048,6,3969,5,2025-03-04,Tablet
70,1049,23,5973,1,2026-01-18,Desktop
71,1050,53,158,3,2026-05-06,Mobile
72,1056,39,297,6,2024-12-11,Mobile
73,1060,9,4648,2,2024-09-08,Mobile
74,1071,59,4740,5,2026-04-29,Mobile
75,1072,20,3749,6,2025-05-16,Desktop
76,1075,32,5076,3,2024-10-17,Tablet
77,1076,36,3568,5,2025-04-09,Tablet
78,1077,19,4723,4,2025-04-05,Desktop
79,1079,36,3419,5,2025-05-08,Tablet
80,1087,27,1146,2,2024-10-26,Desktop
81,1088,60,583,5,2025-04-09,Mobile
82,1100,15,676,6,2026-05-20,Tablet
83,1112,11,5921,3,2024-08-24,Mobile
84,1121,37,501,5,2025-01-27,Mobile
85,1163,4,5865,1,2025-01-01,Tablet
86,1164,28,1903,6,2025-04-29,Tablet
87,1168,52,338,1,2025-03-16,Tablet
88,1179,54,528,1,2025-09-12,Desktop
89,1205,45,2880,4,2026-04-02,Mobile
90,1218,36,5999,5,2025-04-08,Mobile
91,1224,9,2974,2,2024-09-02,Tablet
92,1228,34,4101,3,2025-06-30,Tablet
93,1268,40,3890,5,2026-02-28,Desktop
94,1290,38,3960,2,2025-11-14,Desktop
95,1299,52,3158,1,2025-04-03,Tablet
96,1301,47,345,3,2024-11-04,Mobile
97,1302,25,1380,3,2024-12-03,Mobile
98,1307,9,1228,2,2024-08-29,Desktop
99,1332,8,1228,2,2025-08-14,Desktop
100,1333,44,3698,1,2024-12-24,Desktop
101,1340,46,1977,4,2025-01-24,Mobile
102,1342,13,4247,4,2024-09-02,Mobile
103,1373,53,1125,3,2026-05-07,Mobile
104,1393,1,5417,6,2025-04-29,Desktop
105,1402,46,3960,4,2025-01-10,Mobile
106,1437,54,3823,1,2025-09-05,Tablet
107,1439,1,3753,6,2025-04-05,Tablet
108,1458,40,644,5,2026-02-22,Desktop
109,1470,58,4829,1,2025-05-21,Mobile
110,1471,55,4718,3,2025-07-25,Mobile
111,1480,43,1103,2,2026-01-09,Tablet
112,1483,19,310,4,2025-04-04,Desktop
113,1520,4,3047,1,2024-12-05,Mobile
114,1546,18,4104,4,2025-04-10,Desktop
115,1551,9,5978,2,2024-08-26,Tablet
116,1578,40,256,5,2026-03-02,Desktop
117,1584,11,264,3,2024-08-17,Tablet
118,1586,50,2525,1,2025-05-03,Tablet
119,1598,20,4832,6,2025-05-26,Tablet
120,1621,49,5846,5,2025-10-25,Tablet
121,1630,24,1359,6,2025-10-11,Mobile
122,1631,23,5698,1,2026-01-08,Mobile
123,1644,18,3448,4,2025-05-01,Mobile
124,1647,19,3860,4,2025-04-29,Mobile
125,1649,26,4734,3,2025-11-01,Desktop
126,1658,10,448,1,2026-01-10,Tablet
127,1691,31,5337,4,2025-01-17,Mobile
128,1716,9,3403,2,2024-08-26,Tablet
129,1718,49,3060,5,2025-09-19,Tablet
130,1739,1,2690,6,2025-04-09,Mobile
131,1767,54,4658,1,2025-09-14,Tablet
132,1781,48,429,2,2026-02-14,Mobile
133,1803,28,5526,6,2025-04-24,Mobile
134,1806,22,987,5,2024-11-03,Mobile
135,1816,57,3291,2,2024-11-19,Tablet
136,1825,17,3987,2,2024-12-19,Tablet
137,1830,57,4437,2,2024-10-31,Mobile
138,1835,18,3309,4,2025-05-15,Tablet
139,1846,53,5586,3,2026-05-24,Desktop
140,1858,35,5319,6,2025-05-25,Mobile
141,1902,34,5989,3,2025-06-16,Tablet
142,1905,1,4170,6,2025-04-25,Desktop
143,1958,56,4152,5,2024-12-15,Tablet
144,1978,19,3976,4,2025-05-31,Mobile
145,1989,22,5575,5,2024-10-17,Mobile
146,2007,28,2821,6,2025-05-13,Tablet
147,2008,25,2038,3,2024-12-10,Mobile
148,2016,41,1983,3,2026-02-13,Mobile
149,2040,44,2364,1,2024-12-02,Tablet
150,2050,5,5380,1,2024-10-23,Desktop
151,2052,17,5437,2,2024-12-26,Mobile
152,2064,38,3886,2,2025-11-08,Tablet
153,2076,42,5319,2,2024-12-06,Desktop
154,2080,46,4265,4,2025-01-25,Mobile
155,2112,57,3757,2,2024-10-19,Mobile
156,2126,58,3000,1,2025-05-18,Desktop
157,2149,17,5181,2,2024-12-17,Desktop
158,2152,46,945,4,2025-01-29,Tablet
159,2155,51,1842,6,2025-10-06,Mobile
160,2164,18,5754,4,2025-04-29,Desktop
161,2176,5,4238,1,2024-11-19,Tablet
162,2182,20,823,6,2025-05-12,Mobile
163,2189,19,1035,4,2025-05-22,Desktop
164,2207,3,623,4,2025-12-10,Desktop
165,2227,19,2148,4,2025-04-27,Desktop
166,2233,42,1589,2,2024-12-30,Desktop
167,2235,12,5731,1,2024-07-28,Mobile
168,2246,26,537,3,2025-10-29,Desktop
169,2284,17,526,2,2024-12-21,Tablet
170,2288,45,5110,4,2026-05-16,Mobile
171,2292,58,2584,1,2025-05-31,Tablet
172,2293,22,4755,5,2024-10-06,Tablet
173,2315,38,1399,2,2025-11-10,Mobile
174,2321,53,5441,3,2026-05-11,Mobile
175,2347,51,4521,6,2025-10-01,Desktop
176,2370,40,5556,5,2026-03-12,Tablet
177,2389,30,4797,6,2024-11-16,Mobile
178,2393,20,387,6,2025-05-18,Mobile
179,2401,47,3451,3,2024-10-29,Desktop
180,2423,18,2790,4,2025-03-24,Desktop
181,2441,22,431,5,2024-10-06,Desktop
182,2472,59,2747,5,2026-05-11,Desktop
183,2490,6,2990,5,2025-03-02,Mobile
184,2493,1,1350,6,2025-04-13,Tablet
185,2507,57,2356,2,2024-10-12,Mobile
186,2544,41,5035,3,2026-01-29,Mobile
187,2555,33,2332,3,2026-02-08,Mobile
188,2557,26,2298,3,2025-10-31,Tablet
189,2561,39,3680,6,2024-12-10,Mobile
190,2562,50,403,1,2025-04-27,Desktop
191,2572,23,3579,1,2025-12-29,Mobile
192,2617,4,1531,1,2025-01-07,Desktop
193,2618,40,1684,5,2026-02-25,Mobile
194,2661,57,5156,2,2024-11-20,Tablet
195,2667,57,1829,2,2024-10-17,Tablet
196,2669,29,5941,1,2025-05-30,Mobile
197,2703,58,2527,1,2025-06-03,Tablet
198,2748,38,1699,2,2025-11-13,Desktop
199,2762,23,878,1,2026-01-10,Desktop
200,2787,2,514,1,2024-11-05,Tablet
201,2793,52,4518,1,2025-03-04,Mobile
202,2815,46,1520,4,2025-01-16,Tablet
203,2822,10,1886,1,2025-12-28,Mobile
204,2829,57,4607,2,2024-10-23,Desktop
205,2832,29,5870,1,2025-06-05,Mobile
206,2833,21,5920,3,2026-01-22,Tablet
207,2849,23,143,1,2026-01-06,Mobile
208,2858,8,261,2,2025-07-20,Desktop
209,2862,59,2433,5,2026-04-28,Tablet
210,2875,40,1896,5,2026-03-07,Mobile
211,2893,20,2256,6,2025-04-17,Tablet
212,2896,56,3210,5,2024-12-22,Tablet
213,2905,10,5836,1,2025-12-08,Mobile
214,2914,19,4996,4,2025-04-26,Desktop
215,2917,3,3011,4,2025-12-08,Desktop
216,2931,25,175,3,2024-11-12,Tablet
217,2956,26,3712,3,2025-11-01,Tablet
218,2968,32,1304,3,2024-10-07,Tablet
219,3002,58,1691,1,2025-05-26,Tablet
220,3010,25,4555,3,2024-12-15,Desktop
221,3022,45,638,4,2026-04-27,Mobile
222,3025,29,2827,1,2025-05-14,Mobile
223,3040,15,2027,6,2026-04-18,Desktop
224,3041,30,3198,6,2024-11-24,Mobile
225,3045,38,1284,2,2025-11-14,Mobile
226,3052,12,1881,1,2024-08-02,Desktop
227,3059,1,4464,6,2025-03-22,Tablet
228,3066,41,2271,3,2026-02-11,Desktop
229,3101,41,4710,3,2026-01-23,Desktop
230,3129,20,3072,6,2025-05-04,Tablet
231,3162,24,3093,6,2025-10-18,Tablet
232,3231,3,5368,4,2025-12-15,Mobile
233,3238,54,3796,1,2025-09-19,Tablet
234,3245,49,3839,5,2025-09-14,Mobile
235,3276,23,5819,1,2026-01-02,Mobile
236,3278,60,1522,5,2025-04-11,Tablet
237,3307,20,2904,6,2025-05-09,Mobile
238,3318,4,4971,1,2025-01-09,Tablet
239,3347,21,3461,3,2026-01-20,Desktop
240,3357,15,1317,6,2026-05-01,Desktop
241,3381,49,125,5,2025-09-15,Mobile
242,3412,35,3973,6,2025-05-22,Desktop
243,3418,35,3849,6,2025-05-28,Tablet
244,3438,15,2670,6,2026-04-18,Mobile
245,3440,6,4222,5,2025-01-21,Desktop
246,3441,8,1055,2,2025-08-16,Tablet
247,3449,51,3441,6,2025-10-04,Desktop
248,3457,52,5598,1,2025-03-09,Mobile
249,3463,36,4207,5,2025-03-17,Desktop
250,3481,6,4361,5,2025-01-29,Desktop
251,3491,32,963,3,2024-09-21,Mobile
252,3507,55,3563,3,2025-08-19,Mobile
253,3512,24,4206,6,2025-10-04,Mobile
254,3533,2,770,1,2024-11-17,Desktop
255,3538,7,4450,5,2026-06-05,Desktop
256,3551,43,5725,2,2026-01-17,Tablet
257,3562,38,2175,2,2025-11-15,Tablet
258,3597,44,1870,1,2024-12-05,Mobile
259,3609,3,4805,4,2025-12-03,Mobile
260,3620,11,3664,3,2024-09-20,Tablet
261,3649,29,3506,1,2025-04-21,Desktop
262,3654,19,5048,4,2025-05-05,Tablet
263,3676,23,3168,1,2026-01-04,Mobile
264,3679,51,458,6,2025-08-27,Mobile
265,3682,46,1271,4,2025-02-06,Tablet
266,3692,30,5081,6,2024-11-16,Desktop
267,3694,9,3118,2,2024-09-08,Tablet
268,3740,10,1968,1,2026-01-15,Tablet
269,3794,50,4452,1,2025-04-05,Tablet
270,3818,53,1026,3,2026-05-06,Desktop
271,3819,37,2243,5,2025-01-21,Desktop
272,3873,11,1285,3,2024-08-26,Mobile
273,3913,51,4908,6,2025-08-27,Mobile
274,3919,11,5195,3,2024-09-07,Tablet
275,3921,26,1905,3,2025-11-05,Desktop
276,3927,13,1154,4,2024-09-14,Mobile
277,3928,57,5092,2,2024-11-02,Desktop
278,3944,33,5324,3,2026-03-08,Mobile
279,3971,55,5056,3,2025-08-16,Mobile
280,3972,24,5679,6,2025-10-14,Mobile
281,3986,6,4242,5,2025-01-17,Mobile
282,3993,54,5799,1,2025-09-13,Desktop
283,4026,8,3269,2,2025-07-25,Mobile
284,4052,49,1761,5,2025-08-29,Mobile
285,4069,52,2150,1,2025-03-21,Mobile
286,4086,44,2148,1,2024-12-09,Tablet
287,4096,31,4008,4,2025-01-30,Mobile
288,4097,52,720,1,2025-03-18,Tablet
289,4104,17,4223,2,2024-12-28,Tablet
290,4111,17,605,2,2024-12-29,Mobile
291,4129,23,374,1,2026-01-04,Mobile
292,4139,1,5999,6,2025-04-05,Tablet
293,4140,35,4684,6,2025-05-23,Mobile
294,4141,1,5860,6,2025-05-04,Mobile
295,4146,14,2527,2,2024-12-05,Tablet
296,4147,28,4987,6,2025-04-18,Tablet
297,4150,12,4666,1,2024-08-02,Desktop
298,4185,26,889,3,2025-11-07,Tablet
299,4213,31,1472,4,2025-01-18,Tablet
300,4227,8,4855,2,2025-08-15,Desktop
301,4251,46,1,4,2025-01-26,Desktop
302,4258,25,3647,3,2024-11-21,Tablet
303,4264,32,4204,3,2024-09-23,Tablet
304,4280,30,3846,6,2024-11-28,Tablet
305,4313,24,5488,6,2025-11-02,Tablet
306,4317,59,4243,5,2026-05-04,Desktop
307,4346,11,4359,3,2024-09-15,Mobile
308,4395,24,3073,6,2025-10-16,Tablet
309,4407,2,4883,1,2024-11-10,Mobile
310,4414,37,3914,5,2025-01-21,Tablet
311,4434,37,3011,5,2025-01-16,Tablet
312,4440,24,2116,6,2025-11-13,Tablet
313,4458,42,5790,2,2025-01-24,Desktop
314,4459,6,986,5,2025-02-17,Mobile
315,4483,4,275,1,2024-12-09,Mobile
316,4484,30,5223,6,2024-11-21,Tablet
317,4485,19,1018,4,2025-04-10,Desktop
318,4490,12,5296,1,2024-07-26,Desktop
319,4493,60,2624,5,2025-04-21,Tablet
320,4494,60,5568,5,2025-04-27,Mobile
321,4505,42,1754,2,2025-01-19,Desktop
322,4512,57,2354,2,2024-10-18,Tablet
323,4519,23,4462,1,2025-12-29,Mobile
324,4531,15,4630,6,2026-05-28,Mobile
325,4566,28,5107,6,2025-05-14,Desktop
326,4579,48,5627,2,2026-02-09,Desktop
327,4610,52,2297,1,2025-02-20,Desktop
328,4625,34,1229,3,2025-06-21,Mobile
329,4626,10,2844,1,2025-12-19,Tablet
330,4691,59,1134,5,2026-05-06,Desktop
331,4701,35,2492,6,2025-06-03,Desktop
332,4714,25,455,3,2024-12-12,Tablet
333,4727,37,5659,5,2025-01-10,Mobile
334,4733,9,3672,2,2024-09-03,Mobile
335,4751,43,1430,2,2026-01-27,Mobile
336,4772,9,4630,2,2024-09-13,Tablet
337,4779,2,3608,1,2024-11-13,Tablet
338,4782,58,1387,1,2025-05-30,Mobile
339,4791,32,3891,3,2024-10-01,Mobile
340,4799,54,4498,1,2025-09-10,Mobile
341,4804,48,5742,2,2026-02-09,Desktop
342,4850,54,4962,1,2025-09-14,Mobile
343,4859,40,3015,5,2026-03-03,Mobile
344,4868,19,5354,4,2025-05-27,Mobile
345,4882,8,2031,2,2025-07-20,Desktop
346,4894,14,1404,2,2024-12-05,Desktop
347,4902,7,5477,5,2026-05-21,Desktop
348,4909,22,4696,5,2024-10-31,Mobile
349,4916,21,3024,3,2026-01-23,Desktop
350,4928,23,1457,1,2026-01-12,Mobile
351,4937,21,4918,3,2026-01-19,Desktop
352,4939,20,5643,6,2025-05-21,Desktop
353,4950,35,4324,6,2025-05-19,Tablet
354,4968,18,4460,4,2025-04-14,Mobile
355,4981,46,2945,4,2025-01-07,Mobile
356,4993,34,1172,3,2025-06-16,Desktop
357,4995,30,2858,6,2024-12-03,Tablet
358,5020,57,319,2,2024-10-08,Tablet
359,5023,55,1547,3,2025-07-15,Desktop
360,5028,8,3263,2,2025-07-27,Desktop
361,5031,19,4979,4,2025-04-06,Mobile
362,5046,59,4022,5,2026-05-06,Tablet
363,5050,26,2860,3,2025-11-06,Desktop
364,5087,46,600,4,2025-01-31,Desktop
365,5126,52,953,1,2025-02-19,Tablet
366,5138,55,2313,3,2025-08-12,Tablet
367,5143,21,1132,3,2026-01-16,Tablet
368,5149,1,4931,6,2025-04-17,Tablet
369,5150,42,5369,2,2024-11-28,Desktop
370,5155,44,3347,1,2025-01-10,Desktop
371,5178,47,4052,3,2024-10-24,Desktop
372,5179,15,4184,6,2026-05-06,Desktop
373,5190,26,5985,3,2025-10-30,Desktop
374,5193,1,462,6,2025-04-25,Desktop
375,5199,58,1784,1,2025-05-04,Desktop
376,5204,36,58,5,2025-05-11,Desktop
377,5208,53,5584,3,2026-05-21,Desktop
378,5209,20,5830,6,2025-04-17,Mobile
379,5244,14,701,2,2024-11-19,Mobile
380,5250,5,2215,1,2024-11-04,Mobile
381,5264,30,362,6,2024-12-03,Desktop
382,5271,58,623,1,2025-05-14,Tablet
383,5312,46,1791,4,2025-01-22,Mobile
384,5331,8,4588,2,2025-08-15,Mobile
385,5337,49,1646,5,2025-10-08,Tablet
386,5341,45,4510,4,2026-05-15,Tablet
387,5347,51,1212,6,2025-10-07,Desktop
388,5378,55,2406,3,2025-08-05,Mobile
389,5405,27,2777,2,2024-10-22,Desktop
390,5451,55,3439,3,2025-07-13,Desktop
391,5456,42,4705,2,2024-12-14,Desktop
392,5460,42,4230,2,2025-01-24,Mobile
393,5464,7,2059,5,2026-06-04,Desktop
394,5478,48,4452,2,2026-02-07,Tablet
395,5482,10,4096,1,2025-11-29,Mobile
396,5486,7,3581,5,2026-05-18,Desktop
397,5491,9,3695,2,2024-09-17,Mobile
398,5497,41,946,3,2026-02-12,Mobile
399,5499,37,1409,5,2025-01-08,Mobile
400,5501,1,1364,6,2025-04-28,Tablet
401,5508,14,5633,2,2024-12-05,Mobile
402,5511,46,4389,4,2025-01-11,Mobile
403,5543,26,4336,3,2025-11-03,Desktop
404,5559,60,2699,5,2025-04-29,Tablet
405,5583,58,4491,1,2025-05-12,Tablet
406,5588,53,5812,3,2026-05-22,Mobile
407,5591,43,3472,2,2026-01-09,Mobile
408,5597,38,1554,2,2025-11-11,Desktop
409,5613,46,920,4,2025-02-02,Desktop
410,5672,28,1435,6,2025-04-23,Mobile
411,5721,50,4224,1,2025-04-08,Mobile
412,5728,54,2567,1,2025-09-27,Mobile
413,5781,20,5233,6,2025-05-02,Desktop
414,5786,2,184,1,2024-11-13,Mobile
415,5799,21,2616,3,2026-01-15,Mobile
416,5805,56,2879,5,2024-12-23,Desktop
417,5809,48,4676,2,2026-02-04,Desktop
418,5832,11,3520,3,2024-09-13,Tablet
419,5843,57,5979,2,2024-11-21,Desktop
420,5864,58,2428,1,2025-05-27,Desktop
421,5888,39,4526,6,2024-12-14,Desktop
422,5890,40,3696,5,2026-02-20,Desktop
423,5892,26,2978,3,2025-10-27,Mobile
424,5912,39,5745,6,2024-12-13,Mobile
425,5921,41,5531,3,2026-01-31,Tablet
426,5959,3,3520,4,2025-12-16,Mobile
427,5971,6,5155,5,2025-01-20,Tablet
428,5992,42,291,2,2024-12-04,Mobile
429,5997,49,1188,5,2025-10-27,Desktop
430,6003,55,4434,3,2025-07-13,Desktop
431,6015,11,1321,3,2024-09-21,Tablet
432,6049,25,1358,3,2024-11-10,Desktop
433,6066,48,1432,2,2026-01-29,Tablet
434,6080,2,4032,1,2024-11-14,Desktop
435,6085,37,3346,5,2025-01-14,Tablet
436,6104,1,4652,6,2025-04-26,Mobile
437,6110,29,2011,1,2025-04-24,Tablet
438,6116,51,2349,6,2025-10-07,Desktop
439,6136,37,2617,5,2025-01-26,Tablet
440,6137,35,389,6,2025-06-04,Tablet
441,6172,34,800,3,2025-06-23,Mobile
442,6190,39,973,6,2024-12-04,Mobile
443,6191,22,5345,5,2024-10-21,Desktop
444,6214,35,3442,6,2025-05-26,Desktop
445,6227,9,134,2,2024-09-01,Mobile
446,6231,3,2102,4,2025-12-04,Tablet
447,6243,37,2478,5,2025-01-13,Tablet
448,6260,32,3046,3,2024-10-06,Mobile
449,6304,16,1406,6,2025-03-12,Mobile
450,6315,8,451,2,2025-07-24,Tablet
451,6330,25,2449,3,2024-12-19,Desktop
452,6342,13,452,4,2024-09-07,Tablet
453,6355,11,1642,3,2024-08-23,Mobile
454,6369,40,4400,5,2026-02-26,Tablet
455,6380,14,3776,2,2024-11-30,Desktop
456,6381,7,461,5,2026-05-27,Mobile
457,6389,40,2376,5,2026-03-05,Tablet
458,6401,44,4583,1,2024-12-01,Desktop
459,6404,34,1602,3,2025-06-12,Desktop
460,6426,23,1828,1,2026-01-18,Desktop
461,6432,38,2612,2,2025-11-21,Mobile
462,6450,29,968,1,2025-05-24,Mobile
463,6455,3,619,4,2025-12-08,Tablet
464,6489,24,474,6,2025-11-08,Desktop
465,6493,37,4190,5,2025-01-27,Mobile
466,6495,4,3885,1,2025-01-11,Desktop
467,6513,24,3358,6,2025-10-06,Mobile
468,6516,15,3313,6,2026-04-18,Desktop
469,6537,56,2406,5,2024-12-19,Desktop
470,6548,40,2486,5,2026-02-23,Mobile
471,6549,20,1415,6,2025-05-10,Tablet
472,6552,23,3164,1,2026-01-12,Mobile
473,6571,15,2764,6,2026-05-13,Tablet
474,6572,16,5928,6,2025-01-22,Tablet
475,6574,1,961,6,2025-04-14,Mobile
476,6580,49,2624,5,2025-09-24,Tablet
477,6587,25,3498,3,2024-12-31,Desktop
478,6605,41,4831,3,2026-01-28,Tablet
479,6616,24,4013,6,2025-11-12,Desktop
480,6635,23,1461,1,2025-12-29,Mobile
481,6655,9,3448,2,2024-09-09,Desktop
482,6683,3,1396,4,2025-12-03,Desktop
483,6711,25,5699,3,2024-12-11,Desktop
484,6731,60,1479,5,2025-04-12,Mobile
485,6750,5,1098,1,2024-11-01,Tablet
486,6768,33,2068,3,2026-03-21,Tablet
487,6782,41,4352,3,2026-01-28,Mobile
488,6791,48,5652,2,2026-01-31,Mobile
489,6843,38,3778,2,2025-11-23,Tablet
490,6883,5,5115,1,2024-11-09,Mobile
491,6884,36,543,5,2025-04-01,Desktop
492,6906,11,3408,3,2024-09-24,Tablet
493,6930,4,925,1,2024-12-08,Tablet
494,6967,3,5882,4,2025-12-11,Desktop
495,6982,7,2922,5,2026-05-16,Tablet
496,6984,9,4662,2,2024-08-26,Desktop
497,6985,29,4436,1,2025-05-24,Mobile
498,6996,54,1646,1,2025-09-18,Desktop
499,6997,18,3559,4,2025-04-01,Tablet
500,7019,2,1609,1,2024-11-25,Mobile
501,7021,35,112,6,2025-06-05,Desktop
502,7034,29,5778,1,2025-04-19,Desktop
503,7047,16,1459,6,2025-01-30,Desktop
504,7064,20,447,6,2025-04-21,Desktop
505,7068,49,1689,5,2025-09-03,Mobile
506,7087,55,3579,3,2025-07-25,Mobile
507,7143,44,4612,1,2024-12-31,Mobile
508,7164,52,2933,1,2025-03-16,Mobile
509,7206,17,4805,2,2024-12-29,Tablet
510,7252,55,225,3,2025-08-02,Mobile
511,7284,29,3020,1,2025-05-04,Tablet
512,7296,59,3218,5,2026-04-21,Desktop
513,7314,6,2047,5,2025-01-24,Tablet
514,7331,18,2543,4,2025-03-19,Desktop
515,7353,4,2415,1,2024-12-25,Desktop
516,7358,33,2853,3,2026-03-12,Tablet
517,7360,52,5745,1,2025-02-15,Mobile
518,7368,5,4458,1,2024-10-24,Desktop
519,7382,44,5920,1,2024-12-10,Mobile
520,7383,3,2217,4,2025-12-09,Mobile
521,7393,36,2927,5,2025-04-13,Mobile
522,7398,34,2150,3,2025-06-19,Mobile
523,7401,38,1249,2,2025-11-12,Tablet
524,7410,14,3793,2,2024-12-14,Tablet
525,7412,24,462,6,2025-10-09,Tablet
526,7413,49,3486,5,2025-10-20,Mobile
527,7431,14,5345,2,2024-12-15,Mobile
528,7463,60,1605,5,2025-04-15,Desktop
529,7475,53,157,3,2026-05-09,Mobile
530,7480,46,3731,4,2024-12-26,Tablet
531,7483,37,4868,5,2025-01-14,Tablet
532,7525,35,2945,6,2025-05-27,Desktop
533,7526,11,5700,3,2024-08-15,Mobile
534,7529,9,4880,2,2024-09-04,Desktop
535,7533,37,4665,5,2025-01-05,Tablet
536,7575,10,3731,1,2025-12-20,Desktop
537,7607,30,2783,6,2024-11-27,Tablet
538,7628,15,2666,6,2026-05-12,Tablet
539,7658,46,4043,4,2025-01-19,Tablet
540,7664,40,1977,5,2026-02-27,Tablet
541,7674,34,3863,3,2025-06-28,Desktop
542,7703,40,2546,5,2026-03-02,Mobile
543,7738,24,2877,6,2025-10-06,Mobile
544,7766,30,4454,6,2024-11-26,Mobile
545,7770,4,4574,1,2024-12-03,Tablet
546,7808,34,5796,3,2025-06-23,Desktop
547,7816,49,2630,5,2025-10-08,Tablet
548,7892,25,672,3,2024-11-24,Desktop
549,7909,10,1576,1,2025-12-22,Desktop
550,7919,39,121,6,2024-12-02,Desktop
551,7926,15,5020,6,2026-04-22,Desktop
552,7927,36,3279,5,2025-04-21,Tablet
553,7931,38,874,2,2025-11-18,Desktop
554,7935,60,4234,5,2025-04-26,Desktop
555,7942,16,4895,6,2025-03-12,Mobile
556,7946,55,498,3,2025-08-13,Tablet
557,7975,56,2961,5,2024-12-12,Mobile
558,7998,52,5807,1,2025-02-18,Mobile
559,8009,55,3192,3,2025-07-12,Tablet
560,8020,18,2249,4,2025-05-07,Desktop
561,8025,56,4739,5,2024-12-18,Desktop
562,8043,47,900,3,2024-10-01,Mobile
563,8044,42,3690,2,2025-01-05,Tablet
564,8052,59,561,5,2026-04-30,Mobile
565,8096,55,5225,3,2025-08-21,Mobile
566,8123,35,882,6,2025-05-18,Desktop
567,8141,9,387,2,2024-09-06,Desktop
568,8152,9,3591,2,2024-09-11,Mobile
569,8178,7,5872,5,2026-05-28,Tablet
570,8181,38,1126,2,2025-11-21,Tablet
571,8199,38,4472,2,2025-11-10,Desktop
572,8213,15,4688,6,2026-05-05,Tablet
573,8228,44,1423,1,2025-01-13,Mobile
574,8241,26,2911,3,2025-11-07,Desktop
575,8250,15,4414,6,2026-05-15,Desktop
576,8260,45,1925,4,2026-05-10,Tablet
577,8262,55,2076,3,2025-08-12,Desktop
578,8279,28,1800,6,2025-04-26,Mobile
579,8295,7,386,5,2026-06-05,Tablet
580,8299,16,5008,6,2025-01-20,Tablet
581,8318,26,863,3,2025-11-07,Mobile
582,8323,12,5511,1,2024-07-31,Tablet
583,8327,12,3552,1,2024-07-29,Desktop
584,8352,53,3214,3,2026-05-06,Tablet
585,8401,34,4060,3,2025-06-14,Tablet
586,8417,26,5589,3,2025-11-06,Mobile
587,8418,38,2494,2,2025-11-17,Tablet
588,8423,10,2720,1,2025-11-29,Desktop
589,8439,4,1347,1,2024-12-17,Desktop
590,8460,55,1036,3,2025-08-22,Mobile
591,8461,21,1147,3,2026-01-15,Desktop
592,8488,15,4447,6,2026-04-22,Tablet
593,8520,48,4802,2,2026-01-30,Tablet
594,8521,45,1978,4,2026-05-25,Tablet
595,8526,53,4648,3,2026-05-17,Tablet
596,8531,12,562,1,2024-07-29,Tablet
597,8544,50,435,1,2025-04-06,Desktop
598,8591,9,5416,2,2024-09-05,Tablet
599,8610,52,717,1,2025-04-09,Mobile
600,8612,27,1667,2,2024-10-24,Mobile
601,8637,22,2475,5,2024-11-01,Mobile
602,8650,4,1568,1,2024-12-09,Desktop
603,8651,48,1082,2,2026-02-08,Mobile
604,8662,48,709,2,2026-02-04,Mobile
605,8674,48,1900,2,2026-02-15,Desktop
606,8684,55,5883,3,2025-08-20,Tablet
607,8722,27,565,2,2024-10-28,Mobile
608,8762,46,513,4,2024-12-31,Tablet
609,8786,32,5837,3,2024-09-18,Mobile
610,8840,56,3003,5,2024-12-23,Desktop
611,8848,51,5517,6,2025-09-04,Desktop
612,8874,1,3011,6,2025-03-28,Mobile
613,8875,29,4210,1,2025-06-02,Desktop
614,8889,4,584,1,2025-01-01,Tablet
615,8897,2,1173,1,2024-11-09,Tablet
616,8908,51,5805,6,2025-09-16,Tablet
617,8912,51,3510,6,2025-09-01,Desktop
618,8930,55,2433,3,2025-07-28,Tablet
619,8938,8,3776,2,2025-08-17,Desktop
620,8995,12,4845,1,2024-07-23,Tablet
621,9019,54,2856,1,2025-09-07,Desktop
622,9031,55,3109,3,2025-08-17,Tablet
623,9033,15,4268,6,2026-05-03,Mobile
624,9074,39,3377,6,2024-12-08,Desktop
625,9134,16,5967,6,2025-01-25,Tablet
626,9179,37,4978,5,2025-01-22,Desktop
627,9181,14,3580,2,2024-11-17,Tablet
628,9193,22,3584,5,2024-10-11,Mobile
629,9213,37,2364,5,2025-01-06,Tablet
630,9262,17,3016,2,2025-01-05,Tablet
631,9286,35,139,6,2025-05-24,Tablet
632,9291,35,5089,6,2025-05-16,Desktop
633,9305,39,590,6,2024-12-02,Desktop
634,9315,58,4103,1,2025-05-04,Desktop
635,9318,40,2930,5,2026-03-07,Tablet
636,9321,45,2313,4,2026-04-20,Desktop
637,9334,55,5998,3,2025-07-21,Mobile
638,9342,16,2677,6,2025-01-24,Desktop
639,9372,5,3671,1,2024-10-24,Mobile
640,9385,12,3587,1,2024-07-22,Tablet
641,9388,15,1690,6,2026-05-24,Tablet
642,9417,24,5869,6,2025-11-12,Mobile
643,9419,15,4009,6,2026-05-07,Mobile
644,9426,48,2455,2,2026-02-02,Desktop
645,9450,31,3230,4,2025-01-21,Desktop
646,9454,7,5344,5,2026-05-16,Tablet
647,9476,31,2796,4,2025-01-25,Tablet
648,9495,48,5437,2,2026-02-08,Mobile
649,9516,51,406,6,2025-09-12,Desktop
650,9550,23,775,1,2026-01-03,Desktop
651,9592,2,483,1,2024-11-17,Tablet
652,9594,40,5300,5,2026-03-04,Desktop
653,9603,1,4206,6,2025-04-28,Mobile
654,9618,46,783,4,2025-01-23,Mobile
655,9631,32,1751,3,2024-10-03,Tablet
656,9634,30,940,6,2024-12-05,Tablet
657,9638,56,5533,5,2024-12-23,Mobile
658,9641,8,856,2,2025-07-25,Tablet
659,9644,42,2924,2,2025-01-23,Tablet
660,9656,5,1687,1,2024-11-04,Tablet
661,9668,15,257,6,2026-05-12,Tablet
662,9674,51,3703,6,2025-09-13,Mobile
663,9677,10,3526,1,2026-01-08,Mobile
664,9710,11,3002,3,2024-08-15,Desktop
665,9741,17,2027,2,2025-01-02,Tablet
666,9777,50,5875,1,2025-04-13,Tablet
667,9795,48,3657,2,2026-01-24,Tablet
668,9803,23,2103,1,2026-01-12,Mobile
669,9818,5,2052,1,2024-11-18,Mobile
670,9834,13,2627,4,2024-09-03,Tablet
671,9842,3,5641,4,2025-12-10,Desktop
672,9857,21,1430,3,2026-01-16,Desktop
673,9904,29,5792,1,2025-05-03,Mobile
674,9944,15,5009,6,2026-05-02,Desktop
675,9950,34,688,3,2025-06-24,Mobile
676,9952,3,2335,4,2025-12-14,Mobile
677,9958,29,2667,1,2025-04-10,Mobile
678,9961,54,345,1,2025-09-18,Desktop
679,9976,17,4102,2,2024-12-26,Tablet
680,9985,37,2538,5,2025-01-17,Tablet
681,9996,47,4352,3,2024-11-04,Desktop
682,10006,26,2711,3,2025-11-02,Desktop
683,10008,24,4931,6,2025-10-22,Desktop
684,10027,13,3710,4,2024-09-06,Tablet
685,10038,20,4943,6,2025-05-15,Tablet
686,10099,29,574,1,2025-04-14,Desktop
687,10118,16,5201,6,2025-01-22,Mobile
688,10125,11,3886,3,2024-09-29,Desktop
689,10129,19,5131,4,2025-04-24,Desktop
690,10133,33,1797,3,2026-03-12,Desktop
691,10161,22,5375,5,2024-10-19,Tablet
692,10162,11,4787,3,2024-08-16,Desktop
693,10174,39,2925,6,2024-12-22,Mobile
694,10175,40,5604,5,2026-02-23,Desktop
695,10192,29,397,1,2025-06-03,Desktop
696,10197,25,4515,3,2024-12-20,Desktop
697,10201,49,611,5,2025-09-18,Desktop
698,10202,45,2190,4,2026-05-10,Tablet
699,10203,2,1803,1,2024-11-06,Desktop
700,10226,30,1194,6,2024-11-27,Desktop
701,10230,27,5886,2,2024-10-23,Desktop
702,10241,57,4884,2,2024-10-25,Desktop
703,10255,45,169,4,2026-05-14,Tablet
704,10262,10,3472,1,2025-12-01,Tablet
705,10270,58,2847,1,2025-05-29,Tablet
706,10286,8,3764,2,2025-07-20,Tablet
707,10298,24,1251,6,2025-10-27,Mobile
708,10338,45,2920,4,2026-05-03,Desktop
709,10341,38,2347,2,2025-11-18,Tablet
710,10347,20,4277,6,2025-05-06,Desktop
711,10348,4,2478,1,2025-01-23,Mobile
712,10366,25,1949,3,2024-12-30,Desktop
713,10392,7,649,5,2026-05-27,Desktop
714,10398,12,5182,1,2024-07-23,Desktop
715,10470,34,5021,3,2025-06-20,Desktop
716,10477,11,845,3,2024-09-20,Tablet
717,10478,58,5726,1,2025-05-09,Desktop
718,10513,53,68,3,2026-05-11,Mobile
719,10552,37,1127,5,2025-01-13,Tablet
720,10554,3,3211,4,2025-12-15,Tablet
721,10570,31,4555,4,2025-01-31,Desktop
722,10571,36,2115,5,2025-03-22,Tablet
723,10590,35,536,6,2025-05-19,Mobile
724,10591,51,5767,6,2025-09-27,Desktop
725,10604,12,863,1,2024-07-26,Desktop
726,10605,51,2046,6,2025-09-07,Mobile
727,10612,38,2479,2,2025-11-13,Tablet
728,10641,28,3520,6,2025-05-08,Desktop
729,10646,3,136,4,2025-12-11,Mobile
730,10648,53,2569,3,2026-05-22,Tablet
731,10653,12,5482,1,2024-07-23,Tablet
732,10689,11,5776,3,2024-09-18,Mobile
733,10699,31,1786,4,2025-01-27,Desktop
734,10706,20,2658,6,2025-05-10,Desktop
735,10737,11,1556,3,2024-08-25,Mobile
736,10797,50,1715,1,2025-04-19,Mobile
737,10814,44,531,1,2024-12-12,Tablet
738,10833,49,498,5,2025-09-10,Mobile
739,10854,44,4690,1,2024-12-28,Mobile
740,10856,42,4956,2,2024-12-11,Tablet
741,10881,34,4837,3,2025-06-18,Mobile
742,10883,37,4940,5,2025-01-29,Desktop
743,10896,51,5048,6,2025-10-10,Desktop
744,10901,36,1044,5,2025-03-20,Tablet
745,10904,50,5221,1,2025-03-19,Desktop
746,10912,54,1463,1,2025-09-21,Tablet
747,10931,26,587,3,2025-11-04,Mobile
748,10950,55,4485,3,2025-08-05,Desktop
749,10992,47,3006,3,2024-10-11,Tablet
750,11001,1,420,6,2025-04-10,Tablet
751,11015,20,4545,6,2025-05-23,Desktop
752,11017,35,1325,6,2025-06-06,Mobile
753,11032,48,4307,2,2026-02-11,Tablet
754,11046,49,2216,5,2025-09-01,Mobile
755,11073,57,2011,2,2024-10-20,Desktop
756,11089,28,3015,6,2025-05-13,Tablet
757,11096,58,2157,1,2025-05-22,Desktop
758,11116,10,4313,1,2026-01-10,Desktop
759,11132,49,3379,5,2025-10-22,Tablet
760,11138,51,990,6,2025-08-26,Desktop
761,11172,50,2381,1,2025-03-16,Mobile
762,11218,7,2172,5,2026-05-25,Tablet
763,11244,16,3113,6,2025-02-07,Tablet
764,11251,28,3419,6,2025-05-14,Desktop
765,11254,30,570,6,2024-11-14,Desktop
766,11273,41,5885,3,2026-02-21,Desktop
767,11285,40,5486,5,2026-03-08,Tablet
768,11293,55,2494,3,2025-08-23,Tablet
769,11302,45,1517,4,2026-04-19,Mobile
770,11313,39,3959,6,2024-12-11,Tablet
771,11361,43,1092,2,2026-01-29,Desktop
772,11367,39,896,6,2024-12-07,Desktop
773,11372,19,2115,4,2025-04-29,Tablet
774,11380,20,3668,6,2025-04-24,Tablet
775,11400,10,965,1,2025-12-14,Mobile
776,11425,52,4204,1,2025-04-08,Tablet
777,11428,33,1419,3,2026-02-23,Desktop
778,11430,11,2321,3,2024-09-23,Mobile
779,11482,28,772,6,2025-04-29,Mobile
780,11483,8,440,2,2025-08-06,Tablet
781,11491,36,707,5,2025-04-25,Mobile
782,11501,54,877,1,2025-09-18,Tablet
783,11514,5,1,1,2024-10-22,Mobile
784,11521,48,270,2,2026-02-03,Tablet
785,11523,45,4050,4,2026-05-01,Desktop
786,11552,60,3686,5,2025-04-12,Mobile
787,11555,8,3790,2,2025-07-18,Mobile
788,11557,10,5492,1,2025-12-17,Desktop
789,11559,50,230,1,2025-03-04,Mobile
790,11563,20,4300,6,2025-05-16,Mobile
791,11571,28,177,6,2025-05-03,Tablet
792,11583,21,4040,3,2026-01-16,Desktop
793,11615,42,1358,2,2024-12-19,Desktop
794,11623,19,3192,4,2025-05-27,Desktop
795,11624,15,133,6,2026-04-18,Desktop
796,11637,15,2163,6,2026-05-27,Tablet
797,11646,33,2026,3,2026-03-23,Mobile
798,11659,34,3724,3,2025-07-02,Mobile
799,11668,36,344,5,2025-05-04,Desktop
800,11680,1,2330,6,2025-04-07,Mobile
801,11726,41,3952,3,2026-02-03,Tablet
802,11727,14,5493,2,2024-11-26,Tablet
803,11733,59,2577,5,2026-04-23,Desktop
804,11744,24,3483,6,2025-11-14,Desktop
805,11752,59,5578,5,2026-04-25,Mobile
806,11784,56,1498,5,2024-12-13,Mobile
807,11818,10,5324,1,2025-11-30,Tablet
808,11819,60,5752,5,2025-04-27,Desktop
809,11826,59,3466,5,2026-05-10,Desktop
810,11836,27,3991,2,2024-10-31,Desktop
811,11862,44,4630,1,2025-01-01,Desktop
812,11876,36,2319,5,2025-03-25,Desktop
813,11897,31,4930,4,2025-01-29,Mobile
814,11906,45,1577,4,2026-04-07,Mobile
815,11936,52,5425,1,2025-02-18,Mobile
816,11979,58,4998,1,2025-05-23,Mobile
817,12008,10,2421,1,2026-01-10,Desktop
818,12017,29,823,1,2025-05-15,Mobile
819,12033,20,107,6,2025-04-20,Desktop
820,12037,33,2069,3,2026-03-14,Tablet
821,12039,12,797,1,2024-08-01,Tablet
822,12043,5,2826,1,2024-11-15,Mobile
823,12063,25,1381,3,2024-11-13,Mobile
824,12075,9,1112,2,2024-09-10,Tablet
825,12079,37,2996,5,2025-01-15,Tablet
826,12080,8,3682,2,2025-07-24,Desktop
827,12081,22,5769,5,2024-10-18,Mobile
828,12104,4,4004,1,2024-12-23,Desktop
829,12108,39,70,6,2024-12-01,Tablet
830,12115,41,1095,3,2026-02-13,Tablet
831,12124,37,2271,5,2025-01-30,Desktop
832,12130,2,115,1,2024-10-28,Mobile
833,12137,14,5654,2,2024-12-09,Desktop
834,12145,20,4619,6,2025-04-20,Desktop
835,12152,1,2980,6,2025-03-24,Tablet
836,12158,57,692,2,2024-11-13,Tablet
837,12175,44,611,1,2024-12-12,Tablet
838,12226,24,3161,6,2025-10-23,Mobile
839,12230,6,4464,5,2025-02-11,Tablet
840,12233,24,5553,6,2025-10-16,Mobile
841,12280,3,2150,4,2025-12-17,Mobile
842,12294,38,2813,2,2025-11-16,Desktop
843,12296,19,2823,4,2025-05-17,Tablet
844,12319,53,4320,3,2026-05-11,Mobile
845,12326,58,5736,1,2025-05-29,Desktop
846,12334,32,1934,3,2024-10-22,Tablet
847,12351,28,3808,6,2025-04-13,Mobile
848,12357,57,5904,2,2024-10-25,Mobile
849,12364,29,3462,1,2025-04-15,Mobile
850,12397,24,4114,6,2025-10-26,Tablet
851,12428,34,4505,3,2025-07-01,Desktop
852,12469,16,927,6,2025-01-19,Mobile
853,12476,18,5388,4,2025-04-01,Tablet
854,12514,3,1042,4,2025-12-07,Mobile
855,12516,30,4969,6,2024-11-25,Desktop
856,12540,4,3242,1,2025-01-23,Mobile
857,12546,28,5765,6,2025-05-04,Tablet
858,12577,29,2316,1,2025-05-22,Desktop
859,12582,52,2102,1,2025-02-19,Tablet
860,12584,36,1554,5,2025-04-24,Desktop
861,12595,31,4984,4,2025-01-25,Desktop
862,12614,40,2312,5,2026-03-05,Desktop
863,12622,35,1556,6,2025-06-05,Tablet
864,12623,14,1845,2,2024-12-14,Tablet
865,12625,19,5591,4,2025-04-27,Tablet
866,12678,34,5237,3,2025-06-12,Tablet
867,12684,44,2608,1,2024-12-26,Desktop
868,12685,57,755,2,2024-11-15,Mobile
869,12692,48,1321,2,2026-01-29,Tablet
870,12706,43,5607,2,2026-01-25,Mobile
871,12710,44,5168,1,2025-01-02,Desktop
872,12718,23,4599,1,2026-01-13,Mobile
873,12721,34,791,3,2025-06-30,Desktop
874,12737,42,4726,2,2024-12-14,Desktop
875,12753,9,2448,2,2024-09-08,Mobile
876,12768,59,893,5,2026-05-03,Tablet
877,12782,51,5829,6,2025-09-01,Desktop
878,12783,38,3015,2,2025-11-16,Tablet
879,12786,36,4553,5,2025-04-08,Mobile
880,12792,10,4284,1,2025-12-14,Tablet
881,12794,24,109,6,2025-10-22,Mobile
882,12809,12,5766,1,2024-07-26,Tablet
883,12841,55,132,3,2025-07-28,Desktop
884,12861,36,2988,5,2025-05-05,Tablet
885,12871,19,2621,4,2025-05-19,Tablet
886,12883,19,75,4,2025-04-22,Desktop
887,12921,25,3956,3,2024-11-19,Tablet
888,12944,41,477,3,2026-02-03,Tablet
889,12961,47,1243,3,2024-10-20,Mobile
890,12977,18,3443,4,2025-04-27,Tablet
891,13008,39,4620,6,2024-12-08,Tablet
892,13032,39,3964,6,2024-12-10,Tablet
893,13073,11,1461,3,2024-09-09,Desktop
894,13077,7,4032,5,2026-05-29,Tablet
895,13082,40,843,5,2026-02-22,Tablet
896,13086,7,1082,5,2026-06-03,Desktop
897,13095,33,5462,3,2026-03-05,Desktop
898,13133,38,5714,2,2025-11-13,Desktop
899,13188,57,3282,2,2024-10-13,Tablet
900,13192,27,5190,2,2024-10-29,Mobile
901,13197,28,4583,6,2025-05-15,Desktop
902,13205,49,5130,5,2025-10-25,Mobile
903,13212,10,1261,1,2026-01-05,Tablet
904,13218,53,3649,3,2026-05-16,Desktop
905,13255,5,216,1,2024-11-14,Mobile
906,13263,3,3889,4,2025-12-09,Desktop
907,13267,23,4235,1,2026-01-04,Tablet
908,13272,13,1414,4,2024-09-09,Tablet
909,13310,25,4909,3,2024-11-20,Tablet
910,13331,53,5417,3,2026-05-22,Tablet
911,13342,4,3282,1,2024-12-03,Tablet
912,13350,16,1173,6,2025-02-10,Desktop
913,13354,17,3161,2,2024-12-09,Tablet
914,13356,54,1126,1,2025-09-14,Tablet
915,13362,2,1821,1,2024-11-24,Desktop
916,13383,12,5847,1,2024-08-01,Mobile
917,13401,16,1117,6,2025-02-27,Tablet
918,13415,26,5026,3,2025-10-26,Mobile
919,13428,9,5921,2,2024-09-11,Mobile
920,13447,31,3786,4,2025-01-24,Tablet
921,13489,51,2400,6,2025-09-30,Desktop
922,13541,12,260,1,2024-08-02,Tablet
923,13543,51,2033,6,2025-08-29,Desktop
924,13545,38,3709,2,2025-11-14,Desktop
925,13566,14,809,2,2024-12-07,Tablet
926,13576,25,3289,3,2025-01-07,Desktop
927,13595,20,1305,6,2025-04-24,Desktop
928,13597,36,5209,5,2025-03-20,Tablet
929,13600,25,39,3,2024-12-08,Mobile
930,13607,23,5334,1,2025-12-31,Tablet
931,13608,10,3680,1,2025-12-15,Tablet
932,13609,10,4798,1,2025-12-14,Mobile
933,13622,42,3832,2,2025-01-15,Desktop
934,13624,28,441,6,2025-05-04,Tablet
935,13628,53,2553,3,2026-05-23,Mobile
936,13636,54,4472,1,2025-09-13,Mobile
937,13655,57,4427,2,2024-11-01,Mobile
938,13659,22,4177,5,2024-10-07,Mobile
939,13687,56,4864,5,2024-12-16,Tablet
940,13719,50,2245,1,2025-05-04,Desktop
941,13772,35,5684,6,2025-06-02,Mobile
942,13773,51,5497,6,2025-09-20,Mobile
943,13809,34,270,3,2025-06-26,Tablet
944,13840,37,5427,5,2025-01-20,Desktop
945,13846,3,2449,4,2025-12-05,Mobile
946,13871,52,914,1,2025-02-20,Desktop
947,13875,45,1805,4,2026-04-10,Mobile
948,13878,3,5761,4,2025-12-11,Tablet
949,13901,20,4912,6,2025-05-20,Tablet
950,13920,28,1358,6,2025-05-10,Tablet
951,13960,11,3812,3,2024-08-22,Tablet
952,13963,47,350,3,2024-10-07,Mobile
953,13979,47,144,3,2024-10-28,Desktop
954,13980,2,5844,1,2024-11-25,Mobile
955,14033,59,1031,5,2026-04-25,Mobile
956,14061,45,1358,4,2026-05-10,Tablet
957,14068,26,1650,3,2025-10-25,Desktop
958,14118,48,597,2,2026-02-12,Mobile
959,14128,43,2131,2,2026-01-24,Mobile
960,14140,37,2966,5,2025-01-27,Tablet
961,14148,27,5412,2,2024-10-26,Desktop
962,14183,46,627,4,2024-12-28,Desktop
963,14189,59,5805,5,2026-04-24,Mobile
964,14260,20,1903,6,2025-04-19,Tablet
965,14267,18,5009,4,2025-03-28,Mobile
966,14269,58,2814,1,2025-05-27,Desktop
967,14306,30,166,6,2024-11-21,Desktop
968,14309,44,4814,1,2024-12-15,Mobile
969,14313,7,4247,5,2026-06-06,Desktop
970,14345,16,804,6,2025-03-04,Tablet
971,14355,21,3070,3,2026-01-18,Mobile
972,14368,5,3990,1,2024-11-15,Mobile
973,14372,47,4929,3,2024-10-07,Tablet
974,14385,20,3387,6,2025-06-01,Desktop
975,14400,50,3816,1,2025-03-13,Mobile
976,14401,32,3186,3,2024-10-24,Tablet
977,14467,52,3393,1,2025-03-28,Desktop
978,14474,30,2044,6,2024-11-22,Desktop
979,14483,22,3098,5,2024-10-05,Desktop
980,14487,30,4817,6,2024-11-15,Mobile
981,14501,21,2352,3,2026-01-18,Tablet
982,14502,13,4939,4,2024-09-08,Mobile
983,14508,15,5375,6,2026-05-20,Desktop
984,14512,45,5460,4,2026-05-15,Tablet
985,14527,11,4199,3,2024-09-08,Desktop
986,14528,33,96,3,2026-03-05,Desktop
987,14532,39,3163,6,2024-12-21,Mobile
988,14575,43,2895,2,2026-01-25,Tablet
989,14578,29,5826,1,2025-04-16,Desktop
990,14584,44,651,1,2024-12-25,Mobile
991,14585,4,2199,1,2025-01-03,Desktop
992,14598,31,4845,4,2025-01-27,Tablet
993,14630,22,2214,5,2024-10-12,Mobile
994,14634,50,5091,1,2025-03-08,Mobile
995,14640,4,5102,1,2025-01-01,Tablet
996,14684,31,3055,4,2025-01-16,Desktop
997,14695,33,381,3,2026-02-04,Tablet
998,14730,30,3815,6,2024-11-22,Tablet
999,14750,11,5533,3,2024-09-19,Tablet
1000,14753,20,1334,6,2025-05-10,Desktop
1001,14762,23,4705,1,2026-01-12,Mobile
1002,14794,16,420,6,2025-02-17,Desktop
1003,14813,48,4573,2,2026-02-03,Tablet
1004,14826,27,2348,2,2024-10-27,Desktop
1005,14862,27,3661,2,2024-10-30,Desktop
1006,14869,13,4418,4,2024-09-02,Tablet
1007,14893,32,5630,3,2024-10-24,Mobile
1008,14917,16,4044,6,2025-02-16,Desktop
1009,14933,29,1015,1,2025-05-20,Desktop
1010,14943,3,4145,4,2025-12-18,Desktop
1011,14963,7,2582,5,2026-06-01,Mobile
1012,14983,24,2632,6,2025-10-31,Desktop
1013,14996,27,2563,2,2024-10-27,Mobile
1014,15002,50,387,1,2025-03-16,Desktop
1015,15013,29,4826,1,2025-05-11,Desktop
1016,15064,48,5249,2,2026-01-31,Mobile
1017,15082,34,5592,3,2025-06-13,Mobile
1018,15095,25,5494,3,2024-12-30,Tablet
1019,15098,8,706,2,2025-07-28,Mobile
1020,15144,52,120,1,2025-03-24,Mobile
1021,15154,13,1950,4,2024-09-15,Desktop
1022,15163,57,2627,2,2024-10-25,Mobile
1023,15186,11,968,3,2024-09-26,Mobile
1024,15191,1,5199,6,2025-05-02,Desktop
1025,15214,44,4209,1,2024-12-04,Mobile
1026,15233,20,1123,6,2025-05-29,Tablet
1027,15239,9,4966,2,2024-09-06,Desktop
1028,15266,10,4660,1,2026-01-12,Desktop
1029,15274,47,5494,3,2024-11-07,Mobile
1030,15291,15,3634,6,2026-05-21,Mobile
1031,15296,26,3139,3,2025-10-31,Desktop
1032,15325,45,2677,4,2026-05-15,Mobile
1033,15338,34,4147,3,2025-06-30,Mobile
1034,15371,60,1582,5,2025-04-26,Desktop
1035,15374,21,1696,3,2026-01-14,Desktop
1036,15385,8,3878,2,2025-08-16,Desktop
1037,15387,60,5670,5,2025-04-20,Tablet
1038,15411,2,3192,1,2024-11-14,Tablet
1039,15415,25,5486,3,2024-11-15,Tablet
1040,15426,13,5552,4,2024-09-02,Mobile
1041,15436,53,1674,3,2026-05-25,Tablet
1042,15443,52,3921,1,2025-02-20,Mobile
1043,15446,4,4423,1,2024-12-30,Desktop
1044,15456,37,1116,5,2025-01-26,Tablet
1045,15461,21,1970,3,2026-01-18,Tablet
1046,15464,13,2156,4,2024-09-13,Desktop
1047,15466,5,2274,1,2024-11-19,Tablet
1048,15469,60,4709,5,2025-04-10,Tablet
1049,15480,59,4705,5,2026-05-05,Mobile
1050,15507,53,502,3,2026-05-20,Mobile
1051,15514,19,4256,4,2025-05-09,Mobile
1052,15527,14,4880,2,2024-12-16,Mobile
1053,15532,54,2116,1,2025-09-19,Desktop
1054,15541,13,2107,4,2024-09-01,Tablet
1055,15559,18,3490,4,2025-04-06,Tablet
1056,15563,54,2078,1,2025-09-24,Mobile
1057,15566,16,1156,6,2025-02-27,Desktop
1058,15604,14,5967,2,2024-12-02,Mobile
1059,15605,42,2022,2,2025-01-20,Desktop
1060,15618,3,4358,4,2025-12-04,Desktop
1061,15620,24,1140,6,2025-10-31,Mobile
1062,15633,43,2059,2,2026-01-25,Desktop
1063,15653,32,4102,3,2024-09-12,Mobile
1064,15654,20,2455,6,2025-05-23,Tablet
1065,15671,3,173,4,2025-12-11,Desktop
1066,15673,30,4341,6,2024-11-29,Mobile
1067,15681,25,5826,3,2024-12-30,Tablet
1068,15682,16,5366,6,2025-01-23,Desktop
1069,15699,15,1015,6,2026-05-28,Mobile
1070,15702,12,5435,1,2024-08-02,Desktop
1071,15724,43,2641,2,2026-01-31,Mobile
1072,15743,10,5958,1,2025-12-28,Mobile
1073,15749,9,4795,2,2024-08-27,Mobile
1074,15765,2,816,1,2024-11-16,Mobile
1075,15771,46,995,4,2025-01-18,Desktop
1076,15781,53,4755,3,2026-05-23,Mobile
1077,15794,45,2266,4,2026-04-23,Desktop
1078,15805,10,142,1,2026-01-22,Tablet
1079,15809,40,2855,5,2026-03-08,Desktop
1080,15815,44,1126,1,2024-12-26,Mobile
1081,15833,2,4805,1,2024-11-19,Mobile
1082,15838,8,4765,2,2025-07-29,Mobile
1083,15841,12,5635,1,2024-08-05,Desktop
1084,15843,14,1313,2,2024-11-29,Tablet
1085,15871,44,2986,1,2025-01-05,Tablet
1086,15891,38,3692,2,2025-11-14,Tablet
1087,15897,58,3253,1,2025-05-08,Tablet
1088,15916,13,3877,4,2024-09-03,Mobile
1089,15922,32,3192,3,2024-10-09,Mobile
1090,15951,10,3287,1,2025-12-31,Tablet
1091,15960,29,4156,1,2025-05-10,Desktop
1092,16010,16,506,6,2025-01-26,Mobile
1093,16077,14,3029,2,2024-12-02,Desktop
1094,16093,37,517,5,2025-01-05,Desktop
1095,16098,47,411,3,2024-10-25,Tablet
1096,16111,26,3938,3,2025-10-29,Tablet
1097,16126,56,3874,5,2024-12-10,Desktop
1098,16131,51,1140,6,2025-09-20,Tablet
1099,16157,27,5915,2,2024-10-30,Desktop
1100,16183,45,254,4,2026-05-23,Desktop
1101,16189,16,360,6,2025-02-22,Mobile
1102,16191,31,3866,4,2025-01-18,Desktop
1103,16193,42,2015,2,2025-01-21,Desktop
1104,16195,56,4935,5,2024-12-20,Mobile
1105,16209,4,4662,1,2024-12-30,Tablet
1106,16223,42,1869,2,2025-01-21,Tablet
1107,16269,47,3733,3,2024-10-08,Mobile
1108,16279,52,271,1,2025-03-27,Tablet
1109,16287,19,1588,4,2025-05-25,Tablet
1110,16309,22,4922,5,2024-10-28,Tablet
1111,16367,24,4601,6,2025-10-30,Tablet
1112,16390,4,1939,1,2024-12-08,Tablet
1113,16392,12,4558,1,2024-07-30,Desktop
1114,16398,53,5848,3,2026-05-26,Mobile
1115,16412,16,5648,6,2025-02-01,Mobile
1116,16413,14,3556,2,2024-11-16,Desktop
1117,16416,20,3291,6,2025-05-10,Desktop
1118,16448,57,2549,2,2024-10-19,Desktop
1119,16462,30,3567,6,2024-11-18,Tablet
1120,16469,60,3423,5,2025-04-08,Tablet
1121,16497,54,5268,1,2025-09-06,Tablet
1122,16513,40,4422,5,2026-02-23,Mobile
1123,16514,30,1660,6,2024-11-16,Mobile
1124,16517,11,264,3,2024-09-03,Desktop
1125,16535,13,1027,4,2024-09-05,Tablet
1126,16579,3,3796,4,2025-12-08,Desktop
1127,16592,46,3911,4,2025-02-06,Tablet
1128,16597,19,1937,4,2025-04-11,Tablet
1129,16604,40,2981,5,2026-03-13,Desktop
1130,16652,57,1229,2,2024-11-05,Desktop
1131,16673,53,693,3,2026-05-16,Mobile
1132,16701,3,4336,4,2025-12-16,Tablet
1133,16719,39,5128,6,2024-11-29,Tablet
1134,16735,26,141,3,2025-10-31,Tablet
1135,16749,29,5060,1,2025-04-11,Mobile
1136,16750,8,4060,2,2025-08-07,Desktop
1137,16752,28,5366,6,2025-04-30,Desktop
1138,16774,53,1700,3,2026-05-24,Mobile
1139,16782,31,3927,4,2025-01-27,Tablet
1140,16788,48,5315,2,2026-01-25,Tablet
1141,16825,11,152,3,2024-09-25,Tablet
1142,16838,60,1040,5,2025-04-17,Desktop
1143,16856,19,216,4,2025-04-12,Desktop
1144,16874,37,5779,5,2025-01-13,Mobile
1145,16885,18,3336,4,2025-04-01,Tablet
1146,16893,35,1660,6,2025-05-28,Mobile
1147,16909,44,4101,1,2025-01-01,Tablet
1148,16944,21,350,3,2026-01-13,Desktop
1149,16949,21,4750,3,2026-01-21,Mobile
1150,16983,60,2190,5,2025-04-28,Desktop
1151,17018,50,5064,1,2025-03-31,Mobile
1152,17028,51,3731,6,2025-09-25,Desktop
1153,17033,8,2939,2,2025-08-16,Mobile
1154,17047,25,5575,3,2024-12-17,Desktop
1155,17069,59,129,5,2026-05-03,Desktop
1156,17086,31,2337,4,2025-01-18,Desktop
1157,17092,57,707,2,2024-10-25,Mobile
1158,17104,6,5511,5,2025-02-04,Desktop
1159,17118,39,1780,6,2024-12-13,Desktop
1160,17119,43,5968,2,2026-01-19,Mobile
1161,17134,40,5393,5,2026-02-27,Desktop
1162,17141,27,2212,2,2024-10-29,Desktop
1163,17169,48,2133,2,2026-02-04,Mobile
1164,17171,21,554,3,2026-01-20,Desktop
1165,17197,53,2019,3,2026-05-11,Tablet
1166,17200,44,4056,1,2024-12-10,Desktop
1167,17202,29,3002,1,2025-04-27,Tablet
1168,17287,50,1343,1,2025-03-25,Desktop
1169,17296,20,1165,6,2025-04-22,Desktop
1170,17319,19,2623,4,2025-06-03,Tablet
1171,17321,7,4585,5,2026-05-21,Mobile
1172,17327,59,3936,5,2026-05-01,Desktop
1173,17364,2,4038,1,2024-11-12,Tablet
1174,17366,41,1757,3,2026-02-04,Desktop
1175,17380,34,3670,3,2025-06-29,Tablet
1176,17383,41,1836,3,2026-01-30,Tablet
1177,17408,55,2317,3,2025-07-11,Tablet
1178,17423,14,1399,2,2024-12-13,Desktop
1179,17425,32,301,3,2024-11-03,Desktop
1180,17432,17,4319,2,2025-01-05,Mobile
1181,17437,14,4639,2,2024-12-07,Tablet
1182,17440,1,1010,6,2025-04-05,Tablet
1183,17449,40,3910,5,2026-03-13,Desktop
1184,17462,43,4507,2,2026-01-13,Mobile
1185,17473,32,2689,3,2024-11-05,Tablet
1186,17474,17,3714,2,2024-12-18,Desktop
1187,17496,16,3878,6,2025-01-24,Desktop
1188,17499,10,775,1,2025-12-23,Desktop
1189,17514,37,4564,5,2025-01-22,Desktop
1190,17531,58,2295,1,2025-05-15,Desktop
1191,17574,44,3719,1,2024-12-16,Tablet
1192,17600,34,5486,3,2025-06-15,Tablet
1193,17643,12,3267,1,2024-07-23,Desktop
1194,17662,40,2754,5,2026-03-02,Desktop
1195,17670,22,2982,5,2024-10-18,Tablet
1196,17673,19,271,4,2025-05-26,Desktop
1197,17679,54,2330,1,2025-09-21,Desktop
1198,17680,50,1309,1,2025-03-29,Mobile
1199,17692,2,14,1,2024-11-13,Mobile
1200,17735,40,986,5,2026-02-22,Mobile
1201,17739,27,1025,2,2024-10-27,Mobile
1202,17741,4,5789,1,2024-12-16,Desktop
1203,17772,35,3151,6,2025-05-21,Desktop
1204,17780,58,4887,1,2025-05-20,Mobile
1205,17786,5,854,1,2024-11-11,Desktop
1206,17805,13,3828,4,2024-09-11,Tablet
1207,17830,51,3381,6,2025-10-01,Mobile
1208,17832,43,4513,2,2026-01-20,Desktop
1209,17874,32,3886,3,2024-10-31,Desktop
1210,17893,16,2774,6,2025-03-06,Tablet
1211,17902,22,2186,5,2024-10-16,Tablet
1212,17920,52,5589,1,2025-03-31,Tablet
1213,17923,21,1497,3,2026-01-09,Tablet
1214,17954,6,382,5,2025-01-22,Tablet
1215,17960,58,2861,1,2025-05-04,Desktop
1216,17966,4,5231,1,2024-12-22,Tablet
1217,17976,39,2705,6,2024-12-10,Desktop
1218,17996,52,2626,1,2025-02-10,Desktop
1219,17997,57,2566,2,2024-11-13,Mobile
1220,18000,13,2563,4,2024-09-17,Tablet
1221,18008,3,3236,4,2025-12-16,Desktop
1222,18048,27,5648,2,2024-11-03,Mobile
1223,18073,2,1798,1,2024-10-29,Tablet
1224,18086,5,4184,1,2024-11-14,Mobile
1225,18087,11,3191,3,2024-09-18,Mobile
1226,18105,27,1700,2,2024-11-01,Mobile
1227,18113,42,3385,2,2024-11-28,Mobile
1228,18138,19,4878,4,2025-05-18,Mobile
1229,18142,51,5519,6,2025-10-05,Mobile
1230,18193,40,4516,5,2026-03-11,Desktop
1231,18194,16,2826,6,2025-02-15,Tablet
1232,18199,50,242,1,2025-04-17,Tablet
1233,18220,12,2188,1,2024-07-22,Mobile
1234,18223,2,916,1,2024-10-28,Desktop
1235,18242,1,4419,6,2025-04-20,Desktop
1236,18260,28,5191,6,2025-04-17,Mobile
1237,18270,20,4287,6,2025-05-21,Desktop
1238,18285,27,4883,2,2024-10-31,Mobile
1239,18298,57,5956,2,2024-10-26,Desktop
1240,18331,4,2543,1,2025-01-19,Tablet
1241,18332,58,5800,1,2025-05-17,Tablet
1242,18333,44,3492,1,2024-12-01,Tablet
1243,18350,52,937,1,2025-02-27,Desktop
1244,18354,59,2751,5,2026-04-21,Tablet
1245,18360,34,2983,3,2025-06-18,Mobile
1246,18361,49,4382,5,2025-09-19,Tablet
1247,18368,9,4724,2,2024-09-08,Desktop
1248,18373,29,1780,1,2025-05-03,Tablet
1249,18382,27,1484,2,2024-10-22,Desktop
1250,18391,45,3579,4,2026-05-13,Tablet
1251,18396,9,4147,2,2024-09-07,Tablet
1252,18404,19,2374,4,2025-06-01,Tablet
1253,18442,60,5640,5,2025-04-19,Mobile
1254,18457,5,1154,1,2024-10-31,Tablet
1255,18460,17,3011,2,2024-12-20,Tablet
1256,18473,59,228,5,2026-05-08,Mobile
1257,18503,1,5329,6,2025-04-29,Tablet
1258,18507,46,4513,4,2025-01-20,Tablet
1259,18538,36,750,5,2025-04-24,Mobile
1260,18548,17,5354,2,2024-12-10,Tablet
1261,18574,14,3299,2,2024-11-25,Mobile
1262,18586,54,2793,1,2025-09-13,Tablet
1263,18621,7,1933,5,2026-05-26,Tablet
1264,18662,20,2747,6,2025-05-05,Desktop
1265,18674,26,625,3,2025-11-01,Desktop
1266,18680,31,3793,4,2025-01-29,Tablet
1267,18696,29,3043,1,2025-05-31,Desktop
1268,18716,32,2885,3,2024-09-25,Tablet
1269,18732,58,4093,1,2025-05-16,Desktop
1270,18744,38,1284,2,2025-11-10,Desktop
1271,18746,34,625,3,2025-06-13,Tablet
1272,18748,42,2557,2,2024-12-18,Mobile
1273,18749,53,1069,3,2026-05-21,Mobile
1274,18764,54,3021,1,2025-09-10,Tablet
1275,18766,52,2781,1,2025-03-16,Mobile
1276,18768,26,1098,3,2025-10-25,Tablet
1277,18769,58,569,1,2025-05-20,Mobile
1278,18795,44,615,1,2024-12-28,Mobile
1279,18796,10,1483,1,2026-01-14,Mobile
1280,18823,12,2350,1,2024-07-25,Desktop
1281,18844,47,679,3,2024-09-30,Desktop
1282,18851,43,4117,2,2026-01-10,Desktop
1283,18858,42,3162,2,2025-01-08,Tablet
1284,18863,26,2704,3,2025-10-29,Tablet
1285,18871,60,3419,5,2025-04-24,Mobile
1286,18873,27,5398,2,2024-10-30,Tablet
1287,18890,14,5210,2,2024-11-21,Desktop
1288,18910,33,4431,3,2026-02-27,Desktop
1289,18916,48,630,2,2026-01-28,Tablet
1290,18931,55,604,3,2025-07-22,Mobile
1291,18950,8,1232,2,2025-08-01,Mobile
1292,18956,51,2856,6,2025-09-05,Tablet
1293,18961,40,3183,5,2026-03-02,Mobile
1294,18962,19,1928,4,2025-05-01,Desktop
1295,18968,36,4658,5,2025-04-24,Desktop
1296,18971,38,2444,2,2025-11-14,Mobile
1297,18973,50,5747,1,2025-04-11,Desktop
1298,18981,51,1654,6,2025-09-10,Mobile
1299,19000,51,1642,6,2025-09-24,Desktop
1300,19006,20,1441,6,2025-04-25,Desktop
1301,19028,31,3746,4,2025-01-29,Desktop
1302,19058,39,1875,6,2024-11-29,Tablet
1303,19061,57,2138,2,2024-11-16,Desktop
1304,19091,56,1159,5,2024-12-25,Tablet
1305,19092,4,2552,1,2025-01-08,Tablet
1306,19117,51,1191,6,2025-09-06,Mobile
1307,19156,34,5450,3,2025-06-15,Tablet
1308,19171,56,584,5,2024-12-19,Desktop
1309,19178,10,1513,1,2025-12-29,Desktop
1310,19179,59,4326,5,2026-04-23,Mobile
1311,19184,20,4805,6,2025-05-12,Mobile
1312,19196,8,5809,2,2025-08-08,Desktop
1313,19205,53,1522,3,2026-05-18,Desktop
1314,19215,55,4051,3,2025-08-01,Tablet
1315,19223,41,2359,3,2026-01-26,Tablet
1316,19233,4,2968,1,2025-01-07,Tablet
1317,19255,43,3492,2,2026-01-24,Desktop
1318,19257,26,5864,3,2025-10-28,Tablet
1319,19261,11,4682,3,2024-08-23,Desktop
1320,19269,22,3770,5,2024-10-19,Mobile
1321,19284,19,2384,4,2025-04-25,Desktop
1322,19288,4,496,1,2024-12-26,Desktop
1323,19291,60,1549,5,2025-04-15,Tablet
1324,19341,41,4053,3,2026-02-11,Mobile
1325,19351,37,1930,5,2025-01-09,Mobile
1326,19363,2,2988,1,2024-11-26,Desktop
1327,19367,39,3842,6,2024-12-16,Tablet
1328,19368,60,3474,5,2025-04-11,Mobile
1329,19377,42,4335,2,2024-12-10,Desktop
1330,19380,41,2929,3,2026-02-10,Mobile
1331,19389,17,4494,2,2025-01-03,Desktop
1332,19418,8,1581,2,2025-07-25,Desktop
1333,19421,34,791,3,2025-06-27,Tablet
1334,19434,43,5483,2,2026-01-13,Desktop
1335,19438,55,3787,3,2025-08-02,Tablet
1336,19443,40,3413,5,2026-03-11,Mobile
1337,19475,17,593,2,2024-12-26,Desktop
1338,19484,4,5195,1,2025-01-24,Desktop
1339,19487,57,3438,2,2024-11-09,Tablet
1340,19493,48,1950,2,2026-02-02,Mobile
1341,19505,28,3510,6,2025-05-01,Desktop
1342,19533,1,5076,6,2025-04-13,Tablet
1343,19547,41,744,3,2026-01-24,Mobile
1344,19571,39,1527,6,2024-11-24,Desktop
1345,19581,56,2103,5,2024-12-18,Mobile
1346,19605,59,2748,5,2026-05-03,Desktop
1347,19611,40,878,5,2026-03-06,Mobile
1348,19617,18,3789,4,2025-04-19,Desktop
1349,19623,10,788,1,2025-12-27,Desktop
1350,19633,30,3468,6,2024-12-01,Tablet
1351,19642,13,686,4,2024-09-02,Tablet
1352,19680,18,1459,4,2025-04-05,Desktop
1353,19703,50,5612,1,2025-04-01,Tablet
1354,19709,45,3765,4,2026-04-13,Mobile
1355,19717,38,2364,2,2025-11-14,Tablet
1356,19720,5,2486,1,2024-11-09,Tablet
1357,19738,5,1692,1,2024-11-09,Mobile
1358,19750,36,3166,5,2025-05-08,Mobile
1359,19769,17,1950,2,2024-12-02,Desktop
1360,19772,46,249,4,2025-01-30,Desktop
1361,19776,57,5614,2,2024-11-09,Desktop
1362,19784,56,2458,5,2024-12-16,Mobile
1363,19799,37,3663,5,2025-01-13,Mobile
1364,19832,51,301,6,2025-09-23,Desktop
1365,19834,30,375,6,2024-11-14,Mobile
1366,19859,36,4587,5,2025-05-01,Mobile
1367,19862,59,1780,5,2026-05-02,Desktop
1368,19880,17,5298,2,2024-12-18,Mobile
1369,19882,17,5043,2,2024-11-27,Desktop
1370,19898,22,1983,5,2024-10-20,Tablet
1371,19907,32,5253,3,2024-09-10,Desktop
1372,19923,2,1604,1,2024-11-20,Tablet
1373,19962,4,1028,1,2024-12-09,Tablet
1374,19969,28,4192,6,2025-05-06,Tablet
1375,19970,44,5952,1,2024-12-16,Mobile
1376,19982,35,5792,6,2025-05-17,Desktop
1377,19992,57,2500,2,2024-10-20,Mobile
1378,19994,45,4220,4,2026-04-27,Desktop
1379,20015,20,3574,6,2025-05-26,Tablet
1380,20016,52,5091,1,2025-04-06,Mobile
1381,20021,56,1162,5,2024-12-11,Tablet
1382,20041,39,5534,6,2024-11-28,Desktop
1383,20076,23,36,1,2026-01-06,Mobile
1384,20143,56,5436,5,2024-12-23,Desktop
1385,20155,10,3584,1,2026-01-04,Desktop
1386,20163,17,4412,2,2024-11-29,Mobile
1387,20167,37,490,5,2025-01-10,Desktop
1388,20185,38,4953,2,2025-11-13,Tablet
1389,20200,47,347,3,2024-10-10,Tablet
1390,20233,15,43,6,2026-05-18,Desktop
1391,20240,55,4805,3,2025-07-20,Desktop
1392,20283,15,3812,6,2026-05-16,Desktop
1393,20301,21,611,3,2026-01-13,Desktop
1394,20303,8,3645,2,2025-08-09,Tablet
1395,20313,4,1807,1,2024-12-02,Desktop
1396,20316,7,2624,5,2026-05-20,Tablet
1397,20320,25,4155,3,2024-12-21,Tablet
1398,20342,37,5400,5,2025-01-15,Tablet
1399,20354,42,5661,2,2025-01-09,Desktop
1400,20357,23,3989,1,2026-01-09,Desktop
1401,20362,10,284,1,2025-12-29,Tablet
1402,20366,44,2716,1,2025-01-01,Tablet
1403,20369,51,461,6,2025-10-07,Tablet
1404,20371,6,515,5,2025-01-28,Mobile
1405,20373,58,5123,1,2025-05-05,Mobile
1406,20375,21,4076,3,2026-01-18,Desktop
1407,20401,39,867,6,2024-12-12,Mobile
1408,20417,2,2730,1,2024-11-09,Desktop
1409,20420,40,5490,5,2026-02-27,Tablet
1410,20439,9,3736,2,2024-08-29,Mobile
1411,20453,56,4821,5,2024-12-24,Tablet
1412,20455,16,4044,6,2025-02-14,Tablet
1413,20460,50,46,1,2025-03-30,Desktop
1414,20474,12,1931,1,2024-07-22,Desktop
1415,20489,3,2325,4,2025-12-16,Mobile
1416,20505,34,3960,3,2025-06-14,Desktop
1417,20507,31,1110,4,2025-01-22,Tablet
1418,20508,40,3262,5,2026-03-02,Desktop
1419,20517,27,3365,2,2024-10-27,Mobile
1420,20523,3,1747,4,2025-12-15,Mobile
1421,20544,31,3465,4,2025-01-27,Mobile
1422,20547,5,517,1,2024-11-04,Mobile
1423,20548,23,1420,1,2026-01-10,Mobile
1424,20550,7,4487,5,2026-06-01,Tablet
1425,20553,41,5830,3,2026-02-10,Tablet
1426,20567,11,5419,3,2024-09-18,Tablet
1427,20577,2,5852,1,2024-10-28,Mobile
1428,20608,4,1046,1,2024-12-25,Mobile
1429,20637,14,5433,2,2024-12-07,Tablet
1430,20669,10,4437,1,2025-12-08,Desktop
1431,20671,43,2643,2,2026-01-26,Desktop
1432,20676,16,1067,6,2025-03-10,Tablet
1433,20684,10,4404,1,2026-01-10,Desktop
1434,20687,57,4980,2,2024-10-18,Mobile
1435,20695,9,80,2,2024-09-06,Desktop
1436,20717,56,36,5,2024-12-22,Mobile
1437,20719,57,3901,2,2024-10-30,Desktop
1438,20736,35,854,6,2025-06-01,Mobile
1439,20758,35,3857,6,2025-06-05,Mobile
1440,20759,49,2563,5,2025-10-10,Desktop
1441,20769,58,5682,1,2025-05-15,Mobile
1442,20789,50,4387,1,2025-05-02,Mobile
1443,20790,3,5052,4,2025-12-10,Tablet
1444,20798,9,4234,2,2024-09-15,Tablet
1445,20801,38,4368,2,2025-11-20,Mobile
1446,20809,42,2888,2,2025-01-12,Desktop
1447,20828,39,343,6,2024-12-14,Desktop
1448,20847,25,288,3,2024-12-24,Mobile
1449,20867,38,2064,2,2025-11-20,Desktop
1450,20883,35,3751,6,2025-05-26,Desktop
1451,20884,15,3128,6,2026-05-23,Desktop
1452,20890,50,2387,1,2025-03-30,Mobile
1453,20894,56,1139,5,2024-12-21,Desktop
1454,20904,55,5914,3,2025-08-05,Desktop
1455,20916,31,1036,4,2025-01-26,Mobile
1456,20925,35,2892,6,2025-06-05,Mobile
1457,20935,17,2710,2,2025-01-05,Mobile
1458,20945,20,4391,6,2025-05-14,Tablet
1459,20951,23,4569,1,2026-01-15,Mobile
1460,20954,47,1350,3,2024-11-11,Desktop
1461,20958,23,2669,1,2026-01-01,Mobile
1462,20969,28,2624,6,2025-04-21,Mobile
1463,20997,50,3326,1,2025-05-02,Desktop
1464,21010,51,3076,6,2025-10-04,Tablet
1465,21027,26,3866,3,2025-10-28,Mobile
1466,21077,29,3058,1,2025-05-14,Desktop
1467,21091,23,2630,1,2025-12-30,Tablet
1468,21102,22,1522,5,2024-10-27,Tablet
1469,21107,25,4714,3,2024-11-09,Mobile
1470,21155,47,1053,3,2024-10-25,Tablet
1471,21161,6,3255,5,2025-03-03,Tablet
1472,21223,39,2269,6,2024-12-08,Desktop
1473,21239,13,3436,4,2024-09-11,Desktop
1474,21258,52,4998,1,2025-02-19,Desktop
1475,21260,27,5294,2,2024-11-03,Desktop
1476,21319,56,1797,5,2024-12-25,Mobile
1477,21340,28,2667,6,2025-04-30,Desktop
1478,21342,30,3749,6,2024-12-03,Mobile
1479,21357,44,2057,1,2025-01-02,Mobile
1480,21363,11,3250,3,2024-09-16,Mobile
1481,21403,4,546,1,2024-12-16,Mobile
1482,21429,38,2791,2,2025-11-10,Desktop
1483,21439,2,3649,1,2024-11-05,Desktop
1484,21461,4,4312,1,2024-12-13,Mobile
1485,21465,10,1516,1,2026-01-04,Tablet
1486,21495,36,1873,5,2025-04-20,Desktop
1487,21534,38,676,2,2025-11-18,Tablet
1488,21535,16,1491,6,2025-01-28,Tablet
1489,21541,41,4258,3,2026-02-04,Desktop
1490,21551,2,1562,1,2024-10-29,Tablet
1491,21553,17,2907,2,2024-12-17,Desktop
1492,21554,15,2328,6,2026-05-19,Desktop
1493,21561,47,203,3,2024-11-07,Tablet
1494,21585,38,5374,2,2025-11-10,Mobile
1495,21593,29,1771,1,2025-05-30,Mobile
1496,21611,46,5522,4,2025-02-07,Tablet
1497,21633,56,462,5,2024-12-15,Desktop
1498,21638,1,1517,6,2025-04-25,Desktop
1499,21656,28,5202,6,2025-04-14,Desktop
1500,21684,24,2302,6,2025-10-06,Mobile
1501,21686,47,2137,3,2024-10-21,Desktop
1502,21694,41,4366,3,2026-02-01,Tablet
1503,21706,45,3673,4,2026-05-31,Desktop
1504,21716,7,143,5,2026-06-05,Desktop
1505,21717,37,5254,5,2025-01-05,Mobile
1506,21721,56,2811,5,2024-12-13,Tablet
1507,21734,53,740,3,2026-05-13,Tablet
1508,21773,31,4870,4,2025-01-22,Mobile
1509,21778,60,2714,5,2025-04-20,Tablet
1510,21800,40,3307,5,2026-02-22,Tablet
1511,21801,6,1492,5,2025-01-22,Desktop
1512,21803,58,4527,1,2025-05-30,Desktop
1513,21831,57,155,2,2024-10-31,Desktop
1514,21854,14,697,2,2024-11-22,Desktop
1515,21855,13,4117,4,2024-08-30,Tablet
1516,21882,60,2980,5,2025-04-18,Desktop
1517,21883,25,5690,3,2024-12-05,Mobile
1518,21889,8,345,2,2025-08-14,Mobile
1519,21895,15,4887,6,2026-04-18,Mobile
1520,21899,32,3803,3,2024-09-24,Mobile
1521,21918,16,2763,6,2025-02-05,Desktop
1522,21931,30,1555,6,2024-11-25,Tablet
1523,21969,53,5541,3,2026-05-22,Mobile
1524,21976,33,5002,3,2026-02-04,Tablet
1525,21996,59,2082,5,2026-04-26,Mobile
1526,22011,22,2135,5,2024-10-11,Tablet
1527,22022,37,5949,5,2025-01-07,Tablet
1528,22044,20,3235,6,2025-05-22,Tablet
1529,22064,12,2718,1,2024-08-02,Mobile
1530,22081,49,293,5,2025-10-05,Desktop
1531,22082,39,920,6,2024-12-10,Desktop
1532,22092,19,4652,4,2025-04-27,Desktop
1533,22100,31,2448,4,2025-01-31,Mobile
1534,22124,4,1209,1,2024-12-11,Desktop
1535,22125,10,533,1,2026-01-18,Desktop
1536,22126,16,5528,6,2025-03-01,Mobile
1537,22129,21,2930,3,2026-01-15,Desktop
1538,22149,58,406,1,2025-05-27,Mobile
1539,22162,30,1971,6,2024-11-28,Desktop
1540,22176,22,1340,5,2024-10-13,Mobile
1541,22187,60,4200,5,2025-04-12,Tablet
1542,22198,38,4166,2,2025-11-09,Mobile
1543,22202,19,3907,4,2025-05-17,Mobile
1544,22209,36,2716,5,2025-04-14,Tablet
1545,22210,39,2987,6,2024-12-04,Mobile
1546,22229,4,51,1,2024-12-09,Desktop
1547,22234,43,2726,2,2026-01-16,Mobile
1548,22241,50,2938,1,2025-04-15,Desktop
1549,22251,26,1983,3,2025-10-24,Desktop
1550,22270,54,4624,1,2025-09-08,Tablet
1551,22325,12,4916,1,2024-07-27,Desktop
1552,22334,9,4996,2,2024-08-30,Tablet
1553,22340,39,3459,6,2024-12-12,Desktop
1554,22346,14,3017,2,2024-11-24,Tablet
1555,22360,47,2656,3,2024-11-13,Desktop
1556,22365,58,1806,1,2025-05-22,Mobile
1557,22400,14,350,2,2024-11-21,Mobile
1558,22410,12,4583,1,2024-07-25,Mobile
1559,22412,6,2205,5,2025-02-22,Mobile
1560,22430,59,5762,5,2026-05-05,Desktop
1561,22471,49,5994,5,2025-10-08,Mobile
1562,22479,2,2920,1,2024-11-21,Mobile
1563,22541,58,3333,1,2025-06-03,Desktop
1564,22545,50,5143,1,2025-04-18,Mobile
1565,22570,51,3250,6,2025-09-04,Tablet
1566,22583,52,2277,1,2025-03-26,Tablet
1567,22608,25,3672,3,2024-12-29,Desktop
1568,22610,4,1942,1,2025-01-24,Mobile
1569,22665,37,1131,5,2025-01-28,Tablet
1570,22669,4,5840,1,2024-12-31,Tablet
1571,22695,52,1720,1,2025-02-07,Mobile
1572,22705,43,3727,2,2026-01-14,Tablet
1573,22724,51,3468,6,2025-09-16,Tablet
1574,22727,52,2283,1,2025-04-03,Desktop
1575,22751,1,2955,6,2025-05-08,Desktop
1576,22761,60,2320,5,2025-04-13,Desktop
1577,22779,21,875,3,2026-01-12,Desktop
1578,22785,3,3930,4,2025-12-10,Desktop
1579,22795,13,177,4,2024-09-18,Tablet
1580,22798,25,770,3,2024-12-08,Mobile
1581,22851,43,536,2,2026-01-20,Desktop
1582,22857,58,2981,1,2025-05-26,Desktop
1583,22867,22,2655,5,2024-10-31,Mobile
1584,22873,1,474,6,2025-04-24,Tablet
1585,22884,7,1028,5,2026-05-31,Desktop
1586,22890,13,887,4,2024-09-05,Mobile
1587,22900,4,4879,1,2025-01-13,Tablet
1588,22922,48,3226,2,2026-02-07,Desktop
1589,22924,14,2894,2,2024-12-04,Mobile
1590,22935,17,5008,2,2024-12-07,Mobile
1591,22948,23,1782,1,2026-01-16,Mobile
1592,22969,37,1727,5,2025-01-15,Tablet
1593,22970,39,2319,6,2024-11-26,Mobile
1594,22976,36,3358,5,2025-04-04,Mobile
1595,22983,51,4980,6,2025-08-28,Tablet
1596,23007,51,3314,6,2025-09-09,Mobile
1597,23018,1,607,6,2025-04-08,Tablet
1598,23043,59,1313,5,2026-04-27,Desktop
1599,23049,1,1616,6,2025-04-26,Desktop
1600,23052,31,5953,4,2025-01-23,Mobile
1601,23058,20,2405,6,2025-05-23,Desktop
1602,23070,1,2103,6,2025-04-15,Desktop
1603,23074,51,3941,6,2025-09-08,Tablet
1604,23084,13,4842,4,2024-09-07,Desktop
1605,23105,13,2331,4,2024-09-10,Tablet
1606,23128,10,2962,1,2026-01-07,Mobile
1607,23157,30,1817,6,2024-11-17,Mobile
1608,23159,14,1836,2,2024-12-05,Mobile
1609,23162,44,4499,1,2025-01-06,Tablet
1610,23164,6,4603,5,2025-03-10,Mobile
1611,23168,45,1751,4,2026-05-10,Desktop
1612,23171,44,5679,1,2024-12-17,Mobile
1613,23179,15,370,6,2026-05-15,Tablet
1614,23190,8,2362,2,2025-07-26,Tablet
1615,23203,20,5830,6,2025-04-20,Mobile
1616,23212,34,2868,3,2025-06-26,Tablet
1617,23214,51,2224,6,2025-08-27,Desktop
1618,23218,50,2700,1,2025-03-14,Desktop
1619,23222,22,5063,5,2024-10-29,Desktop
1620,23229,52,172,1,2025-03-01,Desktop
1621,23277,7,1147,5,2026-05-20,Mobile
1622,23278,53,3218,3,2026-05-07,Desktop
1623,23283,24,1689,6,2025-10-15,Desktop
1624,23289,21,2285,3,2026-01-13,Mobile
1625,23290,50,451,1,2025-03-19,Desktop
1626,23301,37,1780,5,2025-01-12,Mobile
1627,23317,1,3285,6,2025-04-30,Mobile
1628,23327,10,5686,1,2026-01-13,Desktop
1629,23343,24,4581,6,2025-10-30,Desktop
1630,23355,57,5712,2,2024-11-05,Tablet
1631,23392,17,3545,2,2024-11-24,Desktop
1632,23402,41,5393,3,2026-01-23,Tablet
1633,23408,22,1879,5,2024-10-09,Mobile
1634,23412,15,5734,6,2026-04-26,Mobile
1635,23417,34,1577,3,2025-06-30,Desktop
1636,23453,7,5432,5,2026-05-26,Mobile
1637,23459,48,5585,2,2026-01-24,Desktop
1638,23475,56,3062,5,2024-12-19,Tablet
1639,23500,57,2150,2,2024-10-14,Tablet
1640,23510,14,5383,2,2024-11-30,Mobile
1641,23544,22,1083,5,2024-10-07,Tablet
1642,23552,58,1323,1,2025-05-06,Mobile
1643,23612,35,5109,6,2025-05-30,Mobile
1644,23613,54,2774,1,2025-09-12,Mobile
1645,23633,56,604,5,2024-12-24,Tablet
1646,23643,14,870,2,2024-12-07,Tablet
1647,23662,31,2267,4,2025-01-20,Mobile
1648,23676,43,1811,2,2026-01-21,Mobile
1649,23697,47,3779,3,2024-10-09,Mobile
1650,23759,8,5836,2,2025-08-11,Mobile
1651,23771,37,5222,5,2025-01-22,Desktop
1652,23776,29,241,1,2025-05-26,Desktop
1653,23779,50,2961,1,2025-04-17,Desktop
1654,23780,36,5097,5,2025-05-11,Desktop
1655,23823,30,1229,6,2024-11-22,Desktop
1656,23831,32,5091,3,2024-10-24,Desktop
1657,23846,58,321,1,2025-05-19,Desktop
1658,23858,29,3960,1,2025-06-01,Mobile
1659,23862,50,3743,1,2025-04-29,Mobile
1660,23864,33,2922,3,2026-02-14,Mobile
1661,23866,35,317,6,2025-05-20,Desktop
1662,23877,5,3948,1,2024-11-14,Tablet
1663,23892,36,3699,5,2025-03-29,Mobile
1664,23895,7,1282,5,2026-05-31,Desktop
1665,23906,4,5501,1,2025-01-02,Desktop
1666,23919,24,708,6,2025-10-10,Desktop
1667,23928,28,1833,6,2025-05-01,Tablet
1668,23944,56,4230,5,2024-12-15,Mobile
1669,23966,42,4437,2,2024-12-19,Desktop
1670,23986,3,1699,4,2025-12-13,Tablet
1671,23996,47,1262,3,2024-10-10,Tablet
1672,24009,36,795,5,2025-04-29,Tablet
1673,24020,8,946,2,2025-08-12,Tablet
1674,24075,43,92,2,2026-01-29,Desktop
1675,24101,14,4505,2,2024-12-06,Mobile
1676,24106,15,1920,6,2026-05-10,Tablet
1677,24119,7,2549,5,2026-06-04,Tablet
1678,24131,14,4991,2,2024-11-19,Mobile
1679,24134,16,3478,6,2025-03-13,Tablet
1680,24140,27,4498,2,2024-10-27,Tablet
1681,24149,55,1659,3,2025-07-17,Tablet
1682,24189,26,5314,3,2025-10-24,Mobile
1683,24192,21,3423,3,2026-01-23,Tablet
1684,24206,27,5043,2,2024-10-27,Desktop
1685,24217,56,53,5,2024-12-15,Tablet
1686,24223,25,1544,3,2024-12-06,Desktop
1687,24239,24,2582,6,2025-11-03,Tablet
1688,24242,33,4939,3,2026-02-28,Mobile
1689,24283,3,5861,4,2025-12-17,Tablet
1690,24309,18,1595,4,2025-04-05,Tablet
1691,24344,21,1945,3,2026-01-15,Mobile
1692,24364,7,1063,5,2026-05-26,Tablet
1693,24367,45,3456,4,2026-05-21,Desktop
1694,24373,46,2401,4,2025-02-02,Mobile
1695,24411,19,868,4,2025-05-05,Mobile
1696,24418,13,3647,4,2024-09-05,Mobile
1697,24430,27,2191,2,2024-10-29,Desktop
1698,24441,16,1308,6,2025-03-14,Mobile
1699,24442,45,2874,4,2026-04-12,Mobile
1700,24493,5,129,1,2024-10-30,Desktop
1701,24498,27,3638,2,2024-10-20,Desktop
1702,24539,19,3386,4,2025-04-09,Desktop
1703,24569,12,5805,1,2024-08-02,Desktop
1704,24591,43,4754,2,2026-01-09,Desktop
1705,24592,35,3325,6,2025-05-24,Mobile
1706,24605,51,2889,6,2025-09-07,Mobile
1707,24615,31,5906,4,2025-01-25,Tablet
1708,24618,1,4014,6,2025-03-25,Tablet
1709,24638,4,1854,1,2024-12-24,Mobile
1710,24665,28,3733,6,2025-04-24,Desktop
1711,24669,46,5609,4,2025-01-23,Mobile
1712,24678,16,4151,6,2025-03-06,Mobile
1713,24704,26,1814,3,2025-11-02,Mobile
1714,24723,54,4067,1,2025-09-21,Mobile
1715,24724,55,1487,3,2025-08-02,Mobile
1716,24731,11,2906,3,2024-08-28,Desktop
1717,24770,46,4731,4,2025-02-05,Desktop
1718,24800,39,636,6,2024-12-06,Desktop
1719,24808,48,5964,2,2026-02-01,Mobile
1720,24817,28,745,6,2025-04-28,Tablet
1721,24825,47,1653,3,2024-10-14,Desktop
1722,24840,60,4166,5,2025-04-19,Tablet
1723,24851,55,4649,3,2025-07-25,Mobile
1724,24860,17,4953,2,2025-01-01,Mobile
1725,24865,40,3107,5,2026-03-14,Tablet
1726,24876,38,3664,2,2025-11-19,Desktop
1727,24904,54,3302,1,2025-09-14,Mobile
1728,24908,11,5922,3,2024-08-30,Tablet
1729,24911,33,1136,3,2026-01-31,Tablet
1730,24931,7,5927,5,2026-05-25,Mobile
1731,24940,57,1956,2,2024-10-10,Tablet
1732,24959,52,5412,1,2025-03-27,Tablet
1733,24964,23,242,1,2026-01-16,Mobile
1734,24979,3,4044,4,2025-12-07,Mobile
1735,24982,10,1233,1,2025-12-28,Tablet
1736,24994,52,804,1,2025-02-24,Tablet
1737,25006,41,3008,3,2026-02-22,Desktop
1738,25028,44,2830,1,2024-12-18,Desktop
1739,25032,35,661,6,2025-05-17,Desktop
1740,25043,18,3935,4,2025-03-20,Tablet
1741,25053,17,3040,2,2024-12-21,Desktop
1742,25061,5,5856,1,2024-11-20,Mobile
1743,25083,36,4286,5,2025-04-27,Mobile
1744,25090,32,1928,3,2024-10-05,Desktop
1745,25096,57,2085,2,2024-10-26,Desktop
1746,25116,58,2478,1,2025-05-14,Mobile
1747,25139,31,854,4,2025-01-21,Mobile
1748,25148,54,4624,1,2025-09-24,Tablet
1749,25163,25,2316,3,2024-12-13,Mobile
1750,25171,55,4281,3,2025-07-26,Mobile
1751,25175,1,2875,6,2025-04-25,Desktop
1752,25185,4,33,1,2024-12-19,Mobile
1753,25189,19,2000,4,2025-04-08,Desktop
1754,25195,4,1968,1,2025-01-29,Desktop
1755,25217,40,2114,5,2026-02-21,Mobile
1756,25238,42,535,2,2025-01-16,Mobile
1757,25240,16,1121,6,2025-02-23,Tablet
1758,25268,25,5109,3,2024-12-01,Mobile
1759,25272,17,3382,2,2024-12-29,Desktop
1760,25278,55,215,3,2025-08-02,Tablet
1761,25287,50,3321,1,2025-03-18,Tablet
1762,25308,39,1526,6,2024-12-13,Desktop
1763,25325,34,70,3,2025-06-24,Tablet
1764,25330,58,3742,1,2025-05-30,Mobile
1765,25331,58,1129,1,2025-05-07,Tablet
1766,25335,60,4697,5,2025-04-15,Desktop
1767,25359,35,108,6,2025-05-29,Tablet
1768,25370,31,4628,4,2025-01-28,Desktop
1769,25371,10,174,1,2025-12-09,Mobile
1770,25384,8,1620,2,2025-08-08,Desktop
1771,25388,51,1238,6,2025-09-24,Mobile
1772,25404,45,5344,4,2026-04-19,Tablet
1773,25425,26,4599,3,2025-11-02,Mobile
1774,25453,9,2726,2,2024-09-09,Mobile
1775,25472,16,3181,6,2025-03-02,Desktop
1776,25473,37,3015,5,2025-01-21,Desktop
1777,25495,5,4135,1,2024-10-30,Tablet
1778,25506,52,5219,1,2025-04-05,Desktop
1779,25524,22,4205,5,2024-10-11,Tablet
1780,25559,39,5802,6,2024-12-17,Mobile
1781,25611,23,461,1,2026-01-11,Desktop
1782,25632,38,3181,2,2025-11-14,Tablet
1783,25634,1,5392,6,2025-04-19,Mobile
1784,25667,37,2115,5,2025-01-22,Desktop
1785,25671,44,1631,1,2024-12-22,Tablet
1786,25694,41,2974,3,2026-02-18,Tablet
1787,25699,6,1478,5,2025-01-14,Mobile
1788,25702,34,1774,3,2025-06-27,Mobile
1789,25706,32,2820,3,2024-10-29,Desktop
1790,25718,8,5041,2,2025-08-09,Tablet
1791,25732,58,5212,1,2025-05-15,Tablet
1792,25756,47,2529,3,2024-11-12,Mobile
1793,25762,38,622,2,2025-11-16,Desktop
1794,25764,27,5700,2,2024-10-24,Tablet
1795,25780,39,1975,6,2024-11-24,Tablet
1796,25851,45,194,4,2026-04-09,Desktop
1797,25856,47,1505,3,2024-11-05,Tablet
1798,25879,10,2355,1,2025-12-02,Mobile
1799,25891,33,2235,3,2026-02-21,Desktop
1800,25903,5,5414,1,2024-11-10,Mobile
1801,25917,26,963,3,2025-10-25,Desktop
1802,25937,2,5845,1,2024-10-27,Tablet
1803,25969,34,5078,3,2025-07-02,Mobile
1804,25973,47,103,3,2024-09-30,Mobile
1805,25991,28,4935,6,2025-04-16,Desktop
1806,26057,25,4735,3,2024-11-27,Mobile
1807,26064,31,5770,4,2025-01-17,Tablet
1808,26065,5,4659,1,2024-10-23,Mobile
1809,26083,1,2026,6,2025-05-05,Desktop
1810,26092,6,1969,5,2025-02-06,Mobile
1811,26100,4,2547,1,2024-12-15,Desktop
1812,26110,39,1269,6,2024-12-17,Desktop
1813,26114,42,1554,2,2025-01-17,Desktop
1814,26130,37,4717,5,2025-01-16,Desktop
1815,26135,53,1177,3,2026-05-26,Tablet
1816,26167,22,2037,5,2024-10-07,Mobile
1817,26209,60,225,5,2025-04-30,Desktop
1818,26225,28,5047,6,2025-04-27,Desktop
1819,26228,19,1582,4,2025-04-09,Tablet
1820,26236,13,2961,4,2024-08-29,Tablet
1821,26252,2,4348,1,2024-11-01,Tablet
1822,26269,23,2784,1,2026-01-20,Tablet
1823,26283,57,128,2,2024-10-10,Desktop
1824,26287,36,4580,5,2025-03-24,Desktop
1825,26288,34,2532,3,2025-06-13,Mobile
1826,26296,44,2771,1,2024-12-09,Tablet
1827,26341,55,1876,3,2025-08-13,Desktop
1828,26345,13,900,4,2024-09-02,Tablet
1829,26372,51,1,6,2025-10-04,Mobile
1830,26391,1,1615,6,2025-03-26,Desktop
1831,26436,26,3923,3,2025-10-25,Mobile
1832,26439,29,1549,1,2025-05-31,Desktop
1833,26462,31,3832,4,2025-01-23,Desktop
1834,26469,27,2424,2,2024-10-31,Mobile
1835,26475,51,3002,6,2025-09-13,Mobile
1836,26506,21,1942,3,2026-01-21,Desktop
1837,26518,47,599,3,2024-10-08,Mobile
1838,26555,59,1604,5,2026-04-30,Desktop
1839,26559,38,2939,2,2025-11-20,Desktop
1840,26573,10,3307,1,2026-01-06,Mobile
1841,26591,43,3013,2,2026-01-28,Mobile
1842,26595,49,49,5,2025-10-25,Tablet
1843,26606,26,1929,3,2025-10-28,Desktop
1844,26607,43,525,2,2026-01-12,Desktop
1845,26618,1,2930,6,2025-04-17,Desktop
1846,26653,18,397,4,2025-04-07,Tablet
1847,26673,29,4529,1,2025-05-24,Tablet
1848,26679,2,922,1,2024-11-04,Mobile
1849,26700,53,1743,3,2026-05-10,Tablet
1850,26703,19,890,4,2025-05-27,Desktop
1851,26735,24,2058,6,2025-10-08,Tablet
1852,26741,27,4662,2,2024-10-27,Mobile
1853,26744,41,1251,3,2026-01-31,Desktop
1854,26786,39,525,6,2024-12-15,Desktop
1855,26787,1,5271,6,2025-04-04,Tablet
1856,26791,38,920,2,2025-11-12,Desktop
1857,26792,59,4821,5,2026-04-25,Desktop
1858,26840,20,3764,6,2025-05-11,Tablet
1859,26841,23,3334,1,2026-01-17,Desktop
1860,26901,57,2057,2,2024-10-17,Tablet
1861,26903,40,1068,5,2026-03-08,Tablet
1862,26912,8,989,2,2025-08-11,Desktop
1863,26917,22,4754,5,2024-11-01,Tablet
1864,26927,50,3320,1,2025-04-04,Mobile
1865,26940,34,1451,3,2025-06-27,Mobile
1866,26992,55,868,3,2025-07-28,Mobile
1867,26994,4,4344,1,2024-12-30,Mobile
1868,27017,21,1554,3,2026-01-15,Mobile
1869,27041,43,4662,2,2026-01-13,Mobile
1870,27057,44,2446,1,2024-12-08,Mobile
1871,27073,16,5609,6,2025-02-05,Mobile
1872,27081,11,2490,3,2024-09-15,Tablet
1873,27109,34,1336,3,2025-06-27,Tablet
1874,27127,23,2215,1,2026-01-05,Tablet
1875,27134,3,5495,4,2025-12-08,Tablet
1876,27144,53,1126,3,2026-05-08,Tablet
1877,27151,5,5944,1,2024-10-27,Desktop
1878,27155,29,279,1,2025-04-15,Desktop
1879,27178,11,4237,3,2024-09-20,Tablet
1880,27183,55,2701,3,2025-07-12,Desktop
1881,27189,32,3690,3,2024-11-02,Tablet
1882,27213,25,2200,3,2024-11-16,Desktop
1883,27249,32,1968,3,2024-11-08,Tablet
1884,27250,36,3174,5,2025-04-22,Tablet
1885,27271,32,1426,3,2024-11-06,Mobile
1886,27286,42,4621,2,2025-01-01,Desktop
1887,27293,43,5007,2,2026-01-18,Tablet
1888,27294,58,958,1,2025-05-19,Tablet
1889,27297,6,5953,5,2025-02-28,Mobile
1890,27307,49,4918,5,2025-08-30,Desktop
1891,27329,48,1386,2,2026-02-02,Tablet
1892,27331,43,4765,2,2026-01-26,Desktop
1893,27340,26,986,3,2025-11-03,Tablet
1894,27362,40,1267,5,2026-03-07,Desktop
1895,27369,49,613,5,2025-10-03,Tablet
1896,27370,58,5425,1,2025-05-23,Tablet
1897,27380,28,1937,6,2025-05-09,Desktop
1898,27386,16,4522,6,2025-02-28,Tablet
1899,27394,41,4660,3,2026-02-16,Desktop
1900,27414,3,1916,4,2025-12-06,Tablet
1901,27417,21,879,3,2026-01-20,Mobile
1902,27428,58,1438,1,2025-05-17,Desktop
1903,27433,22,1616,5,2024-10-31,Mobile
1904,27439,38,5815,2,2025-11-17,Tablet
1905,27448,58,2870,1,2025-05-20,Desktop
1906,27475,2,3266,1,2024-11-21,Mobile
1907,27495,20,4954,6,2025-05-17,Tablet
1908,27505,51,3830,6,2025-09-18,Mobile
1909,27526,22,1125,5,2024-10-19,Desktop
1910,27529,47,3614,3,2024-10-20,Desktop
1911,27535,29,841,1,2025-06-02,Desktop
1912,27548,20,3999,6,2025-04-24,Mobile
1913,27554,57,1386,2,2024-11-14,Tablet
1914,27577,14,3843,2,2024-11-16,Tablet
1915,27589,60,5589,5,2025-04-10,Tablet
1916,27605,36,5428,5,2025-05-01,Desktop
1917,27619,17,3532,2,2024-12-31,Mobile
1918,27624,20,5427,6,2025-04-24,Mobile
1919,27646,41,2722,3,2026-01-27,Tablet
1920,27661,8,964,2,2025-08-15,Tablet
1921,27668,39,3651,6,2024-12-04,Tablet
1922,27670,10,5461,1,2026-01-04,Desktop
1923,27681,23,974,1,2026-01-15,Tablet
1924,27689,33,140,3,2026-02-23,Mobile
1925,27696,41,4145,3,2026-02-12,Tablet
1926,27747,8,4167,2,2025-07-29,Tablet
1927,27764,42,1915,2,2025-01-20,Tablet
1928,27771,53,4429,3,2026-05-05,Desktop
1929,27775,53,3828,3,2026-05-12,Tablet
1930,27780,51,301,6,2025-09-13,Desktop
1931,27782,13,3282,4,2024-09-11,Mobile
1932,27807,55,3411,3,2025-07-29,Desktop
1933,27816,57,4753,2,2024-10-22,Tablet
1934,27817,6,3485,5,2025-02-28,Desktop
1935,27838,16,243,6,2025-03-03,Mobile
1936,27873,22,362,5,2024-10-14,Mobile
1937,27898,59,2780,5,2026-05-09,Desktop
1938,27924,55,1861,3,2025-08-09,Tablet
1939,27928,36,4787,5,2025-05-12,Desktop
1940,27938,8,4245,2,2025-08-03,Desktop
1941,27948,50,3018,1,2025-04-20,Mobile
1942,27954,48,2494,2,2026-01-23,Tablet
1943,27956,7,2847,5,2026-05-25,Mobile
1944,27957,42,5285,2,2025-01-07,Desktop
1945,27966,48,1127,2,2026-02-07,Desktop
1946,27983,49,5569,5,2025-09-09,Desktop
1947,27990,9,4387,2,2024-09-02,Tablet
1948,27994,59,3826,5,2026-05-06,Desktop
1949,27995,17,2181,2,2024-12-10,Desktop
1950,28004,33,738,3,2026-02-25,Tablet
1951,28016,30,3820,6,2024-11-18,Mobile
1952,28033,56,3822,5,2024-12-11,Desktop
1953,28039,1,197,6,2025-04-29,Mobile
1954,28042,50,13,1,2025-04-10,Tablet
1955,28056,48,2557,2,2026-02-13,Tablet
1956,28067,9,5042,2,2024-08-31,Tablet
1957,28088,42,2959,2,2025-01-20,Desktop
1958,28098,33,2599,3,2026-02-22,Desktop
1959,28102,47,3351,3,2024-10-30,Mobile
1960,28110,19,5444,4,2025-05-18,Mobile
1961,28116,27,4714,2,2024-11-01,Mobile
1962,28118,11,3236,3,2024-08-27,Desktop
1963,28139,40,5717,5,2026-02-21,Mobile
1964,28144,7,4922,5,2026-05-30,Tablet
1965,28154,11,5604,3,2024-09-28,Tablet
1966,28201,27,3590,2,2024-10-28,Mobile
1967,28206,42,1964,2,2024-12-04,Tablet
1968,28245,2,373,1,2024-11-11,Desktop
1969,28255,6,2834,5,2025-01-12,Desktop
1970,28278,36,270,5,2025-05-14,Desktop
1971,28305,9,4152,2,2024-08-31,Tablet
1972,28330,18,16,4,2025-04-10,Mobile
1973,28344,3,3052,4,2025-12-07,Desktop
1974,28359,19,1214,4,2025-05-08,Tablet
1975,28361,32,4452,3,2024-09-20,Mobile
1976,28364,32,3364,3,2024-09-28,Desktop
1977,28371,49,2945,5,2025-09-25,Tablet
1978,28380,6,4663,5,2025-01-19,Desktop
1979,28407,7,1738,5,2026-05-22,Desktop
1980,28410,41,391,3,2026-02-13,Mobile
1981,28419,23,5025,1,2026-01-14,Tablet
1982,28420,46,1638,4,2025-02-05,Tablet
1983,28422,33,4704,3,2026-02-14,Desktop
1984,28429,36,5223,5,2025-03-28,Desktop
1985,28452,35,3705,6,2025-05-20,Mobile
1986,28456,59,3258,5,2026-05-07,Tablet
1987,28458,52,5241,1,2025-02-11,Tablet
1988,28465,44,5846,1,2024-12-12,Tablet
1989,28498,4,4436,1,2024-12-01,Mobile
1990,28515,34,628,3,2025-06-15,Tablet
1991,28517,29,225,1,2025-06-03,Desktop
1992,28525,4,3009,1,2024-12-08,Desktop
1993,28536,18,5272,4,2025-04-23,Tablet
1994,28553,12,4770,1,2024-08-02,Desktop
1995,28555,35,3823,6,2025-06-04,Desktop
1996,28573,7,3634,5,2026-05-27,Desktop
1997,28591,20,949,6,2025-05-25,Tablet
1998,28592,30,5870,6,2024-11-17,Tablet
1999,28618,5,1562,1,2024-11-18,Tablet
2000,28659,36,5761,5,2025-04-07,Mobile
2001,28690,7,5408,5,2026-05-31,Tablet
2002,28699,58,541,1,2025-05-29,Desktop
2003,28716,17,1664,2,2025-01-09,Tablet
2004,28718,26,4206,3,2025-10-25,Tablet
2005,28727,46,4163,4,2025-01-18,Desktop
2006,28732,4,4462,1,2025-02-01,Mobile
2007,28747,41,5494,3,2026-02-13,Desktop
2008,28756,38,1699,2,2025-11-24,Desktop
2009,28757,25,158,3,2024-11-18,Mobile
2010,28770,6,3938,5,2025-01-23,Mobile
2011,28773,57,2063,2,2024-11-12,Tablet
2012,28786,48,2677,2,2026-02-09,Mobile
2013,28791,45,5552,4,2026-04-29,Mobile
2014,28801,8,5246,2,2025-08-03,Mobile
2015,28834,44,4779,1,2025-01-03,Desktop
2016,28844,29,2289,1,2025-05-05,Mobile
2017,28845,45,1975,4,2026-04-25,Desktop
2018,28870,41,5525,3,2026-02-01,Tablet
2019,28871,6,945,5,2025-02-27,Desktop
2020,28873,43,1381,2,2026-01-24,Desktop
2021,28874,33,133,3,2026-03-14,Desktop
2022,28882,55,5690,3,2025-07-16,Tablet
2023,28890,57,2345,2,2024-10-29,Tablet
2024,28891,37,1304,5,2025-01-25,Mobile
2025,28894,24,4640,6,2025-10-14,Desktop
2026,28899,3,1154,4,2025-12-06,Mobile
2027,28936,25,2774,3,2024-12-25,Desktop
2028,28946,2,3676,1,2024-11-25,Mobile
2029,28952,27,1360,2,2024-10-28,Tablet
2030,28961,41,4056,3,2026-02-03,Tablet
2031,28983,35,4506,6,2025-05-23,Tablet
2032,29003,31,4992,4,2025-01-17,Desktop
2033,29010,34,1902,3,2025-07-02,Desktop
2034,29015,30,871,6,2024-11-25,Tablet
2035,29027,52,2338,1,2025-03-14,Mobile
2036,29031,11,4035,3,2024-09-10,Tablet
2037,29034,46,5836,4,2025-01-24,Desktop
2038,29040,8,1407,2,2025-08-05,Mobile
2039,29050,27,5335,2,2024-10-30,Desktop
2040,29055,16,1895,6,2025-01-17,Tablet
2041,29064,53,1728,3,2026-05-26,Desktop
2042,29099,12,4025,1,2024-08-01,Mobile
2043,29200,49,2536,5,2025-10-25,Tablet
2044,29217,49,1747,5,2025-09-19,Desktop
2045,29237,51,1914,6,2025-09-26,Tablet
2046,29246,5,4307,1,2024-10-26,Mobile
2047,29252,52,4549,1,2025-02-26,Mobile
2048,29254,54,3880,1,2025-09-24,Mobile
2049,29262,30,3798,6,2024-11-22,Desktop
2050,29284,7,3043,5,2026-05-23,Mobile
2051,29296,8,3372,2,2025-07-18,Mobile
2052,29300,39,5523,6,2024-12-08,Desktop
2053,29349,6,4562,5,2025-01-27,Tablet
2054,29357,38,4326,2,2025-11-20,Tablet
2055,29386,31,4902,4,2025-01-28,Tablet
2056,29397,59,2939,5,2026-04-24,Mobile
2057,29425,46,397,4,2025-01-02,Mobile
2058,29431,4,4679,1,2024-12-08,Mobile
2059,29442,3,2341,4,2025-12-07,Tablet
2060,29479,33,4382,3,2026-01-29,Tablet
2061,29490,59,595,5,2026-05-08,Desktop
2062,29491,48,4582,2,2026-02-13,Mobile
2063,29493,43,5900,2,2026-01-28,Tablet
2064,29503,49,241,5,2025-09-28,Tablet
2065,29504,30,1890,6,2024-12-02,Desktop
2066,29506,29,1123,1,2025-05-12,Mobile
2067,29513,15,4453,6,2026-04-22,Desktop
2068,29541,4,2428,1,2024-12-04,Mobile
2069,29556,1,4416,6,2025-04-05,Mobile
2070,29576,39,4441,6,2024-12-18,Mobile
2071,29586,10,3066,1,2026-01-20,Tablet
2072,29602,56,5385,5,2024-12-21,Tablet
2073,29625,32,4178,3,2024-10-09,Mobile
2074,29635,36,3049,5,2025-04-28,Desktop
2075,29685,41,5196,3,2026-02-16,Mobile
2076,29692,14,4895,2,2024-12-06,Mobile
2077,29700,42,260,2,2025-01-22,Desktop
2078,29703,51,3352,6,2025-09-28,Tablet
2079,29709,55,1139,3,2025-07-15,Desktop
2080,29710,14,784,2,2024-11-26,Mobile
2081,29720,39,2169,6,2024-12-15,Tablet
2082,29722,19,5054,4,2025-04-15,Desktop
2083,29724,43,2411,2,2026-01-26,Mobile
2084,29735,25,3191,3,2025-01-04,Desktop
2085,29749,24,1284,6,2025-10-21,Desktop
2086,29761,32,5419,3,2024-09-15,Tablet
2087,29768,10,5410,1,2025-12-25,Tablet
2088,29796,10,129,1,2025-12-02,Tablet
2089,29847,38,2640,2,2025-11-22,Mobile
2090,29850,26,1295,3,2025-10-26,Mobile
2091,29865,5,372,1,2024-11-10,Desktop
2092,29868,21,1130,3,2026-01-09,Tablet
2093,29881,49,274,5,2025-09-22,Mobile
2094,29885,8,4682,2,2025-07-30,Tablet
2095,29888,32,4385,3,2024-10-10,Mobile
2096,29896,45,5465,4,2026-04-29,Mobile
2097,29901,40,4805,5,2026-02-23,Desktop
2098,29915,19,3227,4,2025-05-06,Tablet
2099,29922,9,5115,2,2024-08-29,Tablet
2100,29935,23,3667,1,2026-01-12,Mobile
2101,29938,21,4244,3,2026-01-20,Desktop
2102,29951,56,3002,5,2024-12-15,Desktop
2103,29979,60,3591,5,2025-04-14,Tablet
2104,29990,9,1075,2,2024-09-14,Mobile
2105,30012,13,5490,4,2024-09-16,Mobile
2106,30017,28,1277,6,2025-04-17,Tablet
2107,30022,29,5737,1,2025-05-29,Tablet
2108,30034,11,5084,3,2024-08-27,Tablet
2109,30079,37,3568,5,2025-01-10,Tablet
2110,30128,1,5282,6,2025-04-24,Desktop
2111,30173,11,3975,3,2024-09-07,Desktop
2112,30181,16,2599,6,2025-03-08,Mobile
2113,30183,2,4737,1,2024-11-10,Mobile
2114,30217,59,4311,5,2026-04-20,Tablet
2115,30239,39,2617,6,2024-11-29,Tablet
2116,30244,3,2194,4,2025-12-04,Desktop
2117,30252,13,4876,4,2024-09-05,Mobile
2118,30267,53,2522,3,2026-05-15,Tablet
2119,30270,39,5223,6,2024-12-09,Mobile
2120,30292,13,1435,4,2024-09-11,Tablet
2121,30306,22,4124,5,2024-10-16,Mobile
2122,30310,34,4450,3,2025-06-22,Mobile
2123,30311,3,1544,4,2025-12-04,Desktop
2124,30329,18,284,4,2025-04-28,Mobile
2125,30337,29,2066,1,2025-05-03,Tablet
2126,30352,17,5348,2,2024-12-06,Desktop
2127,30355,54,3486,1,2025-09-19,Mobile
2128,30385,31,491,4,2025-01-26,Mobile
2129,30402,50,4822,1,2025-04-08,Tablet
2130,30496,40,5179,5,2026-03-01,Desktop
2131,30501,23,123,1,2026-01-10,Mobile
2132,30523,8,4886,2,2025-08-03,Desktop
2133,30561,59,5761,5,2026-04-22,Mobile
2134,30565,6,3661,5,2025-03-04,Tablet
2135,30567,20,2605,6,2025-05-04,Tablet
2136,30574,52,123,1,2025-04-03,Mobile
2137,30576,7,2021,5,2026-05-31,Desktop
2138,30627,31,728,4,2025-01-28,Desktop
2139,30629,49,446,5,2025-10-14,Mobile
2140,30663,50,937,1,2025-03-18,Mobile
2141,30667,10,2935,1,2026-01-08,Tablet
2142,30695,10,5958,1,2025-12-31,Mobile
2143,30698,14,3289,2,2024-11-25,Tablet
2144,30777,28,1017,6,2025-05-12,Tablet
2145,30782,9,2432,2,2024-09-04,Desktop
2146,30792,52,2342,1,2025-02-21,Tablet
2147,30808,12,2718,1,2024-08-03,Mobile
2148,30811,14,3184,2,2024-11-23,Desktop
2149,30829,6,4305,5,2025-03-08,Desktop
2150,30833,15,4814,6,2026-05-16,Tablet
2151,30855,23,2383,1,2026-01-05,Tablet
2152,30869,21,215,3,2026-01-08,Desktop
2153,30871,39,975,6,2024-12-03,Tablet
2154,30881,3,973,4,2025-12-14,Tablet
2155,30899,7,958,5,2026-05-17,Tablet
2156,30920,33,4801,3,2026-03-20,Mobile
2157,30923,54,4580,1,2025-09-22,Desktop
2158,30937,53,3793,3,2026-05-10,Desktop
2159,30942,43,5360,2,2026-01-22,Desktop
2160,30951,21,2206,3,2026-01-12,Tablet
2161,30966,13,2581,4,2024-09-01,Mobile
2162,30967,50,3039,1,2025-04-05,Desktop
2163,30994,53,4366,3,2026-05-16,Mobile
2164,30998,34,5477,3,2025-06-20,Mobile
2165,31007,20,3288,6,2025-05-16,Mobile
2166,31015,39,978,6,2024-12-16,Mobile
2167,31056,60,4793,5,2025-04-27,Tablet
2168,31060,8,3002,2,2025-08-10,Mobile
2169,31064,25,5933,3,2025-01-01,Tablet
2170,31089,18,3552,4,2025-03-26,Mobile
2171,31092,54,1554,1,2025-09-19,Tablet
2172,31094,56,435,5,2024-12-25,Mobile
2173,31105,45,4371,4,2026-05-26,Desktop
2174,31108,34,2213,3,2025-06-28,Desktop
2175,31119,8,3329,2,2025-08-13,Mobile
2176,31121,60,5137,5,2025-04-17,Mobile
2177,31155,41,3910,3,2026-01-31,Desktop
2178,31164,44,4563,1,2024-12-01,Desktop
2179,31166,60,1343,5,2025-04-20,Tablet
2180,31173,34,2330,3,2025-06-11,Desktop
2181,31193,24,1501,6,2025-10-07,Mobile
2182,31206,49,915,5,2025-09-13,Mobile
2183,31207,55,4532,3,2025-07-31,Mobile
2184,31216,41,2470,3,2026-02-08,Tablet
2185,31238,9,6,2,2024-08-30,Mobile
2186,31283,30,1953,6,2024-11-16,Mobile
2187,31290,19,3795,4,2025-04-24,Tablet
2188,31293,21,370,3,2026-01-16,Mobile
2189,31312,43,3785,2,2026-01-15,Desktop
2190,31316,47,4754,3,2024-10-24,Desktop
2191,31328,17,3660,2,2024-12-25,Mobile
2192,31330,39,529,6,2024-12-05,Desktop
2193,31338,43,2860,2,2026-01-21,Mobile
2194,31368,27,5255,2,2024-11-02,Desktop
2195,31375,36,2608,5,2025-04-18,Tablet
2196,31382,29,733,1,2025-04-12,Tablet
2197,31386,31,2977,4,2025-01-30,Mobile
2198,31401,10,4149,1,2026-01-05,Mobile
2199,31411,44,3200,1,2025-01-06,Tablet
2200,31414,57,4995,2,2024-11-15,Tablet
2201,31436,53,1554,3,2026-05-23,Desktop
2202,31438,50,1668,1,2025-03-23,Desktop
2203,31461,50,5435,1,2025-04-21,Tablet
2204,31469,44,1396,1,2024-12-01,Mobile
2205,31472,48,4491,2,2026-01-25,Desktop
2206,31477,9,1746,2,2024-09-02,Tablet
2207,31486,45,1554,4,2026-04-03,Desktop
2208,31531,19,4772,4,2025-04-13,Desktop
2209,31544,53,2603,3,2026-05-15,Mobile
2210,31550,18,5500,4,2025-04-24,Mobile
2211,31600,6,4387,5,2025-02-06,Mobile
2212,31606,53,2253,3,2026-05-10,Tablet
2213,31611,55,1326,3,2025-07-25,Mobile
2214,31613,30,3672,6,2024-11-25,Tablet
2215,31621,9,4179,2,2024-09-12,Tablet
2216,31627,59,4443,5,2026-05-06,Mobile
2217,31653,30,5495,6,2024-11-13,Mobile
2218,31675,42,4075,2,2024-12-30,Desktop
2219,31677,41,2362,3,2026-02-21,Tablet
2220,31730,55,4730,3,2025-08-15,Mobile
2221,31747,30,328,6,2024-11-17,Tablet
2222,31774,32,5837,3,2024-10-29,Desktop
2223,31817,29,797,1,2025-05-30,Mobile
2224,31823,24,4692,6,2025-10-21,Mobile
2225,31849,54,1240,1,2025-09-11,Mobile
2226,31861,41,1093,3,2026-01-27,Mobile
2227,31886,32,1192,3,2024-10-25,Desktop
2228,31892,19,2181,4,2025-04-17,Tablet
2229,31908,17,2830,2,2025-01-03,Mobile
2230,31934,18,3672,4,2025-05-16,Tablet
2231,31936,37,1088,5,2025-01-27,Tablet
2232,31938,27,1567,2,2024-10-28,Tablet
2233,31946,59,3998,5,2026-04-28,Mobile
2234,31952,14,4167,2,2024-12-04,Desktop
2235,31955,15,3125,6,2026-05-04,Tablet
2236,31987,51,2148,6,2025-09-10,Tablet
2237,31990,29,1040,1,2025-04-17,Desktop
2238,31998,48,95,2,2026-02-03,Tablet
2239,32015,26,1312,3,2025-10-23,Desktop
2240,32049,59,3022,5,2026-05-07,Mobile
2241,32052,32,2367,3,2024-09-15,Tablet
2242,32109,58,2419,1,2025-05-30,Mobile
2243,32123,50,2907,1,2025-03-21,Mobile
2244,32136,48,2419,2,2026-02-06,Tablet
2245,32146,29,3766,1,2025-06-02,Desktop
2246,32162,28,1116,6,2025-04-19,Desktop
2247,32188,11,163,3,2024-08-26,Tablet
2248,32196,55,2205,3,2025-07-12,Mobile
2249,32206,27,5355,2,2024-10-25,Desktop
2250,32216,52,3100,1,2025-03-15,Desktop
2251,32229,39,4476,6,2024-12-13,Mobile
2252,32255,36,5922,5,2025-04-04,Desktop
2253,32290,20,3517,6,2025-04-21,Mobile
2254,32297,31,2405,4,2025-01-19,Desktop
2255,32323,19,4812,4,2025-05-02,Tablet
2256,32350,50,2966,1,2025-03-31,Desktop
2257,32352,44,1797,1,2025-01-12,Mobile
2258,32357,4,4152,1,2024-12-12,Mobile
2259,32359,29,5009,1,2025-05-08,Mobile
2260,32371,13,1046,4,2024-09-17,Desktop
2261,32372,8,5886,2,2025-07-28,Tablet
2262,32428,13,4038,4,2024-09-06,Tablet
2263,32431,59,2447,5,2026-04-28,Tablet
2264,32491,9,4222,2,2024-09-03,Desktop
2265,32496,56,1423,5,2024-12-19,Tablet
2266,32509,60,1324,5,2025-04-19,Desktop
2267,32519,43,5221,2,2026-01-29,Tablet
2268,32535,50,5590,1,2025-04-05,Mobile
2269,32545,44,280,1,2025-01-05,Mobile
2270,32551,58,3138,1,2025-05-23,Mobile
2271,32561,55,3957,3,2025-08-09,Mobile
2272,32568,21,1633,3,2026-01-22,Desktop
2273,32592,19,2599,4,2025-04-10,Tablet
2274,32601,44,4085,1,2025-01-13,Mobile
2275,32611,15,2742,6,2026-05-26,Mobile
2276,32637,58,5764,1,2025-05-04,Tablet
2277,32685,9,928,2,2024-09-14,Tablet
2278,32695,14,3581,2,2024-12-04,Desktop
2279,32703,16,1509,6,2025-02-11,Tablet
2280,32727,7,3553,5,2026-05-29,Tablet
2281,32728,47,3395,3,2024-10-15,Desktop
2282,32747,32,4528,3,2024-09-22,Tablet
2283,32780,44,4810,1,2024-12-04,Desktop
2284,32782,15,2726,6,2026-04-24,Tablet
2285,32791,6,238,5,2025-03-04,Mobile
2286,32792,52,4338,1,2025-03-12,Tablet
2287,32816,3,3636,4,2025-12-11,Desktop
2288,32831,60,2778,5,2025-04-16,Desktop
2289,32857,49,3651,5,2025-10-10,Mobile
2290,32878,23,5488,1,2026-01-16,Desktop
2291,32882,52,1491,1,2025-03-22,Mobile
2292,32898,9,3885,2,2024-09-04,Tablet
2293,32911,57,237,2,2024-10-28,Mobile
2294,32922,42,1285,2,2025-01-11,Mobile
2295,32929,38,4100,2,2025-11-16,Mobile
2296,32959,8,1250,2,2025-07-29,Desktop
2297,32960,50,5439,1,2025-03-12,Desktop
2298,32964,5,4592,1,2024-11-07,Desktop
2299,32970,56,3163,5,2024-12-22,Mobile
2300,33011,49,2805,5,2025-09-14,Tablet
2301,33015,52,3883,1,2025-04-05,Tablet
2302,33020,26,3409,3,2025-10-29,Tablet
2303,33041,11,5967,3,2024-09-05,Desktop
2304,33047,48,5431,2,2026-02-03,Mobile
2305,33055,46,4876,4,2025-02-06,Mobile
2306,33059,45,2904,4,2026-05-06,Desktop
2307,33073,3,5641,4,2025-12-14,Tablet
2308,33077,3,4434,4,2025-12-09,Desktop
2309,33095,17,698,2,2024-12-14,Mobile
2310,33096,27,809,2,2024-10-30,Desktop
2311,33101,6,1052,5,2025-01-17,Desktop
2312,33121,25,2677,3,2024-12-18,Tablet
2313,33137,4,126,1,2025-01-11,Desktop
2314,33141,12,5589,1,2024-08-01,Desktop
2315,33153,42,3944,2,2025-01-12,Mobile
2316,33164,40,5061,5,2026-02-22,Mobile
2317,33170,40,1189,5,2026-03-04,Desktop
2318,33203,47,4056,3,2024-10-15,Tablet
2319,33207,3,2089,4,2025-12-08,Mobile
2320,33216,54,2286,1,2025-09-11,Tablet
2321,33220,4,3050,1,2025-01-05,Desktop
2322,33255,40,792,5,2026-02-27,Tablet
2323,33271,6,2806,5,2025-01-25,Mobile
2324,33278,6,4997,5,2025-02-01,Tablet
2325,33314,60,4085,5,2025-04-11,Tablet
2326,33342,49,375,5,2025-09-25,Desktop
2327,33377,18,1646,4,2025-04-21,Desktop
2328,33379,60,926,5,2025-04-17,Tablet
2329,33382,48,5277,2,2026-02-08,Tablet
2330,33408,11,3000,3,2024-09-16,Desktop
2331,33410,36,280,5,2025-04-24,Tablet
2332,33445,28,466,6,2025-04-26,Tablet
2333,33448,13,5613,4,2024-09-13,Mobile
2334,33454,13,4264,4,2024-09-11,Mobile
2335,33461,60,3727,5,2025-04-26,Mobile
2336,33512,13,3200,4,2024-08-30,Desktop
2337,33526,51,1313,6,2025-10-06,Desktop
2338,33554,6,1229,5,2025-01-19,Tablet
2339,33555,4,4846,1,2024-12-28,Mobile
2340,33564,15,4381,6,2026-05-19,Desktop
2341,33578,3,5895,4,2025-12-09,Desktop
2342,33601,47,5008,3,2024-11-07,Mobile
2343,33602,51,1571,6,2025-10-08,Desktop
2344,33616,35,3580,6,2025-06-05,Mobile
2345,33623,14,2751,2,2024-12-01,Mobile
2346,33650,26,1581,3,2025-10-31,Mobile
2347,33656,47,1160,3,2024-10-14,Desktop
2348,33674,53,5581,3,2026-05-09,Desktop
2349,33678,31,5805,4,2025-01-22,Mobile
2350,33692,60,5134,5,2025-04-23,Mobile
2351,33693,54,5846,1,2025-09-16,Tablet
2352,33696,27,3169,2,2024-10-22,Tablet
2353,33724,31,1295,4,2025-01-27,Tablet
2354,33725,19,2586,4,2025-05-28,Desktop
2355,33736,34,1458,3,2025-06-29,Desktop
2356,33744,13,71,4,2024-09-07,Desktop
2357,33766,39,3879,6,2024-11-27,Mobile
2358,33881,22,238,5,2024-10-06,Desktop
2359,33895,52,2700,1,2025-02-25,Mobile
2360,33897,48,4836,2,2026-01-26,Desktop
2361,33900,46,5727,4,2025-01-31,Mobile
2362,33933,5,382,1,2024-10-29,Desktop
2363,33958,60,3999,5,2025-04-09,Tablet
2364,33999,10,2662,1,2026-01-13,Mobile
2365,34009,5,5252,1,2024-11-10,Mobile
2366,34017,39,5990,6,2024-12-14,Mobile
2367,34027,3,3340,4,2025-12-14,Tablet
2368,34032,29,3840,1,2025-05-29,Desktop
2369,34041,48,754,2,2026-02-13,Tablet
2370,34051,26,3990,3,2025-10-28,Mobile
2371,34053,4,3180,1,2024-12-07,Desktop
2372,34059,17,4442,2,2024-12-04,Tablet
2373,34077,8,2558,2,2025-08-08,Mobile
2374,34084,49,183,5,2025-09-19,Mobile
2375,34106,45,332,4,2026-05-09,Desktop
2376,34125,2,2411,1,2024-10-31,Desktop
2377,34140,19,4876,4,2025-05-12,Tablet
2378,34152,39,798,6,2024-12-20,Desktop
2379,34155,44,57,1,2024-12-03,Desktop
2380,34168,6,1554,5,2025-01-30,Mobile
2381,34169,3,2073,4,2025-12-10,Tablet
2382,34199,24,3379,6,2025-11-16,Desktop
2383,34207,1,1349,6,2025-03-27,Tablet
2384,34257,16,3669,6,2025-01-19,Desktop
2385,34269,21,2375,3,2026-01-20,Mobile
2386,34282,12,3292,1,2024-07-26,Tablet
2387,34290,40,4561,5,2026-03-14,Mobile
2388,34307,48,5715,2,2026-01-27,Mobile
2389,34328,32,5674,3,2024-10-14,Tablet
2390,34349,42,1064,2,2024-12-19,Mobile
2391,34353,17,1934,2,2024-12-25,Mobile
2392,34363,13,1152,4,2024-09-09,Tablet
2393,34376,2,3617,1,2024-11-09,Mobile
2394,34413,5,4121,1,2024-10-20,Desktop
2395,34421,20,2752,6,2025-05-19,Mobile
2396,34426,39,5216,6,2024-12-18,Tablet
2397,34444,17,257,2,2025-01-04,Desktop
2398,34449,15,541,6,2026-05-31,Mobile
2399,34458,59,3516,5,2026-05-08,Mobile
2400,34479,24,4698,6,2025-11-13,Desktop
2401,34483,5,4632,1,2024-10-27,Desktop
2402,34490,33,1099,3,2026-02-16,Tablet
2403,34502,53,2182,3,2026-05-14,Mobile
2404,34508,4,4312,1,2024-12-07,Tablet
2405,34512,6,3032,5,2025-02-13,Tablet
2406,34515,25,2945,3,2024-12-24,Tablet
2407,34520,36,1015,5,2025-03-16,Tablet
2408,34525,4,4515,1,2024-12-17,Desktop
2409,34549,2,3046,1,2024-11-22,Mobile
2410,34562,35,4155,6,2025-05-27,Mobile
2411,34576,40,3395,5,2026-02-26,Desktop
2412,34624,11,619,3,2024-08-28,Tablet
2413,34636,14,4247,2,2024-11-18,Tablet
2414,34674,2,1044,1,2024-11-13,Tablet
2415,34728,41,1743,3,2026-01-29,Mobile
2416,34731,46,3915,4,2024-12-26,Tablet
2417,34734,48,5875,2,2026-02-07,Mobile
2418,34744,40,5484,5,2026-03-03,Desktop
2419,34749,58,5835,1,2025-05-22,Tablet
2420,34767,47,4841,3,2024-10-20,Desktop
2421,34770,19,3738,4,2025-05-17,Mobile
2422,34803,33,570,3,2026-01-26,Tablet
2423,34804,29,2643,1,2025-05-20,Mobile
2424,34807,19,4663,4,2025-05-27,Tablet
2425,34812,18,263,4,2025-03-21,Tablet
2426,34851,47,4194,3,2024-10-05,Tablet
2427,34870,38,1544,2,2025-11-10,Desktop
2428,34877,19,2082,4,2025-04-18,Desktop
2429,34892,14,4666,2,2024-11-26,Desktop
2430,34900,43,2833,2,2026-01-16,Tablet
2431,34916,23,3274,1,2026-01-16,Tablet
2432,34921,33,1847,3,2026-02-20,Mobile
2433,34930,9,4486,2,2024-09-04,Desktop
2434,34936,22,1167,5,2024-10-17,Desktop
2435,34938,13,5037,4,2024-09-10,Tablet
2436,34974,59,4774,5,2026-04-22,Mobile
2437,34985,37,5533,5,2025-01-16,Tablet
2438,35041,11,2089,3,2024-08-22,Desktop
2439,35049,28,4047,6,2025-05-12,Mobile
2440,35058,25,3442,3,2024-11-29,Tablet
2441,35061,40,397,5,2026-02-23,Desktop
2442,35080,53,3407,3,2026-05-18,Tablet
2443,35084,58,4423,1,2025-06-02,Mobile
2444,35108,30,4442,6,2024-12-04,Desktop
2445,35116,53,3787,3,2026-05-14,Desktop
2446,35151,47,1359,3,2024-10-08,Mobile
2447,35160,7,4371,5,2026-05-30,Tablet
2448,35176,51,2974,6,2025-09-30,Desktop
2449,35198,54,4755,1,2025-09-25,Desktop
2450,35201,45,3559,4,2026-05-20,Desktop
2451,35206,59,5854,5,2026-05-11,Tablet
2452,35208,22,1836,5,2024-10-31,Tablet
2453,35211,41,2844,3,2026-02-17,Tablet
2454,35244,43,3722,2,2026-01-25,Tablet
2455,35257,9,2216,2,2024-09-08,Desktop
2456,35269,49,4735,5,2025-09-22,Desktop
2457,35281,28,3002,6,2025-05-08,Tablet
2458,35294,43,3433,2,2026-01-22,Mobile
2459,35297,51,392,6,2025-09-29,Desktop
2460,35299,46,4618,4,2024-12-31,Mobile
2461,35307,42,3638,2,2025-01-04,Desktop
2462,35312,57,617,2,2024-11-09,Desktop
2463,35328,18,3023,4,2025-04-10,Tablet
2464,35337,9,3168,2,2024-09-16,Tablet
2465,35342,16,5648,6,2025-01-14,Tablet
2466,35361,31,1535,4,2025-01-17,Tablet
2467,35367,52,5593,1,2025-03-06,Desktop
2468,35372,60,3683,5,2025-04-23,Tablet
2469,35381,14,2507,2,2024-12-12,Tablet
2470,35423,5,5535,1,2024-11-02,Mobile
2471,35434,54,814,1,2025-09-18,Desktop
2472,35438,31,5629,4,2025-01-28,Mobile
2473,35464,42,49,2,2024-12-17,Tablet
2474,35474,13,4196,4,2024-09-03,Desktop
2475,35495,28,4839,6,2025-04-15,Desktop
2476,35505,24,4531,6,2025-10-26,Desktop
2477,35512,48,4183,2,2026-01-26,Desktop
2478,35561,32,2625,3,2024-11-07,Mobile
2479,35579,19,4430,4,2025-04-30,Tablet
2480,35631,10,4064,1,2026-01-14,Desktop
2481,35633,5,1126,1,2024-10-28,Mobile
2482,35645,58,4780,1,2025-05-28,Tablet
2483,35650,59,1592,5,2026-04-19,Mobile
2484,35655,38,4471,2,2025-11-17,Desktop
2485,35672,52,1610,1,2025-04-04,Tablet
2486,35674,46,1646,4,2025-02-01,Mobile
2487,35682,53,4802,3,2026-05-18,Tablet
2488,35707,60,3057,5,2025-04-19,Tablet
2489,35720,38,2810,2,2025-11-22,Desktop
2490,35755,16,62,6,2025-01-15,Tablet
2491,35765,13,1916,4,2024-09-11,Mobile
2492,35775,31,1027,4,2025-01-28,Mobile
2493,35794,37,2256,5,2025-01-08,Mobile
2494,35805,6,3951,5,2025-02-16,Mobile
2495,35809,15,1960,6,2026-04-16,Mobile
2496,35859,9,5792,2,2024-09-15,Tablet
2497,35882,31,4923,4,2025-01-21,Desktop
2498,35895,46,1376,4,2025-01-21,Mobile
2499,35896,7,605,5,2026-05-19,Mobile
2500,35903,21,840,3,2026-01-11,Desktop
2501,35905,14,3090,2,2024-11-29,Tablet
2502,35953,42,4782,2,2024-12-23,Mobile
2503,35972,1,1330,6,2025-04-16,Desktop
2504,35980,30,2711,6,2024-11-29,Desktop
2505,35989,23,3472,1,2026-01-17,Desktop
2506,36015,29,2589,1,2025-05-15,Mobile
2507,36018,42,2050,2,2025-01-13,Mobile
2508,36024,33,1014,3,2026-03-10,Desktop
2509,36026,7,73,5,2026-05-29,Mobile
2510,36059,49,1116,5,2025-10-14,Mobile
2511,36063,24,4281,6,2025-10-20,Tablet
2512,36068,51,5425,6,2025-09-03,Mobile
2513,36069,23,5521,1,2026-01-08,Tablet
2514,36075,51,4740,6,2025-09-28,Mobile
2515,36082,37,4064,5,2025-01-03,Mobile
2516,36094,15,4705,6,2026-05-22,Tablet
2517,36111,15,3013,6,2026-04-26,Desktop
2518,36117,51,5799,6,2025-09-28,Mobile
2519,36149,54,1349,1,2025-09-22,Mobile
2520,36162,45,5998,4,2026-05-30,Desktop
2521,36166,56,4708,5,2024-12-15,Tablet
2522,36195,30,2584,6,2024-11-15,Desktop
2523,36207,44,4768,1,2025-01-03,Mobile
2524,36239,41,2013,3,2026-01-28,Mobile
2525,36245,9,689,2,2024-09-15,Tablet
2526,36301,34,3140,3,2025-06-12,Tablet
2527,36336,3,2449,4,2025-12-15,Desktop
2528,36341,16,1635,6,2025-02-05,Mobile
2529,36345,24,3711,6,2025-10-18,Desktop
2530,36372,48,5512,2,2026-01-29,Desktop
2531,36395,7,5973,5,2026-05-17,Desktop
2532,36396,12,4635,1,2024-07-30,Mobile
2533,36400,37,5800,5,2025-01-20,Mobile
2534,36422,10,1898,1,2025-12-13,Mobile
2535,36424,40,2651,5,2026-02-27,Desktop
2536,36425,9,2722,2,2024-08-28,Desktop
2537,36441,26,4763,3,2025-10-31,Desktop
2538,36453,1,3980,6,2025-04-16,Desktop
2539,36467,12,3780,1,2024-08-02,Mobile
2540,36488,12,574,1,2024-08-03,Tablet
2541,36504,1,5634,6,2025-05-05,Mobile
2542,36512,37,1125,5,2025-01-26,Desktop
2543,36540,43,271,2,2026-01-21,Desktop
2544,36571,16,16,6,2025-01-26,Mobile
2545,36573,52,3759,1,2025-03-18,Tablet
2546,36589,12,274,1,2024-07-26,Desktop
2547,36590,15,1581,6,2026-05-07,Tablet
2548,36600,33,1355,3,2026-02-17,Desktop
2549,36616,29,979,1,2025-05-13,Desktop
2550,36621,52,421,1,2025-03-29,Tablet
2551,36644,6,3139,5,2025-02-09,Mobile
2552,36666,51,3772,6,2025-09-15,Mobile
2553,36670,33,3355,3,2026-03-10,Desktop
2554,36674,15,4266,6,2026-04-30,Mobile
2555,36705,55,1351,3,2025-07-25,Tablet
2556,36716,19,4883,4,2025-04-29,Mobile
2557,36717,54,2326,1,2025-09-21,Mobile
2558,36746,24,893,6,2025-10-25,Mobile
2559,36770,59,1557,5,2026-05-05,Desktop
2560,36775,37,4594,5,2025-01-19,Desktop
2561,36804,29,3734,1,2025-05-26,Mobile
2562,36841,44,2704,1,2025-01-05,Mobile
2563,36849,5,1800,1,2024-10-28,Tablet
2564,36872,29,405,1,2025-04-27,Mobile
2565,36893,50,894,1,2025-04-07,Desktop
2566,36922,13,2196,4,2024-09-07,Mobile
2567,36945,21,3507,3,2026-01-09,Tablet
2568,36948,20,4296,6,2025-05-28,Desktop
2569,36957,56,2623,5,2024-12-18,Mobile
2570,36974,14,1984,2,2024-11-23,Tablet
2571,36980,16,154,6,2025-01-13,Desktop
2572,36987,51,972,6,2025-08-29,Tablet
2573,36992,31,4288,4,2025-01-29,Tablet
2574,36993,4,1554,1,2024-12-13,Mobile
2575,37005,40,5293,5,2026-03-13,Mobile
2576,37008,37,1544,5,2025-01-22,Desktop
2577,37019,10,5441,1,2025-12-22,Desktop
2578,37040,40,860,5,2026-02-23,Desktop
2579,37062,15,2055,6,2026-04-22,Mobile
2580,37064,30,3517,6,2024-11-20,Tablet
2581,37082,17,5814,2,2024-12-20,Mobile
2582,37114,53,5168,3,2026-05-16,Tablet
2583,37118,5,816,1,2024-11-02,Desktop
2584,37122,25,3969,3,2024-12-01,Tablet
2585,37123,58,3554,1,2025-05-24,Tablet
2586,37124,50,481,1,2025-03-08,Mobile
2587,37131,25,31,3,2024-11-20,Desktop
2588,37138,8,869,2,2025-07-23,Mobile
2589,37159,14,338,2,2024-12-04,Tablet
2590,37162,27,4507,2,2024-10-24,Tablet
2591,37174,13,1684,4,2024-09-12,Tablet
2592,37188,54,5034,1,2025-09-18,Desktop
2593,37197,11,2685,3,2024-09-06,Mobile
2594,37210,56,5607,5,2024-12-22,Mobile
2595,37241,4,4346,1,2024-12-28,Mobile
2596,37249,31,4712,4,2025-01-27,Mobile
2597,37297,10,5754,1,2025-12-24,Mobile
2598,37298,59,3664,5,2026-05-01,Mobile
2599,37308,35,4414,6,2025-05-25,Tablet
2600,37315,17,4234,2,2024-12-03,Desktop
2601,37346,44,1568,1,2024-12-27,Mobile
2602,37351,20,5985,6,2025-05-07,Mobile
2603,37359,33,2677,3,2026-02-04,Mobile
2604,37370,23,4389,1,2025-12-30,Tablet
2605,37398,9,2373,2,2024-09-12,Mobile
2606,37416,38,1713,2,2025-11-21,Tablet
2607,37429,14,998,2,2024-11-22,Tablet
2608,37433,46,688,4,2025-02-03,Tablet
2609,37440,17,2771,2,2025-01-01,Mobile
2610,37455,49,4765,5,2025-10-16,Tablet
2611,37459,27,2590,2,2024-10-23,Tablet
2612,37465,51,4585,6,2025-09-02,Tablet
2613,37474,12,2303,1,2024-07-29,Desktop
2614,37477,53,2435,3,2026-05-15,Desktop
2615,37483,40,3417,5,2026-02-24,Desktop
2616,37489,7,2931,5,2026-05-28,Desktop
2617,37494,14,3103,2,2024-11-20,Mobile
2618,37501,46,3964,4,2025-01-29,Mobile
2619,37511,4,5172,1,2024-12-27,Tablet
2620,37531,33,5957,3,2026-01-28,Tablet
2621,37539,16,4111,6,2025-01-26,Tablet
2622,37561,28,4223,6,2025-04-17,Mobile
2623,37575,26,4736,3,2025-10-28,Tablet
2624,37582,47,3346,3,2024-10-22,Mobile
2625,37585,33,2138,3,2026-03-09,Mobile
2626,37604,36,5769,5,2025-05-08,Tablet
2627,37614,17,3371,2,2024-12-13,Mobile
2628,37651,42,1610,2,2024-12-22,Mobile
2629,37662,10,880,1,2026-01-21,Tablet
2630,37670,30,5085,6,2024-11-17,Desktop
2631,37689,8,1928,2,2025-08-09,Desktop
2632,37699,13,5731,4,2024-09-12,Tablet
2633,37722,5,2362,1,2024-10-30,Mobile
2634,37738,12,4641,1,2024-07-28,Desktop
2635,37753,16,2493,6,2025-01-21,Desktop
2636,37756,47,3854,3,2024-10-22,Tablet
2637,37765,5,3065,1,2024-11-14,Desktop
2638,37767,6,5389,5,2025-03-03,Mobile
2639,37768,35,341,6,2025-05-20,Mobile
2640,37782,45,962,4,2026-04-28,Desktop
2641,37792,42,1757,2,2025-01-15,Tablet
2642,37794,22,4797,5,2024-10-27,Tablet
2643,37811,12,2464,1,2024-07-23,Desktop
2644,37828,54,1815,1,2025-09-22,Desktop
2645,37834,52,1869,1,2025-03-10,Desktop
2646,37837,56,5628,5,2024-12-19,Tablet
2647,37838,16,3891,6,2025-03-01,Mobile
2648,37840,12,359,1,2024-08-03,Mobile
2649,37842,28,114,6,2025-04-25,Tablet
2650,37851,15,2490,6,2026-05-18,Desktop
2651,37879,13,1523,4,2024-08-31,Mobile
2652,37884,41,4542,3,2026-01-30,Desktop
2653,37918,29,3908,1,2025-04-07,Mobile
2654,37925,21,4793,3,2026-01-15,Tablet
2655,37961,8,2235,2,2025-08-12,Mobile
2656,37970,26,826,3,2025-11-05,Tablet
2657,37979,32,2614,3,2024-10-29,Mobile
2658,37982,29,848,1,2025-04-26,Mobile
2659,37999,47,3679,3,2024-10-03,Desktop
2660,38000,30,3027,6,2024-11-28,Tablet
2661,38009,39,4064,6,2024-12-15,Mobile
2662,38026,60,3783,5,2025-04-26,Mobile
2663,38035,56,2464,5,2024-12-17,Mobile
2664,38036,47,2074,3,2024-10-16,Mobile
2665,38090,54,2301,1,2025-09-16,Desktop
2666,38109,4,1580,1,2025-01-22,Mobile
2667,38110,24,1280,6,2025-10-29,Desktop
2668,38114,19,4628,4,2025-05-05,Tablet
2669,38131,37,240,5,2025-01-11,Mobile
2670,38137,7,4887,5,2026-05-21,Mobile
2671,38143,2,2737,1,2024-11-22,Tablet
2672,38148,19,4483,4,2025-04-28,Mobile
2673,38162,49,324,5,2025-10-06,Tablet
2674,38163,54,1483,1,2025-09-22,Mobile
2675,38164,26,4103,3,2025-11-03,Desktop
2676,38172,18,514,4,2025-05-01,Tablet
2677,38205,25,3994,3,2024-11-22,Desktop
2678,38213,32,1646,3,2024-10-19,Mobile
2679,38300,9,498,2,2024-08-31,Desktop
2680,38337,44,2230,1,2024-12-11,Tablet
2681,38345,16,2449,6,2025-02-15,Tablet
2682,38363,50,5868,1,2025-03-15,Tablet
2683,38366,54,3974,1,2025-09-09,Mobile
2684,38393,30,2205,6,2024-11-22,Tablet
2685,38403,21,924,3,2026-01-11,Tablet
2686,38407,18,1042,4,2025-04-15,Desktop
2687,38412,42,4582,2,2024-12-15,Mobile
2688,38426,1,764,6,2025-04-22,Mobile
2689,38435,3,1025,4,2025-12-18,Mobile
2690,38454,41,4533,3,2026-02-03,Mobile
2691,38470,50,2068,1,2025-04-10,Tablet
2692,38474,53,4881,3,2026-05-19,Tablet
2693,38475,36,4319,5,2025-03-20,Desktop
2694,38499,5,2115,1,2024-10-23,Desktop
2695,38504,21,1014,3,2026-01-23,Mobile
2696,38522,45,1516,4,2026-06-01,Desktop
2697,38526,8,5553,2,2025-08-01,Mobile
2698,38531,55,1119,3,2025-08-02,Mobile
2699,38532,29,1129,1,2025-04-13,Mobile
2700,38539,25,3024,3,2024-12-09,Mobile
2701,38549,17,4281,2,2024-12-26,Desktop
2702,38616,52,2574,1,2025-03-14,Mobile
2703,38660,30,4679,6,2024-11-28,Mobile
2704,38678,4,2935,1,2024-12-24,Tablet
2705,38688,51,1738,6,2025-09-11,Tablet
2706,38693,30,242,6,2024-11-14,Tablet
2707,38721,35,5994,6,2025-05-26,Mobile
2708,38752,9,72,2,2024-09-15,Mobile
2709,38755,8,4400,2,2025-08-16,Mobile
2710,38768,35,257,6,2025-05-18,Desktop
2711,38780,17,5140,2,2025-01-05,Mobile
2712,38801,15,924,6,2026-04-16,Tablet
2713,38816,37,3665,5,2025-01-15,Tablet
2714,38818,4,5243,1,2025-01-15,Mobile
2715,38819,16,891,6,2025-02-27,Tablet
2716,38836,2,229,1,2024-11-14,Desktop
2717,38849,19,3576,4,2025-04-18,Mobile
2718,38855,21,2487,3,2026-01-09,Tablet
2719,38864,8,2610,2,2025-08-13,Desktop
2720,38873,49,4378,5,2025-10-20,Tablet
2721,38940,40,947,5,2026-02-23,Mobile
2722,38962,6,5465,5,2025-01-21,Desktop
2723,38963,48,4516,2,2026-02-15,Desktop
2724,38977,25,2388,3,2024-12-22,Desktop
2725,39010,53,2349,3,2026-05-11,Desktop
2726,39016,24,4197,6,2025-10-22,Mobile
2727,39023,57,4929,2,2024-10-11,Tablet
2728,39030,24,1615,6,2025-10-24,Mobile
2729,39032,24,3202,6,2025-10-11,Mobile
2730,39049,44,4162,1,2025-01-02,Mobile
2731,39084,20,4442,6,2025-05-29,Desktop
2732,39087,29,4457,1,2025-05-09,Mobile
2733,39106,42,4582,2,2025-01-12,Mobile
2734,39134,24,219,6,2025-11-15,Tablet
2735,39145,18,3448,4,2025-04-18,Desktop
2736,39174,55,73,3,2025-07-20,Mobile
2737,39201,43,4996,2,2026-01-29,Desktop
2738,39203,23,1724,1,2026-01-07,Desktop
2739,39226,12,4970,1,2024-07-25,Mobile
2740,39243,4,5690,1,2024-12-06,Mobile
2741,39245,15,5444,6,2026-05-28,Tablet
2742,39259,50,5210,1,2025-04-02,Tablet
2743,39274,19,4761,4,2025-04-18,Tablet
2744,39284,56,4811,5,2024-12-22,Desktop
2745,39317,34,3766,3,2025-06-21,Mobile
2746,39342,14,555,2,2024-12-15,Mobile
2747,39360,8,5057,2,2025-08-06,Mobile
2748,39368,28,1978,6,2025-04-22,Mobile
2749,39370,52,2588,1,2025-03-25,Mobile
2750,39389,6,1761,5,2025-01-24,Mobile
2751,39391,53,1793,3,2026-05-18,Mobile
2752,39396,1,1361,6,2025-04-02,Mobile
2753,39409,17,4219,2,2024-12-13,Mobile
2754,39411,43,3157,2,2026-01-25,Mobile
2755,39420,47,3409,3,2024-10-20,Tablet
2756,39529,29,3834,1,2025-05-10,Mobile
2757,39547,41,21,3,2026-02-01,Mobile
2758,39552,20,268,6,2025-04-25,Mobile
2759,39571,12,5214,1,2024-08-01,Tablet
2760,39586,52,3593,1,2025-03-10,Desktop
2761,39597,57,4659,2,2024-10-14,Desktop
2762,39619,27,2731,2,2024-10-29,Tablet
2763,39652,20,5427,6,2025-05-22,Desktop
2764,39665,40,5040,5,2026-02-23,Mobile
2765,39677,25,1686,3,2024-12-13,Mobile
2766,39678,9,2823,2,2024-09-11,Desktop
2767,39679,41,628,3,2026-01-24,Mobile
2768,39682,9,3116,2,2024-08-31,Tablet
2769,39689,55,2612,3,2025-08-23,Tablet
2770,39696,40,3135,5,2026-03-06,Mobile
2771,39709,4,655,1,2024-12-18,Mobile
2772,39719,32,1154,3,2024-10-03,Mobile
2773,39739,30,329,6,2024-11-25,Tablet
2774,39763,20,5978,6,2025-04-24,Mobile
2775,39774,7,2191,5,2026-05-23,Tablet
2776,39775,49,5711,5,2025-10-27,Tablet
2777,39787,7,4505,5,2026-05-21,Mobile
2778,39793,42,1046,2,2025-01-09,Mobile
2779,39811,49,1503,5,2025-08-31,Tablet
2780,39827,35,4450,6,2025-06-03,Desktop
2781,39832,9,920,2,2024-09-07,Desktop
2782,39843,44,2772,1,2024-12-14,Tablet
2783,39859,52,3496,1,2025-03-23,Mobile
2784,39864,29,4077,1,2025-04-13,Tablet
2785,39866,15,4599,6,2026-05-07,Tablet
2786,39891,18,1983,4,2025-04-08,Tablet
2787,39896,48,1395,2,2026-01-31,Tablet
2788,39916,46,5321,4,2025-01-28,Tablet
2789,39917,4,5915,1,2024-12-03,Desktop
2790,39921,35,2801,6,2025-05-20,Mobile
2791,39931,45,5034,4,2026-04-11,Desktop
2792,39947,34,5769,3,2025-06-26,Mobile
2793,39954,3,3393,4,2025-12-17,Mobile
2794,39964,53,1491,3,2026-05-23,Mobile
2795,40001,19,1223,4,2025-04-08,Tablet
2796,40007,47,501,3,2024-10-03,Tablet
2797,40028,39,497,6,2024-11-29,Tablet
2798,40037,43,2042,2,2026-01-12,Mobile
2799,40049,34,3279,3,2025-06-23,Desktop
2800,40094,24,137,6,2025-11-14,Tablet
2801,40101,17,597,2,2024-11-28,Desktop
2802,40105,4,4090,1,2024-12-01,Mobile
2803,40107,45,1964,4,2026-04-09,Desktop
2804,40108,40,5759,5,2026-02-23,Desktop
2805,40120,46,112,4,2025-01-02,Tablet
2806,40123,20,5067,6,2025-05-24,Desktop
2807,40124,21,5572,3,2026-01-21,Mobile
2808,40130,48,5506,2,2026-02-03,Tablet
2809,40139,48,2583,2,2026-02-11,Mobile
2810,40146,9,2026,2,2024-09-01,Mobile
2811,40164,22,3098,5,2024-10-25,Tablet
2812,40207,25,395,3,2024-11-30,Tablet
2813,40222,29,2785,1,2025-05-05,Desktop
2814,40241,43,4276,2,2026-01-15,Desktop
2815,40248,45,5577,4,2026-04-05,Tablet
2816,40254,42,2587,2,2024-12-21,Tablet
2817,40259,18,3126,4,2025-05-14,Desktop
2818,40268,36,4981,5,2025-03-26,Desktop
2819,40280,41,3871,3,2026-02-18,Tablet
2820,40283,9,3325,2,2024-09-01,Tablet
2821,40284,14,515,2,2024-11-19,Mobile
2822,40307,44,5662,1,2024-12-07,Desktop
2823,40333,18,4441,4,2025-04-03,Tablet
2824,40340,38,5927,2,2025-11-13,Desktop
2825,40343,26,1927,3,2025-10-28,Desktop
2826,40344,28,3358,6,2025-05-03,Mobile
2827,40358,2,5583,1,2024-11-17,Desktop
2828,40386,16,445,6,2025-02-05,Tablet
2829,40393,51,1737,6,2025-10-03,Mobile
2830,40415,10,3358,1,2025-12-02,Desktop
2831,40433,24,224,6,2025-10-30,Desktop
2832,40454,1,256,6,2025-03-28,Desktop
2833,40464,17,3985,2,2024-12-28,Desktop
2834,40471,30,50,6,2024-11-27,Desktop
2835,40476,24,3765,6,2025-10-18,Tablet
2836,40501,25,1901,3,2024-11-17,Tablet
2837,40523,32,781,3,2024-10-07,Desktop
2838,40533,11,3369,3,2024-08-23,Desktop
2839,40553,6,3285,5,2025-01-14,Mobile
2840,40580,35,1010,6,2025-06-01,Mobile
2841,40583,20,5638,6,2025-05-13,Desktop
2842,40595,6,4275,5,2025-01-31,Tablet
2843,40616,29,2425,1,2025-05-12,Tablet
2844,40619,53,5230,3,2026-05-06,Mobile
2845,40635,32,1030,3,2024-09-17,Desktop
2846,40642,57,4848,2,2024-11-14,Mobile
2847,40644,19,2886,4,2025-05-01,Tablet
2848,40651,12,147,1,2024-07-29,Tablet
2849,40673,31,1108,4,2025-01-28,Tablet
2850,40724,56,1508,5,2024-12-24,Mobile
2851,40755,8,173,2,2025-08-07,Mobile
2852,40760,4,5616,1,2024-12-05,Tablet
2853,40770,31,397,4,2025-01-25,Desktop
2854,40786,6,2014,5,2025-01-27,Tablet
2855,40799,33,4943,3,2026-03-20,Mobile
2856,40826,59,991,5,2026-05-04,Mobile
2857,40842,37,1604,5,2025-01-26,Desktop
2858,40881,42,5595,2,2024-12-14,Tablet
2859,40887,57,5531,2,2024-11-18,Mobile
2860,40889,17,5195,2,2024-12-05,Tablet
2861,40900,42,4160,2,2025-01-12,Desktop
2862,40920,3,2844,4,2025-12-13,Desktop
2863,40949,3,4717,4,2025-12-09,Mobile
2864,40958,41,5461,3,2026-02-16,Tablet
2865,41001,3,5099,4,2025-12-05,Desktop
2866,41013,30,3627,6,2024-11-28,Desktop
2867,41025,14,4260,2,2024-11-16,Desktop
2868,41029,5,1822,1,2024-11-11,Mobile
2869,41039,3,3371,4,2025-12-03,Mobile
2870,41069,39,1009,6,2024-12-17,Mobile
2871,41119,45,194,4,2026-06-02,Tablet
2872,41135,8,4160,2,2025-08-09,Mobile
2873,41149,35,3629,6,2025-05-27,Tablet
2874,41171,13,4795,4,2024-09-13,Desktop
2875,41179,2,3981,1,2024-11-03,Desktop
2876,41182,17,14,2,2025-01-01,Tablet
2877,41191,25,725,3,2024-11-08,Tablet
2878,41201,44,2883,1,2025-01-12,Tablet
2879,41204,42,184,2,2024-12-04,Mobile
2880,41220,12,928,1,2024-07-25,Desktop
2881,41236,49,3747,5,2025-09-09,Tablet
2882,41238,13,2205,4,2024-09-08,Desktop
2883,41287,39,3393,6,2024-12-22,Tablet
2884,41300,56,3065,5,2024-12-17,Mobile
2885,41303,26,5196,3,2025-11-04,Mobile
2886,41305,28,1729,6,2025-05-03,Tablet
2887,41308,59,1529,5,2026-04-25,Tablet
2888,41311,40,3866,5,2026-02-22,Desktop
2889,41313,43,5921,2,2026-01-09,Desktop
2890,41315,36,2916,5,2025-05-03,Desktop
2891,41318,35,3264,6,2025-05-19,Desktop
2892,41324,26,1464,3,2025-10-31,Tablet
2893,41328,47,1405,3,2024-10-07,Mobile
2894,41378,50,1865,1,2025-04-03,Mobile
2895,41421,38,4106,2,2025-11-14,Mobile
2896,41458,16,4630,6,2025-02-13,Tablet
2897,41461,54,2860,1,2025-09-09,Desktop
2898,41462,18,3189,4,2025-04-22,Desktop
2899,41477,44,4086,1,2025-01-14,Mobile
2900,41511,37,2495,5,2025-01-26,Desktop
2901,41517,55,5098,3,2025-07-25,Desktop
2902,41546,34,4217,3,2025-06-26,Mobile
2903,41559,54,3757,1,2025-09-07,Desktop
2904,41564,18,3864,4,2025-05-07,Tablet
2905,41570,22,5988,5,2024-10-17,Desktop
2906,41581,7,2907,5,2026-05-24,Mobile
2907,41587,16,1888,6,2025-01-16,Tablet
2908,41626,54,766,1,2025-09-10,Mobile
2909,41668,22,1864,5,2024-10-31,Tablet
2910,41669,47,715,3,2024-10-12,Mobile
2911,41681,14,3419,2,2024-11-23,Desktop
2912,41692,6,3274,5,2025-02-15,Desktop
2913,41693,28,2716,6,2025-04-18,Mobile
2914,41719,46,1024,4,2025-01-16,Tablet
2915,41727,59,4452,5,2026-04-30,Desktop
2916,41740,54,5845,1,2025-09-05,Desktop
2917,41753,20,216,6,2025-05-12,Mobile
2918,41758,32,1069,3,2024-10-29,Desktop
2919,41759,60,2335,5,2025-04-09,Desktop
2920,41777,26,5621,3,2025-10-27,Mobile
2921,41786,21,417,3,2026-01-12,Tablet
2922,41791,31,2114,4,2025-01-24,Tablet
2923,41815,29,1620,1,2025-05-04,Mobile
2924,41817,45,2479,4,2026-04-26,Tablet
2925,41836,52,1774,1,2025-02-08,Tablet
2926,41867,15,3439,6,2026-04-20,Tablet
2927,41882,47,3548,3,2024-10-31,Mobile
2928,41884,48,948,2,2026-01-28,Tablet
2929,41919,57,2758,2,2024-10-08,Tablet
2930,41920,42,5927,2,2024-12-18,Mobile
2931,41932,26,1668,3,2025-10-26,Tablet
2932,41938,49,3660,5,2025-09-11,Mobile
2933,41944,57,4954,2,2024-10-19,Desktop
2934,41945,2,4369,1,2024-11-25,Mobile
2935,41955,27,1121,2,2024-10-24,Tablet
2936,41968,5,5838,1,2024-10-24,Desktop
2937,41989,60,3225,5,2025-04-28,Desktop
2938,42010,5,1846,1,2024-11-03,Desktop
2939,42014,37,2731,5,2025-01-14,Desktop
2940,42030,34,482,3,2025-06-28,Tablet
2941,42031,40,792,5,2026-03-03,Desktop
2942,42032,33,1293,3,2026-01-31,Mobile
2943,42035,11,4202,3,2024-09-14,Desktop
2944,42044,13,4660,4,2024-09-03,Mobile
2945,42045,44,4244,1,2024-12-07,Mobile
2946,42067,33,4247,3,2026-02-04,Tablet
2947,42070,60,5872,5,2025-04-08,Desktop
2948,42074,20,3481,6,2025-05-17,Mobile
2949,42098,42,3751,2,2025-01-18,Tablet
2950,42099,51,2667,6,2025-10-10,Tablet
2951,42101,59,4963,5,2026-05-03,Tablet
2952,42117,27,2167,2,2024-10-30,Tablet
2953,42127,2,332,1,2024-11-10,Tablet
2954,42131,7,2195,5,2026-05-20,Tablet
2955,42145,16,3335,6,2025-03-04,Desktop
2956,42175,20,3150,6,2025-05-31,Mobile
2957,42182,57,3903,2,2024-11-12,Tablet
2958,42227,33,3960,3,2026-02-06,Desktop
2959,42284,6,5896,5,2025-02-02,Mobile
2960,42285,47,1479,3,2024-11-05,Mobile
2961,42305,52,3134,1,2025-04-04,Desktop
2962,42308,55,2798,3,2025-08-06,Tablet
2963,42311,40,4191,5,2026-03-12,Tablet
2964,42314,19,1217,4,2025-05-07,Desktop
2965,42334,20,2303,6,2025-04-24,Mobile
2966,42338,19,886,4,2025-05-09,Desktop
2967,42351,4,1627,1,2024-12-20,Mobile
2968,42355,35,1993,6,2025-05-25,Mobile
2969,42359,36,1435,5,2025-04-03,Mobile
2970,42365,26,4529,3,2025-11-05,Mobile
2971,42421,41,2695,3,2026-02-19,Desktop
2972,42427,46,1964,4,2025-01-12,Tablet
2973,42443,53,2169,3,2026-05-12,Mobile
2974,42494,57,1962,2,2024-10-30,Desktop
2975,42504,37,1997,5,2025-01-08,Tablet
2976,42512,33,2428,3,2026-02-08,Desktop
2977,42547,52,3179,1,2025-02-21,Tablet
2978,42549,35,4400,6,2025-05-25,Desktop
2979,42565,57,4286,2,2024-10-19,Desktop
2980,42597,21,3965,3,2026-01-16,Mobile
2981,42617,21,4923,3,2026-01-18,Tablet
2982,42643,19,4935,4,2025-04-21,Desktop
2983,42644,43,4947,2,2026-01-21,Mobile
2984,42661,59,4949,5,2026-05-01,Tablet
2985,42681,26,1787,3,2025-11-02,Mobile
2986,42682,27,4423,2,2024-10-23,Mobile
2987,42699,32,1664,3,2024-09-23,Mobile
2988,42703,51,1552,6,2025-10-02,Desktop
2989,42707,5,2235,1,2024-10-27,Desktop
2990,42711,38,986,2,2025-11-21,Mobile
2991,42724,23,5099,1,2025-12-31,Tablet
2992,42727,1,2999,6,2025-04-19,Tablet
2993,42751,53,1028,3,2026-05-16,Tablet
2994,42778,57,163,2,2024-11-22,Desktop
2995,42790,38,5560,2,2025-11-11,Desktop
2996,42817,56,4628,5,2024-12-23,Mobile
2997,42827,42,5285,2,2024-11-27,Tablet
2998,42841,43,3516,2,2026-01-18,Tablet
2999,42850,25,2718,3,2024-12-18,Tablet
3000,42866,47,1305,3,2024-09-30,Desktop
3001,42874,48,4103,2,2026-02-10,Mobile
3002,42875,9,2315,2,2024-09-10,Mobile
3003,42901,58,4721,1,2025-05-12,Mobile
3004,42922,12,1792,1,2024-07-30,Tablet
3005,42930,55,4564,3,2025-07-26,Tablet
3006,42931,20,4352,6,2025-05-06,Desktop
3007,42935,38,5211,2,2025-11-20,Desktop
3008,42939,37,3771,5,2025-01-28,Mobile
3009,42959,50,2132,1,2025-03-21,Desktop
3010,42960,52,2861,1,2025-04-10,Mobile
3011,42963,49,1868,5,2025-09-11,Mobile
3012,42987,59,2293,5,2026-05-03,Tablet
3013,42989,29,4101,1,2025-04-25,Desktop
3014,42992,52,5168,1,2025-03-10,Mobile
3015,43007,14,3520,2,2024-12-14,Mobile
3016,43019,37,1077,5,2025-01-05,Desktop
3017,43053,60,181,5,2025-04-27,Mobile
3018,43057,15,4655,6,2026-05-11,Mobile
3019,43062,60,4753,5,2025-04-28,Tablet
3020,43068,13,3209,4,2024-08-30,Tablet
3021,43074,34,2409,3,2025-06-21,Tablet
3022,43090,48,1581,2,2026-02-02,Tablet
3023,43106,51,1069,6,2025-09-03,Desktop
3024,43109,8,1027,2,2025-07-31,Desktop
3025,43110,28,5662,6,2025-04-27,Desktop
3026,43114,11,4121,3,2024-08-24,Tablet
3027,43120,21,4265,3,2026-01-22,Desktop
3028,43138,30,5829,6,2024-11-20,Tablet
3029,43147,41,4376,3,2026-02-07,Tablet
3030,43222,17,2374,2,2024-12-28,Mobile
3031,43225,44,1035,1,2024-12-01,Mobile
3032,43226,9,3647,2,2024-09-07,Tablet
3033,43247,53,1953,3,2026-05-15,Mobile
3034,43253,41,1681,3,2026-02-06,Desktop
3035,43301,23,3355,1,2025-12-31,Desktop
3036,43308,12,1371,1,2024-08-02,Tablet
3037,43309,34,3385,3,2025-06-20,Desktop
3038,43311,19,2283,4,2025-05-03,Desktop
3039,43323,39,5560,6,2024-12-09,Desktop
3040,43330,54,2733,1,2025-09-26,Mobile
3041,43332,30,5869,6,2024-11-15,Desktop
3042,43340,10,4565,1,2025-12-01,Mobile
3043,43343,3,1012,4,2025-12-08,Mobile
3044,43367,36,735,5,2025-04-20,Tablet
3045,43379,23,792,1,2026-01-13,Desktop
3046,43384,29,5544,1,2025-04-14,Mobile
3047,43406,11,2643,3,2024-09-20,Desktop
3048,43415,14,5206,2,2024-12-12,Desktop
3049,43426,2,5540,1,2024-11-23,Desktop
3050,43456,33,925,3,2026-01-28,Tablet
3051,43468,16,1937,6,2025-02-24,Mobile
3052,43484,18,569,4,2025-04-01,Desktop
3053,43533,55,1571,3,2025-07-16,Tablet
3054,43542,47,4526,3,2024-10-15,Mobile
3055,43557,50,627,1,2025-03-23,Tablet
3056,43558,39,1505,6,2024-11-28,Mobile
3057,43561,25,5836,3,2024-12-11,Mobile
3058,43566,35,5210,6,2025-06-07,Desktop
3059,43573,32,228,3,2024-10-04,Mobile
3060,43593,41,3959,3,2026-01-28,Tablet
3061,43611,2,3365,1,2024-11-18,Tablet
3062,43629,51,1964,6,2025-09-12,Desktop
3063,43653,3,1694,4,2025-12-03,Desktop
3064,43665,36,2024,5,2025-04-22,Desktop
3065,43681,7,4269,5,2026-06-06,Mobile
3066,43691,41,5296,3,2026-02-11,Desktop
3067,43699,27,968,2,2024-11-01,Tablet
3068,43706,23,4619,1,2026-01-08,Desktop
3069,43709,43,3423,2,2026-01-08,Tablet
3070,43716,7,552,5,2026-05-22,Mobile
3071,43720,50,1724,1,2025-03-07,Desktop
3072,43731,21,2364,3,2026-01-19,Mobile
3073,43734,51,4608,6,2025-09-21,Tablet
3074,43788,6,5252,5,2025-02-20,Mobile
3075,43792,11,5848,3,2024-09-28,Tablet
3076,43834,32,5711,3,2024-09-26,Mobile
3077,43845,5,4764,1,2024-11-04,Desktop
3078,43865,36,1020,5,2025-04-17,Tablet
3079,43866,9,4132,2,2024-09-16,Tablet
3080,43928,29,5734,1,2025-05-25,Tablet
3081,43940,12,2388,1,2024-07-24,Mobile
3082,43941,15,1222,6,2026-05-15,Tablet
3083,43944,50,933,1,2025-03-21,Desktop
3084,43979,35,5326,6,2025-05-17,Desktop
3085,43980,43,1447,2,2026-01-25,Desktop
3086,44002,15,5592,6,2026-04-25,Desktop
3087,44006,51,3044,6,2025-09-14,Desktop
3088,44007,38,5325,2,2025-11-16,Desktop
3089,44050,5,1061,1,2024-11-20,Tablet
3090,44057,22,5988,5,2024-11-01,Desktop
3091,44089,7,3893,5,2026-05-25,Desktop
3092,44095,55,1150,3,2025-07-10,Tablet
3093,44113,23,288,1,2026-01-06,Tablet
3094,44115,32,3194,3,2024-10-09,Desktop
3095,44151,18,1901,4,2025-04-20,Mobile
3096,44170,54,4159,1,2025-09-22,Desktop
3097,44179,33,5068,3,2026-01-30,Mobile
3098,44186,22,5575,5,2024-11-03,Tablet
3099,44212,13,2405,4,2024-09-14,Mobile
3100,44228,27,128,2,2024-10-30,Tablet
3101,44263,54,2914,1,2025-09-16,Mobile
3102,44267,13,1616,4,2024-08-30,Tablet
3103,44292,9,3776,2,2024-09-01,Desktop
3104,44299,47,651,3,2024-11-12,Tablet
3105,44313,57,4490,2,2024-11-01,Desktop
3106,44318,37,3120,5,2025-01-01,Desktop
3107,44322,25,5826,3,2024-12-15,Tablet
3108,44332,41,3891,3,2026-02-20,Mobile
3109,44339,3,4493,4,2025-12-06,Tablet
3110,44349,47,4976,3,2024-10-16,Mobile
3111,44354,42,3436,2,2025-01-05,Mobile
3112,44373,60,3958,5,2025-04-20,Mobile
3113,44375,5,5552,1,2024-11-03,Tablet
3114,44382,3,3951,4,2025-12-12,Mobile
3115,44395,42,2723,2,2025-01-19,Tablet
3116,44411,34,1849,3,2025-06-30,Mobile
3117,44417,11,2167,3,2024-09-22,Mobile
3118,44429,8,3399,2,2025-07-18,Mobile
3119,44440,45,552,4,2026-05-27,Mobile
3120,44443,55,4609,3,2025-08-11,Mobile
3121,44448,14,4884,2,2024-11-28,Tablet
3122,44450,11,1787,3,2024-09-19,Desktop
3123,44466,4,5272,1,2024-12-01,Tablet
3124,44468,36,5161,5,2025-04-24,Mobile
3125,44488,47,3162,3,2024-11-11,Mobile
3126,44496,30,1907,6,2024-12-02,Tablet
3127,44528,38,5461,2,2025-11-24,Tablet
3128,44534,40,5871,5,2026-03-14,Desktop
3129,44553,2,5858,1,2024-11-08,Tablet
3130,44558,19,3259,4,2025-06-02,Mobile
3131,44565,30,4253,6,2024-11-22,Mobile
3132,44579,21,4197,3,2026-01-17,Mobile
3133,44599,17,4145,2,2024-12-09,Tablet
3134,44605,4,3301,1,2025-01-12,Tablet
3135,44614,33,1797,3,2026-02-27,Tablet
3136,44615,29,510,1,2025-04-20,Mobile
3137,44641,51,4678,6,2025-08-27,Tablet
3138,44642,48,5870,2,2026-01-28,Mobile
3139,44650,41,379,3,2026-02-20,Mobile
3140,44665,10,5615,1,2025-12-08,Tablet
3141,44670,7,4564,5,2026-05-28,Tablet
3142,44689,30,5875,6,2024-11-27,Desktop
3143,44712,23,1086,1,2026-01-15,Mobile
3144,44720,50,4318,1,2025-04-16,Mobile
3145,44727,21,5057,3,2026-01-09,Desktop
3146,44732,19,5023,4,2025-04-13,Mobile
3147,44737,50,399,1,2025-03-06,Tablet
3148,44740,29,5556,1,2025-05-30,Desktop
3149,44746,11,3107,3,2024-09-11,Desktop
3150,44750,35,1063,6,2025-06-04,Desktop
3151,44787,18,3134,4,2025-03-18,Mobile
3152,44788,41,4824,3,2026-01-25,Desktop
3153,44797,9,5364,2,2024-09-12,Tablet
3154,44807,53,3345,3,2026-05-07,Mobile
3155,44844,2,2221,1,2024-11-23,Desktop
3156,44855,24,153,6,2025-10-23,Tablet
3157,44858,40,5531,5,2026-03-13,Desktop
3158,44859,30,5207,6,2024-11-14,Mobile
3159,44867,13,4932,4,2024-09-05,Desktop
3160,44890,53,3800,3,2026-05-10,Mobile
3161,44898,17,3883,2,2024-11-26,Mobile
3162,44905,11,953,3,2024-09-22,Mobile
3163,44920,56,2990,5,2024-12-13,Tablet
3164,44935,39,2468,6,2024-12-03,Mobile
3165,44943,26,5625,3,2025-11-07,Mobile
3166,44947,52,3792,1,2025-03-28,Desktop
3167,44950,33,2120,3,2026-03-08,Tablet
3168,44964,59,674,5,2026-05-10,Tablet
3169,44977,36,5348,5,2025-05-05,Tablet
3170,44990,57,3778,2,2024-10-08,Mobile
3171,44992,59,5195,5,2026-04-19,Tablet
3172,44998,31,4111,4,2025-01-18,Mobile
3173,45028,60,2887,5,2025-04-09,Desktop
3174,45031,40,726,5,2026-03-12,Desktop
3175,45034,13,241,4,2024-09-13,Desktop
3176,45040,32,3738,3,2024-11-06,Tablet
3177,45043,30,3693,6,2024-11-18,Mobile
3178,45064,9,644,2,2024-08-28,Mobile
3179,45066,22,605,5,2024-10-26,Mobile
3180,45071,34,2021,3,2025-06-19,Tablet
3181,45072,20,5736,6,2025-05-02,Mobile
3182,45106,35,5378,6,2025-06-06,Mobile
3183,45117,41,3447,3,2026-01-26,Desktop
3184,45129,4,614,1,2024-12-27,Mobile
3185,45137,5,2565,1,2024-11-01,Tablet
3186,45155,59,2929,5,2026-05-07,Desktop
3187,45163,43,3103,2,2026-01-19,Tablet
3188,45167,56,902,5,2024-12-22,Desktop
3189,45170,6,3950,5,2025-01-16,Tablet
3190,45188,27,3379,2,2024-10-28,Tablet
3191,45194,30,2504,6,2024-11-16,Tablet
3192,45233,48,234,2,2026-02-07,Mobile
3193,45250,27,5736,2,2024-11-02,Desktop
3194,45271,50,3341,1,2025-03-16,Desktop
3195,45275,48,774,2,2026-02-09,Tablet
3196,45285,21,194,3,2026-01-14,Mobile
3197,45297,2,225,1,2024-10-26,Mobile
3198,45300,17,3158,2,2025-01-06,Tablet
3199,45310,45,2936,4,2026-04-09,Mobile
3200,45323,60,830,5,2025-04-14,Tablet
3201,45327,30,1194,6,2024-11-19,Mobile
3202,45333,9,3691,2,2024-09-02,Desktop
3203,45337,57,3537,2,2024-11-12,Mobile
3204,45357,34,3960,3,2025-06-19,Mobile
3205,45362,45,5419,4,2026-05-02,Mobile
3206,45379,41,5828,3,2026-02-21,Mobile
3207,45385,1,4866,6,2025-04-20,Desktop
3208,45387,56,890,5,2024-12-17,Tablet
3209,45404,33,4870,3,2026-03-19,Desktop
3210,45420,2,3393,1,2024-10-27,Desktop
3211,45430,5,804,1,2024-11-09,Desktop
3212,45443,31,5255,4,2025-01-28,Tablet
3213,45471,1,2577,6,2025-04-21,Desktop
3214,45478,46,691,4,2025-02-02,Desktop
3215,45493,39,1396,6,2024-12-10,Tablet
3216,45496,40,1136,5,2026-03-05,Tablet
3217,45525,29,343,1,2025-06-05,Tablet
3218,45536,12,892,1,2024-07-30,Desktop
3219,45558,42,17,2,2025-01-11,Desktop
3220,45560,5,3183,1,2024-11-07,Tablet
3221,45590,42,4336,2,2024-11-25,Mobile
3222,45593,26,5552,3,2025-11-03,Desktop
3223,45625,54,275,1,2025-09-25,Desktop
3224,45644,56,310,5,2024-12-23,Desktop
3225,45646,44,1127,1,2024-12-20,Tablet
3226,45647,59,2653,5,2026-04-27,Desktop
3227,45689,19,1461,4,2025-04-14,Desktop
3228,45740,35,1160,6,2025-06-03,Tablet
3229,45742,16,2630,6,2025-01-15,Tablet
3230,45761,58,2817,1,2025-06-01,Tablet
3231,45782,27,5861,2,2024-10-24,Tablet
3232,45791,16,3506,6,2025-03-04,Desktop
3233,45818,22,867,5,2024-11-05,Desktop
3234,45826,36,5455,5,2025-03-18,Tablet
3235,45833,16,1104,6,2025-01-13,Desktop
3236,45849,53,5599,3,2026-05-15,Mobile
3237,45914,19,3956,4,2025-05-08,Desktop
3238,45933,52,5091,1,2025-03-25,Desktop
3239,45936,5,1856,1,2024-10-29,Desktop
3240,45947,13,1642,4,2024-09-18,Desktop
3241,46050,50,1616,1,2025-04-22,Mobile
3242,46089,27,5091,2,2024-10-28,Tablet
3243,46105,51,1361,6,2025-08-27,Desktop
3244,46148,38,2979,2,2025-11-08,Mobile
3245,46190,18,3112,4,2025-05-16,Tablet
3246,46197,12,1284,1,2024-07-29,Mobile
3247,46252,36,5697,5,2025-04-06,Tablet
3248,46275,25,3046,3,2024-12-07,Tablet
3249,46285,54,1942,1,2025-09-06,Tablet
3250,46300,41,3581,3,2026-01-23,Desktop
3251,46303,58,1205,1,2025-05-07,Mobile
3252,46313,14,1840,2,2024-12-12,Mobile
3253,46320,44,5592,1,2025-01-13,Desktop
3254,46332,23,810,1,2026-01-02,Tablet
3255,46341,15,317,6,2026-04-15,Tablet
3256,46350,49,2801,5,2025-08-30,Mobile
3257,46365,21,4753,3,2026-01-18,Desktop
3258,46418,1,2905,6,2025-04-15,Desktop
3259,46448,45,31,4,2026-04-02,Tablet
3260,46463,21,2426,3,2026-01-19,Mobile
3261,46470,36,2618,5,2025-04-01,Tablet
3262,46493,7,5662,5,2026-05-23,Tablet
3263,46516,11,1974,3,2024-08-22,Desktop
3264,46526,20,5662,6,2025-04-25,Desktop
3265,46558,35,3302,6,2025-05-18,Mobile
3266,46562,60,552,5,2025-04-13,Mobile
3267,46566,28,3638,6,2025-04-13,Mobile
3268,46603,40,1582,5,2026-02-21,Tablet
3269,46610,16,2230,6,2025-02-07,Tablet
3270,46620,44,5140,1,2024-12-26,Tablet
3271,46637,58,731,1,2025-05-28,Tablet
3272,46653,53,5454,3,2026-05-21,Desktop
3273,46657,14,5400,2,2024-11-15,Mobile
3274,46659,37,1064,5,2025-01-24,Tablet
3275,46660,52,1449,1,2025-02-28,Mobile
3276,46692,18,2718,4,2025-05-04,Desktop
3277,46738,4,3417,1,2025-02-01,Tablet
3278,46748,12,3764,1,2024-08-01,Mobile
3279,46763,32,2789,3,2024-09-27,Tablet
3280,46767,25,510,3,2024-12-23,Tablet
3281,46780,18,3693,4,2025-05-04,Mobile
3282,46795,53,1403,3,2026-05-19,Tablet
3283,46806,22,5613,5,2024-10-15,Desktop
3284,46820,19,258,4,2025-04-15,Desktop
3285,46826,2,5419,1,2024-11-25,Desktop
3286,46827,45,4135,4,2026-05-08,Desktop
3287,46834,28,2210,6,2025-05-06,Tablet
3288,46842,49,1092,5,2025-10-11,Tablet
3289,46845,4,4106,1,2024-12-25,Tablet
3290,46854,22,4286,5,2024-10-18,Desktop
3291,46887,5,5253,1,2024-10-28,Tablet
3292,46951,23,5835,1,2026-01-19,Tablet
3293,46957,60,5749,5,2025-04-30,Mobile
3294,46969,52,940,1,2025-02-16,Tablet
3295,46972,8,1164,2,2025-08-13,Tablet
3296,46977,15,5180,6,2026-05-16,Desktop
3297,46980,24,4184,6,2025-11-10,Mobile
3298,46988,44,3192,1,2025-01-11,Tablet
3299,46989,33,225,3,2026-03-17,Desktop
3300,46990,48,4638,2,2026-02-13,Desktop
3301,46991,55,5761,3,2025-07-28,Tablet
3302,46999,1,858,6,2025-03-30,Tablet
3303,47032,39,427,6,2024-12-23,Desktop
3304,47034,56,960,5,2024-12-21,Desktop
3305,47043,55,2671,3,2025-07-24,Desktop
3306,47072,16,2160,6,2025-01-18,Tablet
3307,47102,51,657,6,2025-10-05,Mobile
3308,47109,58,5859,1,2025-05-29,Tablet
3309,47139,30,3008,6,2024-11-27,Desktop
3310,47141,33,3346,3,2026-02-06,Desktop
3311,47146,24,4111,6,2025-10-17,Desktop
3312,47153,59,3910,5,2026-04-26,Desktop
3313,47173,18,3987,4,2025-03-25,Tablet
3314,47179,6,1986,5,2025-03-04,Mobile
3315,47198,31,1895,4,2025-01-26,Tablet
3316,47204,35,1924,6,2025-06-03,Mobile
3317,47221,45,5386,4,2026-04-13,Desktop
3318,47224,59,2918,5,2026-05-11,Desktop
3319,47237,10,1373,1,2026-01-09,Desktop
3320,47251,30,1642,6,2024-11-18,Mobile
3321,47256,43,3097,2,2026-01-18,Tablet
3322,47297,34,5882,3,2025-06-16,Mobile
3323,47298,18,3835,4,2025-04-25,Desktop
3324,47335,50,3561,1,2025-04-12,Mobile
3325,47343,41,1836,3,2026-02-13,Desktop
3326,47361,6,994,5,2025-02-20,Desktop
3327,47362,18,1345,4,2025-04-09,Tablet
3328,47376,17,971,2,2024-11-27,Tablet
3329,47390,46,758,4,2025-01-31,Tablet
3330,47394,35,5754,6,2025-05-28,Desktop
3331,47459,5,5871,1,2024-11-10,Mobile
3332,47470,55,2847,3,2025-08-17,Desktop
3333,47483,36,59,5,2025-03-27,Tablet
3334,47507,2,4515,1,2024-10-30,Desktop
3335,47512,41,4605,3,2026-02-11,Mobile
3336,47519,35,248,6,2025-05-26,Mobile
3337,47528,21,4788,3,2026-01-15,Tablet
3338,47537,25,231,3,2024-12-02,Mobile
3339,47547,45,2832,4,2026-05-21,Desktop
3340,47549,9,4678,2,2024-09-16,Mobile
3341,47550,56,3235,5,2024-12-12,Mobile
3342,47554,48,2446,2,2026-01-29,Desktop
3343,47581,18,604,4,2025-05-11,Desktop
3344,47587,26,839,3,2025-10-31,Tablet
3345,47637,40,209,5,2026-03-10,Mobile
3346,47663,27,1470,2,2024-10-21,Tablet
3347,47727,59,4807,5,2026-05-10,Mobile
3348,47730,37,1358,5,2025-01-08,Mobile
3349,47755,35,3097,6,2025-05-31,Mobile
3350,47757,28,1568,6,2025-04-19,Desktop
3351,47760,15,3140,6,2026-05-21,Tablet
3352,47794,22,5792,5,2024-10-29,Mobile
3353,47801,2,2924,1,2024-11-14,Mobile
3354,47804,23,797,1,2026-01-13,Mobile
3355,47809,53,3740,3,2026-05-17,Mobile
3356,47843,14,3773,2,2024-11-26,Tablet
3357,47847,53,2971,3,2026-05-19,Desktop
3358,47851,38,1749,2,2025-11-19,Mobile
3359,47859,29,2857,1,2025-05-11,Tablet
3360,47876,52,5406,1,2025-02-13,Mobile
3361,47880,56,2673,5,2024-12-19,Tablet
3362,47912,58,1468,1,2025-05-06,Mobile
3363,47930,10,413,1,2025-12-11,Desktop
3364,47934,51,3157,6,2025-09-07,Tablet
3365,47944,6,253,5,2025-01-27,Desktop
3366,47946,5,5377,1,2024-11-05,Desktop
3367,47955,39,1124,6,2024-12-14,Desktop
3368,47981,27,1809,2,2024-10-23,Tablet
3369,47985,37,2348,5,2025-01-16,Mobile
3370,48048,5,5760,1,2024-11-10,Tablet
3371,48051,50,1594,1,2025-04-20,Tablet
3372,48060,25,270,3,2024-12-20,Mobile
3373,48064,54,5994,1,2025-09-16,Tablet
3374,48066,11,3999,3,2024-09-19,Desktop
3375,48068,19,1963,4,2025-05-27,Desktop
3376,48087,8,2149,2,2025-07-30,Desktop
3377,48104,39,2479,6,2024-11-30,Mobile
3378,48114,41,3462,3,2026-02-22,Mobile
3379,48115,45,3039,4,2026-05-27,Desktop
3380,48140,27,4613,2,2024-10-24,Mobile
3381,48149,39,2477,6,2024-12-20,Mobile
3382,48195,27,5400,2,2024-11-03,Tablet
3383,48198,35,357,6,2025-05-30,Mobile
3384,48212,55,1681,3,2025-08-13,Tablet
3385,48225,13,1714,4,2024-09-02,Mobile
3386,48235,12,758,1,2024-07-26,Mobile
3387,48240,41,256,3,2026-01-27,Mobile
3388,48268,27,1780,2,2024-10-26,Mobile
3389,48274,42,3002,2,2024-12-26,Desktop
3390,48289,59,662,5,2026-04-22,Mobile
3391,48298,35,5794,6,2025-05-27,Desktop
3392,48309,51,121,6,2025-09-22,Mobile
3393,48327,32,4194,3,2024-10-02,Mobile
3394,48332,51,5418,6,2025-09-03,Mobile
3395,48337,33,1945,3,2026-02-11,Desktop
3396,48339,28,72,6,2025-04-21,Desktop
3397,48392,33,4000,3,2026-03-16,Tablet
3398,48398,44,4797,1,2024-12-19,Tablet
3399,48417,45,2139,4,2026-05-09,Tablet
3400,48424,34,1153,3,2025-06-29,Desktop
3401,48430,29,5486,1,2025-06-01,Desktop
3402,48440,8,103,2,2025-08-17,Mobile
3403,48444,7,2624,5,2026-05-16,Mobile
3404,48459,49,3896,5,2025-08-31,Mobile
3405,48461,4,1927,1,2024-12-13,Mobile
3406,48472,15,5018,6,2026-05-22,Mobile
3407,48579,45,567,4,2026-05-29,Desktop
3408,48581,39,1979,6,2024-12-08,Desktop
3409,48594,26,4140,3,2025-10-30,Tablet
3410,48665,51,674,6,2025-08-28,Tablet
3411,48671,41,2500,3,2026-02-17,Desktop
3412,48710,37,488,5,2025-01-28,Desktop
3413,48716,1,4980,6,2025-04-03,Desktop
3414,48717,4,3801,1,2024-12-12,Desktop
3415,48743,36,2389,5,2025-05-01,Mobile
3416,48747,26,5359,3,2025-10-30,Tablet
3417,48748,49,5956,5,2025-10-04,Desktop
3418,48750,54,4594,1,2025-09-07,Desktop
3419,48754,13,3973,4,2024-09-11,Desktop
3420,48758,19,5487,4,2025-04-11,Desktop
3421,48774,31,5064,4,2025-01-26,Tablet
3422,48775,15,3903,6,2026-05-20,Desktop
3423,48780,24,5325,6,2025-10-23,Desktop
3424,48795,56,3602,5,2024-12-19,Tablet
3425,48836,11,754,3,2024-09-11,Tablet
3426,48844,11,828,3,2024-09-03,Tablet
3427,48895,19,5797,4,2025-04-13,Mobile
3428,48903,43,2962,2,2026-01-21,Mobile
3429,48906,19,3035,4,2025-04-07,Desktop
3430,48915,55,3344,3,2025-07-18,Mobile
3431,48921,33,1788,3,2026-02-23,Mobile
3432,48993,14,5319,2,2024-11-21,Desktop
3433,49005,34,3193,3,2025-06-16,Tablet
3434,49029,49,3674,5,2025-10-19,Mobile
3435,49034,54,4179,1,2025-09-11,Mobile
3436,49035,48,5200,2,2026-02-03,Mobile
3437,49061,35,3192,6,2025-05-23,Desktop
3438,49067,46,1704,4,2025-01-28,Tablet
3439,49069,52,4449,1,2025-02-13,Tablet
3440,49070,33,1720,3,2026-01-30,Desktop
3441,49082,54,5726,1,2025-09-24,Desktop
3442,49102,50,2262,1,2025-04-04,Mobile
3443,49129,40,911,5,2026-03-08,Desktop
3444,49138,25,3833,3,2024-12-24,Mobile
3445,49141,35,5088,6,2025-05-22,Mobile
3446,49150,10,3706,1,2025-11-26,Tablet
3447,49152,54,924,1,2025-09-18,Mobile
3448,49155,60,3009,5,2025-04-21,Tablet
3449,49157,39,2485,6,2024-12-12,Tablet
3450,49160,43,2098,2,2026-01-31,Tablet
3451,49168,36,3589,5,2025-03-27,Mobile
3452,49188,28,422,6,2025-04-23,Desktop
3453,49196,43,804,2,2026-01-21,Tablet
3454,49207,19,3496,4,2025-04-15,Desktop
3455,49216,38,3930,2,2025-11-17,Mobile
3456,49233,54,1210,1,2025-09-15,Mobile
3457,49242,43,3104,2,2026-01-30,Desktop
3458,49270,42,2670,2,2024-12-21,Desktop
3459,49275,4,3908,1,2024-12-05,Mobile
3460,49299,17,2082,2,2024-12-09,Desktop
3461,49320,33,602,3,2026-02-26,Mobile
3462,49342,22,2668,5,2024-10-29,Desktop
3463,49365,16,3001,6,2025-02-18,Tablet
3464,49387,28,5324,6,2025-05-07,Desktop
3465,49398,17,773,2,2024-12-31,Mobile
3466,49399,8,4044,2,2025-08-16,Desktop
3467,49439,46,5021,4,2025-02-04,Desktop
3468,49455,22,1192,5,2024-10-09,Mobile
3469,49457,29,1867,1,2025-05-01,Tablet
3470,49465,47,150,3,2024-10-03,Mobile
3471,49469,18,3451,4,2025-04-20,Tablet
3472,49514,10,2406,1,2025-12-30,Mobile
3473,49546,10,5579,1,2025-12-24,Tablet
3474,49554,13,4461,4,2024-09-17,Tablet
3475,49560,60,5302,5,2025-04-09,Tablet
3476,49578,18,756,4,2025-05-04,Desktop
3477,49580,52,4004,1,2025-02-20,Desktop
3478,49593,6,3821,5,2025-01-19,Mobile
3479,49594,37,5514,5,2025-01-27,Mobile
3480,49610,56,3937,5,2024-12-20,Desktop
3481,49637,44,2601,1,2025-01-11,Mobile
3482,49642,31,5234,4,2025-01-31,Tablet
3483,49649,4,5199,1,2025-01-10,Mobile
3484,49653,7,3255,5,2026-06-04,Desktop
3485,49656,29,2940,1,2025-06-01,Tablet
3486,49660,52,5632,1,2025-03-02,Mobile
3487,49670,34,5117,3,2025-06-18,Mobile
3488,49674,45,3005,4,2026-04-06,Tablet
3489,49679,3,3270,4,2025-12-16,Mobile
3490,49684,47,181,3,2024-10-14,Tablet
3491,49714,33,2388,3,2026-03-04,Mobile
3492,49718,44,1330,1,2024-12-07,Mobile
3493,49762,28,2694,6,2025-04-25,Mobile
3494,49776,10,2032,1,2025-11-29,Tablet
3495,49778,13,4963,4,2024-09-14,Tablet
3496,49800,11,1944,3,2024-08-22,Desktop
3497,49809,52,200,1,2025-03-04,Mobile
3498,49810,8,27,2,2025-08-09,Mobile
3499,49846,21,3895,3,2026-01-20,Mobile
3500,49848,31,1322,4,2025-01-17,Mobile
3501,49965,30,3267,6,2024-11-14,Tablet
3502,49995,13,4977,4,2024-08-28,Desktop
3503,50001,58,2095,1,2025-05-02,Desktop
3504,50027,32,4771,3,2024-09-11,Desktop
3505,50084,40,5102,5,2026-02-26,Mobile
3506,50134,38,5346,2,2025-11-11,Mobile
3507,50145,13,533,4,2024-09-02,Desktop
3508,50155,49,4336,5,2025-10-04,Desktop
3509,50176,6,4097,5,2025-03-08,Tablet
3510,50203,53,3076,3,2026-05-07,Desktop
3511,50209,3,11,4,2025-12-10,Desktop
3512,50216,57,4204,2,2024-11-12,Mobile
3513,50220,4,4386,1,2025-01-21,Tablet
3514,50223,20,792,6,2025-05-29,Tablet
3515,50243,53,2373,3,2026-05-04,Desktop
3516,50244,60,1426,5,2025-04-11,Tablet
3517,50256,30,5220,6,2024-11-21,Desktop
3518,50270,21,5000,3,2026-01-13,Desktop
3519,50279,5,5253,1,2024-10-25,Mobile
3520,50291,13,4299,4,2024-09-14,Mobile
3521,50303,59,2244,5,2026-05-06,Mobile
3522,50374,52,4105,1,2025-02-26,Mobile
3523,50388,36,4949,5,2025-04-15,Mobile
3524,50392,6,1865,5,2025-02-24,Mobile
3525,50425,37,2189,5,2025-01-06,Mobile
3526,50427,30,5794,6,2024-11-20,Mobile
3527,50445,21,1116,3,2026-01-19,Tablet
3528,50488,48,863,2,2026-02-04,Desktop
3529,50494,32,1437,3,2024-09-26,Tablet
3530,50537,15,1918,6,2026-04-14,Tablet
3531,50543,1,2335,6,2025-04-02,Mobile
3532,50549,47,215,3,2024-10-26,Desktop
3533,50550,59,4839,5,2026-04-29,Mobile
3534,50552,21,2670,3,2026-01-19,Desktop
3535,50572,19,2935,4,2025-05-04,Mobile
3536,50573,49,1780,5,2025-09-28,Tablet
3537,50591,35,5311,6,2025-05-18,Desktop
3538,50592,7,5232,5,2026-05-23,Mobile
3539,50600,42,998,2,2025-01-08,Mobile
3540,50611,27,5439,2,2024-11-02,Mobile
3541,50612,50,1968,1,2025-03-26,Mobile
3542,50640,52,147,1,2025-03-10,Tablet
3543,50645,6,2304,5,2025-02-05,Desktop
3544,50657,41,5548,3,2026-01-29,Desktop
3545,50672,1,2770,6,2025-04-11,Desktop
3546,50717,28,4704,6,2025-05-01,Desktop
3547,50722,40,4236,5,2026-03-04,Tablet
3548,50734,3,3802,4,2025-12-15,Desktop
3549,50735,25,5486,3,2024-12-11,Desktop
3550,50736,19,5441,4,2025-04-18,Desktop
3551,50818,16,4304,6,2025-03-13,Mobile
3552,50828,52,3345,1,2025-03-18,Tablet
3553,50839,5,3673,1,2024-11-03,Mobile
3554,50847,47,2761,3,2024-10-01,Mobile
3555,50861,48,133,2,2026-02-10,Tablet
3556,50863,52,1880,1,2025-04-05,Mobile
3557,50866,32,5810,3,2024-10-08,Desktop
3558,50876,1,3495,6,2025-04-03,Tablet
3559,50878,37,4005,5,2025-01-28,Desktop
3560,50894,55,1447,3,2025-08-16,Desktop
3561,50931,40,5663,5,2026-03-09,Desktop
3562,50968,13,5232,4,2024-09-08,Mobile
3563,50979,52,36,1,2025-04-08,Tablet
3564,50987,42,1789,2,2025-01-01,Desktop
3565,50996,35,5410,6,2025-05-26,Mobile
3566,50997,43,3111,2,2026-01-18,Desktop
3567,51003,38,224,2,2025-11-13,Tablet
3568,51020,38,4951,2,2025-11-23,Desktop
3569,51024,53,928,3,2026-05-25,Mobile
3570,51042,7,5531,5,2026-06-04,Desktop
3571,51059,21,1724,3,2026-01-13,Desktop
3572,51069,48,3409,2,2026-02-06,Tablet
3573,51079,28,5761,6,2025-05-12,Tablet
3574,51132,23,999,1,2026-01-14,Tablet
3575,51138,57,5989,2,2024-10-31,Desktop
3576,51149,9,4750,2,2024-09-11,Mobile
3577,51155,12,1424,1,2024-08-06,Tablet
3578,51166,10,3209,1,2026-01-08,Desktop
3579,51180,59,5635,5,2026-04-24,Tablet
3580,51195,21,5585,3,2026-01-22,Tablet
3581,51209,35,850,6,2025-06-01,Tablet
3582,51261,2,3611,1,2024-11-02,Desktop
3583,51334,3,3786,4,2025-12-11,Desktop
3584,51339,39,3485,6,2024-11-30,Tablet
3585,51379,33,1970,3,2026-03-13,Tablet
3586,51409,28,5681,6,2025-05-12,Mobile
3587,51450,21,2514,3,2026-01-22,Tablet
3588,51463,9,2895,2,2024-09-07,Tablet
3589,51512,2,2788,1,2024-11-03,Tablet
3590,51519,19,4361,4,2025-04-07,Desktop
3591,51532,1,208,6,2025-04-20,Tablet
3592,51542,51,3765,6,2025-09-02,Mobile
3593,51543,7,5804,5,2026-06-04,Tablet
3594,51545,33,284,3,2026-02-11,Mobile
3595,51553,20,3291,6,2025-05-05,Mobile
3596,51581,53,5587,3,2026-05-23,Desktop
3597,51613,42,516,2,2025-01-18,Tablet
3598,51685,23,4342,1,2025-12-29,Desktop
3599,51689,21,3650,3,2026-01-21,Desktop
3600,51693,38,530,2,2025-11-24,Tablet
3601,51715,26,5690,3,2025-10-31,Desktop
3602,51725,8,5091,2,2025-08-08,Tablet
3603,51736,58,3969,1,2025-05-08,Tablet
3604,51741,12,4364,1,2024-08-03,Tablet
3605,51794,3,842,4,2025-12-11,Tablet
3606,51804,22,2601,5,2024-10-15,Desktop
3607,51808,32,5272,3,2024-09-19,Mobile
3608,51825,50,2446,1,2025-03-27,Tablet
3609,51826,51,4799,6,2025-09-25,Desktop
3610,51856,43,5233,2,2026-01-13,Desktop
3611,51859,28,2978,6,2025-05-01,Mobile
3612,51871,38,243,2,2025-11-14,Tablet
3613,51878,23,5761,1,2026-01-18,Mobile
3614,51899,48,1219,2,2026-02-11,Tablet
3615,51908,37,2473,5,2025-01-29,Tablet
3616,51922,52,5679,1,2025-03-19,Desktop
3617,51924,41,3010,3,2026-01-28,Mobile
3618,51932,4,2262,1,2024-12-19,Tablet
3619,51936,17,5157,2,2025-01-07,Desktop
3620,51944,32,3294,3,2024-10-24,Desktop
3621,51952,6,1664,5,2025-02-08,Tablet
3622,51953,42,2853,2,2024-12-08,Tablet
3623,51957,59,2796,5,2026-05-04,Desktop
3624,51967,14,1213,2,2024-11-17,Desktop
3625,51974,24,2051,6,2025-10-03,Tablet
3626,51977,42,2064,2,2025-01-02,Mobile
3627,52012,10,3680,1,2026-01-02,Desktop
3628,52019,21,5061,3,2026-01-23,Tablet
3629,52025,27,3965,2,2024-10-25,Tablet
3630,52049,24,1542,6,2025-10-17,Mobile
3631,52053,16,2163,6,2025-02-05,Desktop
3632,52077,13,5792,4,2024-09-07,Mobile
3633,52101,41,5425,3,2026-02-04,Tablet
3634,52137,59,5522,5,2026-05-09,Mobile
3635,52138,17,3138,2,2024-12-28,Mobile
3636,52158,7,1072,5,2026-05-20,Tablet
3637,52185,33,3951,3,2026-02-24,Mobile
3638,52187,23,1454,1,2026-01-16,Mobile
3639,52194,43,1696,2,2026-01-16,Tablet
3640,52200,14,3172,2,2024-12-04,Desktop
3641,52208,5,483,1,2024-11-20,Desktop
3642,52248,24,1846,6,2025-10-30,Tablet
3643,52266,37,1317,5,2025-01-25,Desktop
3644,52280,49,3993,5,2025-09-21,Desktop
3645,52290,42,1347,2,2024-12-28,Tablet
3646,52312,5,5881,1,2024-11-04,Mobile
3647,52319,23,356,1,2026-01-05,Tablet
3648,52320,20,4130,6,2025-05-03,Desktop
3649,52329,37,781,5,2025-01-18,Mobile
3650,52363,30,5102,6,2024-11-21,Desktop
3651,52366,40,578,5,2026-03-13,Desktop
3652,52413,13,69,4,2024-09-16,Mobile
3653,52428,47,13,3,2024-11-08,Mobile
3654,52439,19,2543,4,2025-04-18,Desktop
3655,52472,9,1150,2,2024-09-06,Desktop
3656,52488,18,4065,4,2025-05-03,Tablet
3657,52494,24,4265,6,2025-10-06,Mobile
3658,52500,48,2619,2,2026-01-31,Desktop
3659,52501,16,2479,6,2025-01-22,Mobile
3660,52543,46,1547,4,2024-12-29,Mobile
3661,52590,46,4209,4,2025-01-19,Desktop
3662,52592,35,22,6,2025-05-21,Desktop
3663,52626,11,5336,3,2024-09-18,Tablet
3664,52638,23,4122,1,2026-01-08,Tablet
3665,52651,36,108,5,2025-04-27,Mobile
3666,52652,13,5253,4,2024-09-09,Tablet
3667,52669,12,2763,1,2024-07-29,Desktop
3668,52686,20,2027,6,2025-04-30,Desktop
3669,52722,9,5614,2,2024-09-15,Tablet
3670,52728,49,2044,5,2025-09-04,Tablet
3671,52729,44,5425,1,2025-01-04,Desktop
3672,52732,60,44,5,2025-04-23,Tablet
3673,52733,26,143,3,2025-11-02,Tablet
3674,52741,42,4821,2,2024-12-16,Tablet
3675,52754,21,921,3,2026-01-14,Tablet
3676,52761,50,1265,1,2025-03-11,Tablet
3677,52762,44,4286,1,2024-12-08,Mobile
3678,52773,47,3797,3,2024-11-05,Mobile
3679,52776,49,338,5,2025-09-11,Mobile
3680,52778,38,4266,2,2025-11-17,Tablet
3681,52794,25,4981,3,2024-12-26,Tablet
3682,52800,36,3179,5,2025-04-22,Mobile
3683,52811,46,3212,4,2025-02-01,Mobile
3684,52812,7,948,5,2026-05-19,Tablet
3685,52816,57,2511,2,2024-11-17,Tablet
3686,52822,2,2343,1,2024-11-18,Mobile
3687,52835,50,2713,1,2025-03-24,Tablet
3688,52842,49,2877,5,2025-10-22,Tablet
3689,52863,40,3186,5,2026-02-28,Mobile
3690,52864,60,4526,5,2025-04-10,Desktop
3691,52872,37,2371,5,2025-01-27,Tablet
3692,52880,53,1757,3,2026-05-06,Desktop
3693,52883,22,522,5,2024-11-01,Tablet
3694,52890,29,1699,1,2025-05-25,Mobile
3695,52891,9,1233,2,2024-09-15,Mobile
3696,52911,57,1607,2,2024-11-01,Tablet
3697,52968,43,1204,2,2026-01-23,Mobile
3698,52971,43,5682,2,2026-01-17,Tablet
3699,52979,46,333,4,2025-02-06,Desktop
3700,52992,5,810,1,2024-11-09,Mobile
3701,53006,5,5988,1,2024-10-24,Mobile
3702,53011,55,118,3,2025-08-18,Mobile
3703,53034,33,3479,3,2026-02-20,Tablet
3704,53059,4,5482,1,2025-01-13,Tablet
3705,53089,2,1512,1,2024-11-05,Desktop
3706,53098,44,1187,1,2025-01-15,Mobile
3707,53111,55,1573,3,2025-07-09,Mobile
3708,53178,9,2643,2,2024-08-28,Mobile
3709,53179,26,4949,3,2025-10-26,Mobile
3710,53198,16,285,6,2025-02-11,Tablet
3711,53199,53,3051,3,2026-05-15,Mobile
3712,53217,34,4586,3,2025-06-26,Mobile
3713,53235,30,1374,6,2024-11-23,Mobile
3714,53236,44,2423,1,2024-12-12,Tablet
3715,53254,48,5196,2,2026-02-07,Tablet
3716,53272,46,373,4,2025-01-18,Mobile
3717,53298,4,4710,1,2025-01-02,Mobile
3718,53322,24,3287,6,2025-11-16,Tablet
3719,53328,36,5608,5,2025-04-21,Tablet
3720,53375,25,2733,3,2024-11-21,Tablet
3721,53401,22,4077,5,2024-10-19,Desktop
3722,53436,52,554,1,2025-03-09,Tablet
3723,53439,44,5556,1,2024-12-31,Tablet
3724,53444,2,891,1,2024-11-22,Desktop
3725,53447,57,3268,2,2024-10-27,Tablet
3726,53460,47,417,3,2024-11-06,Desktop
3727,53480,37,1480,5,2025-01-24,Tablet
3728,53541,33,3962,3,2026-02-24,Desktop
3729,53550,2,5598,1,2024-11-09,Desktop
3730,53555,52,5174,1,2025-03-02,Mobile
3731,53571,55,2992,3,2025-08-11,Mobile
3732,53608,28,4619,6,2025-04-23,Mobile
3733,53627,56,2042,5,2024-12-14,Mobile
3734,53629,57,4410,2,2024-10-27,Desktop
3735,53631,47,341,3,2024-10-12,Mobile
3736,53659,11,5354,3,2024-09-20,Mobile
3737,53697,16,5316,6,2025-03-14,Mobile
3738,53737,6,1970,5,2025-03-11,Mobile
3739,53754,11,4593,3,2024-09-28,Desktop
3740,53763,8,3289,2,2025-07-29,Mobile
3741,53776,30,1472,6,2024-11-23,Desktop
3742,53781,11,3759,3,2024-09-15,Tablet
3743,53784,60,1212,5,2025-04-21,Mobile
3744,53789,40,718,5,2026-03-02,Tablet
3745,53799,43,2353,2,2026-01-11,Tablet
3746,53800,27,3482,2,2024-10-30,Tablet
3747,53818,12,810,1,2024-08-05,Tablet
3748,53819,22,2892,5,2024-10-24,Tablet
3749,53826,2,1265,1,2024-10-29,Desktop
3750,53835,15,1127,6,2026-05-20,Tablet
3751,53841,25,1682,3,2024-11-16,Desktop
3752,53875,39,5648,6,2024-12-26,Desktop
3753,53901,11,4321,3,2024-09-21,Tablet
3754,53921,8,2844,2,2025-08-02,Mobile
3755,53938,50,5301,1,2025-04-12,Mobile
3756,53946,25,4737,3,2024-12-06,Tablet
3757,53949,19,1119,4,2025-04-05,Mobile
3758,53973,40,1937,5,2026-02-21,Tablet
3759,53977,41,3415,3,2026-02-01,Mobile
3760,53990,16,5013,6,2025-02-25,Mobile
3761,54009,24,2758,6,2025-11-09,Desktop
3762,54011,48,889,2,2026-02-05,Mobile
3763,54016,27,868,2,2024-10-21,Mobile
3764,54025,47,1630,3,2024-10-16,Mobile
3765,54039,29,5738,1,2025-04-26,Tablet
3766,54047,46,1585,4,2025-02-04,Tablet
3767,54056,14,5493,2,2024-12-13,Desktop
3768,54068,50,3326,1,2025-05-02,Mobile
3769,54110,16,1931,6,2025-03-11,Mobile
3770,54124,38,3239,2,2025-11-21,Mobile
3771,54131,57,4771,2,2024-10-28,Desktop
3772,54152,16,1547,6,2025-01-30,Tablet
3773,54154,24,4307,6,2025-10-05,Tablet
3774,54170,46,2037,4,2025-01-26,Tablet
3775,54181,35,2102,6,2025-05-26,Tablet
3776,54201,48,739,2,2026-02-14,Tablet
3777,54207,7,4925,5,2026-06-02,Tablet
3778,54212,30,3608,6,2024-11-17,Mobile
3779,54221,2,3352,1,2024-11-25,Tablet
3780,54259,28,2057,6,2025-05-01,Desktop
3781,54277,39,2225,6,2024-12-15,Mobile
3782,54287,45,5562,4,2026-05-06,Mobile
3783,54302,10,3849,1,2025-12-18,Mobile
3784,54309,10,4803,1,2026-01-16,Mobile
3785,54316,38,879,2,2025-11-19,Mobile
3786,54318,8,1786,2,2025-07-23,Mobile
3787,54329,1,5272,6,2025-04-13,Tablet
3788,54332,21,1686,3,2026-01-18,Desktop
3789,54334,59,2652,5,2026-05-06,Desktop
3790,54340,14,945,2,2024-12-04,Mobile
3791,54348,50,3027,1,2025-03-20,Mobile
3792,54351,23,4029,1,2026-01-10,Mobile
3793,54370,3,3193,4,2025-12-07,Tablet
3794,54383,17,1766,2,2024-12-30,Tablet
3795,54384,52,4206,1,2025-03-22,Tablet
3796,54392,49,436,5,2025-09-19,Mobile
3797,54400,35,1483,6,2025-05-28,Desktop
3798,54412,44,3179,1,2024-12-21,Tablet
3799,54414,30,3522,6,2024-12-01,Tablet
3800,54457,57,1681,2,2024-11-20,Desktop
3801,54461,35,30,6,2025-06-06,Tablet
3802,54473,45,3144,4,2026-04-16,Desktop
3803,54479,24,4287,6,2025-11-16,Mobile
3804,54486,59,2215,5,2026-05-02,Desktop
3805,54487,49,4683,5,2025-10-15,Tablet
3806,54497,43,1472,2,2026-01-24,Tablet
3807,54508,53,2750,3,2026-05-10,Mobile
3808,54510,37,1730,5,2025-01-23,Desktop
3809,54521,10,4676,1,2026-01-25,Mobile
3810,54531,50,5830,1,2025-04-13,Mobile
3811,54534,54,1925,1,2025-09-25,Tablet
3812,54541,8,4442,2,2025-08-04,Tablet
3813,54555,44,3965,1,2025-01-09,Tablet
3814,54563,21,797,3,2026-01-15,Mobile
3815,54566,56,2783,5,2024-12-11,Mobile
3816,54595,40,4325,5,2026-02-27,Tablet
3817,54600,14,5254,2,2024-12-16,Tablet
3818,54631,48,2589,2,2026-01-29,Mobile
3819,54638,11,1672,3,2024-09-23,Mobile
3820,54650,16,1203,6,2025-02-16,Mobile
3821,54683,44,987,1,2024-12-16,Mobile
3822,54710,22,2342,5,2024-10-11,Desktop
3823,54712,32,1397,3,2024-09-17,Tablet
3824,54714,14,1972,2,2024-12-02,Tablet
3825,54730,43,137,2,2026-01-17,Mobile
3826,54743,17,5663,2,2024-12-10,Desktop
3827,54752,12,1918,1,2024-07-27,Desktop
3828,54786,7,4443,5,2026-05-23,Mobile
3829,54791,42,5061,2,2025-01-22,Mobile
3830,54801,32,2982,3,2024-09-30,Tablet
3831,54807,23,3997,1,2026-01-14,Tablet
3832,54808,30,4814,6,2024-11-17,Mobile
3833,54882,58,4802,1,2025-05-29,Desktop
3834,54897,56,908,5,2024-12-11,Desktop
3835,54911,18,5324,4,2025-05-12,Mobile
3836,54929,40,4306,5,2026-02-22,Desktop
3837,54940,26,3561,3,2025-11-01,Desktop
3838,54945,45,4492,4,2026-04-04,Desktop
3839,54955,50,264,1,2025-03-06,Tablet
3840,54956,16,1397,6,2025-02-12,Mobile
3841,54958,12,5013,1,2024-07-26,Tablet
3842,54963,4,3007,1,2024-12-20,Desktop
3843,54970,30,638,6,2024-11-23,Desktop
3844,54971,55,605,3,2025-08-07,Tablet
3845,54978,8,3377,2,2025-07-28,Desktop
3846,54991,57,612,2,2024-10-15,Mobile
3847,54996,13,4045,4,2024-09-13,Desktop
3848,55021,17,4265,2,2024-11-28,Desktop
3849,55022,5,809,1,2024-11-10,Mobile
3850,55037,60,239,5,2025-04-09,Desktop
3851,55049,32,4866,3,2024-10-01,Desktop
3852,55116,10,1934,1,2026-01-21,Tablet
3853,55126,55,1645,3,2025-08-16,Tablet
3854,55151,32,2175,3,2024-09-29,Desktop
3855,55164,15,628,6,2026-05-02,Mobile
3856,55183,19,5117,4,2025-04-25,Tablet
3857,55206,1,4047,6,2025-04-26,Tablet
3858,55209,1,3773,6,2025-04-14,Tablet
3859,55210,47,5069,3,2024-10-24,Tablet
3860,55213,5,3895,1,2024-11-06,Tablet
3861,55217,57,3663,2,2024-10-31,Tablet
3862,55239,32,3132,3,2024-11-04,Desktop
3863,55240,10,2621,1,2026-01-16,Desktop
3864,55246,4,3586,1,2025-01-01,Desktop
3865,55254,27,2213,2,2024-10-21,Desktop
3866,55255,56,4572,5,2024-12-16,Tablet
3867,55268,43,5486,2,2026-01-29,Tablet
3868,55279,26,5028,3,2025-11-02,Tablet
3869,55280,33,945,3,2026-01-31,Desktop
3870,55290,39,5940,6,2024-11-26,Desktop
3871,55306,21,3742,3,2026-01-16,Desktop
3872,55316,18,983,4,2025-05-15,Desktop
3873,55340,40,5631,5,2026-02-21,Tablet
3874,55342,46,5973,4,2024-12-24,Tablet
3875,55348,49,5351,5,2025-10-16,Tablet
3876,55353,39,1690,6,2024-12-26,Tablet
3877,55373,36,1808,5,2025-03-24,Mobile
3878,55375,6,2606,5,2025-02-13,Tablet
3879,55378,1,4139,6,2025-04-20,Mobile
3880,55392,10,1387,1,2026-01-06,Tablet
3881,55401,56,2982,5,2024-12-17,Mobile
3882,55417,57,3968,2,2024-10-25,Mobile
3883,55445,21,5350,3,2026-01-22,Desktop
3884,55448,44,4639,1,2024-12-31,Tablet
3885,55479,25,2673,3,2024-11-11,Tablet
3886,55487,42,1748,2,2025-01-18,Desktop
3887,55490,6,2400,5,2025-02-13,Mobile
3888,55543,17,1756,2,2024-12-02,Tablet
3889,55575,47,4427,3,2024-11-08,Mobile
3890,55612,40,2150,5,2026-03-03,Desktop
3891,55656,10,1313,1,2026-01-05,Tablet
3892,55676,17,1273,2,2024-12-09,Desktop
3893,55682,20,4925,6,2025-04-19,Desktop
3894,55707,34,2013,3,2025-06-18,Mobile
3895,55721,47,4433,3,2024-10-30,Tablet
3896,55730,1,4100,6,2025-04-09,Mobile
3897,55737,41,3351,3,2026-02-09,Mobile
3898,55743,43,3043,2,2026-01-17,Mobile
3899,55748,51,2206,6,2025-09-09,Desktop
3900,55771,60,2426,5,2025-04-29,Desktop
3901,55781,23,3388,1,2026-01-20,Desktop
3902,55783,22,1126,5,2024-11-05,Mobile
3903,55795,7,1706,5,2026-06-06,Mobile
3904,55797,3,3436,4,2025-12-16,Tablet
3905,55833,3,4514,4,2025-12-10,Desktop
3906,55850,35,740,6,2025-05-25,Mobile
3907,55853,49,1492,5,2025-09-04,Mobile
3908,55860,59,4219,5,2026-05-04,Desktop
3909,55873,3,4013,4,2025-12-11,Desktop
3910,55884,53,5392,3,2026-05-19,Tablet
3911,55887,48,296,2,2026-01-29,Mobile
3912,55900,20,3291,6,2025-04-18,Desktop
3913,55912,59,302,5,2026-04-21,Mobile
3914,55913,43,3583,2,2026-01-27,Mobile
3915,55926,30,889,6,2024-11-15,Tablet
3916,55959,35,1550,6,2025-06-03,Tablet
3917,55965,14,5125,2,2024-11-26,Desktop
3918,55966,27,4694,2,2024-11-02,Mobile
3919,55980,11,2290,3,2024-09-19,Tablet
3920,56016,19,1154,4,2025-04-05,Tablet
3921,56049,54,1860,1,2025-09-11,Desktop
3922,56076,3,3269,4,2025-12-10,Mobile
3923,56083,23,3971,1,2025-12-28,Desktop
3924,56097,1,542,6,2025-04-27,Mobile
3925,56112,43,5747,2,2026-01-21,Desktop
3926,56118,20,4434,6,2025-05-14,Mobile
3927,56120,33,3884,3,2026-03-02,Mobile
3928,56121,48,190,2,2026-01-24,Desktop
3929,56125,17,5525,2,2024-12-04,Desktop
3930,56130,43,2992,2,2026-01-30,Mobile
3931,56144,40,5064,5,2026-03-10,Tablet
3932,56177,58,5679,1,2025-05-09,Desktop
3933,56181,3,306,4,2025-12-05,Mobile
3934,56206,30,3672,6,2024-11-12,Desktop
3935,56239,41,693,3,2026-02-07,Tablet
3936,56258,59,1027,5,2026-05-01,Tablet
3937,56260,17,497,2,2024-12-17,Tablet
3938,56284,53,5250,3,2026-05-09,Mobile
3939,56301,56,194,5,2024-12-10,Desktop
3940,56312,13,5028,4,2024-09-05,Tablet
3941,56314,17,3532,2,2024-11-26,Tablet
3942,56320,35,2196,6,2025-06-06,Desktop
3943,56340,17,3800,2,2025-01-03,Desktop
3944,56343,32,3365,3,2024-09-27,Desktop
3945,56349,17,1253,2,2024-11-27,Mobile
3946,56355,42,5253,2,2025-01-17,Mobile
3947,56359,57,863,2,2024-11-20,Mobile
3948,56396,10,2024,1,2025-12-18,Mobile
3949,56408,34,1913,3,2025-06-19,Desktop
3950,56425,19,1846,4,2025-05-31,Mobile
3951,56455,38,4947,2,2025-11-11,Desktop
3952,56464,41,4005,3,2026-02-03,Mobile
3953,56475,5,1728,1,2024-11-16,Tablet
3954,56500,4,4807,1,2025-01-22,Mobile
3955,56506,18,4375,4,2025-04-10,Desktop
3956,56520,54,1676,1,2025-09-20,Desktop
3957,56541,15,5522,6,2026-05-29,Tablet
3958,56560,20,769,6,2025-04-24,Desktop
3959,56569,11,2038,3,2024-08-18,Desktop
3960,56573,10,2565,1,2026-01-18,Mobile
3961,56581,12,4792,1,2024-07-27,Tablet
3962,56587,58,2381,1,2025-05-29,Desktop
3963,56593,40,769,5,2026-02-22,Tablet
3964,56607,4,451,1,2025-01-06,Tablet
3965,56688,49,2984,5,2025-10-20,Mobile
3966,56732,31,3164,4,2025-01-21,Mobile
3967,56740,50,4462,1,2025-04-28,Tablet
3968,56786,55,720,3,2025-07-29,Mobile
3969,56849,46,2538,4,2025-01-19,Tablet
3970,56884,8,1855,2,2025-08-06,Tablet
3971,56908,7,3809,5,2026-05-31,Mobile
3972,56933,10,1305,1,2025-11-28,Desktop
3973,56957,15,3264,6,2026-05-08,Tablet
3974,56985,31,4890,4,2025-01-31,Mobile
3975,57030,6,5650,5,2025-02-14,Mobile
3976,57039,51,4576,6,2025-09-19,Desktop
3977,57061,38,114,2,2025-11-09,Desktop
3978,57065,33,5605,3,2026-03-09,Desktop
3979,57068,42,2880,2,2025-01-07,Desktop
3980,57085,34,1935,3,2025-06-20,Mobile
3981,57096,48,1391,2,2026-01-27,Tablet
3982,57121,16,5165,6,2025-02-05,Mobile
3983,57157,21,1220,3,2026-01-09,Mobile
3984,57166,56,3511,5,2024-12-11,Tablet
3985,57185,7,1875,5,2026-06-07,Tablet
3986,57196,44,365,1,2025-01-12,Tablet
3987,57199,14,2178,2,2024-11-23,Tablet
3988,57225,25,4012,3,2024-12-11,Tablet
3989,57232,45,5455,4,2026-05-16,Mobile
3990,57235,27,5729,2,2024-10-20,Mobile
3991,57258,39,755,6,2024-12-14,Mobile
3992,57276,55,5392,3,2025-07-23,Mobile
3993,57304,24,5773,6,2025-10-15,Tablet
3994,57317,25,3355,3,2024-12-27,Tablet
3995,57324,9,1503,2,2024-09-13,Tablet
3996,57346,14,2529,2,2024-11-18,Desktop
3997,57347,32,2021,3,2024-11-05,Mobile
3998,57352,29,5460,1,2025-05-24,Tablet
3999,57388,31,1612,4,2025-01-30,Mobile
4000,57405,31,5914,4,2025-01-24,Tablet
4001,57408,17,891,2,2024-12-31,Tablet
4002,57414,47,3206,3,2024-10-12,Desktop
4003,57426,17,2233,2,2024-12-09,Mobile
4004,57437,28,3113,6,2025-05-15,Mobile
4005,57468,25,1854,3,2024-11-27,Tablet
4006,57475,21,2790,3,2026-01-23,Mobile
4007,57486,38,3903,2,2025-11-09,Desktop
4008,57495,58,199,1,2025-05-02,Tablet
4009,57502,53,4499,3,2026-05-10,Mobile
4010,57527,5,4460,1,2024-11-07,Desktop
4011,57542,5,3766,1,2024-11-04,Tablet
4012,57553,30,2336,6,2024-11-29,Desktop
4013,57565,18,267,4,2025-04-29,Mobile
4014,57570,47,5719,3,2024-11-01,Mobile
4015,57577,2,3571,1,2024-11-01,Desktop
4016,57600,48,5960,2,2026-02-07,Mobile
4017,57602,52,3796,1,2025-03-14,Tablet
4018,57623,18,274,4,2025-03-28,Tablet
4019,57649,31,4190,4,2025-01-30,Desktop
4020,57654,4,3011,1,2024-12-29,Mobile
4021,57655,38,1060,2,2025-11-14,Desktop
4022,57673,28,4490,6,2025-05-06,Tablet
4023,57674,38,1135,2,2025-11-20,Tablet
4024,57702,17,2675,2,2024-12-08,Desktop
4025,57712,32,4366,3,2024-11-04,Desktop
4026,57754,20,5223,6,2025-05-16,Desktop
4027,57766,28,5222,6,2025-04-26,Mobile
4028,57781,1,4936,6,2025-05-07,Tablet
4029,57798,60,3612,5,2025-04-28,Tablet
4030,57803,50,5182,1,2025-04-10,Mobile
4031,57805,23,1395,1,2026-01-12,Desktop
4032,57808,31,1095,4,2025-01-22,Mobile
4033,57824,40,5144,5,2026-02-24,Tablet
4034,57848,12,1386,1,2024-08-06,Tablet
4035,57860,43,2633,2,2026-01-18,Desktop
4036,57873,43,2276,2,2026-01-21,Mobile
4037,57895,39,733,6,2024-11-28,Tablet
4038,57916,30,5487,6,2024-11-23,Mobile
4039,57992,35,4997,6,2025-06-01,Tablet
4040,57994,53,387,3,2026-05-12,Mobile
4041,57996,56,3208,5,2024-12-17,Mobile
4042,57997,7,4065,5,2026-06-04,Mobile
4043,58013,47,3771,3,2024-10-12,Mobile
4044,58043,17,3701,2,2024-12-10,Tablet
4045,58059,8,3558,2,2025-07-25,Desktop
4046,58068,56,5884,5,2024-12-20,Desktop
4047,58077,10,4580,1,2025-12-31,Tablet
4048,58083,7,49,5,2026-05-20,Tablet
4049,58084,21,1364,3,2026-01-19,Desktop
4050,58091,12,1233,1,2024-08-05,Desktop
4051,58092,19,390,4,2025-05-26,Desktop
4052,58106,8,1292,2,2025-08-06,Desktop
4053,58124,27,3727,2,2024-10-24,Mobile
4054,58129,20,4119,6,2025-05-10,Desktop
4055,58134,29,1966,1,2025-04-08,Desktop
4056,58151,60,3302,5,2025-04-22,Mobile
4057,58229,11,331,3,2024-09-23,Tablet
4058,58233,35,156,6,2025-05-22,Mobile
4059,58234,22,1920,5,2024-10-12,Tablet
4060,58254,38,123,2,2025-11-12,Desktop
4061,58294,19,221,4,2025-04-17,Desktop
4062,58321,41,5669,3,2026-01-31,Desktop
4063,58327,6,1002,5,2025-03-11,Desktop
4064,58346,2,2436,1,2024-11-03,Mobile
4065,58415,3,3196,4,2025-12-13,Desktop
4066,58416,14,3023,2,2024-12-14,Tablet
4067,58417,33,3555,3,2026-03-14,Tablet
4068,58425,16,253,6,2025-02-18,Desktop
4069,58445,30,572,6,2024-11-19,Desktop
4070,58473,9,1012,2,2024-08-26,Mobile
4071,58486,50,1209,1,2025-04-19,Tablet
4072,58488,6,5762,5,2025-02-02,Mobile
4073,58501,4,21,1,2025-01-17,Mobile
4074,58519,54,45,1,2025-09-25,Desktop
4075,58521,29,5229,1,2025-04-24,Tablet
4076,58528,48,3889,2,2026-02-10,Tablet
4077,58539,14,3991,2,2024-12-13,Desktop
4078,58549,51,3638,6,2025-09-27,Tablet
4079,58556,56,5900,5,2024-12-22,Tablet
4080,58606,55,3168,3,2025-08-18,Desktop
4081,58653,35,75,6,2025-05-19,Mobile
4082,58658,41,1361,3,2026-02-20,Tablet
4083,58665,31,1324,4,2025-01-25,Desktop
4084,58675,5,4318,1,2024-10-26,Desktop
4085,58684,28,579,6,2025-05-08,Tablet
4086,58688,45,2737,4,2026-04-03,Tablet
4087,58697,6,1482,5,2025-02-01,Desktop
4088,58704,18,76,4,2025-05-03,Mobile
4089,58711,45,4370,4,2026-05-12,Mobile
4090,58742,29,1092,1,2025-05-12,Tablet
4091,58752,32,502,3,2024-10-21,Mobile
4092,58764,15,389,6,2026-05-01,Tablet
4093,58778,2,2607,1,2024-11-07,Tablet
4094,58799,40,1201,5,2026-03-10,Tablet
4095,58805,2,2536,1,2024-11-09,Tablet
4096,58845,18,1192,4,2025-04-30,Desktop
4097,58863,60,1470,5,2025-04-28,Desktop
4098,58921,54,4624,1,2025-09-08,Desktop
4099,58932,52,2810,1,2025-04-04,Mobile
4100,58974,55,4099,3,2025-07-31,Desktop
4101,58982,60,5847,5,2025-04-12,Desktop
4102,59001,48,3791,2,2026-02-09,Mobile
4103,59057,1,3975,6,2025-04-06,Mobile
4104,59070,29,621,1,2025-04-10,Mobile
4105,59085,3,3996,4,2025-12-05,Tablet
4106,59090,41,5684,3,2026-01-29,Tablet
4107,59112,53,5727,3,2026-05-12,Desktop
4108,59162,42,1154,2,2024-12-26,Tablet
4109,59179,10,3493,1,2025-12-08,Tablet
4110,59245,17,2200,2,2024-12-07,Desktop
4111,59260,47,3922,3,2024-11-06,Desktop
4112,59268,29,4247,1,2025-05-08,Desktop
4113,59278,30,4303,6,2024-11-28,Mobile
4114,59283,56,3266,5,2024-12-20,Tablet
4115,59337,6,1927,5,2025-03-06,Desktop
4116,59365,25,319,3,2024-12-12,Desktop
4117,59376,58,2829,1,2025-05-21,Tablet
4118,59399,48,1562,2,2026-02-13,Tablet
4119,59410,14,3467,2,2024-12-06,Tablet
4120,59419,16,5886,6,2025-02-28,Mobile
4121,59420,14,1302,2,2024-11-17,Desktop
4122,59433,12,4563,1,2024-07-24,Tablet
4123,59435,20,1799,6,2025-04-30,Mobile
4124,59443,7,1514,5,2026-05-19,Desktop
4125,59452,41,1645,3,2026-02-11,Mobile
4126,59455,15,1476,6,2026-05-21,Tablet
4127,59459,30,3294,6,2024-11-20,Tablet
4128,59461,11,4431,3,2024-08-17,Mobile
4129,59463,49,5546,5,2025-09-20,Mobile
4130,59476,18,5025,4,2025-04-13,Tablet
4131,59477,50,3176,1,2025-04-12,Desktop
4132,59490,8,2806,2,2025-08-07,Mobile
4133,59498,45,5430,4,2026-04-27,Tablet
4134,59502,4,3951,1,2025-01-01,Desktop
4135,59507,60,4916,5,2025-04-28,Tablet
4136,59515,39,4184,6,2024-11-28,Desktop
4137,59524,5,2903,1,2024-10-28,Desktop
4138,59558,49,2114,5,2025-10-13,Mobile
4139,59560,7,4009,5,2026-05-17,Mobile
4140,59562,5,2804,1,2024-10-24,Mobile
4141,59577,38,3951,2,2025-11-23,Tablet
4142,59582,32,105,3,2024-10-27,Mobile
4143,59598,38,3398,2,2025-11-23,Tablet
4144,59606,11,2502,3,2024-08-16,Desktop
4145,59608,27,5621,2,2024-11-05,Tablet
4146,59613,11,3641,3,2024-09-09,Desktop
4147,59618,1,755,6,2025-03-24,Tablet
4148,59635,22,4046,5,2024-10-07,Desktop
4149,59687,10,4543,1,2025-12-09,Desktop
4150,59694,34,1924,3,2025-06-23,Mobile
4151,59718,57,4090,2,2024-11-02,Tablet
4152,59735,41,2301,3,2026-02-13,Desktop
4153,59738,19,934,4,2025-05-27,Desktop
4154,59739,55,365,3,2025-08-10,Desktop
4155,59746,34,1063,3,2025-06-25,Tablet
4156,59776,14,5871,2,2024-11-28,Mobile
4157,59798,3,5827,4,2025-12-09,Tablet
4158,59830,31,2196,4,2025-01-26,Mobile
4159,59835,53,2466,3,2026-05-21,Tablet
4160,59841,55,4469,3,2025-08-13,Tablet
4161,59854,27,2824,2,2024-10-22,Tablet
4162,59860,2,3516,1,2024-11-23,Mobile
4163,59869,57,5731,2,2024-11-18,Desktop
4164,59876,1,1102,6,2025-04-23,Mobile
4165,59895,6,5562,5,2025-02-07,Mobile
4166,59925,21,1700,3,2026-01-13,Desktop
4167,59947,15,4644,6,2026-05-02,Desktop
4168,59971,57,5891,2,2024-10-14,Tablet
4169,59974,57,2448,2,2024-10-10,Desktop
4170,59982,20,3332,6,2025-04-22,Tablet
4171,59987,8,3138,2,2025-07-24,Mobile
4172,60014,19,5488,4,2025-04-20,Desktop
4173,60019,14,3926,2,2024-11-18,Mobile
4174,60049,23,2053,1,2026-01-02,Mobile
4175,60051,30,1353,6,2024-12-01,Mobile
4176,60073,56,1638,5,2024-12-24,Desktop
4177,60078,8,657,2,2025-07-25,Desktop
4178,60091,30,5393,6,2024-11-15,Mobile
4179,60107,46,2695,4,2025-01-19,Desktop
4180,60116,1,438,6,2025-04-14,Mobile
4181,60121,11,2957,3,2024-09-22,Tablet
4182,60144,26,4001,3,2025-10-29,Desktop
4183,60149,39,3462,6,2024-12-12,Mobile
4184,60195,53,4843,3,2026-05-20,Mobile
4185,60225,53,4022,3,2026-05-11,Mobile
4186,60248,58,2764,1,2025-05-29,Tablet
4187,60271,18,767,4,2025-05-10,Mobile
4188,60285,7,4463,5,2026-06-05,Mobile
4189,60288,21,3240,3,2026-01-12,Mobile
4190,60307,3,3400,4,2025-12-16,Tablet
4191,60322,19,604,4,2025-05-18,Desktop
4192,60324,15,5107,6,2026-05-29,Mobile
4193,60336,40,224,5,2026-02-23,Mobile
4194,60351,1,1636,6,2025-04-23,Tablet
4195,60379,19,5756,4,2025-04-07,Tablet
4196,60390,26,4717,3,2025-10-23,Mobile
4197,60395,3,3792,4,2025-12-08,Desktop
4198,60412,38,194,2,2025-11-19,Mobile
4199,60423,24,5268,6,2025-11-07,Desktop
4200,60424,14,3206,2,2024-12-09,Tablet
4201,60448,59,1638,5,2026-05-06,Tablet
4202,60453,57,5254,2,2024-10-27,Mobile
4203,60459,4,1287,1,2025-01-07,Mobile
4204,60499,28,1992,6,2025-04-20,Desktop
4205,60520,45,5425,4,2026-05-02,Mobile
4206,60527,28,4104,6,2025-04-26,Desktop
4207,60536,10,3859,1,2026-01-23,Desktop
4208,60537,22,1351,5,2024-10-30,Mobile
4209,60560,19,868,4,2025-04-10,Desktop
4210,60583,57,2181,2,2024-10-11,Tablet
4211,60593,46,4694,4,2025-02-03,Mobile
4212,60624,32,4103,3,2024-11-07,Desktop
4213,60634,26,3823,3,2025-11-04,Desktop
4214,60658,40,3039,5,2026-03-02,Mobile
4215,60665,12,2205,1,2024-07-27,Mobile
4216,60677,2,1295,1,2024-10-26,Desktop
4217,60684,55,5761,3,2025-07-21,Desktop
4218,60686,11,174,3,2024-09-11,Mobile
4219,60703,12,4798,1,2024-08-02,Mobile
4220,60712,46,1802,4,2025-01-01,Tablet
4221,60718,5,191,1,2024-11-05,Desktop
4222,60723,52,1684,1,2025-02-23,Tablet
4223,60726,28,4316,6,2025-05-14,Tablet
4224,60731,19,3075,4,2025-05-27,Desktop
4225,60732,17,3005,2,2025-01-02,Mobile
4226,60734,29,5569,1,2025-04-29,Mobile
4227,60748,12,5960,1,2024-07-24,Mobile
4228,60762,10,4364,1,2026-01-08,Mobile
4229,60783,29,3839,1,2025-05-13,Desktop
4230,60806,36,5406,5,2025-04-11,Tablet
4231,60829,26,5487,3,2025-11-02,Desktop
4232,60833,50,3552,1,2025-04-11,Mobile
4233,60835,41,898,3,2026-02-06,Mobile
4234,60846,40,2733,5,2026-03-01,Desktop
4235,60874,56,3146,5,2024-12-22,Tablet
4236,60896,6,4705,5,2025-01-22,Tablet
4237,60898,55,957,3,2025-07-15,Desktop
4238,60909,48,974,2,2026-02-04,Tablet
4239,60929,6,3638,5,2025-03-05,Desktop
4240,60940,57,4389,2,2024-10-27,Desktop
4241,60947,47,4829,3,2024-10-01,Tablet
4242,60957,31,5799,4,2025-01-23,Desktop
4243,60996,44,395,1,2025-01-08,Mobile
4244,61001,17,5125,2,2024-12-11,Tablet
4245,61009,40,1632,5,2026-02-28,Tablet
4246,61017,53,1428,3,2026-05-18,Tablet
4247,61025,57,4312,2,2024-11-02,Desktop
4248,61031,10,3712,1,2026-01-22,Desktop
4249,61036,59,5987,5,2026-04-26,Mobile
4250,61039,25,2947,3,2024-12-29,Mobile
4251,61064,43,501,2,2026-01-21,Tablet
4252,61084,57,3345,2,2024-10-17,Desktop
4253,61088,47,1839,3,2024-10-17,Mobile
4254,61110,53,762,3,2026-05-17,Mobile
4255,61113,37,250,5,2025-01-12,Desktop
4256,61142,17,5051,2,2024-12-21,Desktop
4257,61145,38,4278,2,2025-11-20,Tablet
4258,61161,21,1617,3,2026-01-16,Mobile
4259,61166,57,3726,2,2024-10-23,Tablet
4260,61170,1,2082,6,2025-03-24,Desktop
4261,61177,44,4376,1,2025-01-10,Desktop
4262,61199,55,5308,3,2025-08-12,Tablet
4263,61204,9,433,2,2024-09-04,Desktop
4264,61254,10,1743,1,2025-12-13,Tablet
4265,61281,19,4987,4,2025-05-26,Tablet
4266,61287,15,1509,6,2026-05-24,Mobile
4267,61294,28,3638,6,2025-05-06,Tablet
4268,61309,23,601,1,2026-01-19,Desktop
4269,61358,17,1169,2,2025-01-07,Tablet
4270,61375,14,5415,2,2024-11-26,Desktop
4271,61422,14,2946,2,2024-11-26,Desktop
4272,61433,15,5190,6,2026-05-25,Desktop
4273,61449,27,15,2,2024-10-26,Mobile
4274,61467,50,4078,1,2025-03-08,Mobile
4275,61489,27,1472,2,2024-10-25,Desktop
4276,61494,24,1770,6,2025-10-12,Desktop
4277,61501,31,2612,4,2025-01-24,Mobile
4278,61514,47,4303,3,2024-11-11,Desktop
4279,61520,25,4202,3,2024-12-25,Tablet
4280,61548,19,961,4,2025-05-19,Desktop
4281,61574,7,4220,5,2026-05-30,Tablet
4282,61577,25,1017,3,2024-11-12,Tablet
4283,61588,44,3363,1,2024-12-08,Tablet
4284,61601,20,3181,6,2025-04-26,Desktop
4285,61617,17,1374,2,2024-12-18,Tablet
4286,61627,5,1361,1,2024-11-03,Tablet
4287,61634,26,4505,3,2025-10-27,Mobile
4288,61657,47,4826,3,2024-11-11,Mobile
4289,61721,4,3459,1,2025-01-24,Mobile
4290,61733,17,1643,2,2024-12-17,Tablet
4291,61753,36,3072,5,2025-03-17,Mobile
4292,61760,39,1999,6,2024-11-29,Mobile
4293,61766,50,30,1,2025-03-17,Tablet
4294,61768,9,5712,2,2024-08-27,Tablet
4295,61769,5,1685,1,2024-11-12,Tablet
4296,61772,17,2478,2,2025-01-05,Mobile
4297,61812,47,3319,3,2024-11-09,Tablet
4298,61829,12,3774,1,2024-07-23,Desktop
4299,61833,43,3087,2,2026-01-22,Desktop
4300,61852,8,501,2,2025-07-23,Mobile
4301,61858,34,5604,3,2025-07-01,Desktop
4302,61862,30,3542,6,2024-11-12,Tablet
4303,61869,52,263,1,2025-03-19,Tablet
4304,61890,56,209,5,2024-12-24,Desktop
4305,61915,6,4409,5,2025-02-19,Desktop
4306,61929,1,2306,6,2025-04-26,Mobile
4307,61935,15,2726,6,2026-04-27,Desktop
4308,61936,59,3002,5,2026-05-01,Desktop
4309,61939,7,1554,5,2026-06-04,Mobile
4310,61947,31,5441,4,2025-01-26,Tablet
4311,61948,35,1930,6,2025-05-23,Mobile
4312,61954,45,980,4,2026-04-28,Tablet
4313,61968,45,5684,4,2026-05-24,Desktop
4314,61990,51,595,6,2025-10-06,Tablet
4315,61996,56,5940,5,2024-12-14,Mobile
4316,62006,49,4909,5,2025-09-02,Desktop
4317,62040,50,985,1,2025-03-23,Mobile
4318,62062,34,4392,3,2025-06-13,Tablet
4319,62066,8,5989,2,2025-07-18,Desktop
4320,62090,10,105,1,2026-01-17,Desktop
4321,62094,37,3262,5,2025-01-20,Mobile
4322,62111,18,5014,4,2025-04-12,Tablet
4323,62115,57,5211,2,2024-10-21,Mobile
4324,62120,29,539,1,2025-04-17,Desktop
4325,62132,50,2,1,2025-03-30,Tablet
4326,62166,39,1873,6,2024-12-10,Tablet
4327,62183,1,4386,6,2025-04-04,Mobile
4328,62185,18,381,4,2025-03-18,Tablet
4329,62190,25,4765,3,2025-01-01,Tablet
4330,62191,54,1694,1,2025-09-15,Tablet
4331,62210,44,3998,1,2025-01-09,Tablet
4332,62213,32,5270,3,2024-10-30,Tablet
4333,62218,28,1375,6,2025-05-10,Tablet
4334,62222,4,3415,1,2024-12-30,Tablet
4335,62240,29,727,1,2025-05-07,Mobile
4336,62245,22,3798,5,2024-10-05,Tablet
4337,62296,3,3893,4,2025-12-14,Desktop
4338,62305,33,5712,3,2026-01-28,Desktop
4339,62321,8,4943,2,2025-08-15,Tablet
4340,62328,21,5074,3,2026-01-08,Mobile
4341,62334,25,2486,3,2024-12-09,Mobile
4342,62370,25,504,3,2024-11-30,Desktop
4343,62393,49,119,5,2025-10-27,Desktop
4344,62395,30,4352,6,2024-11-25,Tablet
4345,62400,54,1517,1,2025-09-17,Tablet
4346,62401,56,925,5,2024-12-20,Desktop
4347,62403,34,4878,3,2025-06-12,Mobile
4348,62423,40,1268,5,2026-02-23,Desktop
4349,62429,30,1938,6,2024-11-28,Desktop
4350,62432,36,3408,5,2025-04-07,Desktop
4351,62454,60,3557,5,2025-04-16,Desktop
4352,62461,39,4578,6,2024-12-13,Tablet
4353,62463,6,3420,5,2025-01-21,Tablet
4354,62467,14,2924,2,2024-11-23,Mobile
4355,62471,18,5437,4,2025-05-15,Tablet
4356,62484,59,4755,5,2026-04-29,Desktop
4357,62500,48,3486,2,2026-02-02,Desktop
4358,62516,42,1983,2,2025-01-02,Tablet
4359,62537,10,4642,1,2026-01-08,Tablet
4360,62544,40,621,5,2026-03-12,Tablet
4361,62565,6,404,5,2025-01-27,Desktop
4362,62583,33,535,3,2026-02-28,Tablet
4363,62604,21,769,3,2026-01-11,Tablet
4364,62616,23,4705,1,2026-01-15,Mobile
4365,62624,57,187,2,2024-10-17,Tablet
4366,62634,58,5265,1,2025-05-12,Tablet
4367,62637,44,4,1,2024-12-11,Tablet
4368,62647,2,5156,1,2024-11-01,Tablet
4369,62664,8,694,2,2025-08-04,Desktop
4370,62675,59,1585,5,2026-05-06,Desktop
4371,62690,24,3347,6,2025-10-21,Desktop
4372,62692,43,5126,2,2026-01-26,Desktop
4373,62693,2,1099,1,2024-11-21,Tablet
4374,62703,12,3112,1,2024-08-01,Mobile
4375,62715,36,691,5,2025-03-27,Tablet
4376,62725,12,2258,1,2024-07-26,Mobile
4377,62730,7,3242,5,2026-05-28,Tablet
4378,62788,5,1997,1,2024-10-22,Mobile
4379,62798,17,3766,2,2025-01-03,Tablet
4380,62803,42,5833,2,2025-01-17,Desktop
4381,62813,10,2685,1,2026-01-25,Desktop
4382,62820,31,5064,4,2025-01-19,Tablet
4383,62821,29,4857,1,2025-04-17,Tablet
4384,62855,13,1127,4,2024-09-14,Desktop
4385,62857,1,3697,6,2025-03-28,Tablet
4386,62892,58,1013,1,2025-06-01,Tablet
4387,62893,7,4326,5,2026-05-23,Mobile
4388,62921,19,3608,4,2025-05-18,Tablet
4389,62926,26,3280,3,2025-10-26,Mobile
4390,62933,1,4695,6,2025-04-08,Tablet
4391,62945,41,4190,3,2026-02-01,Tablet
4392,62955,17,4567,2,2024-11-30,Mobile
4393,62970,20,1572,6,2025-05-30,Mobile
4394,63007,18,1168,4,2025-04-17,Mobile
4395,63014,39,1211,6,2024-12-14,Desktop
4396,63017,27,5504,2,2024-10-30,Desktop
4397,63022,11,228,3,2024-09-15,Mobile
4398,63041,55,5557,3,2025-07-11,Tablet
4399,63049,50,1867,1,2025-05-02,Tablet
4400,63096,18,2022,4,2025-03-23,Mobile
4401,63166,30,3200,6,2024-12-01,Mobile
4402,63169,35,5104,6,2025-05-30,Tablet
4403,63191,35,1543,6,2025-06-06,Mobile
4404,63207,20,1046,6,2025-05-18,Tablet
4405,63215,8,5872,2,2025-08-08,Mobile
4406,63217,42,5731,2,2024-11-28,Desktop
4407,63222,44,1923,1,2024-12-21,Desktop
4408,63233,29,5546,1,2025-04-10,Tablet
4409,63237,4,3792,1,2024-12-31,Mobile
4410,63272,31,2284,4,2025-01-23,Tablet
4411,63284,6,3917,5,2025-02-08,Tablet
4412,63298,35,3840,6,2025-06-04,Mobile
4413,63316,29,164,1,2025-04-22,Desktop
4414,63317,42,4654,2,2024-12-23,Desktop
4415,63333,57,4130,2,2024-10-12,Tablet
4416,63368,15,5348,6,2026-04-19,Desktop
4417,63395,29,3867,1,2025-04-16,Mobile
4418,63437,23,1972,1,2026-01-14,Desktop
4419,63460,29,3586,1,2025-04-17,Tablet
4420,63469,11,1923,3,2024-08-31,Desktop
4421,63502,7,990,5,2026-05-23,Tablet
4422,63520,16,3266,6,2025-02-21,Desktop
4423,63546,11,4765,3,2024-09-22,Mobile
4424,63554,6,5048,5,2025-03-12,Mobile
4425,63581,42,1570,2,2024-11-29,Mobile
4426,63583,29,2363,1,2025-04-14,Tablet
4427,63594,43,1645,2,2026-01-25,Desktop
4428,63614,25,3649,3,2025-01-04,Tablet
4429,63618,21,1852,3,2026-01-20,Desktop
4430,63622,21,359,3,2026-01-13,Desktop
4431,63628,32,3147,3,2024-10-25,Tablet
4432,63645,4,2259,1,2024-12-03,Mobile
4433,63668,57,2721,2,2024-11-11,Mobile
4434,63684,20,5575,6,2025-05-16,Desktop
4435,63685,33,2205,3,2026-03-07,Mobile
4436,63701,37,3077,5,2025-01-22,Tablet
4437,63712,2,153,1,2024-10-28,Tablet
4438,63724,34,38,3,2025-07-01,Tablet
4439,63726,51,5924,6,2025-09-16,Desktop
4440,63729,25,1972,3,2024-12-27,Tablet
4441,63731,17,5633,2,2024-12-04,Tablet
4442,63732,58,3510,1,2025-05-21,Mobile
4443,63744,37,2008,5,2025-01-22,Desktop
4444,63751,36,544,5,2025-05-04,Mobile
4445,63764,37,4429,5,2025-01-28,Mobile
4446,63774,3,2068,4,2025-12-10,Tablet
4447,63776,17,5895,2,2025-01-06,Tablet
4448,63804,39,3255,6,2024-12-25,Desktop
4449,63806,29,4242,1,2025-05-08,Mobile
4450,63818,33,5587,3,2026-03-06,Desktop
4451,63822,4,2772,1,2025-01-01,Tablet
4452,63837,44,3994,1,2025-01-15,Mobile
4453,63864,30,3261,6,2024-11-14,Mobile
4454,63865,25,2362,3,2025-01-06,Desktop
4455,63883,47,1433,3,2024-11-11,Tablet
4456,63919,37,5967,5,2025-01-27,Mobile
4457,63927,6,3103,5,2025-01-15,Desktop
4458,63947,18,3812,4,2025-04-05,Desktop
4459,63962,40,2633,5,2026-02-22,Tablet
4460,63969,60,5638,5,2025-04-15,Mobile
4461,63978,38,3360,2,2025-11-11,Mobile
4462,63996,49,4396,5,2025-09-29,Mobile
4463,64023,20,4521,6,2025-04-24,Tablet
4464,64037,32,5872,3,2024-10-09,Mobile
4465,64041,36,2038,5,2025-04-06,Tablet
4466,64057,13,3897,4,2024-08-31,Desktop
4467,64066,20,1119,6,2025-04-18,Mobile
4468,64077,17,3314,2,2024-12-30,Mobile
4469,64084,16,4097,6,2025-03-07,Desktop
4470,64086,3,5875,4,2025-12-03,Tablet
4471,64090,36,5800,5,2025-04-29,Desktop
4472,64093,58,2863,1,2025-05-17,Desktop
4473,64101,11,5638,3,2024-08-31,Tablet
4474,64113,59,403,5,2026-04-26,Tablet
4475,64115,41,5025,3,2026-01-23,Tablet
4476,64132,56,5407,5,2024-12-11,Mobile
4477,64142,41,1447,3,2026-01-30,Tablet
4478,64149,21,108,3,2026-01-15,Mobile
4479,64167,2,4908,1,2024-11-09,Tablet
4480,64179,21,1223,3,2026-01-14,Desktop
4481,64183,10,3244,1,2026-01-19,Tablet
4482,64192,35,5736,6,2025-06-02,Desktop
4483,64196,8,3936,2,2025-08-03,Mobile
4484,64197,43,2777,2,2026-01-10,Mobile
4485,64216,21,1784,3,2026-01-08,Mobile
4486,64221,19,292,4,2025-04-30,Tablet
4487,64224,32,2153,3,2024-09-28,Desktop
4488,64239,11,2945,3,2024-09-04,Mobile
4489,64241,4,1422,1,2025-01-01,Desktop
4490,64247,5,3366,1,2024-10-19,Mobile
4491,64249,10,118,1,2025-12-24,Mobile
4492,64250,20,788,6,2025-04-22,Mobile
4493,64279,8,3244,2,2025-07-26,Tablet
4494,64286,16,2731,6,2025-03-04,Desktop
4495,64293,50,1273,1,2025-04-16,Tablet
4496,64301,58,3622,1,2025-05-05,Mobile
4497,64309,19,2946,4,2025-05-18,Mobile
4498,64330,36,1280,5,2025-05-08,Desktop
4499,64352,28,2858,6,2025-05-10,Tablet
4500,64366,8,2725,2,2025-07-19,Mobile
4501,64380,30,4387,6,2024-11-30,Desktop
4502,64419,42,3596,2,2025-01-21,Desktop
4503,64445,20,772,6,2025-04-18,Tablet
4504,64471,8,4441,2,2025-07-25,Mobile
4505,64484,53,5622,3,2026-05-23,Tablet
4506,64499,11,3413,3,2024-08-30,Mobile
4507,64507,30,4976,6,2024-11-27,Mobile
4508,64537,3,5836,4,2025-12-16,Desktop
4509,64552,48,4258,2,2026-02-15,Desktop
4510,64569,27,1525,2,2024-10-23,Desktop
4511,64608,58,277,1,2025-05-05,Mobile
4512,64615,28,927,6,2025-05-15,Tablet
4513,64616,17,2036,2,2024-12-16,Mobile
4514,64624,36,3333,5,2025-04-28,Tablet
4515,64646,36,1009,5,2025-04-26,Tablet
4516,64654,29,5456,1,2025-05-17,Tablet
4517,64661,10,381,1,2025-12-05,Tablet
4518,64679,52,4479,1,2025-02-15,Desktop
4519,64686,14,5561,2,2024-11-18,Desktop
4520,64689,13,3044,4,2024-09-17,Tablet
4521,64712,36,935,5,2025-04-06,Tablet
4522,64721,41,1065,3,2026-02-03,Desktop
4523,64739,35,3674,6,2025-05-31,Tablet
4524,64742,4,3215,1,2025-01-06,Desktop
4525,64745,15,4472,6,2026-04-19,Tablet
4526,64747,54,1159,1,2025-09-21,Desktop
4527,64783,22,4784,5,2024-11-04,Desktop
4528,64795,35,1113,6,2025-05-20,Mobile
4529,64801,15,151,6,2026-05-04,Tablet
4530,64828,41,2024,3,2026-02-13,Tablet
4531,64832,14,5427,2,2024-11-28,Desktop
4532,64848,40,3175,5,2026-02-23,Desktop
4533,64857,53,2262,3,2026-05-12,Mobile
4534,64862,36,1593,5,2025-04-05,Tablet
4535,64872,20,5868,6,2025-05-01,Mobile
4536,64893,12,838,1,2024-07-28,Mobile
4537,64898,42,2382,2,2024-12-03,Tablet
4538,64910,15,1515,6,2026-05-28,Mobile
4539,64921,33,4907,3,2026-02-15,Desktop
4540,64922,2,1918,1,2024-11-14,Tablet
4541,64956,22,3349,5,2024-11-03,Desktop
4542,64965,12,5994,1,2024-07-29,Desktop
4543,64967,16,4103,6,2025-03-05,Desktop
4544,64977,22,4921,5,2024-11-04,Mobile
4545,64978,49,5425,5,2025-10-11,Desktop
4546,64979,42,2035,2,2024-12-12,Mobile
4547,65016,15,1867,6,2026-04-15,Desktop
4548,65019,8,4453,2,2025-08-11,Tablet
4549,65020,10,3590,1,2025-12-12,Tablet
4550,65037,22,5921,5,2024-10-21,Desktop
4551,65049,6,1795,5,2025-03-12,Mobile
4552,65055,42,3586,2,2025-01-01,Mobile
4553,65058,43,2061,2,2026-01-09,Tablet
4554,65086,14,2818,2,2024-12-17,Tablet
4555,65111,45,5407,4,2026-05-29,Mobile
4556,65119,32,5523,3,2024-10-08,Mobile
4557,65137,24,3002,6,2025-11-09,Desktop
4558,65139,21,4645,3,2026-01-14,Desktop
4559,65141,11,4077,3,2024-09-02,Mobile
4560,65147,60,3413,5,2025-04-24,Mobile
4561,65150,8,2675,2,2025-07-24,Tablet
4562,65163,30,748,6,2024-12-04,Mobile
4563,65167,44,5314,1,2024-12-27,Tablet
4564,65168,16,469,6,2025-02-16,Desktop
4565,65169,52,5590,1,2025-02-16,Desktop
4566,65201,7,2079,5,2026-05-22,Tablet
4567,65223,50,2157,1,2025-03-26,Desktop
4568,65237,49,4379,5,2025-08-31,Mobile
4569,65238,46,739,4,2025-01-19,Tablet
4570,65246,32,1497,3,2024-09-23,Tablet
4571,65255,31,2405,4,2025-01-24,Mobile
4572,65259,49,4882,5,2025-09-02,Mobile
4573,65262,11,2861,3,2024-08-28,Desktop
4574,65283,6,516,5,2025-01-26,Tablet
4575,65300,33,256,3,2026-02-14,Desktop
4576,65325,58,2357,1,2025-05-27,Mobile
4577,65327,32,5275,3,2024-10-07,Tablet
4578,65365,19,5397,4,2025-05-06,Tablet
4579,65373,3,2996,4,2025-12-15,Desktop
4580,65389,43,2434,2,2026-01-13,Tablet
4581,65410,51,3612,6,2025-09-07,Mobile
4582,65412,8,3419,2,2025-07-31,Mobile
4583,65460,19,4513,4,2025-04-09,Mobile
4584,65471,55,3145,3,2025-07-23,Tablet
4585,65473,52,78,1,2025-02-25,Mobile
4586,65495,21,81,3,2026-01-19,Mobile
4587,65524,38,3429,2,2025-11-22,Tablet
4588,65527,2,3903,1,2024-11-13,Tablet
4589,65544,37,488,5,2025-01-28,Mobile
4590,65547,42,2689,2,2024-12-19,Desktop
4591,65548,26,2256,3,2025-11-05,Tablet
4592,65556,19,261,4,2025-05-29,Mobile
4593,65558,53,2903,3,2026-05-25,Desktop
4594,65573,59,439,5,2026-04-30,Desktop
4595,65576,15,4980,6,2026-05-07,Tablet
4596,65594,54,4419,1,2025-09-08,Desktop
4597,65595,49,5427,5,2025-09-16,Desktop
4598,65607,9,1871,2,2024-09-11,Tablet
4599,65651,51,4149,6,2025-10-09,Mobile
4600,65654,4,2856,1,2024-12-03,Mobile
4601,65663,7,1797,5,2026-05-18,Tablet
4602,65676,31,1299,4,2025-01-16,Mobile
4603,65684,28,516,6,2025-05-06,Tablet
4604,65728,33,3292,3,2026-03-07,Mobile
4605,65740,34,1229,3,2025-06-23,Mobile
4606,65758,30,4662,6,2024-11-29,Desktop
4607,65763,48,5054,2,2026-01-31,Mobile
4608,65783,16,3423,6,2025-03-06,Desktop
4609,65786,21,3192,3,2026-01-21,Mobile
4610,65790,8,5413,2,2025-08-06,Mobile
4611,65820,18,5658,4,2025-04-11,Tablet
4612,65823,2,5254,1,2024-11-07,Desktop
4613,65843,25,4413,3,2024-11-20,Mobile
4614,65846,35,1497,6,2025-05-23,Tablet
4615,65848,37,4778,5,2025-01-22,Mobile
4616,65857,58,1517,1,2025-05-19,Desktop
4617,65860,27,3945,2,2024-10-22,Desktop
4618,65877,54,5404,1,2025-09-10,Tablet
4619,65889,4,5488,1,2025-01-12,Desktop
4620,65897,43,471,2,2026-01-28,Desktop
4621,65898,1,4476,6,2025-04-14,Desktop
4622,65930,37,1589,5,2025-01-02,Tablet
4623,65936,46,3501,4,2025-01-05,Tablet
4624,65944,60,3082,5,2025-04-17,Tablet
4625,65961,18,3734,4,2025-05-13,Mobile
4626,65997,20,3403,6,2025-05-08,Mobile
4627,65999,11,3890,3,2024-09-01,Mobile
4628,66002,45,1613,4,2026-05-27,Desktop
4629,66022,33,4236,3,2026-03-04,Tablet
4630,66031,52,3936,1,2025-03-08,Mobile
4631,66038,51,4888,6,2025-08-30,Desktop
4632,66048,39,5412,6,2024-11-26,Desktop
4633,66071,20,5486,6,2025-05-14,Mobile
4634,66075,27,2883,2,2024-11-02,Desktop
4635,66081,53,3724,3,2026-05-18,Desktop
4636,66095,31,4005,4,2025-01-20,Mobile
4637,66099,8,5576,2,2025-08-04,Tablet
4638,66106,56,1929,5,2024-12-09,Mobile
4639,66129,43,3757,2,2026-01-22,Tablet
4640,66142,35,112,6,2025-05-21,Desktop
4641,66176,48,316,2,2026-02-05,Tablet
4642,66199,33,4374,3,2026-03-04,Desktop
4643,66211,9,1016,2,2024-09-12,Tablet
4644,66238,9,1635,2,2024-09-09,Mobile
4645,66254,5,1112,1,2024-11-14,Mobile
4646,66259,50,4806,1,2025-04-20,Tablet
4647,66286,54,1478,1,2025-09-22,Mobile
4648,66324,17,1770,2,2024-12-13,Mobile
4649,66326,51,454,6,2025-09-10,Mobile
4650,66329,12,1709,1,2024-08-02,Desktop
4651,66338,24,4803,6,2025-10-25,Tablet
4652,66340,50,2912,1,2025-05-03,Tablet
4653,66341,8,3117,2,2025-08-05,Desktop
4654,66346,35,2613,6,2025-05-16,Mobile
4655,66355,26,4582,3,2025-11-02,Desktop
4656,66359,22,4681,5,2024-10-05,Tablet
4657,66398,52,4490,1,2025-03-26,Mobile
4658,66409,32,4884,3,2024-10-10,Desktop
4659,66440,33,4753,3,2026-03-10,Tablet
4660,66456,38,1928,2,2025-11-14,Desktop
4661,66457,52,4088,1,2025-03-06,Desktop
4662,66471,49,4239,5,2025-10-04,Tablet
4663,66485,34,5990,3,2025-06-12,Tablet
4664,66486,36,3066,5,2025-05-14,Mobile
4665,66487,35,125,6,2025-05-23,Tablet
4666,66489,36,2148,5,2025-04-29,Tablet
4667,66504,19,3269,4,2025-05-30,Desktop
4668,66506,12,5759,1,2024-08-06,Desktop
4669,66507,39,4925,6,2024-12-10,Mobile
4670,66535,51,5566,6,2025-09-27,Mobile
4671,66594,9,4261,2,2024-09-15,Mobile
4672,66614,56,2431,5,2024-12-12,Mobile
4673,66615,53,5649,3,2026-05-14,Tablet
4674,66632,23,1967,1,2026-01-10,Desktop
4675,66680,14,5455,2,2024-12-01,Desktop
4676,66719,16,497,6,2025-02-19,Tablet
4677,66729,43,3481,2,2026-01-24,Mobile
4678,66764,44,5978,1,2024-12-07,Tablet
4679,66772,59,1504,5,2026-05-09,Mobile
4680,66810,3,2596,4,2025-12-17,Desktop
4681,66828,54,5531,1,2025-09-26,Mobile
4682,66835,48,1797,2,2026-02-05,Mobile
4683,66859,25,5957,3,2024-12-27,Tablet
4684,66860,19,3093,4,2025-05-28,Tablet
4685,66865,49,4306,5,2025-09-20,Mobile
4686,66898,38,2472,2,2025-11-12,Desktop
4687,66909,29,3819,1,2025-05-27,Tablet
4688,66910,32,3683,3,2024-10-10,Tablet
4689,66921,46,4768,4,2025-01-12,Desktop
4690,66933,57,1440,2,2024-10-10,Tablet
4691,66943,15,2301,6,2026-05-21,Tablet
4692,66965,7,4885,5,2026-05-17,Mobile
4693,66968,36,5047,5,2025-03-21,Desktop
4694,66987,34,3738,3,2025-06-16,Mobile
4695,67016,32,2633,3,2024-09-12,Tablet
4696,67035,5,4935,1,2024-11-01,Desktop
4697,67082,44,4385,1,2025-01-09,Mobile
4698,67128,5,85,1,2024-11-14,Desktop
4699,67129,41,3934,3,2026-02-03,Desktop
4700,67162,54,5441,1,2025-09-11,Desktop
4701,67213,20,3085,6,2025-05-08,Tablet
4702,67241,28,5998,6,2025-05-11,Tablet
4703,67248,4,4495,1,2024-12-14,Desktop
4704,67249,60,3427,5,2025-04-23,Mobile
4705,67253,21,3023,3,2026-01-20,Tablet
4706,67286,39,407,6,2024-12-01,Mobile
4707,67288,5,1843,1,2024-11-17,Mobile
4708,67295,51,4167,6,2025-09-12,Mobile
4709,67339,34,879,3,2025-06-29,Tablet
4710,67350,36,4679,5,2025-04-26,Tablet
4711,67356,59,211,5,2026-05-02,Desktop
4712,67372,17,3466,2,2024-12-15,Desktop
4713,67377,33,517,3,2026-02-02,Tablet
4714,67394,26,2204,3,2025-11-07,Desktop
4715,67408,34,2641,3,2025-06-15,Desktop
4716,67419,34,338,3,2025-06-23,Tablet
4717,67422,46,3022,4,2025-01-12,Desktop
4718,67455,17,5344,2,2024-12-28,Desktop
4719,67464,47,1366,3,2024-10-17,Tablet
4720,67471,14,1264,2,2024-11-27,Mobile
4721,67477,31,5360,4,2025-01-22,Mobile
4722,67486,45,482,4,2026-05-14,Tablet
4723,67493,42,5872,2,2024-12-27,Mobile
4724,67503,33,5927,3,2026-02-26,Mobile
4725,67509,29,844,1,2025-05-03,Tablet
4726,67535,56,1275,5,2024-12-16,Mobile
4727,67543,41,3497,3,2026-02-21,Mobile
4728,67549,25,4621,3,2024-11-11,Mobile
4729,67567,44,1116,1,2024-12-10,Desktop
4730,67572,51,2052,6,2025-09-20,Tablet
4731,67623,52,591,1,2025-04-07,Tablet
4732,67629,54,2375,1,2025-09-18,Mobile
4733,67631,21,2543,3,2026-01-23,Tablet
4734,67654,36,1956,5,2025-03-24,Mobile
4735,67674,29,2916,1,2025-04-26,Tablet
4736,67694,14,2946,2,2024-12-13,Desktop
4737,67714,17,2667,2,2024-12-28,Mobile
4738,67719,44,5094,1,2025-01-06,Tablet
4739,67743,42,710,2,2024-12-04,Desktop
4740,67769,47,1656,3,2024-10-26,Mobile
4741,67770,36,2002,5,2025-04-22,Tablet
4742,67794,6,452,5,2025-01-15,Tablet
4743,67800,25,606,3,2024-12-06,Mobile
4744,67838,13,5275,4,2024-09-10,Mobile
4745,67845,51,5484,6,2025-09-20,Desktop
4746,67858,4,4338,1,2024-12-05,Desktop
4747,67878,35,2124,6,2025-05-22,Tablet
4748,67880,6,4879,5,2025-02-08,Mobile
4749,67891,15,1135,6,2026-05-29,Mobile
4750,67901,6,2250,5,2025-02-07,Desktop
4751,67913,15,1509,6,2026-05-07,Desktop
4752,67919,5,541,1,2024-10-28,Tablet
4753,67927,19,2706,4,2025-04-13,Mobile
4754,67947,35,3728,6,2025-06-06,Desktop
4755,67959,25,5613,3,2024-12-06,Tablet
4756,67962,36,876,5,2025-03-31,Tablet
4757,68001,34,2451,3,2025-06-21,Tablet
4758,68013,38,5415,2,2025-11-09,Tablet
4759,68026,60,2716,5,2025-04-30,Tablet
4760,68054,39,3474,6,2024-12-17,Tablet
4761,68064,4,2177,1,2025-01-09,Tablet
4762,68078,45,715,4,2026-04-10,Mobile
4763,68094,58,4483,1,2025-06-01,Desktop
4764,68097,24,4278,6,2025-11-16,Mobile
4765,68107,42,3983,2,2025-01-03,Mobile
4766,68109,57,5068,2,2024-10-19,Desktop
4767,68173,12,5953,1,2024-07-28,Mobile
4768,68180,34,216,3,2025-06-23,Tablet
4769,68247,10,4755,1,2026-01-18,Desktop
4770,68259,10,4893,1,2025-12-18,Mobile
4771,68278,31,4210,4,2025-01-25,Tablet
4772,68281,2,1378,1,2024-11-06,Desktop
4773,68288,11,3475,3,2024-09-18,Tablet
4774,68289,40,2944,5,2026-03-08,Desktop
4775,68293,29,5539,1,2025-05-18,Desktop
4776,68298,4,3179,1,2024-12-31,Mobile
4777,68299,50,4336,1,2025-04-04,Tablet
4778,68323,17,4350,2,2025-01-02,Mobile
4779,68327,51,4100,6,2025-08-30,Tablet
4780,68329,16,4917,6,2025-01-30,Tablet
4781,68339,26,4356,3,2025-10-30,Desktop
4782,68345,20,1087,6,2025-05-07,Tablet
4783,68364,9,301,2,2024-09-05,Tablet
4784,68373,21,3714,3,2026-01-20,Tablet
4785,68384,45,3079,4,2026-04-08,Desktop
4786,68392,9,50,2,2024-08-31,Desktop
4787,68396,15,166,6,2026-04-27,Desktop
4788,68405,54,3973,1,2025-09-05,Tablet
4789,68447,21,4458,3,2026-01-17,Desktop
4790,68469,1,3999,6,2025-03-25,Tablet
4791,68471,59,5316,5,2026-05-01,Desktop
4792,68478,6,5800,5,2025-02-27,Desktop
4793,68497,15,5487,6,2026-05-20,Desktop
4794,68516,16,3673,6,2025-02-28,Mobile
4795,68528,8,3425,2,2025-08-13,Mobile
4796,68551,55,2415,3,2025-08-18,Desktop
4797,68577,11,1074,3,2024-09-17,Mobile
4798,68601,29,1020,1,2025-04-29,Tablet
4799,68628,27,2464,2,2024-10-23,Mobile
4800,68637,9,1699,2,2024-09-04,Desktop
4801,68649,25,1610,3,2024-11-14,Mobile
4802,68655,9,1784,2,2024-09-16,Mobile
4803,68665,28,917,6,2025-04-19,Tablet
4804,68674,32,4696,3,2024-10-06,Mobile
4805,68683,40,3125,5,2026-03-07,Tablet
4806,68688,27,3140,2,2024-10-22,Desktop
4807,68704,30,4976,6,2024-12-04,Desktop
4808,68705,22,2934,5,2024-10-14,Desktop
4809,68722,60,4591,5,2025-04-22,Desktop
4810,68749,53,1663,3,2026-05-11,Mobile
4811,68769,22,1123,5,2024-10-26,Mobile
4812,68777,32,1052,3,2024-09-26,Mobile
4813,68778,59,5034,5,2026-04-29,Tablet
4814,68782,55,1505,3,2025-08-12,Tablet
4815,68784,33,626,3,2026-03-19,Tablet
4816,68811,23,2162,1,2026-01-04,Mobile
4817,68817,30,5609,6,2024-11-16,Mobile
4818,68840,15,3043,6,2026-05-07,Tablet
4819,68849,59,5089,5,2026-04-25,Desktop
4820,68880,5,1736,1,2024-11-05,Desktop
4821,68891,26,1032,3,2025-10-24,Mobile
4822,68892,29,62,1,2025-05-30,Desktop
4823,68896,32,4998,3,2024-11-03,Desktop
4824,68909,50,950,1,2025-04-22,Tablet
4825,68920,58,4155,1,2025-05-17,Desktop
4826,68936,23,3372,1,2026-01-12,Desktop
4827,68940,1,5411,6,2025-04-16,Tablet
4828,68947,32,3766,3,2024-11-06,Mobile
4829,68953,36,5227,5,2025-04-15,Mobile
4830,68970,21,4237,3,2026-01-13,Tablet
4831,68981,23,2745,1,2026-01-08,Tablet
4832,68986,56,3221,5,2024-12-18,Desktop
4833,69002,48,168,2,2026-01-29,Mobile
4834,69015,16,5285,6,2025-01-18,Tablet
4835,69018,52,1263,1,2025-03-22,Desktop
4836,69038,8,4361,2,2025-08-01,Desktop
4837,69040,2,3973,1,2024-11-09,Tablet
4838,69070,26,2063,3,2025-10-25,Mobile
4839,69078,6,4126,5,2025-03-06,Desktop
4840,69080,55,3924,3,2025-08-19,Desktop
4841,69105,21,2961,3,2026-01-10,Tablet
4842,69106,58,4880,1,2025-05-30,Tablet
4843,69120,18,4507,4,2025-04-16,Tablet
4844,69123,19,1447,4,2025-05-27,Desktop
4845,69124,7,3294,5,2026-05-23,Mobile
4846,69134,50,1273,1,2025-03-20,Mobile
4847,69148,31,1643,4,2025-01-25,Mobile
4848,69162,4,403,1,2025-01-20,Tablet
4849,69179,17,187,2,2024-12-20,Desktop
4850,69214,22,977,5,2024-10-11,Desktop
4851,69225,8,4417,2,2025-08-07,Tablet
4852,69287,20,1291,6,2025-05-31,Tablet
4853,69307,9,4884,2,2024-09-15,Tablet
4854,69313,38,797,2,2025-11-22,Desktop
4855,69314,25,1950,3,2024-11-25,Desktop
4856,69330,37,2710,5,2025-01-17,Mobile
4857,69357,8,4782,2,2025-08-05,Desktop
4858,69380,43,2428,2,2026-01-18,Desktop
4859,69416,3,2961,4,2025-12-16,Desktop
4860,69429,31,839,4,2025-01-23,Tablet
4861,69436,39,356,6,2024-12-24,Tablet
4862,69439,19,5447,4,2025-04-24,Mobile
4863,69440,26,3510,3,2025-11-01,Desktop
4864,69457,7,3289,5,2026-05-21,Mobile
4865,69479,22,1249,5,2024-10-20,Mobile
4866,69509,2,2435,1,2024-11-01,Desktop
4867,69520,37,32,5,2025-01-18,Desktop
4868,69544,21,3292,3,2026-01-21,Tablet
4869,69550,49,110,5,2025-09-16,Tablet
4870,69563,53,3961,3,2026-05-07,Desktop
4871,69578,41,2763,3,2026-01-23,Mobile
4872,69587,43,4163,2,2026-01-29,Desktop
4873,69591,55,2118,3,2025-07-20,Mobile
4874,69592,39,5881,6,2024-12-19,Mobile
4875,69601,58,1328,1,2025-05-30,Tablet
4876,69612,3,2439,4,2025-12-11,Tablet
4877,69632,45,2790,4,2026-05-16,Tablet
4878,69648,7,2794,5,2026-05-26,Mobile
4879,69652,8,2085,2,2025-08-12,Tablet
4880,69671,15,3271,6,2026-05-24,Tablet
4881,69703,10,1617,1,2025-12-13,Tablet
4882,69730,42,2314,2,2024-12-01,Mobile
4883,69750,25,4567,3,2024-12-06,Mobile
4884,69766,46,3635,4,2024-12-27,Tablet
4885,69768,33,215,3,2026-02-08,Mobile
4886,69772,40,3655,5,2026-02-27,Mobile
4887,69789,36,2317,5,2025-03-31,Mobile
4888,69797,5,1893,1,2024-10-25,Mobile
4889,69807,60,151,5,2025-04-18,Tablet
4890,69817,36,1444,5,2025-04-04,Desktop
4891,69821,10,5025,1,2025-12-12,Desktop
4892,69828,38,1212,2,2025-11-11,Mobile
4893,69838,50,1164,1,2025-03-04,Tablet
4894,69843,60,295,5,2025-04-18,Desktop
4895,69878,7,842,5,2026-05-22,Mobile
4896,69880,7,5238,5,2026-05-27,Tablet
4897,69881,23,1724,1,2026-01-02,Mobile
4898,69909,57,1461,2,2024-10-24,Desktop
4899,69920,11,2313,3,2024-09-18,Mobile
4900,69921,6,1975,5,2025-01-15,Desktop
4901,69938,51,5172,6,2025-10-10,Mobile
4902,69959,56,5277,5,2024-12-20,Mobile
4903,69970,42,740,2,2024-12-07,Desktop
4904,69973,52,4370,1,2025-03-01,Desktop
4905,69983,4,3951,1,2025-01-12,Mobile
4906,69991,3,3350,4,2025-12-15,Tablet
4907,69995,59,1139,5,2026-05-08,Mobile
4908,69997,12,4306,1,2024-07-26,Mobile
4909,70058,34,5740,3,2025-07-02,Tablet
4910,70059,23,387,1,2026-01-02,Tablet
4911,70067,44,5842,1,2024-12-23,Desktop
4912,70083,36,5161,5,2025-04-02,Mobile
4913,70092,34,2553,3,2025-06-27,Desktop
4914,70114,11,4312,3,2024-08-25,Desktop
4915,70142,27,2813,2,2024-10-21,Mobile
4916,70154,53,3226,3,2026-05-08,Tablet
4917,70177,60,2249,5,2025-04-10,Mobile
4918,70189,4,2743,1,2025-01-23,Tablet
4919,70204,49,2610,5,2025-09-14,Tablet
4920,70205,48,3419,2,2026-01-30,Tablet
4921,70231,41,2957,3,2026-01-23,Mobile
4922,70232,7,5077,5,2026-06-01,Desktop
4923,70249,1,77,6,2025-04-09,Mobile
4924,70288,51,4839,6,2025-09-02,Mobile
4925,70291,15,3658,6,2026-05-24,Tablet
4926,70307,4,1694,1,2025-01-27,Mobile
4927,70308,53,4662,3,2026-05-16,Tablet
4928,70326,42,2886,2,2025-01-07,Tablet
4929,70340,24,1868,6,2025-10-07,Mobile
4930,70345,6,1685,5,2025-03-13,Desktop
4931,70373,28,509,6,2025-04-13,Mobile
4932,70383,21,4233,3,2026-01-23,Tablet
4933,70390,42,5994,2,2024-12-03,Desktop
4934,70406,52,4560,1,2025-03-14,Mobile
4935,70407,37,3850,5,2025-01-03,Desktop
4936,70409,28,5714,6,2025-04-21,Tablet
4937,70413,38,3005,2,2025-11-19,Tablet
4938,70433,36,1984,5,2025-04-09,Desktop
4939,70436,9,4498,2,2024-08-31,Mobile
4940,70455,19,4044,4,2025-05-29,Tablet
4941,70456,12,1839,1,2024-08-02,Desktop
4942,70461,57,1337,2,2024-10-19,Mobile
4943,70462,55,4902,3,2025-08-10,Desktop
4944,70491,60,1072,5,2025-04-29,Tablet
4945,70513,10,540,1,2026-01-10,Desktop
4946,70517,49,5025,5,2025-09-24,Desktop
4947,70518,51,459,6,2025-09-24,Mobile
4948,70537,14,1100,2,2024-12-15,Tablet
4949,70575,57,2389,2,2024-10-25,Mobile
4950,70589,11,1408,3,2024-09-01,Desktop
4951,70608,56,2704,5,2024-12-19,Tablet
4952,70623,39,4279,6,2024-12-09,Desktop
4953,70670,44,4291,1,2024-12-27,Mobile
4954,70673,16,3806,6,2025-02-26,Desktop
4955,70694,15,5000,6,2026-05-12,Desktop
4956,70706,31,1784,4,2025-01-26,Tablet
4957,70707,33,5514,3,2026-01-28,Tablet
4958,70717,51,3157,6,2025-09-19,Mobile
4959,70720,14,3300,2,2024-11-28,Desktop
4960,70730,20,5493,6,2025-04-22,Tablet
4961,70748,39,4684,6,2024-12-19,Tablet
4962,70752,59,3270,5,2026-05-07,Tablet
4963,70763,52,338,1,2025-03-18,Tablet
4964,70781,2,5617,1,2024-11-16,Mobile
4965,70784,1,4121,6,2025-04-12,Mobile
4966,70788,17,5826,2,2024-11-30,Tablet
4967,70792,42,3837,2,2024-12-14,Desktop
4968,70798,49,5174,5,2025-09-08,Tablet
4969,70805,35,3011,6,2025-06-01,Mobile
4970,70821,25,1374,3,2024-11-16,Tablet
4971,70845,25,2554,3,2024-12-06,Desktop
4972,70854,13,748,4,2024-09-05,Tablet
4973,70858,6,2017,5,2025-03-06,Tablet
4974,70860,21,2067,3,2026-01-11,Desktop
4975,70872,56,2437,5,2024-12-11,Mobile
4976,70906,33,2470,3,2026-02-18,Mobile
4977,70920,20,2748,6,2025-05-27,Desktop
4978,70946,17,2063,2,2025-01-08,Mobile
4979,70950,23,887,1,2026-01-03,Mobile
4980,70958,7,3516,5,2026-05-23,Desktop
4981,70986,28,1035,6,2025-04-22,Desktop
4982,71004,24,209,6,2025-10-17,Desktop
4983,71009,46,5630,4,2024-12-29,Tablet
4984,71033,27,1559,2,2024-10-26,Mobile
4985,71038,46,1435,4,2024-12-27,Desktop
4986,71049,10,5846,1,2026-01-16,Mobile
4987,71070,57,5173,2,2024-11-12,Tablet
4988,71079,43,4862,2,2026-01-12,Mobile
4989,71089,7,3508,5,2026-05-26,Mobile
4990,71111,20,3518,6,2025-05-10,Mobile
4991,71115,13,2613,4,2024-08-27,Mobile
4992,71123,58,2026,1,2025-05-10,Tablet
4993,71124,29,2903,1,2025-05-05,Desktop
4994,71125,15,5727,6,2026-05-15,Tablet
4995,71135,15,908,6,2026-05-28,Desktop
4996,71151,39,4976,6,2024-12-01,Mobile
4997,71157,21,2401,3,2026-01-11,Mobile
4998,71163,47,895,3,2024-10-29,Mobile
4999,71167,48,2861,2,2026-02-03,Desktop
5000,71176,46,394,4,2025-01-05,Desktop
5001,71191,56,5576,5,2024-12-22,Tablet
5002,71230,55,5273,3,2025-07-25,Mobile
5003,71248,27,951,2,2024-10-30,Mobile
5004,71251,38,4351,2,2025-11-10,Tablet
5005,71285,21,5735,3,2026-01-21,Mobile
5006,71308,25,3073,3,2024-12-10,Desktop
5007,71315,41,5131,3,2026-01-23,Mobile
5008,71356,1,1029,6,2025-04-12,Desktop
5009,71358,20,4204,6,2025-04-17,Mobile
5010,71359,14,3045,2,2024-12-14,Mobile
5011,71404,10,2653,1,2025-12-02,Desktop
5012,71405,27,5037,2,2024-10-22,Tablet
5013,71406,8,2568,2,2025-08-02,Tablet
5014,71410,18,3311,4,2025-04-05,Tablet
5015,71412,40,4664,5,2026-03-06,Tablet
5016,71443,45,1642,4,2026-05-26,Desktop
5017,71456,55,2697,3,2025-08-11,Desktop
5018,71467,17,4247,2,2024-11-26,Tablet
5019,71483,45,2019,4,2026-05-16,Tablet
5020,71484,21,4128,3,2026-01-11,Desktop
5021,71485,24,3374,6,2025-11-04,Mobile
5022,71488,14,3946,2,2024-11-18,Desktop
5023,71517,31,1454,4,2025-01-21,Tablet
5024,71520,22,1928,5,2024-10-09,Mobile
5025,71523,59,2968,5,2026-05-06,Mobile
5026,71536,33,3618,3,2026-02-14,Mobile
5027,71540,43,3429,2,2026-01-29,Mobile
5028,71544,34,3347,3,2025-06-10,Desktop
5029,71546,31,3072,4,2025-01-21,Desktop
5030,71556,43,4943,2,2026-01-27,Desktop
5031,71583,48,2726,2,2026-02-06,Tablet
5032,71600,38,3435,2,2025-11-19,Tablet
5033,71607,5,5371,1,2024-11-03,Desktop
5034,71609,40,3149,5,2026-03-02,Tablet
5035,71616,41,998,3,2026-01-28,Mobile
5036,71643,34,5435,3,2025-06-11,Tablet
5037,71721,25,5873,3,2024-12-04,Desktop
5038,71724,1,3545,6,2025-04-10,Mobile
5039,71736,39,875,6,2024-12-22,Desktop
5040,71744,12,2795,1,2024-07-24,Desktop
5041,71773,12,1768,1,2024-08-04,Mobile
5042,71813,21,1035,3,2026-01-18,Desktop
5043,71859,23,952,1,2026-01-11,Desktop
5044,71877,25,3296,3,2024-11-28,Mobile
5045,71892,53,3458,3,2026-05-26,Mobile
5046,71893,22,4077,5,2024-10-08,Tablet
5047,71901,26,4018,3,2025-10-27,Tablet
5048,71904,26,3578,3,2025-10-30,Mobile
5049,71906,35,3310,6,2025-06-05,Mobile
5050,71925,26,2125,3,2025-10-25,Tablet
5051,71927,5,4582,1,2024-10-24,Tablet
5052,71938,26,1581,3,2025-11-05,Mobile
5053,71987,30,4374,6,2024-11-28,Mobile
5054,71998,22,4437,5,2024-10-30,Mobile
5055,71999,57,2575,2,2024-10-12,Tablet
5056,72000,27,46,2,2024-10-25,Tablet
5057,72015,31,5007,4,2025-01-19,Desktop
5058,72023,49,2273,5,2025-09-11,Tablet
5059,72027,15,924,6,2026-05-02,Tablet
5060,72042,51,5385,6,2025-09-19,Tablet
5061,72054,2,1054,1,2024-10-30,Mobile
5062,72060,20,5525,6,2025-05-08,Desktop
5063,72076,54,3934,1,2025-09-22,Desktop
5064,72086,39,5316,6,2024-12-10,Desktop
5065,72107,23,3944,1,2026-01-01,Desktop
5066,72141,48,1647,2,2026-02-13,Desktop
5067,72151,59,2254,5,2026-05-06,Mobile
5068,72171,13,5831,4,2024-09-17,Desktop
5069,72191,46,5708,4,2024-12-23,Desktop
5070,72200,52,1479,1,2025-02-19,Desktop
5071,72225,5,118,1,2024-11-18,Mobile
5072,72235,46,4840,4,2025-02-03,Mobile
5073,72265,49,2764,5,2025-09-21,Mobile
5074,72267,49,59,5,2025-09-11,Desktop
5075,72297,58,4607,1,2025-05-17,Mobile
5076,72307,46,5490,4,2024-12-29,Desktop
5077,72340,58,1476,1,2025-05-21,Desktop
5078,72368,19,1934,4,2025-05-28,Mobile
5079,72378,18,2683,4,2025-04-06,Tablet
5080,72388,38,2655,2,2025-11-15,Desktop
5081,72452,6,107,5,2025-01-24,Desktop
5082,72472,48,2364,2,2026-02-02,Tablet
5083,72481,45,5088,4,2026-04-16,Desktop
5084,72486,12,5443,1,2024-07-28,Desktop
5085,72489,54,2148,1,2025-09-04,Mobile
5086,72497,14,1078,2,2024-12-12,Mobile
5087,72507,12,3854,1,2024-08-03,Desktop
5088,72508,20,3546,6,2025-05-09,Desktop
5089,72513,59,3667,5,2026-04-23,Tablet
5090,72523,35,749,6,2025-05-24,Desktop
5091,72536,23,4765,1,2026-01-17,Tablet
5092,72555,42,4194,2,2024-12-07,Desktop
5093,72572,39,168,6,2024-12-21,Desktop
5094,72574,33,236,3,2026-02-11,Mobile
5095,72577,3,842,4,2025-12-10,Tablet
5096,72601,40,2394,5,2026-02-25,Desktop
5097,72661,12,4405,1,2024-08-05,Mobile
5098,72666,53,1756,3,2026-05-15,Mobile
5099,72671,2,3832,1,2024-11-04,Desktop
5100,72675,31,5104,4,2025-01-25,Tablet
5101,72689,57,3266,2,2024-10-21,Mobile
5102,72694,9,827,2,2024-09-12,Mobile
5103,72699,47,3997,3,2024-10-23,Mobile
5104,72702,51,33,6,2025-10-04,Mobile
5105,72708,39,4581,6,2024-12-10,Mobile
5106,72753,50,5905,1,2025-04-16,Tablet
5107,72770,39,1636,6,2024-12-23,Tablet
5108,72771,47,4676,3,2024-10-20,Mobile
5109,72797,16,453,6,2025-03-13,Tablet
5110,72798,31,3085,4,2025-01-20,Desktop
5111,72836,45,5432,4,2026-05-26,Mobile
5112,72841,51,1422,6,2025-09-16,Mobile
5113,72846,30,3032,6,2024-11-24,Desktop
5114,72852,17,2877,2,2024-11-29,Desktop
5115,72880,30,4587,6,2024-11-27,Mobile
5116,72891,47,5195,3,2024-10-22,Desktop
5117,72909,21,5455,3,2026-01-13,Desktop
5118,72931,47,1063,3,2024-11-07,Tablet
5119,72955,2,3922,1,2024-11-11,Mobile
5120,72978,53,5424,3,2026-05-12,Tablet
5121,72982,26,500,3,2025-11-03,Mobile
5122,73017,45,5540,4,2026-05-31,Tablet
5123,73020,40,5910,5,2026-03-04,Tablet
5124,73034,59,3557,5,2026-04-26,Desktop
5125,73064,45,4965,4,2026-05-03,Tablet
5126,73070,29,2622,1,2025-05-09,Desktop
5127,73083,8,2135,2,2025-08-16,Desktop
5128,73088,26,4135,3,2025-10-26,Mobile
5129,73100,18,5164,4,2025-04-28,Tablet
5130,73104,25,5952,3,2024-11-30,Tablet
5131,73112,51,1943,6,2025-08-27,Mobile
5132,73120,36,936,5,2025-04-14,Tablet
5133,73130,47,225,3,2024-11-10,Mobile
5134,73163,48,1374,2,2026-01-26,Tablet
5135,73171,39,1210,6,2024-12-23,Tablet
5136,73178,42,511,2,2025-01-17,Tablet
5137,73194,15,1665,6,2026-05-16,Tablet
5138,73216,2,2551,1,2024-11-23,Mobile
5139,73246,19,2774,4,2025-05-12,Tablet
5140,73254,4,629,1,2024-12-07,Mobile
5141,73271,1,78,6,2025-03-27,Tablet
5142,73281,1,4431,6,2025-04-24,Desktop
5143,73324,7,2964,5,2026-06-08,Desktop
5144,73327,21,2092,3,2026-01-11,Tablet
5145,73332,11,1705,3,2024-08-31,Mobile
5146,73337,32,665,3,2024-09-21,Mobile
5147,73339,14,3072,2,2024-11-16,Desktop
5148,73362,8,3361,2,2025-08-16,Desktop
5149,73376,49,2823,5,2025-09-03,Desktop
5150,73391,21,4467,3,2026-01-20,Desktop
5151,73413,18,5967,4,2025-05-06,Tablet
5152,73424,42,5654,2,2024-12-27,Tablet
5153,73427,14,1889,2,2024-12-02,Tablet
5154,73429,33,1039,3,2026-03-08,Desktop
5155,73431,56,5252,5,2024-12-12,Tablet
5156,73437,14,3799,2,2024-12-01,Mobile
5157,73469,24,5646,6,2025-10-29,Desktop
5158,73486,54,269,1,2025-09-15,Tablet
5159,73519,35,4452,6,2025-05-19,Mobile
5160,73552,56,5987,5,2024-12-16,Desktop
5161,73553,8,47,2,2025-07-22,Mobile
5162,73556,16,1738,6,2025-02-06,Tablet
5163,73567,55,2280,3,2025-08-21,Mobile
5164,73579,47,4221,3,2024-10-26,Desktop
5165,73582,18,4528,4,2025-04-12,Desktop
5166,73591,13,3960,4,2024-09-12,Mobile
5167,73597,41,3843,3,2026-02-20,Mobile
5168,73624,15,5324,6,2026-05-13,Mobile
5169,73631,1,174,6,2025-04-25,Tablet
5170,73642,40,2853,5,2026-02-24,Desktop
5171,73657,39,4976,6,2024-12-26,Tablet
5172,73677,9,5576,2,2024-09-05,Tablet
5173,73688,19,3851,4,2025-04-04,Desktop
5174,73691,24,5573,6,2025-10-06,Tablet
5175,73693,46,4794,4,2025-02-01,Mobile
5176,73732,11,1160,3,2024-08-25,Desktop
5177,73744,42,2319,2,2024-12-27,Tablet
5178,73772,41,466,3,2026-02-20,Mobile
5179,73826,52,5363,1,2025-03-30,Desktop
5180,73834,23,5641,1,2026-01-01,Tablet
5181,73856,29,5873,1,2025-05-27,Desktop
5182,73860,23,3788,1,2026-01-03,Tablet
5183,73868,8,5322,2,2025-08-04,Desktop
5184,73891,59,2716,5,2026-04-24,Tablet
5185,73939,39,442,6,2024-12-02,Desktop
5186,73943,12,4609,1,2024-08-06,Mobile
5187,73945,60,2741,5,2025-04-29,Mobile
5188,73964,35,3936,6,2025-05-17,Desktop
5189,73971,15,4318,6,2026-05-20,Desktop
5190,73978,28,4583,6,2025-04-20,Desktop
5191,74036,3,3254,4,2025-12-05,Tablet
5192,74053,15,302,6,2026-05-05,Mobile
5193,74089,2,2390,1,2024-11-16,Desktop
5194,74099,3,370,4,2025-12-08,Mobile
5195,74109,29,5024,1,2025-05-07,Mobile
5196,74112,49,207,5,2025-09-02,Desktop
5197,74116,50,3158,1,2025-04-10,Mobile
5198,74117,44,5860,1,2025-01-15,Tablet
5199,74139,39,5447,6,2024-12-03,Desktop
5200,74176,7,2643,5,2026-05-28,Mobile
5201,74191,57,791,2,2024-11-12,Mobile
5202,74196,15,2906,6,2026-05-08,Tablet
5203,74215,40,2629,5,2026-03-15,Mobile
5204,74230,22,4943,5,2024-10-16,Desktop
5205,74236,4,5722,1,2024-12-18,Mobile
5206,74288,39,3235,6,2024-12-12,Mobile
5207,74290,40,5306,5,2026-03-14,Tablet
5208,74306,27,5501,2,2024-11-01,Tablet
5209,74319,13,934,4,2024-09-07,Tablet
5210,74328,5,5421,1,2024-11-11,Desktop
5211,74330,16,937,6,2025-02-27,Desktop
5212,74338,17,2770,2,2024-11-28,Desktop
5213,74346,36,5728,5,2025-03-17,Desktop
5214,74357,55,4617,3,2025-08-18,Mobile
5215,74372,32,4793,3,2024-09-29,Desktop
5216,74395,56,1552,5,2024-12-16,Desktop
5217,74426,25,4419,3,2025-01-07,Tablet
5218,74446,13,5976,4,2024-09-08,Desktop
5219,74449,27,417,2,2024-10-25,Tablet
5220,74465,41,3786,3,2026-02-09,Tablet
5221,74486,32,1928,3,2024-09-11,Tablet
5222,74496,13,5347,4,2024-09-17,Tablet
5223,74503,33,5134,3,2026-03-22,Mobile
5224,74513,37,1361,5,2025-01-06,Tablet
5225,74532,28,2522,6,2025-04-28,Mobile
5226,74540,57,863,2,2024-11-21,Tablet
5227,74548,50,5129,1,2025-03-19,Desktop
5228,74557,42,928,2,2025-01-03,Tablet
5229,74566,19,3696,4,2025-04-24,Mobile
5230,74582,2,2666,1,2024-11-09,Tablet
5231,74624,39,914,6,2024-11-27,Mobile
5232,74646,52,2926,1,2025-04-04,Desktop
5233,74669,10,5511,1,2025-12-08,Tablet
5234,74677,19,5287,4,2025-05-13,Tablet
5235,74685,16,4348,6,2025-03-07,Desktop
5236,74741,51,2624,6,2025-09-02,Mobile
5237,74749,27,4784,2,2024-11-03,Desktop
5238,74750,26,1420,3,2025-10-30,Mobile
5239,74760,9,3066,2,2024-09-09,Tablet
5240,74761,37,326,5,2025-01-02,Mobile
5241,74776,11,2038,3,2024-08-27,Tablet
5242,74777,51,4132,6,2025-09-29,Desktop
5243,74790,6,288,5,2025-03-08,Tablet
5244,74796,21,10,3,2026-01-08,Desktop
5245,74798,58,3676,1,2025-05-17,Tablet
5246,74821,47,5028,3,2024-11-08,Desktop
5247,74836,41,2874,3,2026-01-24,Mobile
5248,74840,25,3732,3,2024-12-29,Mobile
5249,74850,39,2533,6,2024-11-29,Tablet
5250,74862,24,3667,6,2025-10-18,Tablet
5251,74905,29,5344,1,2025-05-15,Tablet
5252,74944,54,673,1,2025-09-17,Tablet
5253,74951,36,1403,5,2025-04-26,Tablet
5254,74963,15,1552,6,2026-05-16,Desktop
5255,74980,20,1510,6,2025-05-05,Mobile
5256,74986,54,526,1,2025-09-10,Tablet
5257,74991,55,4478,3,2025-07-15,Tablet
5258,75006,23,11,1,2026-01-04,Mobile
5259,75029,37,3098,5,2025-01-23,Tablet
5260,75055,2,5007,1,2024-11-11,Tablet
5261,75068,58,3375,1,2025-05-17,Tablet
5262,75069,14,3140,2,2024-12-05,Mobile
5263,75085,56,4735,5,2024-12-12,Desktop
5264,75125,52,482,1,2025-03-14,Mobile
5265,75149,24,1333,6,2025-10-10,Desktop
5266,75184,38,5074,2,2025-11-19,Tablet
5267,75216,18,567,4,2025-04-02,Desktop
5268,75222,40,2841,5,2026-03-13,Mobile
5269,75228,57,2213,2,2024-11-21,Desktop
5270,75238,1,4464,6,2025-04-13,Desktop
5271,75255,47,5483,3,2024-10-10,Desktop
5272,75267,14,2220,2,2024-11-18,Mobile
5273,75269,22,357,5,2024-10-22,Mobile
5274,75297,30,1677,6,2024-12-02,Desktop
5275,75332,15,4518,6,2026-04-24,Mobile
5276,75339,37,2133,5,2025-01-04,Desktop
5277,75345,35,2952,6,2025-05-26,Tablet
5278,75379,58,3904,1,2025-05-22,Mobile
5279,75395,28,3311,6,2025-05-08,Tablet
5280,75407,43,5830,2,2026-01-28,Tablet
5281,75417,27,3608,2,2024-10-30,Mobile
5282,75422,58,1081,1,2025-05-18,Tablet
5283,75424,56,4979,5,2024-12-21,Tablet
5284,75440,57,2002,2,2024-10-11,Tablet
5285,75443,6,5956,5,2025-01-21,Desktop
5286,75472,8,5959,2,2025-07-24,Tablet
5287,75477,56,503,5,2024-12-21,Tablet
5288,75484,35,1648,6,2025-06-05,Tablet
5289,75502,13,3386,4,2024-09-03,Mobile
5290,75506,3,3942,4,2025-12-08,Tablet
5291,75507,31,1635,4,2025-01-24,Desktop
5292,75511,46,2339,4,2025-02-06,Tablet
5293,75519,11,3952,3,2024-09-18,Desktop
5294,75520,13,4862,4,2024-09-12,Mobile
5295,75564,5,3608,1,2024-11-08,Desktop
5296,75577,59,3103,5,2026-04-27,Mobile
5297,75586,55,1430,3,2025-08-03,Mobile
5298,75592,33,1992,3,2026-02-01,Tablet
5299,75597,1,3386,6,2025-03-28,Mobile
5300,75601,29,5225,1,2025-05-06,Tablet
5301,75613,35,3253,6,2025-05-22,Tablet
5302,75627,47,2576,3,2024-11-12,Mobile
5303,75630,40,1010,5,2026-03-03,Tablet
5304,75634,45,1606,4,2026-04-09,Mobile
5305,75655,52,4719,1,2025-03-11,Mobile
5306,75667,34,4479,3,2025-07-02,Tablet
5307,75692,58,5643,1,2025-05-07,Mobile
5308,75722,11,2939,3,2024-08-28,Desktop
5309,75738,60,2677,5,2025-04-17,Tablet
5310,75763,40,1183,5,2026-02-26,Desktop
5311,75770,23,277,1,2026-01-03,Tablet
5312,75787,52,4672,1,2025-03-28,Desktop
5313,75794,13,4279,4,2024-09-12,Desktop
5314,75813,39,3939,6,2024-12-16,Tablet
5315,75854,29,1035,1,2025-04-18,Tablet
5316,75911,12,1344,1,2024-07-25,Tablet
5317,75915,15,4444,6,2026-05-27,Mobile
5318,75949,17,3263,2,2024-12-20,Desktop
5319,75978,3,1554,4,2025-12-09,Tablet
5320,75983,8,4984,2,2025-08-16,Desktop
5321,75984,40,87,5,2026-02-21,Desktop
5322,75999,28,1378,6,2025-04-15,Tablet
5323,76020,46,2791,4,2025-02-05,Tablet
5324,76027,38,2877,2,2025-11-23,Mobile
5325,76031,56,1642,5,2024-12-20,Tablet
5326,76036,40,1734,5,2026-03-05,Mobile
5327,76045,38,5624,2,2025-11-11,Mobile
5328,76072,25,2939,3,2025-01-04,Tablet
5329,76090,36,3367,5,2025-04-25,Mobile
5330,76098,40,1883,5,2026-03-08,Desktop
5331,76113,14,5742,2,2024-12-10,Tablet
5332,76135,52,4924,1,2025-02-11,Mobile
5333,76170,23,5029,1,2026-01-18,Tablet
5334,76181,54,418,1,2025-09-25,Mobile
5335,76184,56,4806,5,2024-12-17,Desktop
5336,76198,51,5819,6,2025-09-12,Mobile
5337,76214,21,5448,3,2026-01-24,Mobile
5338,76230,12,4984,1,2024-07-29,Mobile
5339,76261,22,1042,5,2024-10-20,Mobile
5340,76264,46,3630,4,2025-01-24,Tablet
5341,76274,33,4318,3,2026-03-18,Desktop
5342,76280,9,5325,2,2024-09-02,Tablet
5343,76298,35,3737,6,2025-05-16,Desktop
5344,76312,8,3203,2,2025-07-19,Tablet
5345,76319,39,2522,6,2024-12-24,Tablet
5346,76327,5,2354,1,2024-11-11,Desktop
5347,76329,21,3319,3,2026-01-14,Mobile
5348,76343,21,211,3,2026-01-21,Mobile
5349,76363,56,5734,5,2024-12-13,Desktop
5350,76365,20,591,6,2025-05-31,Tablet
5351,76368,54,942,1,2025-09-10,Desktop
5352,76400,13,2391,4,2024-09-15,Desktop
5353,76427,8,4739,2,2025-08-09,Mobile
5354,76429,47,2814,3,2024-10-19,Mobile
5355,76452,40,1770,5,2026-03-12,Desktop
5356,76467,25,5139,3,2025-01-07,Mobile
5357,76477,60,4144,5,2025-04-27,Tablet
5358,76488,27,3252,2,2024-10-23,Mobile
5359,76489,42,2264,2,2024-12-02,Mobile
5360,76495,48,710,2,2026-02-03,Tablet
5361,76499,44,411,1,2024-12-06,Mobile
5362,76511,41,404,3,2026-02-07,Desktop
5363,76550,26,4035,3,2025-11-02,Desktop
5364,76592,11,1491,3,2024-09-12,Desktop
5365,76610,51,2919,6,2025-10-08,Desktop
5366,76615,36,3803,5,2025-04-06,Tablet
5367,76618,21,5364,3,2026-01-12,Mobile
5368,76673,17,352,2,2024-11-26,Desktop
5369,76679,29,3090,1,2025-04-21,Tablet
5370,76696,23,5888,1,2026-01-16,Mobile
5371,76721,10,3878,1,2025-12-30,Desktop
5372,76771,51,1709,6,2025-08-31,Mobile
5373,76772,21,2914,3,2026-01-22,Mobile
5374,76786,8,285,2,2025-07-18,Tablet
5375,76808,41,5522,3,2026-02-09,Desktop
5376,76850,7,461,5,2026-05-17,Mobile
5377,76857,50,1012,1,2025-03-18,Desktop
5378,76881,24,4318,6,2025-10-16,Tablet
5379,76904,56,4981,5,2024-12-19,Tablet
5380,76961,38,4677,2,2025-11-11,Mobile
5381,76980,37,4855,5,2025-01-06,Tablet
5382,76981,14,5918,2,2024-11-26,Tablet
5383,76982,20,2828,6,2025-05-23,Mobile
5384,76998,52,213,1,2025-03-27,Mobile
5385,77003,29,2034,1,2025-04-14,Mobile
5386,77012,45,5560,4,2026-05-24,Tablet
5387,77014,59,4739,5,2026-05-10,Mobile
5388,77020,60,5629,5,2025-04-12,Mobile
5389,77021,1,821,6,2025-03-26,Mobile
5390,77031,56,1664,5,2024-12-14,Mobile
5391,77035,16,2165,6,2025-03-06,Mobile
5392,77049,3,4253,4,2025-12-13,Mobile
5393,77080,23,5433,1,2026-01-13,Tablet
5394,77099,51,893,6,2025-09-21,Mobile
5395,77105,43,3828,2,2026-01-16,Mobile
5396,77107,43,886,2,2026-01-19,Tablet
5397,77173,10,1085,1,2025-12-31,Tablet
5398,77183,32,2312,3,2024-10-22,Tablet
5399,77184,30,4529,6,2024-11-25,Mobile
5400,77193,55,5185,3,2025-08-05,Tablet
5401,77255,26,4320,3,2025-10-27,Tablet
5402,77280,44,879,1,2024-12-04,Desktop
5403,77324,35,4004,6,2025-05-30,Mobile
5404,77339,56,3661,5,2024-12-17,Desktop
5405,77349,4,2924,1,2025-01-14,Tablet
5406,77353,20,3418,6,2025-05-13,Mobile
5407,77363,19,1198,4,2025-04-11,Desktop
5408,77382,26,4206,3,2025-11-06,Mobile
5409,77390,15,723,6,2026-05-05,Mobile
5410,77398,56,5154,5,2024-12-17,Mobile
5411,77401,28,2327,6,2025-05-07,Desktop
5412,77402,51,1473,6,2025-08-31,Desktop
5413,77408,36,1342,5,2025-04-24,Mobile
5414,77431,49,3761,5,2025-10-05,Mobile
5415,77438,7,4358,5,2026-06-03,Tablet
5416,77453,29,1843,1,2025-05-08,Desktop
5417,77455,21,2479,3,2026-01-11,Desktop
5418,77461,35,5336,6,2025-05-17,Mobile
5419,77464,37,5735,5,2025-01-26,Tablet
5420,77484,20,880,6,2025-05-23,Desktop
5421,77494,31,2735,4,2025-01-29,Desktop
5422,77525,7,3448,5,2026-05-31,Desktop
5423,77543,42,5433,2,2025-01-02,Desktop
5424,77551,7,5255,5,2026-05-28,Mobile
5425,77563,12,1683,1,2024-07-22,Desktop
5426,77564,34,2565,3,2025-06-27,Tablet
5427,77571,26,4564,3,2025-11-02,Desktop
5428,77572,52,362,1,2025-03-05,Mobile
5429,77603,5,1928,1,2024-10-31,Desktop
5430,77609,47,3433,3,2024-10-14,Desktop
5431,77619,41,1373,3,2026-02-02,Desktop
5432,77633,9,2033,2,2024-09-16,Desktop
5433,77656,36,1376,5,2025-05-01,Tablet
5434,77658,43,5971,2,2026-01-11,Desktop
5435,77665,8,5282,2,2025-08-04,Desktop
5436,77699,7,889,5,2026-06-03,Tablet
5437,77700,53,662,3,2026-05-05,Tablet
5438,77703,49,4827,5,2025-09-10,Tablet
5439,77711,56,2996,5,2024-12-13,Desktop
5440,77722,37,5744,5,2025-01-17,Desktop
5441,77723,18,2051,4,2025-03-16,Mobile
5442,77726,33,565,3,2026-03-25,Tablet
5443,77770,53,2940,3,2026-05-13,Tablet
5444,77775,54,1947,1,2025-09-15,Mobile
5445,77782,26,773,3,2025-11-04,Tablet
5446,77786,2,251,1,2024-11-09,Tablet
5447,77796,19,2680,4,2025-04-16,Tablet
5448,77826,12,5763,1,2024-07-28,Desktop
5449,77831,12,5993,1,2024-07-28,Tablet
5450,77849,1,5947,6,2025-04-20,Desktop
5451,77916,38,4932,2,2025-11-14,Tablet
5452,77920,17,1566,2,2024-11-27,Mobile
5453,77921,19,3140,4,2025-06-03,Mobile
5454,77929,24,2546,6,2025-10-26,Desktop
5455,77962,8,962,2,2025-08-14,Tablet
5456,77967,47,2727,3,2024-11-01,Tablet
5457,77979,15,48,6,2026-05-11,Mobile
5458,77998,2,3953,1,2024-11-12,Desktop
5459,78014,14,2046,2,2024-11-20,Mobile
5460,78022,17,139,2,2024-11-30,Mobile
5461,78024,42,5447,2,2024-11-25,Mobile
5462,78032,27,599,2,2024-10-25,Mobile
5463,78038,7,5760,5,2026-05-31,Tablet
5464,78040,50,681,1,2025-03-05,Tablet
5465,78044,48,5277,2,2026-02-03,Tablet
5466,78050,60,25,5,2025-04-20,Tablet
5467,78056,16,137,6,2025-02-07,Desktop
5468,78092,19,4342,4,2025-04-12,Mobile
5469,78106,38,3837,2,2025-11-10,Desktop
5470,78117,1,398,6,2025-05-07,Tablet
5471,78120,8,3746,2,2025-07-26,Tablet
5472,78132,52,2915,1,2025-02-25,Mobile
5473,78133,29,3998,1,2025-05-14,Desktop
5474,78154,48,2148,2,2026-02-10,Desktop
5475,78183,12,3274,1,2024-07-31,Desktop
5476,78208,38,3334,2,2025-11-12,Tablet
5477,78217,19,5590,4,2025-05-19,Tablet
5478,78222,36,310,5,2025-04-10,Mobile
5479,78260,21,2722,3,2026-01-22,Tablet
5480,78267,50,4401,1,2025-03-30,Mobile
5481,78292,45,4580,4,2026-05-20,Tablet
5482,78300,37,3475,5,2025-01-10,Desktop
5483,78301,12,3897,1,2024-07-24,Mobile
5484,78307,19,2538,4,2025-04-10,Desktop
5485,78323,44,4009,1,2024-12-04,Tablet
5486,78343,45,5201,4,2026-06-01,Desktop
5487,78355,49,562,5,2025-09-23,Tablet
5488,78397,1,1771,6,2025-04-14,Desktop
5489,78411,16,1317,6,2025-02-07,Desktop
5490,78428,52,4064,1,2025-03-07,Desktop
5491,78435,55,3907,3,2025-08-01,Mobile
5492,78438,19,3856,4,2025-04-11,Mobile
5493,78440,46,2958,4,2025-01-30,Desktop
5494,78457,42,2395,2,2025-01-16,Desktop
5495,78485,25,4628,3,2025-01-02,Desktop
5496,78508,47,3671,3,2024-11-05,Desktop
5497,78515,27,4242,2,2024-11-02,Tablet
5498,78535,5,2162,1,2024-11-19,Desktop
5499,78537,3,4573,4,2025-12-17,Mobile
5500,78541,46,4767,4,2025-01-30,Desktop
5501,78549,2,3448,1,2024-11-09,Mobile
5502,78564,9,302,2,2024-08-27,Tablet
5503,78566,14,5250,2,2024-12-07,Mobile
5504,78567,5,3181,1,2024-11-14,Mobile
5505,78589,42,1529,2,2024-12-16,Mobile
5506,78600,40,3921,5,2026-03-06,Desktop
5507,78605,37,1560,5,2025-01-06,Desktop
5508,78682,56,2163,5,2024-12-13,Tablet
5509,78688,52,176,1,2025-03-15,Mobile
5510,78714,50,3448,1,2025-04-25,Tablet
5511,78768,28,2696,6,2025-05-10,Desktop
5512,78790,50,5895,1,2025-03-14,Desktop
5513,78791,48,3299,2,2026-02-03,Tablet
5514,78798,11,5846,3,2024-09-01,Desktop
5515,78802,27,1272,2,2024-10-27,Desktop
5516,78806,23,100,1,2026-01-18,Desktop
5517,78840,56,4387,5,2024-12-22,Desktop
5518,78851,3,5794,4,2025-12-14,Desktop
5519,78854,7,4945,5,2026-05-17,Desktop
5520,78872,50,3522,1,2025-04-27,Mobile
5521,78875,22,3407,5,2024-10-05,Mobile
5522,78882,45,3496,4,2026-05-03,Desktop
5523,78886,28,3985,6,2025-05-01,Tablet
5524,78906,53,3460,3,2026-05-15,Tablet
5525,78908,54,3793,1,2025-09-26,Mobile
5526,78921,12,1998,1,2024-07-27,Mobile
5527,78925,28,4108,6,2025-05-12,Desktop
5528,78947,44,3705,1,2024-12-29,Desktop
5529,78960,7,4157,5,2026-05-21,Tablet
5530,78963,60,3468,5,2025-04-12,Desktop
5531,78998,49,3586,5,2025-09-05,Desktop
5532,79003,55,3566,3,2025-07-20,Desktop
5533,79022,30,1000,6,2024-11-21,Mobile
5534,79079,32,4427,3,2024-09-27,Desktop
5535,79085,50,3260,1,2025-04-30,Desktop
5536,79107,39,3686,6,2024-12-05,Tablet
5537,79119,44,1285,1,2024-12-08,Tablet
5538,79134,13,5992,4,2024-09-13,Tablet
5539,79138,10,3727,1,2025-12-23,Tablet
5540,79141,50,1454,1,2025-04-19,Tablet
5541,79182,47,3835,3,2024-10-09,Tablet
5542,79207,58,4120,1,2025-05-26,Mobile
5543,79208,60,3423,5,2025-04-20,Tablet
5544,79212,14,1081,2,2024-11-21,Mobile
5545,79213,38,707,2,2025-11-10,Mobile
5546,79249,44,948,1,2024-12-18,Mobile
5547,79278,7,3917,5,2026-05-20,Desktop
5548,79299,44,2052,1,2024-12-01,Desktop
5549,79302,29,511,1,2025-04-23,Desktop
5550,79304,26,2928,3,2025-11-05,Desktop
5551,79309,55,3492,3,2025-08-08,Tablet
5552,79332,46,3138,4,2025-01-03,Desktop
5553,79349,19,1851,4,2025-04-18,Mobile
5554,79370,22,5817,5,2024-11-04,Tablet
5555,79377,17,2968,2,2024-11-25,Tablet
5556,79383,16,1330,6,2025-01-19,Tablet
5557,79427,9,920,2,2024-08-29,Tablet
5558,79461,44,1357,1,2025-01-01,Tablet
5559,79486,36,1387,5,2025-04-13,Tablet
5560,79498,22,3714,5,2024-10-20,Tablet
5561,79502,18,4051,4,2025-04-18,Tablet
5562,79506,41,2180,3,2026-02-05,Desktop
5563,79545,16,1321,6,2025-01-19,Desktop
5564,79546,54,275,1,2025-09-10,Desktop
5565,79553,2,2942,1,2024-11-08,Mobile
5566,79558,12,2861,1,2024-07-31,Mobile
5567,79572,31,5098,4,2025-01-26,Mobile
5568,79576,51,4877,6,2025-10-01,Desktop
5569,79613,20,5387,6,2025-05-02,Tablet
5570,79640,51,914,6,2025-09-28,Mobile
5571,79641,25,5453,3,2024-11-28,Tablet
5572,79655,6,4483,5,2025-03-10,Mobile
5573,79673,43,2301,2,2026-01-17,Desktop
5574,79676,19,3062,4,2025-04-23,Mobile
5575,79686,6,2064,5,2025-01-25,Desktop
5576,79693,33,3687,3,2026-03-17,Mobile
5577,79717,42,4160,2,2024-11-27,Desktop
5578,79718,50,4441,1,2025-04-21,Desktop
5579,79719,27,3541,2,2024-10-22,Desktop
5580,79721,4,5321,1,2024-12-31,Tablet
5581,79726,30,5802,6,2024-11-20,Tablet
5582,79731,37,4300,5,2025-01-07,Tablet
5583,79740,50,3902,1,2025-04-26,Desktop
5584,79741,36,4880,5,2025-04-12,Mobile
5585,79828,37,3994,5,2025-01-25,Tablet
5586,79872,55,3340,3,2025-07-22,Desktop
5587,79929,56,3340,5,2024-12-16,Tablet
5588,79962,21,5471,3,2026-01-12,Desktop
5589,79980,51,617,6,2025-09-12,Desktop
5590,79984,14,3865,2,2024-12-04,Tablet
5591,79990,38,1772,2,2025-11-24,Desktop
5592,80011,50,472,1,2025-04-02,Tablet
5593,80019,42,3685,2,2025-01-10,Desktop
5594,80020,55,469,3,2025-08-03,Mobile
5595,80035,42,2587,2,2024-12-08,Desktop
5596,80060,51,5003,6,2025-09-13,Tablet
5597,80094,14,5276,2,2024-11-27,Desktop
5598,80107,45,4202,4,2026-04-21,Mobile
5599,80111,37,1327,5,2025-01-11,Desktop
5600,80115,1,2397,6,2025-03-31,Tablet
5601,80138,53,4951,3,2026-05-13,Mobile
5602,80144,37,998,5,2025-01-07,Tablet
5603,80147,11,267,3,2024-09-24,Mobile
5604,80173,29,2464,1,2025-04-25,Mobile
5605,80181,51,1390,6,2025-08-28,Mobile
5606,80199,7,2428,5,2026-05-23,Mobile
5607,80212,1,5807,6,2025-05-03,Desktop
5608,80222,3,2315,4,2025-12-09,Mobile
5609,80229,24,5037,6,2025-10-14,Mobile
5610,80254,26,674,3,2025-10-26,Tablet
5611,80280,56,4682,5,2024-12-14,Desktop
5612,80288,38,2502,2,2025-11-16,Tablet
5613,80306,44,2209,1,2024-12-29,Tablet
5614,80357,55,1497,3,2025-08-20,Mobile
5615,80387,39,2501,6,2024-12-02,Mobile
5616,80392,14,5449,2,2024-11-20,Mobile
5617,80418,15,5517,6,2026-05-08,Mobile
5618,80445,43,5054,2,2026-01-30,Tablet
5619,80447,47,3793,3,2024-10-03,Desktop
5620,80463,12,310,1,2024-07-29,Mobile
5621,80467,42,5750,2,2024-12-11,Tablet
5622,80482,44,4507,1,2024-12-11,Tablet
5623,80483,58,2235,1,2025-05-31,Tablet
5624,80486,28,4009,6,2025-04-14,Mobile
5625,80503,50,1554,1,2025-04-10,Mobile
5626,80519,23,2216,1,2026-01-12,Mobile
5627,80521,19,1716,4,2025-06-01,Desktop
5628,80528,29,317,1,2025-04-29,Mobile
5629,80556,43,4585,2,2026-01-20,Desktop
5630,80561,41,2676,3,2026-01-29,Mobile
5631,80563,1,3951,6,2025-03-29,Tablet
5632,80564,22,1150,5,2024-10-07,Mobile
5633,80615,57,2043,2,2024-11-12,Desktop
5634,80627,8,4297,2,2025-07-31,Mobile
5635,80630,52,740,1,2025-04-03,Desktop
5636,80663,25,3891,3,2024-12-28,Tablet
5637,80664,16,1107,6,2025-01-21,Desktop
5638,80671,49,1678,5,2025-10-06,Mobile
5639,80681,60,5601,5,2025-04-26,Mobile
5640,80682,46,46,4,2024-12-29,Desktop
5641,80721,40,5106,5,2026-03-02,Mobile
5642,80728,32,2966,3,2024-10-07,Tablet
5643,80734,50,1333,1,2025-03-10,Desktop
5644,80747,50,1269,1,2025-03-24,Desktop
5645,80775,59,763,5,2026-04-21,Mobile
5646,80776,56,4350,5,2024-12-23,Mobile
5647,80792,60,1083,5,2025-04-14,Tablet
5648,80807,60,2186,5,2025-04-15,Mobile
5649,80815,53,5274,3,2026-05-10,Desktop
5650,80832,33,1074,3,2026-02-21,Mobile
5651,80833,52,4035,1,2025-03-06,Mobile
5652,80844,54,4099,1,2025-09-19,Mobile
5653,80863,20,3786,6,2025-04-19,Desktop
5654,80875,58,1366,1,2025-05-18,Mobile
5655,80877,18,4662,4,2025-03-20,Mobile
5656,80881,17,5886,2,2024-11-24,Mobile
5657,80900,46,2858,4,2025-01-14,Tablet
5658,80907,34,1852,3,2025-06-20,Tablet
5659,80929,59,3325,5,2026-04-27,Mobile
5660,80932,43,5888,2,2026-01-09,Tablet
5661,80963,3,3845,4,2025-12-13,Mobile
5662,80971,57,1501,2,2024-11-18,Mobile
5663,80981,56,3908,5,2024-12-21,Tablet
5664,81002,22,5065,5,2024-10-06,Desktop
5665,81032,10,4545,1,2026-01-26,Tablet
5666,81035,30,4602,6,2024-12-01,Desktop
5667,81096,17,5630,2,2025-01-06,Mobile
5668,81108,55,1042,3,2025-08-09,Desktop
5669,81121,36,3584,5,2025-04-05,Mobile
5670,81142,43,5265,2,2026-01-25,Desktop
5671,81161,26,1157,3,2025-10-24,Tablet
5672,81163,24,1908,6,2025-10-25,Tablet
5673,81195,46,4084,4,2024-12-31,Desktop
5674,81211,2,5698,1,2024-11-21,Desktop
5675,81221,16,5884,6,2025-02-10,Desktop
5676,81227,43,3027,2,2026-01-25,Desktop
5677,81232,27,4500,2,2024-10-22,Mobile
5678,81244,5,855,1,2024-10-29,Desktop
5679,81246,53,3965,3,2026-05-22,Desktop
5680,81253,14,4806,2,2024-11-17,Desktop
5681,81254,9,4511,2,2024-09-16,Mobile
5682,81270,10,1481,1,2025-12-25,Mobile
5683,81289,57,5641,2,2024-10-12,Tablet
5684,81298,25,2084,3,2024-12-25,Tablet
5685,81300,56,4700,5,2024-12-25,Desktop
5686,81310,7,1084,5,2026-06-02,Desktop
5687,81318,56,1557,5,2024-12-11,Mobile
5688,81327,15,1618,6,2026-05-19,Tablet
5689,81345,33,2447,3,2026-02-27,Mobile
5690,81355,46,3586,4,2025-01-19,Desktop
5691,81361,33,2672,3,2026-03-22,Mobile
5692,81382,25,4176,3,2024-12-12,Desktop
5693,81419,44,5805,1,2024-12-18,Desktop
5694,81446,39,2641,6,2024-12-11,Tablet
5695,81451,40,4044,5,2026-03-01,Mobile
5696,81458,20,1693,6,2025-04-16,Mobile
5697,81461,6,4320,5,2025-02-15,Desktop
5698,81477,54,1155,1,2025-09-25,Tablet
5699,81479,37,521,5,2025-01-11,Mobile
5700,81496,5,3913,1,2024-11-06,Desktop
5701,81515,8,3726,2,2025-07-23,Desktop
5702,81544,50,5530,1,2025-03-07,Mobile
5703,81549,35,3918,6,2025-05-21,Mobile
5704,81552,37,5812,5,2025-01-06,Tablet
5705,81553,34,1242,3,2025-06-16,Mobile
5706,81584,16,2273,6,2025-02-16,Desktop
5707,81593,3,5457,4,2025-12-13,Tablet
5708,81594,35,4855,6,2025-05-31,Mobile
5709,81622,13,1603,4,2024-09-05,Desktop
5710,81631,51,2163,6,2025-10-08,Tablet
5711,81673,20,986,6,2025-05-14,Desktop
5712,81683,42,386,2,2024-12-14,Tablet
5713,81713,14,5907,2,2024-11-23,Desktop
5714,81724,18,1560,4,2025-04-09,Tablet
5715,81734,24,5392,6,2025-10-16,Tablet
5716,81740,5,4997,1,2024-10-27,Mobile
5717,81751,26,2618,3,2025-10-23,Mobile
5718,81758,14,5917,2,2024-12-15,Tablet
5719,81765,42,4993,2,2024-12-07,Desktop
5720,81781,50,900,1,2025-04-20,Tablet
5721,81795,56,2612,5,2024-12-11,Desktop
5722,81823,55,1846,3,2025-07-14,Desktop
5723,81839,4,1632,1,2025-01-30,Desktop
5724,81858,40,1408,5,2026-03-07,Mobile
5725,81893,32,1933,3,2024-10-06,Desktop
5726,81900,55,3475,3,2025-07-23,Tablet
5727,81932,44,4885,1,2025-01-09,Mobile
5728,81978,9,1240,2,2024-09-04,Tablet
5729,81995,31,660,4,2025-01-31,Desktop
5730,81999,7,188,5,2026-05-17,Tablet
5731,82010,54,2423,1,2025-09-26,Mobile
5732,82044,2,626,1,2024-10-30,Mobile
5733,82045,38,950,2,2025-11-10,Mobile
5734,82047,36,212,5,2025-04-28,Tablet
5735,82069,20,5803,6,2025-05-07,Mobile
5736,82083,2,3724,1,2024-11-23,Tablet
5737,82094,15,2673,6,2026-05-30,Mobile
5738,82105,56,3594,5,2024-12-20,Desktop
5739,82112,52,2821,1,2025-03-30,Mobile
5740,82117,17,3857,2,2024-11-25,Tablet
5741,82121,16,914,6,2025-03-03,Mobile
5742,82135,28,357,6,2025-04-20,Desktop
5743,82146,43,5183,2,2026-01-14,Desktop
5744,82149,34,277,3,2025-06-12,Desktop
5745,82151,4,2617,1,2025-01-07,Desktop
5746,82161,26,3235,3,2025-10-30,Mobile
5747,82164,51,777,6,2025-09-19,Desktop
5748,82187,40,3470,5,2026-03-04,Desktop
5749,82204,12,4860,1,2024-07-21,Mobile
5750,82212,25,2676,3,2024-12-21,Tablet
5751,82213,41,334,3,2026-02-03,Tablet
5752,82215,21,2823,3,2026-01-22,Tablet
5753,82216,33,3076,3,2026-02-09,Tablet
5754,82235,25,1901,3,2024-11-09,Tablet
5755,82251,24,2023,6,2025-11-17,Tablet
5756,82275,53,3578,3,2026-05-18,Tablet
5757,82333,1,5495,6,2025-04-19,Tablet
5758,82334,45,2177,4,2026-04-25,Desktop
5759,82352,47,1278,3,2024-10-17,Desktop
5760,82364,20,666,6,2025-04-18,Desktop
5761,82370,35,5280,6,2025-06-03,Desktop
5762,82381,28,3050,6,2025-04-17,Mobile
5763,82393,47,4106,3,2024-11-04,Tablet
5764,82395,23,2685,1,2026-01-16,Tablet
5765,82396,4,125,1,2025-01-06,Tablet
5766,82406,42,5555,2,2025-01-22,Desktop
5767,82414,37,5582,5,2025-01-14,Tablet
5768,82420,17,908,2,2024-12-18,Desktop
5769,82457,33,4016,3,2026-03-08,Mobile
5770,82512,3,1036,4,2025-12-16,Tablet
5771,82530,32,2665,3,2024-09-12,Tablet
5772,82544,7,4983,5,2026-05-22,Mobile
5773,82555,51,4083,6,2025-10-04,Tablet
5774,82556,60,4004,5,2025-04-08,Tablet
5775,82560,31,3952,4,2025-01-30,Tablet
5776,82563,35,3103,6,2025-05-24,Tablet
5777,82583,24,2923,6,2025-10-08,Tablet
5778,82591,37,272,5,2025-01-19,Mobile
5779,82600,40,1164,5,2026-02-22,Mobile
5780,82621,12,4480,1,2024-08-01,Tablet
5781,82672,12,3589,1,2024-07-31,Tablet
5782,82696,56,1530,5,2024-12-23,Mobile
5783,82722,14,1831,2,2024-11-18,Desktop
5784,82754,30,3742,6,2024-11-28,Mobile
5785,82765,16,1572,6,2025-02-19,Desktop
5786,82766,39,2495,6,2024-12-07,Desktop
5787,82786,49,3269,5,2025-09-04,Desktop
5788,82822,58,5316,1,2025-05-23,Mobile
5789,82825,11,3352,3,2024-09-17,Mobile
5790,82833,51,858,6,2025-09-01,Desktop
5791,82840,30,4156,6,2024-11-20,Tablet
5792,82850,41,4264,3,2026-02-15,Mobile
5793,82867,25,3429,3,2024-12-05,Tablet
5794,82871,30,1035,6,2024-11-22,Tablet
5795,82912,39,1798,6,2024-12-11,Desktop
5796,82918,35,614,6,2025-05-23,Mobile
5797,82955,26,439,3,2025-11-03,Tablet
5798,82962,38,5871,2,2025-11-09,Tablet
5799,83010,59,692,5,2026-04-20,Tablet
5800,83018,28,80,6,2025-04-20,Desktop
5801,83074,6,1322,5,2025-01-27,Desktop
5802,83085,39,1627,6,2024-12-18,Mobile
5803,83086,22,4288,5,2024-10-29,Mobile
5804,83088,28,2894,6,2025-05-13,Desktop
5805,83129,35,3430,6,2025-05-29,Tablet
5806,83131,40,5721,5,2026-03-12,Desktop
5807,83152,24,3630,6,2025-10-13,Desktop
5808,83185,33,3656,3,2026-03-16,Desktop
5809,83198,27,4206,2,2024-10-27,Tablet
5810,83209,53,332,3,2026-05-08,Desktop
5811,83221,26,892,3,2025-11-01,Desktop
5812,83227,11,4534,3,2024-09-15,Tablet
5813,83234,47,5449,3,2024-11-13,Mobile
5814,83240,27,415,2,2024-10-26,Desktop
5815,83257,49,1983,5,2025-10-09,Mobile
5816,83291,58,3971,1,2025-05-24,Mobile
5817,83298,52,4147,1,2025-03-16,Mobile
5818,83337,26,2677,3,2025-11-05,Desktop
5819,83343,35,1804,6,2025-05-20,Desktop
5820,83373,58,3471,1,2025-05-22,Desktop
5821,83417,57,2594,2,2024-10-22,Desktop
5822,83418,19,578,4,2025-05-29,Desktop
5823,83428,38,5324,2,2025-11-12,Tablet
5824,83435,53,5575,3,2026-05-06,Tablet
5825,83437,3,5214,4,2025-12-06,Tablet
5826,83438,2,3912,1,2024-11-09,Mobile
5827,83441,19,363,4,2025-04-27,Mobile
5828,83450,1,993,6,2025-04-13,Tablet
5829,83464,45,4325,4,2026-04-23,Mobile
5830,83465,29,5200,1,2025-04-23,Desktop
5831,83489,27,4177,2,2024-10-21,Tablet
5832,83495,12,4471,1,2024-07-26,Tablet
5833,83511,38,5823,2,2025-11-10,Mobile
5834,83531,18,5245,4,2025-05-09,Mobile
5835,83539,20,1185,6,2025-05-24,Mobile
5836,83549,60,3113,5,2025-04-13,Mobile
5837,83553,13,2768,4,2024-09-01,Desktop
5838,83571,41,3442,3,2026-01-30,Mobile
5839,83576,53,3786,3,2026-05-07,Tablet
5840,83602,30,5651,6,2024-11-16,Tablet
5841,83612,25,2008,3,2024-12-01,Desktop
5842,83614,4,4483,1,2024-12-17,Mobile
5843,83629,15,5967,6,2026-04-21,Mobile
5844,83632,27,2527,2,2024-10-30,Desktop
5845,83652,4,2062,1,2025-01-02,Tablet
5846,83669,35,396,6,2025-05-30,Tablet
5847,83670,54,747,1,2025-09-19,Desktop
5848,83691,56,5438,5,2024-12-21,Desktop
5849,83749,31,581,4,2025-01-20,Mobile
5850,83753,16,4805,6,2025-02-22,Desktop
5851,83754,32,5001,3,2024-09-12,Mobile
5852,83768,27,1395,2,2024-10-29,Mobile
5853,83796,56,312,5,2024-12-24,Mobile
5854,83801,31,2116,4,2025-01-28,Mobile
5855,83804,35,1566,6,2025-05-18,Desktop
5856,83823,16,602,6,2025-02-17,Mobile
5857,83830,28,3299,6,2025-05-04,Desktop
5858,83831,54,3065,1,2025-09-24,Tablet
5859,83858,50,3973,1,2025-03-23,Tablet
5860,83875,51,1165,6,2025-09-18,Desktop
5861,83877,49,3494,5,2025-10-01,Mobile
5862,83911,23,5821,1,2026-01-20,Tablet
5863,83924,33,4546,3,2026-03-12,Tablet
5864,83970,60,2670,5,2025-04-14,Mobile
5865,83984,8,3595,2,2025-08-11,Mobile
5866,83996,50,5289,1,2025-04-05,Tablet
5867,84008,9,1754,2,2024-09-15,Desktop
5868,84033,37,1113,5,2025-01-13,Mobile
5869,84051,44,2162,1,2024-12-13,Tablet
5870,84056,41,4124,3,2026-02-10,Mobile
5871,84066,45,1684,4,2026-05-23,Tablet
5872,84076,58,1988,1,2025-05-29,Tablet
5873,84082,35,1066,6,2025-05-26,Desktop
5874,84085,25,5764,3,2024-12-03,Desktop
5875,84087,39,1019,6,2024-12-04,Desktop
5876,84115,60,5530,5,2025-04-13,Tablet
5877,84128,4,4714,1,2025-01-28,Desktop
5878,84134,46,1264,4,2024-12-28,Mobile
5879,84152,9,3095,2,2024-08-30,Desktop
5880,84176,11,5104,3,2024-08-16,Desktop
5881,84185,26,3356,3,2025-10-29,Desktop
5882,84192,56,3189,5,2024-12-17,Mobile
5883,84198,42,4412,2,2024-12-19,Tablet
5884,84204,45,3878,4,2026-05-22,Mobile
5885,84220,35,2772,6,2025-06-05,Desktop
5886,84227,56,674,5,2024-12-19,Tablet
5887,84229,32,5073,3,2024-11-01,Desktop
5888,84234,44,5222,1,2024-12-18,Mobile
5889,84256,11,177,3,2024-08-18,Mobile
5890,84265,33,133,3,2026-02-23,Desktop
5891,84268,28,4021,6,2025-05-07,Mobile
5892,84282,1,1932,6,2025-04-20,Tablet
5893,84283,51,4124,6,2025-09-23,Tablet
5894,84285,14,595,2,2024-12-09,Desktop
5895,84297,24,30,6,2025-10-17,Desktop
5896,84301,1,5115,6,2025-03-29,Mobile
5897,84305,7,4862,5,2026-06-05,Tablet
5898,84311,6,1041,5,2025-01-16,Desktop
5899,84344,54,5222,1,2025-09-06,Tablet
5900,84345,58,5302,1,2025-06-01,Mobile
5901,84358,11,5165,3,2024-09-23,Mobile
5902,84362,42,1654,2,2025-01-02,Desktop
5903,84379,45,1261,4,2026-04-24,Tablet
5904,84381,12,2055,1,2024-07-26,Mobile
5905,84393,45,324,4,2026-05-12,Desktop
5906,84409,7,3967,5,2026-05-22,Mobile
5907,84431,16,2988,6,2025-03-11,Desktop
5908,84439,6,3654,5,2025-02-24,Tablet
5909,84442,28,3183,6,2025-05-11,Desktop
5910,84459,1,2324,6,2025-04-06,Desktop
5911,84470,14,928,2,2024-12-12,Desktop
5912,84484,21,4515,3,2026-01-22,Desktop
5913,84496,47,5873,3,2024-10-29,Tablet
5914,84504,28,3516,6,2025-04-25,Mobile
5915,84514,35,1179,6,2025-06-06,Mobile
5916,84520,30,3683,6,2024-11-22,Tablet
5917,84522,9,5493,2,2024-09-08,Mobile
5918,84523,17,4256,2,2025-01-03,Mobile
5919,84554,34,313,3,2025-06-21,Desktop
5920,84579,25,5313,3,2024-11-13,Desktop
5921,84582,52,1715,1,2025-02-27,Tablet
5922,84624,23,4970,1,2026-01-12,Desktop
5923,84636,54,4334,1,2025-09-05,Tablet
5924,84639,19,613,4,2025-05-26,Mobile
5925,84642,47,201,3,2024-11-10,Tablet
5926,84667,1,3372,6,2025-04-17,Tablet
5927,84677,52,361,1,2025-03-01,Mobile
5928,84678,13,1409,4,2024-09-10,Mobile
5929,84691,33,2148,3,2026-01-31,Desktop
5930,84724,6,1638,5,2025-03-12,Desktop
5931,84726,46,3211,4,2025-01-30,Desktop
5932,84774,44,2180,1,2024-12-06,Mobile
5933,84783,40,1864,5,2026-02-27,Desktop
5934,84819,55,4,3,2025-08-18,Desktop
5935,84846,42,4159,2,2025-01-18,Desktop
5936,84866,43,3969,2,2026-01-29,Tablet
5937,84874,39,4630,6,2024-12-04,Tablet
5938,84882,12,3266,1,2024-07-25,Desktop
5939,84916,22,2992,5,2024-10-20,Desktop
5940,84928,7,5697,5,2026-05-19,Tablet
5941,84955,40,3046,5,2026-03-08,Tablet
5942,84959,29,305,1,2025-05-16,Desktop
5943,84971,38,4000,2,2025-11-21,Tablet
5944,85006,26,3158,3,2025-10-30,Desktop
5945,85008,11,4672,3,2024-09-23,Mobile
5946,85037,27,19,2,2024-10-27,Desktop
5947,85043,53,4968,3,2026-05-05,Desktop
5948,85055,5,5026,1,2024-11-11,Tablet
5949,85057,39,578,6,2024-11-29,Desktop
5950,85097,31,6,4,2025-01-25,Mobile
5951,85121,59,727,5,2026-05-12,Tablet
5952,85122,22,4485,5,2024-10-16,Mobile
5953,85141,39,1062,6,2024-12-11,Desktop
5954,85149,18,1798,4,2025-03-25,Tablet
5955,85153,25,4925,3,2024-12-31,Tablet
5956,85157,47,3526,3,2024-11-13,Desktop
5957,85190,5,5234,1,2024-10-30,Desktop
5958,85192,55,2084,3,2025-07-23,Mobile
5959,85193,57,4220,2,2024-11-11,Desktop
5960,85194,45,4348,4,2026-05-17,Desktop
5961,85207,54,4940,1,2025-09-20,Mobile
5962,85211,56,3856,5,2024-12-14,Tablet
5963,85213,54,2716,1,2025-09-04,Desktop
5964,85218,23,4388,1,2026-01-10,Tablet
5965,85227,12,3079,1,2024-07-25,Desktop
5966,85229,28,2180,6,2025-04-19,Tablet
5967,85233,25,1409,3,2025-01-09,Mobile
5968,85246,10,4403,1,2026-01-10,Tablet
5969,85265,57,3526,2,2024-11-01,Tablet
5970,85289,1,973,6,2025-04-19,Desktop
5971,85290,53,5450,3,2026-05-08,Tablet
5972,85326,45,833,4,2026-05-24,Tablet
5973,85334,47,3841,3,2024-10-01,Mobile
5974,85349,6,4394,5,2025-02-25,Tablet
5975,85352,38,973,2,2025-11-09,Desktop
5976,85378,16,4898,6,2025-01-19,Desktop
5977,85398,18,3974,4,2025-05-12,Mobile
5978,85402,52,4941,1,2025-04-03,Mobile
5979,85413,47,1139,3,2024-10-16,Tablet
5980,85423,56,1728,5,2024-12-20,Desktop
5981,85435,20,212,6,2025-05-16,Desktop
5982,85449,38,784,2,2025-11-11,Tablet
5983,85467,55,4961,3,2025-07-12,Desktop
5984,85472,54,357,1,2025-09-05,Tablet
5985,85486,21,5917,3,2026-01-10,Mobile
5986,85491,33,2730,3,2026-02-26,Desktop
5987,85495,21,2295,3,2026-01-23,Mobile
5988,85496,20,1969,6,2025-05-06,Desktop
5989,85497,42,1800,2,2024-12-06,Tablet
5990,85519,53,5638,3,2026-05-15,Mobile
5991,85583,60,5232,5,2025-04-13,Tablet
5992,85587,17,1829,2,2024-12-11,Desktop
5993,85597,27,32,2,2024-10-28,Tablet
5994,85598,2,411,1,2024-11-06,Desktop
5995,85603,9,4259,2,2024-09-15,Tablet
5996,85632,31,2608,4,2025-01-17,Mobile
5997,85638,20,1541,6,2025-05-16,Desktop
5998,85639,3,1589,4,2025-12-04,Desktop
5999,85640,30,3472,6,2024-11-12,Tablet
6000,85683,25,4551,3,2024-12-22,Desktop
6001,85708,11,5141,3,2024-09-22,Mobile
6002,85729,52,5827,1,2025-03-24,Tablet
6003,85730,48,4258,2,2026-01-29,Mobile
6004,85747,48,166,2,2026-01-25,Mobile
6005,85754,47,454,3,2024-10-29,Tablet
6006,85761,21,5902,3,2026-01-10,Mobile
6007,85777,35,4705,6,2025-05-19,Mobile
6008,85779,1,466,6,2025-04-30,Tablet
6009,85784,10,2102,1,2025-12-24,Desktop
6010,85806,13,3714,4,2024-09-09,Desktop
6011,85811,14,1982,2,2024-12-05,Mobile
6012,85841,52,243,1,2025-03-09,Tablet
6013,85848,52,3663,1,2025-03-20,Tablet
6014,85853,29,5366,1,2025-05-21,Desktop
6015,85878,36,3334,5,2025-05-14,Mobile
6016,85893,15,114,6,2026-05-28,Desktop
6017,85897,36,3350,5,2025-04-15,Tablet
6018,85914,29,4422,1,2025-05-18,Mobile
6019,85915,42,4917,2,2024-12-04,Tablet
6020,85936,58,5799,1,2025-05-05,Desktop
6021,85955,27,5971,2,2024-10-27,Tablet
6022,85969,34,2384,3,2025-06-30,Mobile
6023,86044,1,5886,6,2025-03-25,Tablet
6024,86055,18,2777,4,2025-03-24,Desktop
6025,86077,42,2758,2,2025-01-08,Desktop
6026,86081,54,3636,1,2025-09-24,Mobile
6027,86089,18,209,4,2025-05-02,Mobile
6028,86096,38,2361,2,2025-11-11,Mobile
6029,86107,5,2780,1,2024-10-30,Desktop
6030,86125,13,1243,4,2024-09-02,Mobile
6031,86136,42,4141,2,2024-12-17,Tablet
6032,86142,8,994,2,2025-07-30,Tablet
6033,86147,45,4130,4,2026-05-20,Tablet
6034,86153,60,2071,5,2025-04-14,Tablet
6035,86169,41,133,3,2026-02-11,Desktop
6036,86181,14,1836,2,2024-12-03,Mobile
6037,86194,20,1458,6,2025-05-25,Desktop
6038,86231,5,1875,1,2024-10-31,Tablet
6039,86239,27,95,2,2024-10-23,Tablet
6040,86249,13,4005,4,2024-09-10,Mobile
6041,86293,43,745,2,2026-01-22,Desktop
6042,86303,34,1036,3,2025-06-16,Mobile
6043,86328,18,5212,4,2025-05-05,Mobile
6044,86342,11,2381,3,2024-09-23,Tablet
6045,86354,9,4149,2,2024-09-08,Mobile
6046,86370,49,3428,5,2025-09-01,Tablet
6047,86402,58,5830,1,2025-06-01,Desktop
6048,86410,27,5415,2,2024-10-22,Mobile
6049,86413,25,1748,3,2024-12-02,Mobile
6050,86431,5,2726,1,2024-10-25,Tablet
6051,86432,53,887,3,2026-05-16,Tablet
6052,86437,39,2828,6,2024-12-10,Desktop
6053,86441,50,1236,1,2025-03-25,Desktop
6054,86473,37,5154,5,2025-01-05,Mobile
6055,86477,29,4453,1,2025-04-12,Mobile
6056,86478,4,2167,1,2024-12-15,Desktop
6057,86484,58,2114,1,2025-05-18,Desktop
6058,86487,14,4772,2,2024-12-04,Mobile
6059,86514,54,4520,1,2025-09-19,Desktop
6060,86515,59,323,5,2026-04-24,Mobile
6061,86562,36,4471,5,2025-04-25,Desktop
6062,86573,11,3831,3,2024-08-23,Desktop
6063,86589,19,3000,4,2025-04-13,Tablet
6064,86606,50,2769,1,2025-04-03,Desktop
6065,86610,31,5042,4,2025-01-27,Mobile
6066,86630,58,3046,1,2025-05-09,Mobile
6067,86668,43,471,2,2026-01-28,Tablet
6068,86671,28,5645,6,2025-05-10,Tablet
6069,86680,46,22,4,2025-01-24,Desktop
6070,86689,35,3910,6,2025-05-31,Desktop
6071,86694,48,5549,2,2026-01-28,Desktop
6072,86717,15,1026,6,2026-04-23,Tablet
6073,86721,7,3032,5,2026-05-26,Tablet
6074,86737,40,1100,5,2026-03-04,Tablet
6075,86756,40,4733,5,2026-02-26,Mobile
6076,86805,38,3997,2,2025-11-14,Mobile
6077,86806,41,1116,3,2026-01-29,Desktop
6078,86816,60,3440,5,2025-04-22,Desktop
6079,86821,47,1885,3,2024-10-17,Tablet
6080,86832,1,5647,6,2025-04-20,Desktop
6081,86833,30,2398,6,2024-11-14,Mobile
6082,86835,39,5375,6,2024-11-25,Tablet
6083,86842,52,3683,1,2025-03-13,Desktop
6084,86897,21,3952,3,2026-01-17,Desktop
6085,86910,17,5325,2,2024-12-27,Tablet
6086,86912,2,3193,1,2024-10-30,Tablet
6087,86927,59,270,5,2026-04-29,Tablet
6088,86928,13,547,4,2024-09-06,Tablet
6089,86949,27,338,2,2024-10-22,Tablet
6090,87003,38,2604,2,2025-11-19,Desktop
6091,87007,12,4202,1,2024-08-03,Mobile
6092,87018,35,3981,6,2025-06-06,Tablet
6093,87054,37,2088,5,2025-01-12,Tablet
6094,87098,15,5495,6,2026-05-11,Mobile
6095,87100,40,4902,5,2026-03-11,Mobile
6096,87106,49,2844,5,2025-09-27,Tablet
6097,87119,37,2063,5,2025-01-10,Mobile
6098,87143,54,57,1,2025-09-14,Tablet
6099,87146,8,4521,2,2025-07-24,Tablet
6100,87156,33,3135,3,2026-03-08,Tablet
6101,87178,30,4591,6,2024-11-28,Tablet
6102,87183,39,40,6,2024-12-02,Desktop
6103,87189,1,5998,6,2025-03-31,Desktop
6104,87196,1,2498,6,2025-04-10,Tablet
6105,87197,32,1561,3,2024-10-23,Desktop
6106,87203,32,2404,3,2024-09-16,Tablet
6107,87228,36,2780,5,2025-04-27,Desktop
6108,87230,58,4117,1,2025-05-17,Tablet
6109,87250,43,3952,2,2026-01-26,Tablet
6110,87270,19,1871,4,2025-05-12,Tablet
6111,87286,29,4755,1,2025-05-12,Mobile
6112,87294,8,5641,2,2025-08-14,Desktop
6113,87338,28,5521,6,2025-04-18,Desktop
6114,87339,11,5148,3,2024-09-24,Desktop
6115,87347,20,2626,6,2025-05-28,Tablet
6116,87350,59,3454,5,2026-05-06,Mobile
6117,87354,25,3912,3,2024-12-17,Desktop
6118,87360,12,1295,1,2024-08-04,Mobile
6119,87366,27,4458,2,2024-10-21,Tablet
6120,87367,32,1204,3,2024-11-04,Mobile
6121,87378,41,4230,3,2026-02-03,Tablet
6122,87385,24,5650,6,2025-10-16,Desktop
6123,87396,1,3023,6,2025-04-06,Mobile
6124,87433,20,2221,6,2025-04-23,Mobile
6125,87448,12,463,1,2024-07-28,Desktop
6126,87452,50,3767,1,2025-04-01,Mobile
6127,87496,40,4962,5,2026-03-12,Tablet
6128,87533,37,5797,5,2025-01-08,Desktop
6129,87547,12,2641,1,2024-07-21,Mobile
6130,87564,56,3739,5,2024-12-21,Tablet
6131,87637,23,3193,1,2026-01-14,Desktop
6132,87645,59,4676,5,2026-05-05,Tablet
6133,87647,41,1686,3,2026-02-09,Mobile
6134,87665,32,5214,3,2024-10-09,Mobile
6135,87671,41,4463,3,2026-01-28,Mobile
6136,87722,51,3624,6,2025-08-27,Desktop
6137,87763,21,788,3,2026-01-11,Mobile
6138,87769,34,2187,3,2025-07-01,Tablet
6139,87775,12,772,1,2024-07-24,Tablet
6140,87784,17,49,2,2024-12-23,Tablet
6141,87819,13,4904,4,2024-09-13,Tablet
6142,87846,55,4078,3,2025-07-12,Tablet
6143,87853,59,4025,5,2026-04-26,Mobile
6144,87866,9,3043,2,2024-08-31,Tablet
6145,87869,57,1919,2,2024-11-08,Mobile
6146,87890,53,3775,3,2026-05-06,Mobile
6147,87893,37,2614,5,2025-01-09,Tablet
6148,87896,9,1159,2,2024-09-02,Tablet
6149,87916,48,3852,2,2026-01-25,Desktop
6150,87920,23,3687,1,2026-01-15,Tablet
6151,87930,25,5814,3,2024-11-12,Mobile
6152,87933,6,5179,5,2025-01-18,Desktop
6153,87946,43,4963,2,2026-01-12,Tablet
6154,87957,14,3793,2,2024-12-05,Desktop
6155,87965,36,4210,5,2025-04-17,Desktop
6156,87999,23,1946,1,2026-01-16,Mobile
6157,88005,55,5349,3,2025-08-18,Mobile
6158,88020,15,5842,6,2026-05-03,Mobile
6159,88045,56,4163,5,2024-12-10,Tablet
6160,88051,24,2623,6,2025-10-21,Mobile
6161,88075,23,4115,1,2026-01-06,Mobile
6162,88092,11,2019,3,2024-08-18,Tablet
6163,88100,52,2224,1,2025-03-24,Mobile
6164,88108,56,2766,5,2024-12-18,Tablet
6165,88109,39,4231,6,2024-12-17,Desktop
6166,88111,40,2388,5,2026-03-11,Tablet
6167,88126,32,1257,3,2024-09-26,Desktop
6168,88130,50,4416,1,2025-03-30,Tablet
6169,88134,24,911,6,2025-11-10,Mobile
6170,88199,4,4771,1,2024-12-26,Desktop
6171,88221,38,1518,2,2025-11-15,Desktop
6172,88233,36,2328,5,2025-05-05,Mobile
6173,88236,28,1214,6,2025-05-03,Desktop
6174,88274,50,4118,1,2025-03-19,Tablet
6175,88276,47,4739,3,2024-11-13,Mobile
6176,88278,1,751,6,2025-05-07,Desktop
6177,88279,19,3367,4,2025-05-27,Tablet
6178,88290,51,2196,6,2025-10-09,Mobile
6179,88313,30,5752,6,2024-11-25,Mobile
6180,88337,25,4442,3,2025-01-06,Desktop
6181,88347,8,4414,2,2025-07-18,Tablet
6182,88352,10,5955,1,2025-12-03,Desktop
6183,88360,9,2187,2,2024-08-27,Tablet
6184,88362,6,1517,5,2025-03-11,Desktop
6185,88382,26,1678,3,2025-10-26,Desktop
6186,88383,37,494,5,2025-01-02,Mobile
6187,88398,7,4430,5,2026-05-19,Desktop
6188,88400,24,2903,6,2025-11-12,Desktop
6189,88402,45,5924,4,2026-04-27,Tablet
6190,88411,43,470,2,2026-01-11,Desktop
6191,88430,8,3883,2,2025-07-25,Mobile
6192,88439,30,44,6,2024-11-15,Desktop
6193,88441,46,5533,4,2025-01-29,Mobile
6194,88448,32,3903,3,2024-10-28,Mobile
6195,88452,35,5533,6,2025-05-31,Tablet
6196,88461,6,208,5,2025-02-19,Desktop
6197,88466,12,5120,1,2024-07-25,Tablet
6198,88514,36,552,5,2025-03-18,Mobile
6199,88526,60,570,5,2025-04-25,Tablet
6200,88528,13,3492,4,2024-09-18,Mobile
6201,88532,38,5286,2,2025-11-13,Desktop
6202,88543,7,109,5,2026-05-28,Desktop
6203,88554,58,895,1,2025-05-19,Desktop
6204,88562,49,814,5,2025-10-18,Desktop
6205,88569,37,3442,5,2025-01-05,Tablet
6206,88579,45,3453,4,2026-05-24,Desktop
6207,88594,38,225,2,2025-11-22,Tablet
6208,88601,54,4338,1,2025-09-06,Tablet
6209,88615,43,133,2,2026-01-17,Mobile
6210,88616,19,4206,4,2025-05-08,Tablet
6211,88618,37,4981,5,2025-01-17,Desktop
6212,88619,41,3296,3,2026-02-04,Tablet
6213,88620,26,2580,3,2025-10-27,Mobile
6214,88624,5,2610,1,2024-10-25,Mobile
6215,88657,52,3976,1,2025-03-14,Tablet
6216,88719,32,5490,3,2024-09-30,Mobile
6217,88730,42,862,2,2025-01-25,Tablet
6218,88767,5,2390,1,2024-11-04,Tablet
6219,88778,17,2796,2,2024-12-27,Desktop
6220,88779,50,5871,1,2025-03-16,Desktop
6221,88841,42,1773,2,2025-01-04,Mobile
6222,88845,29,3161,1,2025-04-28,Desktop
6223,88847,57,1687,2,2024-10-17,Mobile
6224,88860,34,1441,3,2025-06-21,Tablet
6225,88872,37,2205,5,2025-01-16,Desktop
6226,88877,9,4917,2,2024-09-02,Tablet
6227,88927,53,4069,3,2026-05-26,Desktop
6228,88945,37,196,5,2025-01-19,Mobile
6229,88967,10,2718,1,2025-11-28,Tablet
6230,88980,59,745,5,2026-04-23,Mobile
6231,88989,6,2609,5,2025-02-09,Tablet
6232,89000,50,1154,1,2025-03-13,Mobile
6233,89002,41,1119,3,2026-01-31,Mobile
6234,89010,47,366,3,2024-10-20,Desktop
6235,89017,46,4447,4,2025-01-27,Desktop
6236,89033,34,579,3,2025-06-28,Desktop
6237,89034,27,4740,2,2024-10-23,Desktop
6238,89035,32,3446,3,2024-10-19,Desktop
6239,89039,15,5150,6,2026-05-30,Mobile
6240,89058,3,2261,4,2025-12-17,Mobile
6241,89062,46,45,4,2025-01-23,Tablet
6242,89074,22,3123,5,2024-10-06,Tablet
6243,89075,19,2401,4,2025-05-18,Tablet
6244,89086,59,13,5,2026-04-24,Mobile
6245,89092,45,1073,4,2026-05-24,Tablet
6246,89126,37,4392,5,2025-01-07,Mobile
6247,89127,25,2993,3,2024-12-09,Tablet
6248,89135,15,2468,6,2026-05-02,Desktop
6249,89144,6,4494,5,2025-02-23,Desktop
6250,89172,55,2109,3,2025-07-25,Mobile
6251,89187,18,4425,4,2025-04-10,Desktop
6252,89201,52,2914,1,2025-02-26,Mobile
6253,89218,54,268,1,2025-09-08,Tablet
6254,89219,1,890,6,2025-04-09,Mobile
6255,89227,46,1027,4,2025-01-24,Mobile
6256,89230,20,5973,6,2025-05-08,Mobile
6257,89260,42,2818,2,2024-12-20,Mobile
6258,89313,40,1884,5,2026-03-14,Desktop
6259,89322,44,5393,1,2024-12-09,Desktop
6260,89324,12,2350,1,2024-07-28,Desktop
6261,89329,16,194,6,2025-02-13,Mobile
6262,89330,31,3643,4,2025-01-20,Tablet
6263,89358,27,5696,2,2024-10-30,Desktop
6264,89362,39,5935,6,2024-11-30,Mobile
6265,89379,19,4485,4,2025-05-01,Desktop
6266,89382,8,1129,2,2025-07-29,Desktop
6267,89384,30,2044,6,2024-11-24,Tablet
6268,89402,58,2343,1,2025-05-07,Desktop
6269,89410,58,1464,1,2025-05-19,Mobile
6270,89416,45,4295,4,2026-05-20,Desktop
6271,89445,37,2924,5,2025-01-30,Desktop
6272,89461,23,571,1,2026-01-10,Desktop
6273,89463,34,1237,3,2025-06-17,Tablet
6274,89475,28,3452,6,2025-04-26,Desktop
6275,89494,3,808,4,2025-12-08,Mobile
6276,89509,48,4821,2,2026-02-09,Mobile
6277,89552,32,2886,3,2024-11-08,Desktop
6278,89554,37,3169,5,2025-01-14,Desktop
6279,89593,24,758,6,2025-10-28,Mobile
6280,89619,53,4361,3,2026-05-20,Desktop
6281,89639,12,3580,1,2024-08-06,Tablet
6282,89656,57,735,2,2024-10-09,Mobile
6283,89671,42,2643,2,2024-12-25,Mobile
6284,89675,44,2212,1,2025-01-06,Mobile
6285,89684,36,3736,5,2025-04-16,Desktop
6286,89689,4,5123,1,2025-01-12,Mobile
6287,89705,37,998,5,2025-01-10,Tablet
6288,89717,47,3641,3,2024-10-17,Desktop
6289,89759,49,4594,5,2025-09-17,Tablet
6290,89801,20,23,6,2025-04-18,Desktop
6291,89842,12,4524,1,2024-07-26,Desktop
6292,89874,53,4494,3,2026-05-24,Desktop
6293,89895,35,5591,6,2025-06-03,Mobile
6294,89902,52,5161,1,2025-03-02,Tablet
6295,89914,25,2435,3,2024-12-06,Mobile
6296,89916,17,241,2,2024-11-30,Tablet
6297,89917,20,1554,6,2025-04-16,Tablet
6298,89930,57,4630,2,2024-11-18,Tablet
6299,89963,41,3722,3,2026-02-03,Tablet
6300,89965,41,879,3,2026-02-21,Desktop
6301,89974,40,1132,5,2026-02-27,Mobile
6302,89990,36,914,5,2025-04-14,Tablet
6303,90011,17,3820,2,2024-12-18,Desktop
6304,90025,26,2677,3,2025-11-01,Tablet
6305,90030,57,5438,2,2024-11-20,Desktop
6306,90034,58,4986,1,2025-05-31,Tablet
6307,90081,17,2102,2,2025-01-02,Mobile
6308,90083,2,3204,1,2024-11-12,Mobile
6309,90091,60,3347,5,2025-04-12,Tablet
6310,90102,14,3734,2,2024-11-25,Tablet
6311,90106,44,4331,1,2025-01-15,Mobile
6312,90116,44,170,1,2024-12-29,Tablet
6313,90136,28,914,6,2025-04-28,Mobile
6314,90153,5,2043,1,2024-11-07,Desktop
6315,90181,3,1035,4,2025-12-05,Tablet
6316,90192,58,3673,1,2025-05-04,Desktop
6317,90193,30,1870,6,2024-12-05,Tablet
6318,90200,51,3611,6,2025-10-01,Mobile
6319,90241,59,3662,5,2026-04-27,Desktop
6320,90245,30,1077,6,2024-11-26,Mobile
6321,90247,52,3728,1,2025-04-07,Mobile
6322,90255,19,302,4,2025-05-19,Mobile
6323,90271,32,1974,3,2024-09-24,Mobile
6324,90276,34,3420,3,2025-06-23,Mobile
6325,90338,38,5316,2,2025-11-17,Mobile
6326,90362,1,5275,6,2025-05-04,Tablet
6327,90373,60,3178,5,2025-04-29,Tablet
6328,90388,5,1986,1,2024-11-01,Tablet
6329,90392,6,5957,5,2025-02-24,Tablet
6330,90398,17,2188,2,2024-12-10,Tablet
6331,90445,11,3915,3,2024-09-27,Tablet
6332,90461,23,5591,1,2026-01-15,Tablet
6333,90482,12,5533,1,2024-08-04,Desktop
6334,90500,30,1035,6,2024-12-01,Desktop
6335,90521,34,4416,3,2025-06-10,Tablet
6336,90522,7,4503,5,2026-05-17,Mobile
6337,90525,60,1476,5,2025-04-21,Mobile
6338,90526,14,22,2,2024-11-23,Mobile
6339,90530,4,4995,1,2025-01-23,Mobile
6340,90553,37,5634,5,2025-01-09,Mobile
6341,90565,19,4407,4,2025-05-08,Mobile
6342,90580,24,5586,6,2025-11-14,Tablet
6343,90594,57,986,2,2024-10-15,Desktop
6344,90600,27,4173,2,2024-11-03,Desktop
6345,90615,38,5837,2,2025-11-22,Tablet
6346,90641,50,3453,1,2025-03-30,Tablet
6347,90657,16,1843,6,2025-03-14,Mobile
6348,90662,7,5581,5,2026-05-19,Mobile
6349,90668,12,2587,1,2024-07-26,Desktop
6350,90675,3,5234,4,2025-12-14,Desktop
6351,90676,28,192,6,2025-04-25,Mobile
6352,90683,53,2706,3,2026-05-24,Mobile
6353,90694,6,2,5,2025-03-06,Desktop
6354,90695,10,3292,1,2026-01-20,Mobile
6355,90698,46,3612,4,2025-01-12,Tablet
6356,90705,54,4316,1,2025-09-07,Tablet
6357,90708,31,3285,4,2025-01-17,Tablet
6358,90720,32,3439,3,2024-10-14,Mobile
6359,90725,2,5930,1,2024-11-20,Tablet
6360,90726,57,5974,2,2024-10-30,Desktop
6361,90736,42,5722,2,2024-12-09,Tablet
6362,90759,10,4482,1,2026-01-17,Desktop
6363,90765,12,3749,1,2024-07-30,Mobile
6364,90789,47,2877,3,2024-10-15,Desktop
6365,90790,57,2612,2,2024-11-20,Tablet
6366,90824,20,1784,6,2025-04-27,Mobile
6367,90840,24,5037,6,2025-10-03,Desktop
6368,90847,3,4886,4,2025-12-11,Tablet
6369,90868,9,4442,2,2024-09-13,Mobile
6370,90877,23,4243,1,2026-01-12,Mobile
6371,90899,18,3345,4,2025-04-09,Mobile
6372,90923,54,1900,1,2025-09-15,Desktop
6373,90924,20,4243,6,2025-05-09,Tablet
6374,90950,8,4247,2,2025-08-06,Tablet
6375,90976,12,5207,1,2024-07-26,Tablet
6376,90981,37,1890,5,2025-01-03,Tablet
6377,90984,36,2057,5,2025-05-06,Desktop
6378,90989,35,5599,6,2025-05-20,Desktop
6379,91005,47,5068,3,2024-10-26,Desktop
6380,91011,12,674,1,2024-07-23,Mobile
6381,91036,32,1787,3,2024-09-29,Tablet
6382,91046,14,2800,2,2024-12-07,Mobile
6383,91047,39,1494,6,2024-12-02,Desktop
6384,91064,10,2044,1,2025-12-20,Mobile
6385,91069,51,3990,6,2025-08-30,Tablet
6386,91076,37,638,5,2025-01-15,Tablet
6387,91093,39,3065,6,2024-12-10,Mobile
6388,91112,15,1226,6,2026-04-29,Mobile
6389,91139,40,4077,5,2026-03-11,Tablet
6390,91146,60,1852,5,2025-04-14,Mobile
6391,91149,11,2963,3,2024-09-01,Mobile
6392,91169,21,3291,3,2026-01-17,Mobile
6393,91170,26,2543,3,2025-11-05,Mobile
6394,91178,12,2120,1,2024-07-26,Desktop
6395,91186,2,2427,1,2024-11-11,Tablet
6396,91188,33,831,3,2026-02-10,Mobile
6397,91192,53,747,3,2026-05-12,Desktop
6398,91207,55,5128,3,2025-08-04,Tablet
6399,91217,5,2658,1,2024-11-05,Mobile
6400,91224,33,2312,3,2026-03-13,Desktop
6401,91247,17,1015,2,2025-01-07,Tablet
6402,91253,1,5336,6,2025-03-27,Mobile
6403,91261,49,900,5,2025-10-12,Desktop
6404,91270,20,5613,6,2025-04-22,Desktop
6405,91316,12,2155,1,2024-07-25,Tablet
6406,91319,3,5230,4,2025-12-05,Desktop
6407,91371,5,2154,1,2024-11-03,Mobile
6408,91377,58,5304,1,2025-05-14,Desktop
6409,91400,35,1767,6,2025-05-21,Desktop
6410,91418,34,657,3,2025-06-29,Desktop
6411,91435,45,237,4,2026-05-15,Desktop
6412,91497,6,3285,5,2025-01-30,Tablet
6413,91518,21,4925,3,2026-01-15,Desktop
6414,91523,9,1459,2,2024-08-28,Tablet
6415,91555,49,4780,5,2025-10-18,Desktop
6416,91585,9,3898,2,2024-09-12,Mobile
6417,91605,60,1593,5,2025-04-26,Tablet
6418,91678,31,1595,4,2025-01-26,Tablet
6419,91705,48,4,2,2026-01-25,Tablet
6420,91707,51,5292,6,2025-08-26,Tablet
6421,91714,52,386,1,2025-04-07,Desktop
6422,91718,35,867,6,2025-06-01,Mobile
6423,91735,58,2345,1,2025-05-11,Tablet
6424,91753,41,2612,3,2026-01-29,Tablet
6425,91779,11,1384,3,2024-09-22,Desktop
6426,91780,42,455,2,2024-12-02,Tablet
6427,91790,27,1126,2,2024-11-02,Mobile
6428,91811,21,5150,3,2026-01-15,Desktop
6429,91814,34,3112,3,2025-06-22,Mobile
6430,91831,55,4610,3,2025-07-24,Tablet
6431,91836,59,3692,5,2026-04-24,Mobile
6432,91837,37,1041,5,2025-01-03,Mobile
6433,91853,33,519,3,2026-03-22,Tablet
6434,91856,1,3769,6,2025-04-04,Mobile
6435,91956,56,3326,5,2024-12-14,Tablet
6436,91964,5,4479,1,2024-11-14,Desktop
6437,92026,50,4330,1,2025-04-25,Mobile
6438,92035,43,3594,2,2026-01-23,Tablet
6439,92067,36,2227,5,2025-03-30,Tablet
6440,92068,28,5759,6,2025-04-22,Mobile
6441,92070,57,3818,2,2024-10-17,Mobile
6442,92095,10,3351,1,2026-01-16,Desktop
6443,92111,40,5728,5,2026-03-07,Desktop
6444,92163,43,879,2,2026-01-16,Tablet
6445,92193,25,3372,3,2024-12-11,Desktop
6446,92197,19,303,4,2025-04-07,Mobile
6447,92200,13,206,4,2024-09-01,Desktop
6448,92235,13,3371,4,2024-09-09,Mobile
6449,92254,7,2698,5,2026-06-08,Desktop
6450,92276,43,4110,2,2026-01-21,Tablet
6451,92311,20,4336,6,2025-05-05,Mobile
6452,92312,21,3047,3,2026-01-20,Desktop
6453,92332,58,3550,1,2025-05-16,Desktop
6454,92334,47,4559,3,2024-10-04,Mobile
6455,92338,33,4210,3,2026-02-10,Tablet
6456,92371,29,1721,1,2025-04-08,Mobile
6457,92399,3,267,4,2025-12-14,Mobile
6458,92452,18,1131,4,2025-03-16,Desktop
6459,92467,33,373,3,2026-01-28,Desktop
6460,92488,49,4839,5,2025-10-28,Desktop
6461,92489,51,998,6,2025-09-11,Tablet
6462,92509,43,323,2,2026-01-16,Tablet
6463,92528,7,4727,5,2026-05-31,Tablet
6464,92530,46,4712,4,2024-12-24,Tablet
6465,92545,49,1447,5,2025-10-18,Tablet
6466,92566,57,4504,2,2024-10-18,Tablet
6467,92595,11,5453,3,2024-08-27,Mobile
6468,92601,38,830,2,2025-11-22,Desktop
6469,92607,5,5824,1,2024-11-01,Mobile
6470,92622,25,5685,3,2025-01-01,Desktop
6471,92631,34,5076,3,2025-06-16,Desktop
6472,92653,33,3599,3,2026-03-06,Tablet
6473,92657,8,951,2,2025-07-31,Desktop
6474,92670,24,2565,6,2025-10-13,Desktop
6475,92674,15,4750,6,2026-05-08,Mobile
6476,92705,31,3109,4,2025-01-22,Desktop
6477,92707,40,5447,5,2026-02-23,Mobile
6478,92712,5,5494,1,2024-10-28,Tablet
6479,92734,45,5391,4,2026-04-21,Tablet
6480,92803,6,2829,5,2025-02-15,Mobile
6481,92819,13,5266,4,2024-09-10,Tablet
6482,92825,59,3663,5,2026-05-08,Mobile
6483,92840,4,2706,1,2024-12-17,Tablet
6484,92868,6,176,5,2025-03-11,Mobile
6485,92869,9,1291,2,2024-09-12,Tablet
6486,92892,53,2402,3,2026-05-22,Tablet
6487,92902,47,234,3,2024-09-30,Desktop
6488,92903,3,3462,4,2025-12-08,Tablet
6489,92908,15,4233,6,2026-05-14,Desktop
6490,92911,53,3012,3,2026-05-07,Desktop
6491,92913,18,1249,4,2025-03-24,Desktop
6492,92914,23,5018,1,2026-01-09,Desktop
6493,92944,46,4800,4,2025-01-21,Desktop
6494,92951,25,5712,3,2024-12-05,Tablet
6495,92961,34,155,3,2025-06-23,Desktop
6496,92969,17,2674,2,2024-12-21,Tablet
6497,92981,11,2781,3,2024-08-30,Tablet
6498,92992,52,1562,1,2025-02-16,Desktop
6499,93000,38,4336,2,2025-11-15,Mobile
6500,93013,36,495,5,2025-04-30,Tablet
6501,93028,48,1448,2,2026-01-29,Desktop
6502,93040,27,5290,2,2024-11-01,Mobile
6503,93045,30,4103,6,2024-11-25,Mobile
6504,93076,33,4358,3,2026-02-14,Tablet
6505,93102,28,2409,6,2025-05-03,Tablet
6506,93116,30,5641,6,2024-12-01,Mobile
6507,93118,42,2327,2,2024-12-26,Desktop
6508,93142,11,65,3,2024-08-19,Desktop
6509,93145,19,933,4,2025-04-23,Desktop
6510,93165,33,4373,3,2026-03-03,Tablet
6511,93166,1,1523,6,2025-04-15,Mobile
6512,93182,3,903,4,2025-12-06,Tablet
6513,93194,21,1507,3,2026-01-13,Desktop
6514,93200,12,1986,1,2024-08-03,Mobile
6515,93207,39,2936,6,2024-12-10,Mobile
6516,93212,57,5329,2,2024-10-23,Tablet
6517,93215,40,1116,5,2026-03-12,Desktop
6518,93220,29,1761,1,2025-04-28,Mobile
6519,93244,49,1113,5,2025-09-08,Desktop
6520,93254,16,585,6,2025-01-19,Mobile
6521,93274,11,3610,3,2024-09-23,Tablet
6522,93276,14,1157,2,2024-12-02,Mobile
6523,93292,26,1119,3,2025-10-30,Tablet
6524,93303,1,1262,6,2025-04-26,Desktop
6525,93319,30,3504,6,2024-11-18,Mobile
6526,93335,54,5275,1,2025-09-25,Mobile
6527,93338,29,2982,1,2025-04-24,Tablet
6528,93339,1,695,6,2025-04-08,Tablet
6529,93350,33,2571,3,2026-03-10,Tablet
6530,93353,58,3469,1,2025-05-13,Desktop
6531,93360,25,1014,3,2024-12-26,Desktop
6532,93367,51,275,6,2025-09-12,Mobile
6533,93380,2,3160,1,2024-11-14,Desktop
6534,93391,7,4326,5,2026-06-02,Mobile
6535,93393,22,630,5,2024-10-14,Desktop
6536,93425,55,19,3,2025-07-11,Desktop
6537,93426,13,4205,4,2024-09-13,Desktop
6538,93432,30,3923,6,2024-12-02,Tablet
6539,93444,10,2305,1,2025-12-19,Desktop
6540,93462,55,4597,3,2025-07-11,Mobile
6541,93466,19,3959,4,2025-05-21,Mobile
6542,93490,14,5190,2,2024-11-17,Mobile
6543,93516,47,5294,3,2024-11-02,Mobile
6544,93544,52,5315,1,2025-02-19,Desktop
6545,93566,16,2464,6,2025-03-09,Tablet
6546,93588,11,2942,3,2024-09-04,Desktop
6547,93603,43,2556,2,2026-01-29,Tablet
6548,93663,59,937,5,2026-05-01,Mobile
6549,93666,37,3671,5,2025-01-21,Tablet
6550,93681,27,5811,2,2024-10-26,Mobile
6551,93720,26,3321,3,2025-10-26,Desktop
6552,93728,58,4090,1,2025-05-26,Desktop
6553,93732,28,3076,6,2025-04-25,Mobile
6554,93761,20,5797,6,2025-05-14,Desktop
6555,93803,60,2126,5,2025-04-08,Desktop
6556,93806,52,3787,1,2025-04-03,Mobile
6557,93822,34,4592,3,2025-06-27,Desktop
6558,93829,6,3443,5,2025-02-12,Desktop
6559,93832,23,4472,1,2026-01-12,Desktop
6560,93844,25,1424,3,2025-01-07,Desktop
6561,93859,31,4080,4,2025-01-27,Tablet
6562,93879,22,781,5,2024-10-24,Tablet
6563,93898,9,1974,2,2024-09-15,Tablet
6564,93900,46,3141,4,2025-02-06,Desktop
6565,93934,10,2871,1,2025-11-29,Mobile
6566,93954,23,2662,1,2026-01-07,Desktop
6567,93989,14,3922,2,2024-12-01,Tablet
6568,93990,53,1035,3,2026-05-15,Mobile
6569,94013,33,1305,3,2026-03-26,Mobile
6570,94029,14,108,2,2024-12-17,Mobile
6571,94082,57,3348,2,2024-10-29,Tablet
6572,94106,13,2069,4,2024-09-08,Mobile
6573,94107,27,1003,2,2024-10-24,Tablet
6574,94109,26,581,3,2025-10-28,Mobile
6575,94118,55,4821,3,2025-07-29,Mobile
6576,94125,8,1653,2,2025-07-19,Mobile
6577,94138,24,3690,6,2025-10-06,Tablet
6578,94148,12,1461,1,2024-08-03,Tablet
6579,94183,2,5428,1,2024-11-20,Desktop
6580,94184,29,5323,1,2025-04-10,Tablet
6581,94200,2,2301,1,2024-11-19,Mobile
6582,94246,47,5251,3,2024-10-14,Desktop
6583,94249,6,2300,5,2025-02-23,Desktop
6584,94253,28,4297,6,2025-05-12,Tablet
6585,94258,11,1927,3,2024-09-04,Tablet
6586,94269,2,2004,1,2024-11-13,Tablet
6587,94290,20,670,6,2025-04-17,Mobile
6588,94314,37,1335,5,2025-01-29,Mobile
6589,94324,17,3995,2,2024-12-29,Tablet
6590,94326,41,3183,3,2026-02-15,Mobile
6591,94351,47,5831,3,2024-10-21,Mobile
6592,94366,42,965,2,2025-01-07,Desktop
6593,94406,52,917,1,2025-02-14,Desktop
6594,94443,27,2262,2,2024-10-26,Mobile
6595,94516,8,1403,2,2025-08-15,Desktop
6596,94562,30,5945,6,2024-11-23,Desktop
6597,94576,44,5848,1,2024-12-28,Desktop
6598,94589,38,1729,2,2025-11-20,Desktop
6599,94592,29,3439,1,2025-05-07,Desktop
6600,94617,13,1025,4,2024-09-18,Tablet
6601,94634,6,3514,5,2025-01-26,Mobile
6602,94641,25,3253,3,2025-01-02,Mobile
6603,94644,25,1324,3,2024-11-26,Tablet
6604,94661,60,4336,5,2025-04-29,Tablet
6605,94704,35,2850,6,2025-05-16,Tablet
6606,94705,52,2494,1,2025-03-21,Mobile
6607,94724,40,1449,5,2026-02-22,Tablet
6608,94727,4,2337,1,2025-01-19,Mobile
6609,94728,18,5461,4,2025-03-18,Tablet
6610,94736,23,3903,1,2026-01-12,Mobile
6611,94745,44,2291,1,2025-01-04,Mobile
6612,94756,44,4735,1,2024-12-07,Mobile
6613,94758,28,63,6,2025-04-19,Desktop
6614,94778,18,5351,4,2025-04-25,Desktop
6615,94783,38,948,2,2025-11-09,Mobile
6616,94792,38,2650,2,2025-11-21,Desktop
6617,94814,52,4394,1,2025-02-23,Mobile
6618,94853,35,3093,6,2025-05-22,Mobile
6619,94858,29,1324,1,2025-05-18,Tablet
6620,94861,45,584,4,2026-04-29,Desktop
6621,94872,43,3406,2,2026-01-22,Mobile
6622,94881,51,4167,6,2025-09-09,Tablet
6623,94906,52,2894,1,2025-03-06,Tablet
6624,94915,12,1992,1,2024-07-31,Mobile
6625,94917,25,3265,3,2024-11-23,Mobile
6626,94924,14,1533,2,2024-12-08,Mobile
6627,94954,52,911,1,2025-03-09,Tablet
6628,94964,1,5078,6,2025-04-15,Desktop
6629,95012,25,5666,3,2024-11-24,Tablet
6630,95031,11,4330,3,2024-08-14,Mobile
6631,95035,58,2775,1,2025-05-21,Mobile
6632,95049,3,3152,4,2025-12-07,Mobile
6633,95071,3,2349,4,2025-12-03,Tablet
6634,95112,51,1552,6,2025-09-13,Mobile
6635,95121,20,2247,6,2025-05-05,Tablet
6636,95155,21,2467,3,2026-01-10,Mobile
6637,95158,45,3962,4,2026-05-26,Mobile
6638,95162,45,4772,4,2026-04-17,Tablet
6639,95181,13,2150,4,2024-09-04,Mobile
6640,95190,29,3519,1,2025-05-06,Desktop
6641,95229,19,5428,4,2025-04-27,Desktop
6642,95245,30,3591,6,2024-11-29,Tablet
6643,95247,1,4404,6,2025-04-15,Desktop
6644,95262,58,4230,1,2025-05-09,Tablet
6645,95272,32,1297,3,2024-10-26,Mobile
6646,95276,49,3390,5,2025-09-16,Tablet
6647,95282,48,2929,2,2026-02-15,Mobile
6648,95284,24,5888,6,2025-10-23,Tablet
6649,95286,9,5486,2,2024-09-17,Tablet
6650,95291,3,2763,4,2025-12-16,Desktop
6651,95297,4,112,1,2024-12-17,Tablet
6652,95308,39,5145,6,2024-12-06,Desktop
6653,95312,22,5105,5,2024-10-11,Desktop
6654,95324,19,2886,4,2025-04-24,Tablet
6655,95336,50,5492,1,2025-04-11,Tablet
6656,95337,46,224,4,2025-01-18,Desktop
6657,95339,56,3958,5,2024-12-13,Mobile
6658,95347,17,4753,2,2025-01-01,Mobile
6659,95364,24,2871,6,2025-10-08,Desktop
6660,95384,60,5051,5,2025-04-15,Mobile
6661,95387,37,3879,5,2025-01-30,Tablet
6662,95415,31,1746,4,2025-01-20,Mobile
6663,95434,53,2055,3,2026-05-08,Tablet
6664,95443,7,4371,5,2026-05-19,Tablet
6665,95448,22,2738,5,2024-10-24,Tablet
6666,95477,8,3034,2,2025-08-12,Tablet
6667,95478,7,1000,5,2026-06-06,Desktop
6668,95484,46,4853,4,2025-01-11,Desktop
6669,95485,25,2130,3,2024-11-20,Mobile
6670,95505,20,5920,6,2025-05-28,Desktop
6671,95550,43,1886,2,2026-01-30,Desktop
6672,95555,15,3960,6,2026-05-23,Desktop
6673,95563,21,1010,3,2026-01-17,Mobile
6674,95567,10,891,1,2025-12-27,Tablet
6675,95569,31,3984,4,2025-01-31,Desktop
6676,95634,1,4522,6,2025-04-10,Desktop
6677,95644,50,5599,1,2025-04-23,Tablet
6678,95650,56,4190,5,2024-12-21,Desktop
6679,95651,31,4885,4,2025-01-19,Desktop
6680,95658,35,2920,6,2025-05-18,Tablet
6681,95690,11,5637,3,2024-09-20,Mobile
6682,95739,45,865,4,2026-04-19,Mobile
6683,95747,5,3959,1,2024-11-03,Tablet
6684,95784,40,1741,5,2026-03-01,Tablet
6685,95813,6,4043,5,2025-02-02,Desktop
6686,95821,59,5897,5,2026-04-23,Mobile
6687,95837,46,103,4,2025-01-11,Tablet
6688,95845,60,2464,5,2025-04-16,Desktop
6689,95851,9,5494,2,2024-09-12,Desktop
6690,95858,11,441,3,2024-09-07,Desktop
6691,95862,32,3501,3,2024-09-13,Mobile
6692,95863,47,5257,3,2024-10-26,Tablet
6693,95880,54,621,1,2025-09-13,Mobile
6694,95892,2,5414,1,2024-10-30,Desktop
6695,95898,46,2730,4,2025-01-24,Tablet
6696,95910,51,5972,6,2025-09-27,Tablet
6697,95918,51,4172,6,2025-09-10,Mobile
6698,95942,50,800,1,2025-03-25,Desktop
6699,95956,19,2388,4,2025-04-05,Desktop
6700,95957,38,4773,2,2025-11-15,Tablet
6701,95966,36,2749,5,2025-04-16,Desktop
6702,95982,36,1459,5,2025-04-16,Desktop
6703,96016,59,3193,5,2026-04-27,Tablet
6704,96017,24,838,6,2025-11-11,Tablet
6705,96030,44,977,1,2025-01-05,Desktop
6706,96050,60,3403,5,2025-04-15,Mobile
6707,96054,5,5963,1,2024-11-15,Desktop
6708,96082,53,2850,3,2026-05-10,Mobile
6709,96085,32,5157,3,2024-09-12,Mobile
6710,96088,54,3002,1,2025-09-15,Tablet
6711,96098,3,5197,4,2025-12-06,Desktop
6712,96108,46,2361,4,2025-01-27,Desktop
6713,96112,52,1840,1,2025-03-17,Desktop
6714,96143,29,3934,1,2025-05-05,Desktop
6715,96169,59,4917,5,2026-05-10,Mobile
6716,96183,9,1098,2,2024-08-26,Desktop
6717,96204,8,1220,2,2025-07-26,Mobile
6718,96206,1,2262,6,2025-04-01,Tablet
6719,96223,57,1454,2,2024-10-19,Tablet
6720,96227,4,3408,1,2024-12-10,Mobile
6721,96239,54,4040,1,2025-09-16,Mobile
6722,96254,30,2960,6,2024-11-24,Desktop
6723,96263,39,4998,6,2024-12-19,Tablet
6724,96266,6,3423,5,2025-03-03,Desktop
6725,96278,59,4737,5,2026-04-20,Tablet
6726,96295,13,1663,4,2024-09-15,Desktop
6727,96312,7,4267,5,2026-05-21,Mobile
6728,96315,42,5617,2,2025-01-10,Mobile
6729,96326,51,2826,6,2025-09-13,Tablet
6730,96328,58,4987,1,2025-05-02,Desktop
6731,96330,55,2879,3,2025-07-14,Mobile
6732,96345,24,3363,6,2025-10-29,Tablet
6733,96355,2,5642,1,2024-11-13,Mobile
6734,96373,12,5871,1,2024-08-04,Desktop
6735,96376,58,3082,1,2025-05-04,Tablet
6736,96377,23,3366,1,2026-01-03,Desktop
6737,96380,55,2371,3,2025-07-27,Desktop
6738,96382,46,5025,4,2025-02-04,Tablet
6739,96388,9,1684,2,2024-09-06,Tablet
6740,96401,30,1179,6,2024-11-29,Mobile
6741,96419,50,2897,1,2025-03-19,Desktop
6742,96437,50,3298,1,2025-04-29,Mobile
6743,96441,30,1297,6,2024-11-29,Tablet
6744,96452,5,2471,1,2024-10-26,Tablet
6745,96464,24,2262,6,2025-11-09,Desktop
6746,96489,47,1393,3,2024-10-10,Mobile
6747,96501,17,1448,2,2024-12-24,Tablet
6748,96519,18,4336,4,2025-04-05,Tablet
6749,96520,4,5681,1,2025-01-06,Desktop
6750,96521,36,3078,5,2025-03-30,Desktop
6751,96565,35,3887,6,2025-05-18,Mobile
6752,96572,17,5763,2,2024-12-15,Mobile
6753,96585,56,2733,5,2024-12-18,Tablet
6754,96587,31,5126,4,2025-01-16,Mobile
6755,96615,35,4475,6,2025-06-02,Tablet
6756,96647,40,3451,5,2026-02-24,Tablet
6757,96653,26,2704,3,2025-11-01,Tablet
6758,96664,28,5326,6,2025-05-07,Desktop
6759,96734,53,421,3,2026-05-08,Desktop
6760,96763,45,2746,4,2026-04-23,Desktop
6761,96787,60,3364,5,2025-04-26,Mobile
6762,96796,42,5191,2,2024-12-15,Tablet
6763,96810,41,5427,3,2026-01-25,Tablet
6764,96814,7,5062,5,2026-05-26,Mobile
6765,96818,54,3400,1,2025-09-10,Mobile
6766,96836,11,3567,3,2024-09-11,Tablet
6767,96847,11,5909,3,2024-09-01,Tablet
6768,96850,25,5058,3,2024-11-17,Desktop
6769,96865,58,2726,1,2025-05-22,Mobile
6770,96870,43,3685,2,2026-01-16,Desktop
6771,96890,42,3915,2,2024-12-30,Mobile
6772,96896,49,4912,5,2025-08-30,Mobile
6773,96898,6,4903,5,2025-02-05,Tablet
6774,96914,36,5249,5,2025-05-10,Mobile
6775,96930,36,677,5,2025-04-16,Mobile
6776,96950,38,2486,2,2025-11-18,Tablet
6777,96955,21,2307,3,2026-01-16,Mobile
6778,96960,25,5458,3,2024-11-09,Tablet
6779,96965,21,2922,3,2026-01-13,Tablet
6780,96977,45,3118,4,2026-04-08,Desktop
6781,96985,27,1129,2,2024-10-28,Tablet
6782,97004,17,4733,2,2024-11-30,Mobile
6783,97007,14,4754,2,2024-12-11,Mobile
6784,97012,8,3828,2,2025-08-09,Desktop
6785,97027,50,1818,1,2025-04-19,Mobile
6786,97039,9,4710,2,2024-08-26,Tablet
6787,97054,56,3272,5,2024-12-10,Tablet
6788,97069,23,504,1,2026-01-01,Mobile
6789,97084,19,3627,4,2025-04-30,Tablet
6790,97113,47,3358,3,2024-11-06,Desktop
6791,97118,14,3409,2,2024-11-20,Tablet
6792,97138,50,2916,1,2025-03-11,Desktop
6793,97151,24,438,6,2025-11-18,Mobile
6794,97174,22,154,5,2024-10-23,Desktop
6795,97177,12,504,1,2024-08-04,Desktop
6796,97189,9,3221,2,2024-09-01,Desktop
6797,97247,30,641,6,2024-11-27,Tablet
6798,97255,52,3044,1,2025-03-21,Desktop
6799,97266,40,656,5,2026-03-01,Tablet
6800,97271,3,1361,4,2025-12-03,Desktop
6801,97301,16,5806,6,2025-02-22,Tablet
6802,97306,20,2148,6,2025-05-19,Desktop
6803,97307,6,4932,5,2025-03-06,Mobile
6804,97345,47,2041,3,2024-10-25,Desktop
6805,97401,25,932,3,2024-12-19,Mobile
6806,97417,44,4139,1,2024-12-31,Desktop
6807,97429,8,5025,2,2025-08-17,Tablet
6808,97435,16,1413,6,2025-01-21,Tablet
6809,97445,16,732,6,2025-03-02,Desktop
6810,97449,12,3311,1,2024-08-03,Desktop
6811,97453,41,1645,3,2026-02-20,Desktop
6812,97458,27,3788,2,2024-10-30,Tablet
6813,97469,55,425,3,2025-07-27,Tablet
6814,97479,37,2262,5,2025-01-03,Tablet
6815,97482,8,5319,2,2025-08-07,Tablet
6816,97494,45,5896,4,2026-05-09,Desktop
6817,97513,56,4325,5,2024-12-21,Mobile
6818,97525,51,5097,6,2025-09-07,Mobile
6819,97527,18,4274,4,2025-04-29,Mobile
6820,97530,46,1589,4,2025-01-05,Desktop
6821,97543,23,1684,1,2026-01-07,Tablet
6822,97548,47,71,3,2024-10-19,Desktop
6823,97585,59,835,5,2026-04-30,Mobile
6824,97590,5,1673,1,2024-10-27,Mobile
6825,97631,17,4802,2,2024-12-15,Tablet
6826,97654,21,1652,3,2026-01-12,Tablet
6827,97668,45,3883,4,2026-06-01,Mobile
6828,97673,21,3093,3,2026-01-11,Tablet
6829,97700,19,4411,4,2025-05-04,Mobile
6830,97737,34,3086,3,2025-06-20,Tablet
6831,97822,12,4483,1,2024-08-03,Tablet
6832,97827,3,1243,4,2025-12-04,Mobile
6833,97833,8,1687,2,2025-07-31,Desktop
6834,97845,49,2494,5,2025-09-30,Tablet
6835,97868,35,5776,6,2025-05-30,Tablet
6836,97875,9,2053,2,2024-08-27,Mobile
6837,97879,16,4376,6,2025-01-13,Mobile
6838,97886,40,20,5,2026-03-02,Desktop
6839,97897,28,5858,6,2025-04-18,Desktop
6840,97908,9,3034,2,2024-09-11,Tablet
6841,97912,59,2072,5,2026-05-12,Tablet
6842,97936,31,5738,4,2025-01-19,Tablet
6843,97942,1,2378,6,2025-04-17,Desktop
6844,97965,25,5678,3,2024-12-13,Mobile
6845,97983,34,1541,3,2025-06-27,Tablet
6846,97996,15,536,6,2026-05-07,Mobile
6847,98088,12,3615,1,2024-08-01,Mobile
6848,98116,28,3011,6,2025-05-15,Mobile
6849,98120,11,4583,3,2024-08-19,Desktop
6850,98125,7,2587,5,2026-05-18,Mobile
6851,98167,34,4345,3,2025-06-19,Desktop
6852,98209,28,5835,6,2025-04-26,Tablet
6853,98220,42,1624,2,2024-12-20,Tablet
6854,98222,53,5796,3,2026-05-11,Mobile
6855,98245,27,2675,2,2024-11-02,Mobile
6856,98302,13,4663,4,2024-09-07,Mobile
6857,98304,14,2079,2,2024-11-29,Desktop
6858,98314,3,1678,4,2025-12-07,Tablet
6859,98321,38,1551,2,2025-11-21,Mobile
6860,98342,49,1700,5,2025-09-01,Mobile
6861,98346,35,748,6,2025-06-03,Mobile
6862,98357,26,3854,3,2025-11-03,Tablet
6863,98367,15,3907,6,2026-04-29,Mobile
6864,98369,44,2041,1,2024-12-21,Mobile
6865,98370,41,4084,3,2026-02-10,Mobile
6866,98400,24,2347,6,2025-10-24,Mobile
6867,98413,15,5659,6,2026-04-16,Mobile
6868,98431,43,3712,2,2026-01-31,Mobile
6869,98433,34,2853,3,2025-06-18,Mobile
6870,98460,13,3058,4,2024-09-07,Mobile
6871,98468,21,5286,3,2026-01-20,Mobile
6872,98478,10,5200,1,2025-11-27,Mobile
6873,98508,6,2295,5,2025-02-25,Tablet
6874,98518,7,4714,5,2026-06-05,Mobile
6875,98520,6,4735,5,2025-03-12,Tablet
6876,98529,51,1283,6,2025-09-13,Tablet
6877,98561,33,5283,3,2026-01-28,Mobile
6878,98579,47,2646,3,2024-10-10,Desktop
6879,98586,46,4147,4,2025-02-07,Desktop
6880,98609,7,421,5,2026-05-20,Mobile
6881,98641,34,3884,3,2025-06-27,Desktop
6882,98659,15,5975,6,2026-04-25,Desktop
6883,98667,38,5336,2,2025-11-15,Tablet
6884,98668,27,2828,2,2024-11-02,Tablet
6885,98671,55,1450,3,2025-08-03,Tablet
6886,98685,30,375,6,2024-11-22,Mobile
6887,98688,28,1159,6,2025-05-08,Desktop
6888,98689,56,1636,5,2024-12-11,Tablet
6889,98699,13,1043,4,2024-09-08,Tablet
6890,98705,32,3130,3,2024-10-06,Tablet
6891,98717,36,1898,5,2025-04-04,Mobile
6892,98746,18,1685,4,2025-04-24,Tablet
6893,98755,36,4588,5,2025-04-16,Tablet
6894,98762,51,3717,6,2025-10-03,Desktop
6895,98798,17,5531,2,2024-12-17,Tablet
6896,98822,9,3145,2,2024-09-16,Mobile
6897,98829,29,4820,1,2025-04-13,Mobile
6898,98832,47,3672,3,2024-10-04,Mobile
6899,98842,18,4935,4,2025-04-18,Tablet
6900,98846,56,3383,5,2024-12-19,Tablet
6901,98860,47,4715,3,2024-10-02,Tablet
6902,98869,21,2968,3,2026-01-24,Desktop
6903,98881,55,136,3,2025-07-28,Mobile
6904,98910,23,2170,1,2025-12-31,Mobile
6905,98911,7,390,5,2026-05-30,Mobile
6906,98913,59,4642,5,2026-05-03,Mobile
6907,98949,42,928,2,2024-12-23,Mobile
6908,98965,14,458,2,2024-11-28,Mobile
6909,98966,46,4321,4,2024-12-26,Mobile
6910,98968,34,1356,3,2025-06-14,Desktop
6911,98977,19,2447,4,2025-04-19,Tablet
6912,98979,18,878,4,2025-04-25,Desktop
6913,98996,53,5260,3,2026-05-13,Tablet
6914,98999,3,5375,4,2025-12-15,Desktop
6915,99033,3,2667,4,2025-12-07,Mobile
6916,99054,7,2750,5,2026-05-29,Desktop
6917,99057,9,50,2,2024-09-09,Desktop
6918,99063,15,2400,6,2026-05-17,Tablet
6919,99071,39,5772,6,2024-12-05,Tablet
6920,99075,11,5741,3,2024-09-04,Mobile
6921,99103,11,5602,3,2024-09-23,Tablet
6922,99127,13,3697,4,2024-09-16,Tablet
6923,99131,35,1166,6,2025-05-20,Tablet
6924,99142,52,4280,1,2025-03-12,Tablet
6925,99166,58,1584,1,2025-05-20,Mobile
6926,99174,60,5809,5,2025-04-27,Desktop
6927,99190,36,4844,5,2025-03-26,Mobile
6928,99192,29,962,1,2025-05-11,Tablet
6929,99193,44,5130,1,2024-12-14,Tablet
6930,99195,34,257,3,2025-06-24,Desktop
6931,99209,36,5747,5,2025-04-17,Mobile
6932,99217,48,3120,2,2026-01-25,Desktop
6933,99249,44,421,1,2025-01-01,Mobile
6934,99255,38,4797,2,2025-11-09,Desktop
6935,99297,8,5218,2,2025-07-22,Tablet
6936,99313,49,3109,5,2025-10-08,Tablet
6937,99320,14,1387,2,2024-11-27,Desktop
6938,99337,14,3849,2,2024-12-11,Mobile
6939,99344,48,2543,2,2026-01-30,Mobile
6940,99364,29,4805,1,2025-04-10,Desktop
6941,99413,12,3409,1,2024-07-27,Mobile
6942,99417,25,4763,3,2025-01-05,Desktop
6943,99418,45,68,4,2026-05-27,Desktop
6944,99423,17,2381,2,2024-12-07,Desktop
6945,99424,47,604,3,2024-10-18,Tablet
6946,99449,49,747,5,2025-09-16,Mobile
6947,99499,2,2842,1,2024-11-04,Mobile
6948,99514,29,2798,1,2025-05-02,Mobile
6949,99518,53,4210,3,2026-05-25,Desktop
6950,99524,17,2849,2,2024-12-20,Desktop
6951,99525,53,5656,3,2026-05-12,Desktop
6952,99541,53,5120,3,2026-05-19,Tablet
6953,99556,39,2257,6,2024-12-18,Mobile
6954,99585,45,97,4,2026-05-16,Mobile
6955,99587,35,2641,6,2025-05-22,Desktop
6956,99603,23,812,1,2026-01-12,Mobile
6957,99619,46,4984,4,2025-01-28,Mobile
6958,99664,25,3344,3,2024-12-02,Tablet
6959,99667,51,2736,6,2025-09-15,Mobile
6960,99689,20,855,6,2025-05-28,Desktop
6961,99719,37,5552,5,2025-01-29,Tablet
6962,99731,56,2865,5,2024-12-23,Tablet
6963,99752,13,5807,4,2024-08-29,Mobile
6964,99777,44,5007,1,2024-12-24,Desktop
6965,99836,28,3098,6,2025-05-01,Desktop
6966,99839,53,4826,3,2026-05-08,Desktop
6967,99841,53,259,3,2026-05-22,Desktop
6968,99845,16,1463,6,2025-02-01,Tablet
6969,99870,26,2158,3,2025-10-31,Mobile
6970,99883,10,5734,1,2025-12-10,Desktop
6971,99891,19,622,4,2025-04-11,Mobile
6972,99910,14,3062,2,2024-11-26,Desktop
6973,99922,23,220,1,2026-01-17,Desktop
6974,99944,14,246,2,2024-12-14,Mobile
6975,99952,2,2205,1,2024-11-24,Mobile
6976,99957,21,2725,3,2026-01-16,Mobile
6977,99960,6,5355,5,2025-02-22,Tablet
6978,99961,3,4493,4,2025-12-11,Tablet
6979,99995,41,70,3,2026-01-29,Tablet
6980,100048,19,746,4,2025-04-25,Tablet
6981,100060,56,3224,5,2024-12-15,Mobile
6982,100063,31,3545,4,2025-01-17,Desktop
6983,100068,43,1928,2,2026-01-26,Desktop
6984,100081,31,4114,4,2025-01-30,Desktop
6985,100097,36,2723,5,2025-03-17,Tablet
6986,100137,1,382,6,2025-03-31,Desktop
6987,100144,4,3206,1,2024-12-06,Tablet
6988,100158,31,3595,4,2025-01-31,Mobile
6989,100159,8,1466,2,2025-07-24,Mobile
6990,100170,36,4664,5,2025-03-24,Tablet
6991,100174,4,5756,1,2025-01-14,Tablet
6992,100184,58,5073,1,2025-05-06,Tablet
6993,100187,19,4560,4,2025-05-31,Tablet
6994,100209,16,3050,6,2025-01-25,Tablet
6995,100223,5,3658,1,2024-11-02,Desktop
6996,100230,46,867,4,2025-01-15,Tablet
6997,100231,6,2946,5,2025-03-03,Tablet
6998,100267,9,5232,2,2024-09-02,Desktop
6999,100275,1,5988,6,2025-04-13,Desktop
7000,100291,52,2880,1,2025-02-23,Mobile
7001,100344,43,5321,2,2026-01-18,Desktop
7002,100385,53,2271,3,2026-05-18,Mobile
7003,100386,1,569,6,2025-04-22,Desktop
7004,100393,21,3003,3,2026-01-08,Mobile
7005,100399,17,398,2,2024-12-18,Tablet
7006,100405,46,3960,4,2025-01-16,Desktop
7007,100416,60,225,5,2025-04-29,Mobile
7008,100424,54,1566,1,2025-09-19,Tablet
7009,100429,5,5666,1,2024-10-22,Desktop
7010,100432,34,3471,3,2025-06-19,Desktop
7011,100438,16,5314,6,2025-03-09,Mobile
7012,100462,13,425,4,2024-09-13,Tablet
7013,100463,22,1497,5,2024-11-01,Tablet
7014,100491,42,2229,2,2024-12-14,Desktop
7015,100493,37,5388,5,2025-01-07,Tablet
7016,100497,57,106,2,2024-11-06,Tablet
7017,100508,3,5842,4,2025-12-16,Tablet
7018,100516,13,660,4,2024-09-15,Tablet
7019,100537,11,838,3,2024-09-28,Desktop
7020,100546,12,3381,1,2024-07-24,Desktop
7021,100551,18,389,4,2025-04-11,Tablet
7022,100554,28,1330,6,2025-05-14,Mobile
7023,100555,28,3015,6,2025-05-06,Mobile
7024,100561,30,1771,6,2024-11-22,Mobile
7025,100562,24,4813,6,2025-10-02,Tablet
7026,100593,36,4441,5,2025-03-16,Tablet
7027,100597,53,3364,3,2026-05-15,Tablet
7028,100605,21,3394,3,2026-01-14,Desktop
7029,100619,53,3377,3,2026-05-08,Tablet
7030,100620,60,5533,5,2025-04-27,Mobile
7031,100622,29,4291,1,2025-06-06,Tablet
7032,100624,10,5736,1,2025-12-28,Tablet
7033,100628,29,2668,1,2025-04-29,Tablet
7034,100666,42,2206,2,2024-12-01,Mobile
7035,100704,40,2200,5,2026-03-13,Desktop
7036,100707,21,2938,3,2026-01-09,Desktop
7037,100712,35,2416,6,2025-05-30,Mobile
7038,100729,11,4726,3,2024-09-27,Mobile
7039,100732,17,1987,2,2024-11-25,Tablet
7040,100733,55,1838,3,2025-08-10,Desktop
7041,100737,16,2197,6,2025-03-03,Desktop
7042,100748,45,2916,4,2026-04-01,Mobile
7043,100752,11,4053,3,2024-08-19,Tablet
7044,100773,27,702,2,2024-10-26,Mobile
7045,100780,40,5801,5,2026-02-28,Tablet
7046,100785,49,1896,5,2025-10-19,Desktop
7047,100787,12,4583,1,2024-08-03,Desktop
7048,100811,20,1680,6,2025-05-11,Tablet
7049,100812,45,3872,4,2026-05-04,Tablet
7050,100835,36,408,5,2025-05-12,Desktop
7051,100843,5,404,1,2024-11-03,Desktop
7052,100850,27,2300,2,2024-10-26,Mobile
7053,100868,16,321,6,2025-01-23,Mobile
7054,100885,37,3420,5,2025-01-04,Desktop
7055,100929,31,5728,4,2025-01-30,Desktop
7056,100935,20,4581,6,2025-04-21,Mobile
7057,100945,60,3998,5,2025-04-16,Desktop
7058,100949,37,4522,5,2025-01-24,Mobile
7059,100962,33,382,3,2026-02-21,Tablet
7060,100984,30,464,6,2024-11-14,Tablet
7061,100997,14,1108,2,2024-11-17,Tablet
7062,101001,26,282,3,2025-11-03,Tablet
7063,101003,56,3388,5,2024-12-10,Mobile
7064,101015,4,728,1,2025-01-30,Tablet
7065,101027,32,4068,3,2024-10-30,Tablet
7066,101049,58,4848,1,2025-06-03,Tablet
7067,101054,60,3131,5,2025-04-18,Desktop
7068,101087,1,4771,6,2025-05-03,Tablet
7069,101102,57,2207,2,2024-11-12,Tablet
7070,101119,44,1402,1,2025-01-12,Desktop
7071,101143,41,590,3,2026-02-19,Mobile
7072,101152,27,584,2,2024-10-23,Tablet
7073,101162,43,5257,2,2026-01-17,Mobile
7074,101176,50,4336,1,2025-03-29,Mobile
7075,101180,13,3827,4,2024-09-13,Desktop
7076,101186,37,5088,5,2025-01-21,Mobile
7077,101222,44,4923,1,2024-12-31,Mobile
7078,101231,32,525,3,2024-09-10,Tablet
7079,101250,32,5593,3,2024-09-29,Mobile
7080,101264,51,2430,6,2025-09-02,Desktop
7081,101275,42,5411,2,2024-12-27,Mobile
7082,101290,38,4841,2,2025-11-20,Mobile
7083,101318,50,1542,1,2025-03-22,Tablet
7084,101322,52,5609,1,2025-03-17,Mobile
7085,101356,40,5795,5,2026-02-23,Tablet
7086,101366,8,2507,2,2025-07-28,Desktop
7087,101373,24,2725,6,2025-11-11,Desktop
7088,101386,50,1757,1,2025-04-08,Tablet
7089,101400,44,3886,1,2024-12-30,Desktop
7090,101415,24,2676,6,2025-11-06,Desktop
7091,101418,43,1607,2,2026-01-16,Mobile
7092,101419,55,1026,3,2025-07-20,Tablet
7093,101422,47,231,3,2024-10-14,Desktop
7094,101439,8,4452,2,2025-07-25,Desktop
7095,101448,15,1268,6,2026-04-17,Mobile
7096,101470,18,2115,4,2025-04-14,Mobile
7097,101486,12,5335,1,2024-07-24,Mobile
7098,101497,24,121,6,2025-11-13,Desktop
7099,101524,19,5013,4,2025-05-21,Tablet
7100,101527,55,2891,3,2025-08-01,Tablet
7101,101533,35,3790,6,2025-05-22,Desktop
7102,101554,46,5770,4,2025-01-02,Tablet
7103,101561,23,5152,1,2026-01-10,Desktop
7104,101573,26,889,3,2025-11-01,Tablet
7105,101595,24,3067,6,2025-10-28,Mobile
7106,101609,25,4677,3,2024-11-11,Mobile
7107,101622,15,4886,6,2026-04-20,Mobile
7108,101631,2,4622,1,2024-11-26,Mobile
7109,101632,2,5626,1,2024-11-22,Tablet
7110,101638,59,1074,5,2026-04-29,Desktop
7111,101655,34,5009,3,2025-06-24,Mobile
7112,101660,21,134,3,2026-01-18,Desktop
7113,101671,12,4167,1,2024-07-31,Desktop
7114,101678,26,4078,3,2025-11-04,Desktop
7115,101686,6,1800,5,2025-03-06,Tablet
7116,101741,56,2415,5,2024-12-18,Tablet
7117,101750,37,3910,5,2025-01-18,Mobile
7118,101778,1,3372,6,2025-05-04,Tablet
7119,101784,7,1079,5,2026-05-18,Tablet
7120,101790,29,5528,1,2025-06-03,Mobile
7121,101794,15,4733,6,2026-05-29,Desktop
7122,101798,37,1684,5,2025-01-22,Mobile
7123,101802,35,5073,6,2025-06-02,Mobile
7124,101827,35,3403,6,2025-05-22,Tablet
7125,101829,54,2679,1,2025-09-05,Desktop
7126,101852,15,349,6,2026-05-14,Desktop
7127,101856,7,4917,5,2026-06-06,Desktop
7128,101880,24,1082,6,2025-11-14,Tablet
7129,101932,53,1602,3,2026-05-18,Tablet
7130,101949,33,5449,3,2026-03-07,Mobile
7131,101951,4,5938,1,2024-12-10,Tablet
7132,101960,18,433,4,2025-04-12,Mobile
7133,102001,44,350,1,2024-12-16,Mobile
7134,102016,12,715,1,2024-07-23,Tablet
7135,102040,17,794,2,2024-12-16,Desktop
7136,102042,25,5700,3,2024-12-31,Mobile
7137,102063,12,5282,1,2024-07-24,Mobile
7138,102083,12,5888,1,2024-07-30,Mobile
7139,102085,59,1642,5,2026-04-29,Mobile
7140,102098,24,1747,6,2025-10-05,Mobile
7141,102101,36,762,5,2025-05-13,Tablet
7142,102138,32,1969,3,2024-09-17,Desktop
7143,102143,41,3788,3,2026-01-23,Mobile
7144,102144,9,2684,2,2024-09-05,Tablet
7145,102162,58,4466,1,2025-05-04,Mobile
7146,102188,32,2063,3,2024-10-01,Mobile
7147,102199,22,5349,5,2024-10-16,Tablet
7148,102202,18,3798,4,2025-05-06,Tablet
7149,102221,2,5325,1,2024-11-02,Mobile
7150,102252,23,5137,1,2026-01-17,Tablet
7151,102283,6,3824,5,2025-03-12,Tablet
7152,102290,27,2622,2,2024-10-26,Mobile
7153,102296,49,2643,5,2025-10-02,Tablet
7154,102300,25,617,3,2024-12-11,Tablet
7155,102306,59,770,5,2026-05-02,Tablet
7156,102317,52,2676,1,2025-04-07,Mobile
7157,102355,26,3341,3,2025-11-01,Desktop
7158,102403,28,644,6,2025-05-12,Tablet
7159,102427,19,1132,4,2025-05-31,Tablet
7160,102436,49,4821,5,2025-10-07,Tablet
7161,102455,13,1299,4,2024-09-01,Mobile
7162,102466,23,5805,1,2026-01-03,Desktop
7163,102470,7,1097,5,2026-06-03,Tablet
7164,102508,21,3688,3,2026-01-12,Tablet
7165,102543,7,3439,5,2026-05-27,Tablet
7166,102582,3,5886,4,2025-12-06,Tablet
7167,102597,36,2565,5,2025-04-30,Desktop
7168,102620,5,2313,1,2024-10-29,Desktop
7169,102711,56,3072,5,2024-12-17,Desktop
7170,102714,35,2584,6,2025-06-03,Desktop
7171,102733,55,3359,3,2025-07-26,Desktop
7172,102746,17,2371,2,2024-12-08,Desktop
7173,102751,10,4448,1,2026-01-25,Desktop
7174,102766,14,5088,2,2024-11-17,Mobile
7175,102778,50,1116,1,2025-04-26,Mobile
7176,102781,31,4920,4,2025-01-31,Mobile
7177,102811,4,1212,1,2025-01-13,Tablet
7178,102829,25,4664,3,2024-12-19,Desktop
7179,102832,32,2912,3,2024-09-21,Mobile
7180,102841,16,5826,6,2025-01-16,Tablet
7181,102842,52,4797,1,2025-02-12,Tablet
7182,102860,40,5802,5,2026-03-03,Mobile
7183,102877,23,433,1,2026-01-04,Desktop
7184,102898,20,2513,6,2025-05-29,Tablet
7185,102905,27,5772,2,2024-10-29,Mobile
7186,102906,13,1296,4,2024-09-17,Desktop
7187,102910,54,2804,1,2025-09-18,Desktop
7188,102911,12,3800,1,2024-07-29,Desktop
7189,102921,44,1374,1,2024-12-30,Tablet
7190,102935,30,1838,6,2024-11-21,Desktop
7191,102995,3,5064,4,2025-12-02,Tablet
7192,102996,26,239,3,2025-11-02,Tablet
7193,103019,49,3671,5,2025-08-30,Desktop
7194,103020,19,878,4,2025-06-03,Desktop
7195,103057,36,4326,5,2025-05-06,Desktop
7196,103082,58,3790,1,2025-05-29,Desktop
7197,103087,6,3387,5,2025-02-20,Tablet
7198,103100,5,3801,1,2024-11-13,Mobile
7199,103150,35,4017,6,2025-05-31,Tablet
7200,103161,16,1953,6,2025-01-20,Mobile
7201,103170,47,3448,3,2024-11-09,Mobile
7202,103173,59,5440,5,2026-05-03,Tablet
7203,103188,34,498,3,2025-06-30,Tablet
7204,103191,24,1752,6,2025-11-03,Tablet
7205,103192,48,2741,2,2026-01-25,Desktop
7206,103194,24,5028,6,2025-10-14,Tablet
7207,103223,44,5923,1,2024-12-20,Tablet
7208,103226,27,1831,2,2024-10-24,Mobile
7209,103232,52,632,1,2025-03-14,Desktop
7210,103255,14,5711,2,2024-12-04,Mobile
7211,103256,44,535,1,2024-12-09,Mobile
7212,103314,53,2477,3,2026-05-09,Mobile
7213,103320,45,1386,4,2026-04-27,Mobile
7214,103339,60,5804,5,2025-04-22,Mobile
7215,103346,55,3039,3,2025-08-10,Mobile
7216,103354,39,2509,6,2024-11-26,Desktop
7217,103382,32,5052,3,2024-09-11,Desktop
7218,103387,15,462,6,2026-05-03,Desktop
7219,103410,54,4436,1,2025-09-19,Tablet
7220,103423,13,546,4,2024-09-11,Mobile
7221,103428,1,5052,6,2025-04-13,Mobile
7222,103434,2,1454,1,2024-11-16,Desktop
7223,103446,10,2080,1,2025-11-29,Desktop
7224,103452,48,4768,2,2026-01-29,Mobile
7225,103457,54,4891,1,2025-09-16,Mobile
7226,103467,35,4997,6,2025-05-28,Mobile
7227,103476,10,1432,1,2025-12-18,Desktop
7228,103515,18,1249,4,2025-04-06,Tablet
7229,103516,53,4183,3,2026-05-15,Desktop
7230,103521,25,4362,3,2024-12-10,Mobile
7231,103523,53,2797,3,2026-05-12,Tablet
7232,103524,5,4987,1,2024-11-18,Tablet
7233,103526,37,3749,5,2025-01-16,Tablet
7234,103538,28,4504,6,2025-05-06,Mobile
7235,103547,9,3384,2,2024-08-27,Tablet
7236,103572,33,1771,3,2026-03-03,Tablet
7237,103575,36,311,5,2025-04-24,Tablet
7238,103590,23,158,1,2026-01-04,Desktop
7239,103601,28,4710,6,2025-05-07,Desktop
7240,103608,18,4995,4,2025-04-21,Desktop
7241,103613,20,2823,6,2025-05-23,Tablet
7242,103614,41,1731,3,2026-01-31,Desktop
7243,103626,29,715,1,2025-04-12,Mobile
7244,103628,53,3055,3,2026-05-07,Mobile
7245,103650,57,1978,2,2024-11-13,Mobile
7246,103654,13,224,4,2024-09-13,Mobile
7247,103663,2,4900,1,2024-11-24,Mobile
7248,103682,45,5353,4,2026-05-04,Desktop
7249,103695,39,3816,6,2024-11-28,Mobile
7250,103697,58,4713,1,2025-05-24,Tablet
7251,103726,47,3304,3,2024-10-07,Mobile
7252,103756,31,1544,4,2025-01-25,Mobile
7253,103767,59,1554,5,2026-05-01,Tablet
7254,103775,52,2611,1,2025-02-09,Tablet
7255,103781,48,2024,2,2026-02-02,Desktop
7256,103797,32,920,3,2024-10-13,Tablet
7257,103805,58,3008,1,2025-05-09,Mobile
7258,103817,40,4376,5,2026-03-13,Desktop
7259,103840,15,4051,6,2026-05-01,Desktop
7260,103848,5,5551,1,2024-11-19,Tablet
7261,103858,5,4421,1,2024-11-11,Mobile
7262,103883,24,3447,6,2025-10-03,Desktop
7263,103891,38,3152,2,2025-11-16,Mobile
7264,103892,49,4303,5,2025-10-01,Tablet
7265,103904,19,1812,4,2025-04-11,Tablet
7266,103910,60,2269,5,2025-04-29,Tablet
7267,103914,30,987,6,2024-12-05,Tablet
7268,103916,34,4080,3,2025-06-26,Mobile
7269,103925,9,1633,2,2024-09-15,Tablet
7270,103955,30,5533,6,2024-11-18,Desktop
7271,103975,5,994,1,2024-10-21,Mobile
7272,103985,56,4165,5,2024-12-20,Mobile
7273,104008,28,1119,6,2025-04-25,Desktop
7274,104012,41,2503,3,2026-02-06,Desktop
7275,104028,18,2125,4,2025-04-23,Desktop
7276,104093,30,5335,6,2024-11-14,Mobile
7277,104094,53,4427,3,2026-05-19,Tablet
7278,104104,19,3347,4,2025-05-24,Desktop
7279,104135,31,1717,4,2025-01-17,Mobile
7280,104182,2,5903,1,2024-11-20,Mobile
7281,104184,2,1544,1,2024-11-03,Desktop
7282,104193,3,4295,4,2025-12-16,Desktop
7283,104195,3,4408,4,2025-12-17,Desktop
7284,104196,31,540,4,2025-01-28,Tablet
7285,104204,3,1268,4,2025-12-07,Tablet
7286,104213,55,3987,3,2025-08-23,Desktop
7287,104241,36,4984,5,2025-04-08,Tablet
7288,104242,14,4336,2,2024-12-06,Tablet
7289,104244,15,5546,6,2026-05-26,Mobile
7290,104257,17,3753,2,2024-12-26,Desktop
7291,104280,42,4274,2,2025-01-20,Desktop
7292,104312,6,2657,5,2025-02-05,Tablet
7293,104314,32,5823,3,2024-10-10,Tablet
7294,104328,42,800,2,2024-12-21,Desktop
7295,104330,56,5408,5,2024-12-25,Tablet
7296,104378,21,155,3,2026-01-20,Mobile
7297,104394,49,3890,5,2025-10-25,Desktop
7298,104398,49,3753,5,2025-10-16,Desktop
7299,104403,46,1592,4,2025-01-08,Desktop
7300,104421,1,4071,6,2025-04-24,Mobile
7301,104447,6,4826,5,2025-02-17,Mobile
7302,104453,25,5576,3,2025-01-08,Tablet
7303,104462,30,4624,6,2024-11-29,Mobile
7304,104511,26,5441,3,2025-11-07,Tablet
7305,104522,52,4494,1,2025-02-19,Desktop
7306,104526,14,2246,2,2024-12-02,Desktop
7307,104534,40,5989,5,2026-02-23,Mobile
7308,104571,17,4256,2,2024-12-22,Tablet
7309,104587,8,166,2,2025-07-23,Mobile
7310,104619,18,424,4,2025-03-30,Tablet
7311,104626,18,5615,4,2025-04-02,Desktop
7312,104629,16,3113,6,2025-02-16,Desktop
7313,104697,53,130,3,2026-05-08,Desktop
7314,104699,8,5344,2,2025-07-28,Desktop
7315,104701,12,2284,1,2024-07-26,Desktop
7316,104725,44,991,1,2025-01-02,Desktop
7317,104738,42,5871,2,2024-11-30,Mobile
7318,104745,44,4763,1,2024-12-04,Desktop
7319,104746,26,223,3,2025-11-05,Mobile
7320,104764,4,4917,1,2025-01-03,Tablet
7321,104804,32,5727,3,2024-10-15,Tablet
7322,104816,11,688,3,2024-08-19,Tablet
7323,104822,23,4287,1,2026-01-04,Desktop
7324,104848,30,3816,6,2024-11-14,Mobile
7325,104881,25,2188,3,2025-01-01,Tablet
7326,104903,1,4479,6,2025-04-12,Mobile
7327,104905,31,157,4,2025-01-20,Tablet
7328,104920,46,2375,4,2025-01-19,Tablet
7329,104925,38,4694,2,2025-11-15,Mobile
7330,104956,42,1129,2,2025-01-18,Mobile
7331,104958,25,937,3,2024-11-18,Desktop
7332,104963,39,2796,6,2024-12-23,Tablet
7333,104973,12,2852,1,2024-08-01,Mobile
7334,104978,16,2617,6,2025-01-13,Mobile
7335,104988,45,5465,4,2026-05-04,Desktop
7336,104998,2,3078,1,2024-10-30,Tablet
7337,105008,39,1064,6,2024-12-13,Desktop
7338,105027,4,3605,1,2025-01-27,Mobile
7339,105033,59,992,5,2026-04-28,Mobile
7340,105052,3,779,4,2025-12-14,Mobile
7341,105072,49,2352,5,2025-09-25,Mobile
7342,105079,60,864,5,2025-04-12,Desktop
7343,105103,4,2148,1,2024-12-18,Desktop
7344,105110,48,1429,2,2026-02-03,Tablet
7345,105147,8,2157,2,2025-08-11,Desktop
7346,105151,33,2200,3,2026-02-14,Desktop
7347,105152,24,170,6,2025-11-03,Tablet
7348,105161,9,1679,2,2024-08-31,Tablet
7349,105174,57,3588,2,2024-11-08,Mobile
7350,105178,45,3116,4,2026-05-15,Tablet
7351,105185,36,536,5,2025-05-11,Mobile
7352,105201,6,1593,5,2025-02-22,Tablet
7353,105202,28,4917,6,2025-04-19,Tablet
7354,105208,29,2175,1,2025-05-17,Mobile
7355,105209,21,4902,3,2026-01-18,Desktop
7356,105229,18,3566,4,2025-03-19,Desktop
7357,105239,60,3267,5,2025-04-19,Tablet
7358,105281,26,2662,3,2025-10-30,Tablet
7359,105307,10,5958,1,2025-12-28,Desktop
7360,105345,33,3034,3,2026-02-16,Mobile
7361,105366,43,1046,2,2026-01-18,Tablet
7362,105369,35,5769,6,2025-05-28,Desktop
7363,105379,40,1525,5,2026-02-22,Tablet
7364,105396,45,993,4,2026-05-21,Desktop
7365,105398,58,5512,1,2025-05-07,Desktop
7366,105402,11,59,3,2024-09-28,Tablet
7367,105417,11,462,3,2024-08-25,Tablet
7368,105425,54,1330,1,2025-09-25,Mobile
7369,105452,35,2662,6,2025-05-17,Tablet
7370,105511,6,5408,5,2025-01-18,Mobile
7371,105529,17,1020,2,2024-11-28,Mobile
7372,105537,18,3015,4,2025-03-22,Mobile
7373,105547,46,4277,4,2025-01-03,Tablet
7374,105562,30,1438,6,2024-11-24,Mobile
7375,105574,25,2381,3,2024-11-20,Desktop
7376,105580,23,390,1,2026-01-15,Desktop
7377,105601,24,3237,6,2025-10-05,Desktop
7378,105610,10,3083,1,2025-12-12,Desktop
7379,105613,44,2184,1,2024-12-23,Mobile
7380,105652,8,2308,2,2025-08-15,Tablet
7381,105667,23,1192,1,2026-01-12,Mobile
7382,105683,22,1635,5,2024-10-16,Tablet
7383,105688,17,2745,2,2024-11-26,Desktop
7384,105702,24,5311,6,2025-11-06,Mobile
7385,105724,28,4960,6,2025-04-21,Mobile
7386,105752,56,647,5,2024-12-16,Desktop
7387,105757,44,4046,1,2024-12-06,Desktop
7388,105779,48,5919,2,2026-02-09,Desktop
7389,105817,7,4415,5,2026-05-27,Desktop
7390,105818,41,1813,3,2026-02-21,Desktop
7391,105822,46,5483,4,2025-01-09,Mobile
7392,105847,3,916,4,2025-12-02,Desktop
7393,105852,16,4448,6,2025-03-03,Tablet
7394,105855,9,2570,2,2024-09-01,Desktop
7395,105859,3,2185,4,2025-12-05,Mobile
7396,105876,54,4338,1,2025-09-15,Mobile
7397,105881,54,1178,1,2025-09-21,Tablet
7398,105889,16,3897,6,2025-03-08,Mobile
7399,105890,58,2788,1,2025-05-14,Mobile
7400,105895,39,5025,6,2024-12-20,Mobile
7401,105902,11,4761,3,2024-08-17,Tablet
7402,105952,29,5732,1,2025-04-06,Desktop
7403,105996,31,4258,4,2025-01-22,Tablet
7404,106015,9,5836,2,2024-08-31,Mobile
7405,106069,12,4160,1,2024-07-27,Tablet
7406,106110,57,1846,2,2024-11-18,Mobile
7407,106111,35,2556,6,2025-05-20,Desktop
7408,106124,13,4913,4,2024-09-07,Mobile
7409,106133,16,5115,6,2025-03-10,Tablet
7410,106148,23,5203,1,2026-01-18,Mobile
7411,106150,45,256,4,2026-05-18,Mobile
7412,106155,39,1894,6,2024-12-02,Desktop
7413,106164,58,3580,1,2025-05-15,Mobile
7414,106170,18,4090,4,2025-05-10,Tablet
7415,106176,42,1665,2,2024-11-26,Tablet
7416,106180,39,1483,6,2024-12-08,Desktop
7417,106187,32,330,3,2024-09-15,Desktop
7418,106210,55,1478,3,2025-08-14,Tablet
7419,106211,16,4059,6,2025-02-02,Tablet
7420,106213,27,464,2,2024-10-31,Desktop
7421,106241,11,1883,3,2024-08-21,Mobile
7422,106260,2,1377,1,2024-11-04,Mobile
7423,106276,36,4765,5,2025-04-17,Tablet
7424,106345,56,1390,5,2024-12-11,Tablet
7425,106357,11,2969,3,2024-08-30,Tablet
7426,106375,44,2935,1,2025-01-06,Desktop
7427,106383,37,2419,5,2025-01-20,Tablet
7428,106419,12,2723,1,2024-08-05,Tablet
7429,106446,1,1121,6,2025-05-06,Tablet
7430,106453,9,815,2,2024-09-03,Tablet
7431,106464,12,2039,1,2024-07-27,Mobile
7432,106466,20,968,6,2025-05-09,Mobile
7433,106473,46,5913,4,2025-01-12,Mobile
7434,106475,25,302,3,2024-12-25,Tablet
7435,106483,18,2174,4,2025-05-10,Tablet
7436,106489,37,3889,5,2025-01-27,Mobile
7437,106528,52,3125,1,2025-03-11,Tablet
7438,106558,44,2421,1,2024-12-11,Tablet
7439,106561,23,3303,1,2026-01-15,Mobile
7440,106567,24,1463,6,2025-10-11,Mobile
7441,106576,52,882,1,2025-03-29,Tablet
7442,106584,6,4774,5,2025-03-05,Desktop
7443,106601,44,1020,1,2024-12-25,Tablet
7444,106612,26,581,3,2025-11-04,Tablet
7445,106633,13,2662,4,2024-08-29,Tablet
7446,106651,33,2905,3,2026-02-12,Desktop
7447,106652,56,4580,5,2024-12-14,Desktop
7448,106656,24,1483,6,2025-10-26,Tablet
7449,106670,3,4347,4,2025-12-13,Tablet
7450,106681,33,5325,3,2026-03-07,Tablet
7451,106686,5,4572,1,2024-10-21,Mobile
7452,106714,42,2381,2,2025-01-14,Mobile
7453,106717,8,441,2,2025-07-19,Mobile
7454,106724,27,5950,2,2024-10-27,Mobile
7455,106749,8,3750,2,2025-08-13,Desktop
7456,106768,37,4235,5,2025-01-04,Mobile
7457,106772,8,1651,2,2025-08-11,Desktop
7458,106787,56,3508,5,2024-12-24,Mobile
7459,106792,50,2736,1,2025-04-05,Mobile
7460,106795,8,4520,2,2025-08-02,Desktop
7461,106819,11,3843,3,2024-08-24,Desktop
7462,106822,38,5528,2,2025-11-20,Tablet
7463,106827,43,2196,2,2026-01-23,Tablet
7464,106847,30,809,6,2024-12-05,Desktop
7465,106854,46,1905,4,2025-01-06,Desktop
7466,106884,41,1364,3,2026-01-26,Tablet
7467,106892,36,1380,5,2025-04-21,Mobile
7468,106904,25,5731,3,2024-12-07,Desktop
7469,106909,14,3666,2,2024-12-06,Mobile
7470,106910,6,2524,5,2025-02-12,Tablet
7471,106919,43,2428,2,2026-01-22,Mobile
7472,106923,40,5501,5,2026-02-26,Tablet
7473,106951,57,3970,2,2024-10-18,Desktop
7474,106965,58,914,1,2025-05-21,Tablet
7475,107017,46,3253,4,2024-12-29,Desktop
7476,107019,8,2082,2,2025-08-11,Tablet
7477,107029,27,403,2,2024-11-04,Mobile
7478,107037,48,884,2,2026-02-02,Desktop
7479,107068,25,5436,3,2025-01-02,Mobile
7480,107073,23,1252,1,2026-01-03,Desktop
7481,107087,26,272,3,2025-11-04,Tablet
7482,107101,45,691,4,2026-04-15,Desktop
7483,107102,50,4508,1,2025-03-07,Desktop
7484,107103,54,3520,1,2025-09-16,Desktop
7485,107105,30,1006,6,2024-11-16,Mobile
7486,107126,26,1103,3,2025-10-25,Mobile
7487,107132,47,1096,3,2024-10-13,Tablet
7488,107138,3,2946,4,2025-12-15,Desktop
7489,107139,24,1524,6,2025-10-29,Tablet
7490,107143,26,863,3,2025-10-30,Desktop
7491,107155,55,5441,3,2025-08-09,Tablet
7492,107160,28,2429,6,2025-05-14,Mobile
7493,107168,21,194,3,2026-01-13,Tablet
7494,107185,18,2449,4,2025-03-20,Desktop
7495,107189,13,5492,4,2024-09-10,Mobile
7496,107199,25,63,3,2024-12-14,Mobile
7497,107204,3,2861,4,2025-12-17,Mobile
7498,107218,50,1287,1,2025-03-23,Tablet
7499,107224,30,3579,6,2024-12-01,Desktop
7500,107231,57,1734,2,2024-10-07,Tablet
7501,107245,50,5259,1,2025-03-30,Mobile
7502,107258,6,5044,5,2025-03-09,Tablet
7503,107264,53,3654,3,2026-05-12,Desktop
7504,107265,48,769,2,2026-02-11,Tablet
7505,107278,35,1000,6,2025-05-20,Tablet
7506,107280,2,1898,1,2024-11-12,Mobile
7507,107281,34,1561,3,2025-06-11,Desktop
7508,107287,13,2891,4,2024-09-03,Mobile
7509,107303,17,2992,2,2024-12-14,Tablet
7510,107309,18,2764,4,2025-04-02,Tablet
7511,107319,24,4336,6,2025-10-10,Mobile
7512,107351,20,843,6,2025-04-22,Desktop
7513,107365,1,4923,6,2025-03-26,Desktop
7514,107368,36,712,5,2025-05-12,Desktop
7515,107386,55,5427,3,2025-08-21,Desktop
7516,107407,43,4228,2,2026-01-21,Tablet
7517,107417,50,2984,1,2025-03-07,Desktop
7518,107425,53,856,3,2026-05-10,Tablet
7519,107441,55,5093,3,2025-08-01,Mobile
7520,107463,57,2396,2,2024-11-09,Mobile
7521,107470,26,47,3,2025-10-30,Desktop
7522,107510,58,1256,1,2025-06-02,Mobile
7523,107524,45,4793,4,2026-05-29,Mobile
7524,107533,16,3630,6,2025-02-08,Desktop
7525,107556,59,2297,5,2026-05-07,Desktop
7526,107557,57,5822,2,2024-11-11,Tablet
7527,107558,39,510,6,2024-12-13,Tablet
7528,107576,27,920,2,2024-11-01,Tablet
7529,107581,31,1904,4,2025-01-20,Tablet
7530,107612,40,782,5,2026-03-06,Tablet
7531,107627,33,4165,3,2026-01-28,Tablet
7532,107630,19,1232,4,2025-05-26,Tablet
7533,107631,47,2903,3,2024-10-20,Desktop
7534,107647,24,4794,6,2025-10-27,Desktop
7535,107650,60,2382,5,2025-04-17,Tablet
7536,107654,22,4176,5,2024-10-31,Tablet
7537,107663,32,9,3,2024-09-23,Mobile
7538,107672,52,1970,1,2025-02-09,Tablet
7539,107748,46,123,4,2025-01-25,Tablet
7540,107759,9,2926,2,2024-09-14,Mobile
7541,107766,42,5627,2,2024-12-27,Mobile
7542,107776,17,5520,2,2024-12-14,Mobile
7543,107790,49,3008,5,2025-10-23,Tablet
7544,107798,19,5004,4,2025-04-10,Tablet
7545,107805,59,4441,5,2026-05-02,Mobile
7546,107806,29,5431,1,2025-04-27,Mobile
7547,107812,48,2170,2,2026-01-30,Desktop
7548,107823,27,4532,2,2024-10-29,Desktop
7549,107835,14,508,2,2024-12-01,Tablet
7550,107857,42,4233,2,2024-12-24,Desktop
7551,107918,32,1102,3,2024-09-24,Desktop
7552,107930,44,4415,1,2024-12-13,Tablet
7553,107967,20,5392,6,2025-05-29,Desktop
7554,107979,48,3928,2,2026-01-30,Tablet
7555,108010,14,1616,2,2024-11-28,Desktop
7556,108012,42,1975,2,2024-12-06,Tablet
7557,108020,29,2930,1,2025-04-26,Mobile
7558,108021,13,3149,4,2024-08-28,Desktop
7559,108053,16,5736,6,2025-02-23,Tablet
7560,108056,36,5324,5,2025-04-03,Mobile
7561,108064,27,5703,2,2024-10-22,Desktop
7562,108089,4,3227,1,2025-02-01,Tablet
7563,108098,58,1527,1,2025-05-20,Tablet
7564,108103,32,1448,3,2024-10-20,Mobile
7565,108106,10,2637,1,2025-12-24,Desktop
7566,108132,17,36,2,2025-01-05,Tablet
7567,108186,27,3073,2,2024-10-24,Desktop
7568,108197,48,4076,2,2026-01-31,Tablet
7569,108233,28,478,6,2025-04-30,Desktop
7570,108249,12,1434,1,2024-07-25,Desktop
7571,108260,17,745,2,2024-12-01,Tablet
7572,108270,50,5725,1,2025-03-29,Desktop
7573,108280,30,2085,6,2024-11-29,Tablet
7574,108281,36,2915,5,2025-04-13,Desktop
7575,108291,4,5394,1,2025-01-02,Desktop
7576,108296,19,3837,4,2025-06-01,Desktop
7577,108348,58,4861,1,2025-05-14,Mobile
7578,108353,8,2946,2,2025-08-11,Mobile
7579,108358,22,4344,5,2024-10-09,Mobile
7580,108369,15,764,6,2026-04-15,Mobile
7581,108373,29,3251,1,2025-04-16,Mobile
7582,108425,47,2388,3,2024-10-01,Desktop
7583,108457,34,4555,3,2025-06-30,Desktop
7584,108482,11,2961,3,2024-09-22,Desktop
7585,108484,21,5091,3,2026-01-18,Mobile
7586,108488,14,2319,2,2024-12-11,Desktop
7587,108492,17,2876,2,2024-12-05,Desktop
7588,108505,56,3591,5,2024-12-12,Desktop
7589,108520,14,2614,2,2024-12-09,Tablet
7590,108530,23,4577,1,2026-01-02,Mobile
7591,108539,10,2870,1,2025-12-03,Desktop
7592,108548,23,1,1,2025-12-28,Tablet
7593,108556,29,5893,1,2025-04-29,Desktop
7594,108557,20,3097,6,2025-05-29,Tablet
7595,108571,50,1062,1,2025-03-28,Desktop
7596,108575,50,4545,1,2025-04-13,Desktop
7597,108677,52,3959,1,2025-03-21,Tablet
7598,108681,55,291,3,2025-08-10,Mobile
7599,108717,7,3444,5,2026-06-02,Tablet
7600,108732,23,2773,1,2026-01-12,Desktop
7601,108769,31,2380,4,2025-01-27,Tablet
7602,108778,15,4499,6,2026-05-24,Desktop
7603,108782,41,564,3,2026-02-12,Tablet
7604,108811,3,1662,4,2025-12-07,Tablet
7605,108816,17,2657,2,2024-11-30,Tablet
7606,108817,12,2529,1,2024-07-30,Mobile
7607,108822,58,4005,1,2025-05-18,Tablet
7608,108850,48,3125,2,2026-02-06,Mobile
7609,108851,60,962,5,2025-04-12,Tablet
7610,108882,6,5513,5,2025-01-18,Desktop
7611,108886,32,3889,3,2024-09-11,Tablet
7612,108898,56,4841,5,2024-12-19,Desktop
7613,108921,55,1287,3,2025-07-21,Mobile
7614,108946,56,4236,5,2024-12-19,Tablet
7615,108954,26,4287,3,2025-10-31,Mobile
7616,108979,21,829,3,2026-01-16,Mobile
7617,109015,33,2886,3,2026-03-10,Tablet
7618,109037,26,937,3,2025-11-07,Desktop
7619,109044,43,1517,2,2026-01-08,Tablet
7620,109057,19,3575,4,2025-05-01,Mobile
7621,109066,23,5376,1,2025-12-30,Tablet
7622,109072,3,4520,4,2025-12-16,Desktop
7623,109081,35,5152,6,2025-05-28,Desktop
7624,109087,35,324,6,2025-06-02,Tablet
7625,109102,24,2436,6,2025-10-14,Tablet
7626,109138,56,4050,5,2024-12-19,Mobile
7627,109150,6,2620,5,2025-01-13,Tablet
7628,109167,2,3739,1,2024-11-21,Mobile
7629,109180,60,5560,5,2025-04-10,Mobile
7630,109184,2,4421,1,2024-11-01,Tablet
7631,109204,53,5581,3,2026-05-14,Mobile
7632,109216,8,4823,2,2025-07-20,Mobile
7633,109246,60,3601,5,2025-04-14,Desktop
7634,109272,39,2417,6,2024-12-13,Desktop
7635,109278,1,3162,6,2025-05-02,Mobile
7636,109324,11,1660,3,2024-08-27,Mobile
7637,109337,37,3705,5,2025-01-29,Desktop
7638,109370,3,5377,4,2025-12-10,Mobile
7639,109396,39,5098,6,2024-11-28,Desktop
7640,109406,11,874,3,2024-09-04,Desktop
7641,109433,35,2363,6,2025-05-30,Tablet
7642,109437,5,1831,1,2024-11-16,Tablet
7643,109452,40,1518,5,2026-03-10,Mobile
7644,109457,39,929,6,2024-11-28,Mobile
7645,109509,41,2774,3,2026-02-02,Mobile
7646,109525,25,1771,3,2024-11-16,Mobile
7647,109546,54,96,1,2025-09-14,Mobile
7648,109551,32,4908,3,2024-11-09,Mobile
7649,109574,41,1366,3,2026-01-28,Mobile
7650,109603,50,5283,1,2025-04-26,Desktop
7651,109608,26,2212,3,2025-10-24,Desktop
7652,109613,36,908,5,2025-05-10,Mobile
7653,109640,16,3629,6,2025-03-09,Desktop
7654,109656,36,1704,5,2025-03-24,Tablet
7655,109663,56,4970,5,2024-12-19,Tablet
7656,109676,39,2637,6,2024-12-20,Mobile
7657,109716,52,4492,1,2025-03-19,Tablet
7658,109717,50,1490,1,2025-05-02,Desktop
7659,109729,51,5599,6,2025-09-22,Mobile
7660,109733,6,3296,5,2025-01-20,Desktop
7661,109734,8,5827,2,2025-08-03,Mobile
7662,109744,47,1792,3,2024-10-06,Tablet
7663,109747,6,910,5,2025-03-11,Tablet
7664,109753,38,2982,2,2025-11-23,Tablet
7665,109759,42,570,2,2024-11-26,Tablet
7666,109770,22,307,5,2024-10-20,Desktop
7667,109774,47,2259,3,2024-11-07,Tablet
7668,109776,50,2716,1,2025-03-22,Mobile
7669,109783,1,5592,6,2025-05-04,Desktop
7670,109803,17,5760,2,2025-01-08,Desktop
7671,109810,37,1134,5,2025-01-25,Tablet
7672,109827,9,2435,2,2024-08-27,Mobile
7673,109829,15,2721,6,2026-04-20,Mobile
7674,109835,24,3122,6,2025-10-07,Tablet
7675,109860,53,5993,3,2026-05-04,Desktop
7676,109870,37,4503,5,2025-01-17,Tablet
7677,109884,21,420,3,2026-01-18,Tablet
7678,109889,47,1159,3,2024-10-10,Mobile
7679,109903,40,386,5,2026-02-21,Mobile
7680,109912,39,3824,6,2024-12-09,Desktop
7681,109920,50,5601,1,2025-04-27,Tablet
7682,109925,9,268,2,2024-09-07,Tablet
7683,109930,36,1479,5,2025-03-18,Desktop
7684,109946,7,3009,5,2026-06-03,Desktop
7685,109984,19,3581,4,2025-05-17,Mobile
7686,109987,45,5021,4,2026-04-29,Desktop
7687,109988,53,2571,3,2026-05-08,Mobile
7688,110001,35,4779,6,2025-05-21,Tablet
7689,110005,25,1775,3,2025-01-07,Mobile
7690,110035,27,3937,2,2024-10-25,Desktop
7691,110042,60,3213,5,2025-04-22,Tablet
7692,110061,21,2795,3,2026-01-23,Mobile
7693,110069,2,2695,1,2024-10-30,Desktop
7694,110073,30,4095,6,2024-11-25,Tablet
7695,110085,41,4369,3,2026-01-29,Mobile
7696,110110,56,1333,5,2024-12-22,Tablet
7697,110118,40,5172,5,2026-03-09,Mobile
7698,110154,56,3611,5,2024-12-16,Mobile
7699,110167,38,5501,2,2025-11-11,Desktop
7700,110186,59,2401,5,2026-04-23,Tablet
7701,110190,8,2537,2,2025-07-30,Desktop
7702,110193,44,3793,1,2025-01-07,Tablet
7703,110224,18,3299,4,2025-04-14,Tablet
7704,110245,46,4134,4,2024-12-27,Tablet
7705,110251,32,2706,3,2024-10-05,Tablet
7706,110257,51,818,6,2025-09-27,Mobile
7707,110282,3,5809,4,2025-12-06,Tablet
7708,110323,14,474,2,2024-12-10,Mobile
7709,110335,44,5047,1,2024-12-19,Tablet
7710,110405,58,1154,1,2025-05-03,Desktop
7711,110409,51,3107,6,2025-09-25,Mobile
7712,110426,34,1165,3,2025-06-29,Tablet
7713,110437,53,2196,3,2026-05-18,Mobile
7714,110445,40,3332,5,2026-03-08,Desktop
7715,110463,43,5297,2,2026-01-21,Mobile
7716,110465,44,1967,1,2025-01-03,Tablet
7717,110477,57,3662,2,2024-11-22,Mobile
7718,110504,46,2929,4,2025-01-31,Desktop
7719,110531,42,4750,2,2024-12-30,Desktop
7720,110540,10,4935,1,2025-12-10,Mobile
7721,110542,32,4679,3,2024-09-29,Mobile
7722,110551,39,895,6,2024-11-29,Desktop
7723,110564,25,1962,3,2024-11-29,Mobile
7724,110575,41,5632,3,2026-02-07,Desktop
7725,110581,56,2244,5,2024-12-17,Tablet
7726,110615,59,2738,5,2026-04-28,Tablet
7727,110644,21,2863,3,2026-01-20,Mobile
7728,110657,26,332,3,2025-10-27,Tablet
7729,110741,3,4089,4,2025-12-07,Desktop
7730,110746,16,4727,6,2025-01-23,Desktop
7731,110747,38,2072,2,2025-11-19,Desktop
7732,110766,15,3812,6,2026-05-18,Mobile
7733,110784,4,5217,1,2025-01-25,Mobile
7734,110789,2,4529,1,2024-11-07,Tablet
7735,110794,44,5785,1,2024-12-17,Desktop
7736,110828,13,5758,4,2024-09-07,Mobile
7737,110901,22,133,5,2024-10-25,Desktop
7738,110943,60,657,5,2025-04-23,Tablet
7739,110961,13,5663,4,2024-09-04,Mobile
7740,110993,43,1131,2,2026-01-08,Tablet
7741,111016,18,1269,4,2025-05-01,Mobile
7742,111046,36,5812,5,2025-04-02,Desktop
7743,111058,56,5023,5,2024-12-14,Desktop
7744,111089,50,1606,1,2025-03-16,Mobile
7745,111105,39,2856,6,2024-12-18,Mobile
7746,111106,55,3023,3,2025-08-01,Mobile
7747,111117,26,2165,3,2025-10-25,Mobile
7748,111123,7,1552,5,2026-05-31,Mobile
7749,111162,52,5315,1,2025-03-07,Desktop
7750,111164,38,4628,2,2025-11-19,Mobile
7751,111169,48,2924,2,2026-01-29,Tablet
7752,111185,19,863,4,2025-04-21,Desktop
7753,111186,11,1112,3,2024-08-26,Desktop
7754,111191,3,4984,4,2025-12-07,Mobile
7755,111216,16,3518,6,2025-01-14,Mobile
7756,111217,55,3897,3,2025-08-21,Desktop
7757,111235,60,1620,5,2025-04-25,Mobile
7758,111240,19,1854,4,2025-05-27,Desktop
7759,111242,50,2523,1,2025-04-18,Desktop
7760,111267,25,2682,3,2024-11-19,Tablet
7761,111297,53,5345,3,2026-05-09,Tablet
7762,111317,52,2036,1,2025-02-15,Tablet
7763,111320,35,4184,6,2025-05-21,Tablet
7764,111325,30,4421,6,2024-11-15,Desktop
7765,111336,20,2685,6,2025-05-31,Tablet
7766,111338,35,2267,6,2025-05-19,Tablet
7767,111354,10,1366,1,2025-12-26,Desktop
7768,111358,38,5755,2,2025-11-19,Tablet
7769,111361,41,1854,3,2026-01-30,Tablet
7770,111370,56,2063,5,2024-12-19,Mobile
7771,111378,6,1581,5,2025-02-04,Mobile
7772,111384,58,1192,1,2025-05-29,Mobile
7773,111389,13,2982,4,2024-09-06,Mobile
7774,111397,56,3889,5,2024-12-19,Mobile
7775,111410,32,514,3,2024-10-28,Tablet
7776,111419,49,710,5,2025-08-29,Desktop
7777,111457,37,3891,5,2025-01-31,Mobile
7778,111495,42,733,2,2025-01-14,Tablet
7779,111520,54,309,1,2025-09-18,Tablet
7780,111521,45,2367,4,2026-04-26,Mobile
7781,111525,51,119,6,2025-09-19,Mobile
7782,111555,21,262,3,2026-01-16,Mobile
7783,111561,46,2050,4,2025-01-21,Mobile
7784,111574,36,394,5,2025-03-22,Desktop
7785,111581,18,2629,4,2025-04-27,Tablet
7786,111587,50,2950,1,2025-04-05,Tablet
7787,111594,2,238,1,2024-11-03,Tablet
7788,111596,19,4613,4,2025-06-02,Mobile
7789,111604,32,3563,3,2024-10-14,Tablet
7790,111610,33,4873,3,2026-02-17,Mobile
7791,111616,37,1792,5,2025-01-19,Mobile
7792,111629,42,3254,2,2024-12-27,Tablet
7793,111633,39,5734,6,2024-12-19,Desktop
7794,111641,59,1208,5,2026-05-06,Desktop
7795,111642,48,1063,2,2026-02-04,Desktop
7796,111663,2,1650,1,2024-11-01,Tablet
7797,111695,31,1920,4,2025-01-16,Desktop
7798,111696,6,5118,5,2025-01-16,Mobile
7799,111730,20,5253,6,2025-04-25,Tablet
7800,111746,26,3670,3,2025-10-28,Mobile
7801,111773,13,1190,4,2024-09-07,Tablet
7802,111781,15,5376,6,2026-04-25,Desktop
7803,111784,58,4311,1,2025-05-06,Desktop
7804,111786,22,5268,5,2024-10-24,Tablet
7805,111801,25,2026,3,2025-01-06,Tablet
7806,111811,55,5732,3,2025-08-21,Desktop
7807,111815,20,1210,6,2025-05-21,Tablet
7808,111832,29,1179,1,2025-05-14,Desktop
7809,111843,9,3769,2,2024-09-10,Tablet
7810,111861,50,2315,1,2025-04-10,Mobile
7811,111868,51,2170,6,2025-09-05,Desktop
7812,111873,15,4369,6,2026-05-04,Desktop
7813,111883,45,4166,4,2026-04-27,Mobile
7814,111887,27,3609,2,2024-10-28,Desktop
7815,111904,32,1692,3,2024-10-15,Mobile
7816,111922,20,506,6,2025-05-07,Tablet
7817,111944,5,4955,1,2024-11-07,Mobile
7818,111947,28,3350,6,2025-05-10,Mobile
7819,111976,36,574,5,2025-04-21,Desktop
7820,112005,12,793,1,2024-07-21,Mobile
7821,112009,55,2256,3,2025-08-20,Tablet
7822,112031,27,511,2,2024-10-28,Mobile
7823,112036,30,2347,6,2024-11-18,Mobile
7824,112066,54,3285,1,2025-09-19,Mobile
7825,112080,33,5013,3,2026-03-19,Mobile
7826,112082,17,956,2,2024-12-02,Desktop
7827,112091,23,3144,1,2026-01-15,Desktop
7828,112092,53,4836,3,2026-05-08,Desktop
7829,112095,31,5098,4,2025-01-26,Tablet
7830,112129,54,44,1,2025-09-06,Mobile
7831,112136,37,5300,5,2025-01-04,Mobile
7832,112140,3,1520,4,2025-12-14,Tablet
7833,112160,38,1377,2,2025-11-09,Mobile
7834,112184,35,1084,6,2025-05-24,Mobile
7835,112192,11,4642,3,2024-09-21,Tablet
7836,112198,49,4184,5,2025-10-06,Desktop
7837,112201,19,4478,4,2025-05-25,Desktop
7838,112204,58,332,1,2025-05-07,Desktop
7839,112219,50,3520,1,2025-04-16,Desktop
7840,112224,6,3521,5,2025-02-26,Mobile
7841,112228,59,4258,5,2026-04-25,Mobile
7842,112237,31,5328,4,2025-01-17,Desktop
7843,112238,13,4338,4,2024-09-16,Tablet
7844,112246,25,843,3,2025-01-05,Mobile
7845,112254,52,4387,1,2025-02-27,Mobile
7846,112303,15,2873,6,2026-04-28,Desktop
7847,112304,8,1092,2,2025-08-17,Mobile
7848,112309,17,1269,2,2024-11-28,Desktop
7849,112314,20,1183,6,2025-05-07,Mobile
7850,112347,19,3712,4,2025-05-12,Mobile
7851,112355,51,1142,6,2025-09-12,Tablet
7852,112434,35,413,6,2025-05-30,Desktop
7853,112437,32,3932,3,2024-10-21,Mobile
7854,112442,57,1052,2,2024-10-09,Mobile
7855,112445,30,1556,6,2024-11-18,Mobile
7856,112454,6,670,5,2025-02-03,Tablet
7857,112460,58,530,1,2025-05-18,Mobile
7858,112461,23,1635,1,2026-01-12,Desktop
7859,112470,3,5836,4,2025-12-12,Desktop
7860,112471,40,1061,5,2026-03-06,Mobile
7861,112481,10,3649,1,2025-12-16,Mobile
7862,112494,20,5584,6,2025-05-05,Mobile
7863,112519,14,3649,2,2024-11-28,Desktop
7864,112538,42,1026,2,2024-12-20,Tablet
7865,112553,17,3835,2,2024-12-07,Desktop
7866,112566,48,4223,2,2026-02-14,Desktop
7867,112578,46,1868,4,2025-01-01,Mobile
7868,112596,53,4630,3,2026-05-09,Desktop
7869,112609,48,1116,2,2026-02-15,Mobile
7870,112614,21,2435,3,2026-01-09,Desktop
7871,112629,34,2310,3,2025-06-25,Mobile
7872,112631,14,201,2,2024-12-14,Mobile
7873,112643,28,3952,6,2025-04-27,Desktop
7874,112651,28,3023,6,2025-05-10,Desktop
7875,112661,60,3828,5,2025-04-14,Tablet
7876,112669,5,5071,1,2024-11-01,Desktop
7877,112683,59,1808,5,2026-05-06,Desktop
7878,112698,15,885,6,2026-04-25,Tablet
7879,112704,42,918,2,2025-01-14,Tablet
7880,112738,38,5018,2,2025-11-11,Tablet
7881,112739,29,2083,1,2025-05-03,Tablet
7882,112743,43,1562,2,2026-01-29,Tablet
7883,112770,28,2307,6,2025-04-25,Desktop
7884,112813,6,5087,5,2025-02-15,Desktop
7885,112815,26,2742,3,2025-11-03,Tablet
7886,112816,52,1963,1,2025-02-22,Mobile
7887,112850,9,3993,2,2024-08-29,Mobile
7888,112851,7,900,5,2026-05-21,Tablet
7889,112854,23,3701,1,2026-01-06,Mobile
7890,112867,39,4954,6,2024-12-23,Desktop
7891,112871,32,4917,3,2024-10-25,Tablet
7892,112872,3,5971,4,2025-12-13,Desktop
7893,112880,12,3833,1,2024-07-25,Tablet
7894,112895,35,4453,6,2025-05-19,Mobile
7895,112907,4,5267,1,2024-12-08,Desktop
7896,112908,24,2295,6,2025-11-10,Mobile
7897,112914,24,5837,6,2025-11-09,Mobile
7898,112922,60,1594,5,2025-04-13,Tablet
7899,112941,33,784,3,2026-02-02,Desktop
7900,112948,47,5929,3,2024-10-30,Desktop
7901,112977,45,2782,4,2026-05-17,Tablet
7902,113010,28,2899,6,2025-05-04,Mobile
7903,113046,55,1358,3,2025-08-10,Tablet
7904,113052,60,3372,5,2025-04-19,Mobile
7905,113090,56,774,5,2024-12-12,Mobile
7906,113091,35,2549,6,2025-06-02,Mobile
7907,113101,54,3177,1,2025-09-15,Desktop
7908,113104,7,1685,5,2026-05-19,Mobile
7909,113112,20,5971,6,2025-05-09,Mobile
7910,113149,28,3219,6,2025-05-02,Mobile
7911,113158,13,3755,4,2024-09-08,Tablet
7912,113168,13,5514,4,2024-09-04,Mobile
7913,113178,3,2644,4,2025-12-13,Desktop
7914,113230,15,4241,6,2026-04-25,Mobile
7915,113231,25,3753,3,2024-12-31,Mobile
7916,113257,41,541,3,2026-02-13,Tablet
7917,113259,54,4407,1,2025-09-06,Tablet
7918,113279,8,3017,2,2025-07-19,Mobile
7919,113281,24,2531,6,2025-11-06,Desktop
7920,113304,7,4164,5,2026-05-20,Tablet
7921,113313,30,4718,6,2024-11-15,Tablet
7922,113315,52,1333,1,2025-04-08,Desktop
7923,113327,8,1939,2,2025-08-11,Mobile
7924,113329,27,1028,2,2024-11-02,Mobile
7925,113337,47,5042,3,2024-10-24,Mobile
7926,113368,35,5599,6,2025-06-05,Mobile
7927,113373,32,1582,3,2024-09-23,Tablet
7928,113378,15,2499,6,2026-05-15,Desktop
7929,113403,17,858,2,2024-12-11,Tablet
7930,113406,20,5403,6,2025-05-07,Tablet
7931,113413,19,2417,4,2025-05-13,Tablet
7932,113439,56,2691,5,2024-12-13,Tablet
7933,113451,22,4364,5,2024-10-31,Mobile
7934,113470,9,844,2,2024-09-08,Tablet
7935,113478,10,396,1,2025-11-30,Desktop
7936,113479,35,2206,6,2025-06-04,Desktop
7937,113498,2,3299,1,2024-11-21,Tablet
7938,113510,16,4147,6,2025-01-31,Mobile
7939,113560,32,381,3,2024-09-13,Desktop
7940,113569,46,4737,4,2025-01-02,Mobile
7941,113572,12,5097,1,2024-07-24,Mobile
7942,113575,11,3369,3,2024-09-07,Desktop
7943,113592,22,237,5,2024-10-23,Mobile
7944,113605,29,3395,1,2025-05-25,Mobile
7945,113620,13,1949,4,2024-09-01,Mobile
7946,113629,37,4135,5,2025-01-12,Mobile
7947,113642,17,5066,2,2024-12-06,Desktop
7948,113686,47,3866,3,2024-11-07,Desktop
7949,113692,20,5369,6,2025-05-08,Mobile
7950,113696,40,1618,5,2026-03-01,Desktop
7951,113703,54,358,1,2025-09-22,Desktop
7952,113705,20,5360,6,2025-04-25,Mobile
7953,113715,50,110,1,2025-05-01,Tablet
7954,113770,55,2770,3,2025-08-22,Desktop
7955,113783,17,1893,2,2024-12-08,Tablet
7956,113784,22,2626,5,2024-10-09,Desktop
7957,113792,47,4301,3,2024-10-12,Mobile
7958,113820,47,5770,3,2024-10-24,Tablet
7959,113825,42,909,2,2025-01-12,Desktop
7960,113839,18,5334,4,2025-05-04,Mobile
7961,113848,24,5848,6,2025-11-06,Tablet
7962,113862,19,5483,4,2025-05-07,Tablet
7963,113867,51,2198,6,2025-09-29,Mobile
7964,113869,52,1430,1,2025-03-26,Tablet
7965,113885,4,958,1,2025-01-12,Desktop
7966,113889,5,4697,1,2024-11-13,Tablet
7967,113929,10,1619,1,2025-12-26,Desktop
7968,113973,53,362,3,2026-05-09,Mobile
7969,113995,2,5476,1,2024-11-07,Tablet
7970,113998,45,3932,4,2026-04-05,Desktop
7971,114016,3,4577,4,2025-12-04,Tablet
7972,114022,46,5329,4,2025-01-27,Tablet
7973,114117,59,4352,5,2026-05-05,Tablet
7974,114128,6,4586,5,2025-03-10,Tablet
7975,114140,43,2880,2,2026-01-09,Desktop
7976,114149,57,4078,2,2024-10-24,Mobile
7977,114169,17,595,2,2024-12-15,Mobile
7978,114177,43,4151,2,2026-01-09,Desktop
7979,114188,41,1334,3,2026-02-19,Desktop
7980,114202,31,270,4,2025-01-27,Mobile
7981,114212,7,3034,5,2026-05-23,Tablet
7982,114214,24,3649,6,2025-11-03,Desktop
7983,114218,45,5332,4,2026-05-01,Tablet
7984,114221,16,1883,6,2025-01-28,Desktop
7985,114234,50,2305,1,2025-03-29,Mobile
7986,114263,57,5940,2,2024-11-08,Tablet
7987,114272,17,3592,2,2024-11-29,Desktop
7988,114299,45,4767,4,2026-04-03,Mobile
7989,114300,50,5553,1,2025-03-08,Mobile
7990,114325,38,3604,2,2025-11-20,Mobile
7991,114360,55,5873,3,2025-07-10,Desktop
7992,114365,52,1791,1,2025-02-21,Mobile
7993,114379,46,4170,4,2025-01-14,Mobile
7994,114382,14,5953,2,2024-11-19,Desktop
7995,114400,36,5391,5,2025-03-25,Tablet
7996,114412,26,36,3,2025-10-25,Mobile
7997,114415,27,515,2,2024-10-23,Tablet
7998,114421,27,3922,2,2024-10-31,Tablet
7999,114422,22,5006,5,2024-10-25,Desktop
8000,114439,15,2263,6,2026-05-13,Mobile
8001,114441,1,4387,6,2025-04-27,Tablet
8002,114454,46,3472,4,2025-01-13,Mobile
8003,114467,47,901,3,2024-10-16,Mobile
8004,114497,23,3113,1,2026-01-13,Desktop
8005,114500,15,2601,6,2026-05-18,Mobile
8006,114511,19,4679,4,2025-05-24,Desktop
8007,114514,53,2358,3,2026-05-12,Tablet
8008,114518,16,77,6,2025-01-21,Tablet
8009,114519,54,4692,1,2025-09-25,Tablet
8010,114538,15,5417,6,2026-04-19,Desktop
8011,114540,2,133,1,2024-11-08,Tablet
8012,114550,37,5652,5,2025-01-11,Desktop
8013,114551,15,2788,6,2026-05-23,Tablet
8014,114553,35,2738,6,2025-05-26,Desktop
8015,114555,28,5190,6,2025-05-02,Desktop
8016,114561,28,3721,6,2025-04-14,Desktop
8017,114565,31,494,4,2025-01-29,Tablet
8018,114567,25,585,3,2024-11-12,Tablet
8019,114580,52,3910,1,2025-03-05,Tablet
8020,114601,25,1223,3,2024-11-18,Desktop
8021,114611,54,3766,1,2025-09-10,Desktop
8022,114616,44,2805,1,2024-12-15,Mobile
8023,114626,51,2335,6,2025-10-11,Desktop
8024,114655,51,1396,6,2025-09-02,Desktop
8025,114658,25,986,3,2024-11-20,Mobile
8026,114714,58,1684,1,2025-05-15,Mobile
8027,114715,15,5957,6,2026-04-25,Mobile
8028,114718,2,3128,1,2024-11-15,Tablet
8029,114729,3,2770,4,2025-12-09,Desktop
8030,114752,56,5794,5,2024-12-17,Mobile
8031,114783,39,3201,6,2024-12-18,Mobile
8032,114801,40,3584,5,2026-03-10,Tablet
8033,114829,15,1496,6,2026-04-21,Tablet
8034,114846,13,3477,4,2024-09-16,Tablet
8035,114867,20,4836,6,2025-05-06,Tablet
8036,114881,28,5027,6,2025-04-21,Desktop
8037,114911,38,517,2,2025-11-12,Desktop
8038,114944,6,1860,5,2025-02-07,Desktop
8039,114952,47,1889,3,2024-09-30,Tablet
8040,114962,60,2723,5,2025-04-12,Desktop
8041,114968,29,2126,1,2025-04-19,Mobile
8042,114972,44,5907,1,2025-01-12,Tablet
8043,115065,35,4642,6,2025-06-04,Mobile
8044,115069,37,3330,5,2025-01-18,Desktop
8045,115079,39,1559,6,2024-12-05,Tablet
8046,115120,5,1116,1,2024-10-23,Tablet
8047,115127,23,5865,1,2026-01-04,Desktop
8048,115138,60,256,5,2025-04-09,Desktop
8049,115167,52,2870,1,2025-02-15,Desktop
8050,115179,60,5663,5,2025-04-19,Tablet
8051,115200,12,4326,1,2024-07-29,Desktop
8052,115204,4,4413,1,2024-12-15,Mobile
8053,115205,57,2576,2,2024-10-22,Tablet
8054,115209,20,4324,6,2025-05-16,Tablet
8055,115214,25,5959,3,2024-12-26,Mobile
8056,115217,23,5123,1,2026-01-07,Desktop
8057,115240,38,3615,2,2025-11-17,Desktop
8058,115259,8,5422,2,2025-07-30,Desktop
8059,115265,46,1121,4,2025-01-15,Desktop
8060,115276,56,5680,5,2024-12-17,Tablet
8061,115278,4,3235,1,2024-12-08,Desktop
8062,115285,42,1321,2,2024-11-30,Tablet
8063,115305,37,3709,5,2025-01-29,Mobile
8064,115309,9,495,2,2024-08-28,Desktop
8065,115327,6,2946,5,2025-02-20,Mobile
8066,115345,52,4100,1,2025-02-26,Tablet
8067,115347,20,2415,6,2025-05-14,Desktop
8068,115371,53,257,3,2026-05-12,Mobile
8069,115376,1,3218,6,2025-05-01,Mobile
8070,115377,18,3679,4,2025-04-27,Desktop
8071,115417,50,1100,1,2025-04-14,Tablet
8072,115419,51,1730,6,2025-09-19,Desktop
8073,115457,33,1566,3,2026-02-12,Tablet
8074,115458,14,4369,2,2024-11-19,Desktop
8075,115459,57,4345,2,2024-11-17,Desktop
8076,115475,3,416,4,2025-12-07,Tablet
8077,115480,33,4886,3,2026-03-12,Mobile
8078,115499,29,3083,1,2025-05-13,Desktop
8079,115503,46,5285,4,2025-01-15,Desktop
8080,115514,36,1871,5,2025-03-23,Tablet
8081,115516,37,57,5,2025-01-12,Tablet
8082,115524,41,2990,3,2026-02-04,Mobile
8083,115538,29,4985,1,2025-05-06,Mobile
8084,115552,47,2587,3,2024-10-03,Tablet
8085,115556,34,3720,3,2025-06-27,Tablet
8086,115561,32,3901,3,2024-09-29,Desktop
8087,115580,18,3299,4,2025-04-02,Mobile
8088,115583,41,2499,3,2026-02-15,Desktop
8089,115595,5,5528,1,2024-11-10,Desktop
8090,115620,39,2187,6,2024-12-23,Desktop
8091,115627,6,2408,5,2025-02-06,Tablet
8092,115635,9,1182,2,2024-09-07,Tablet
8093,115659,59,4814,5,2026-04-29,Tablet
8094,115668,43,2136,2,2026-01-24,Desktop
8095,115672,52,2502,1,2025-04-06,Tablet
8096,115673,44,5797,1,2024-12-12,Tablet
8097,115690,2,2852,1,2024-10-28,Mobile
8098,115704,37,3790,5,2025-01-11,Desktop
8099,115712,59,3786,5,2026-04-30,Desktop
8100,115722,41,3089,3,2026-02-23,Desktop
8101,115731,11,196,3,2024-09-03,Desktop
8102,115746,26,5668,3,2025-11-03,Tablet
8103,115778,23,5673,1,2026-01-06,Mobile
8104,115801,26,3687,3,2025-10-29,Tablet
8105,115804,36,5533,5,2025-05-16,Tablet
8106,115837,47,5604,3,2024-10-07,Tablet
8107,115852,25,4011,3,2024-11-30,Mobile
8108,115887,40,978,5,2026-02-24,Desktop
8109,115888,54,5577,1,2025-09-16,Desktop
8110,115930,3,748,4,2025-12-07,Desktop
8111,115943,22,237,5,2024-11-04,Tablet
8112,115952,24,2597,6,2025-10-19,Mobile
8113,115956,4,1274,1,2025-01-17,Desktop
8114,115965,22,1108,5,2024-11-04,Tablet
8115,115968,5,609,1,2024-11-01,Desktop
8116,115981,54,2064,1,2025-09-07,Desktop
8117,116011,1,2774,6,2025-03-28,Tablet
8118,116014,6,5912,5,2025-02-07,Desktop
8119,116088,4,2834,1,2024-12-07,Desktop
8120,116092,37,1683,5,2025-01-06,Desktop
8121,116115,17,1937,2,2025-01-09,Desktop
8122,116156,34,5523,3,2025-07-02,Desktop
8123,116175,8,4121,2,2025-07-20,Desktop
8124,116194,21,5043,3,2026-01-15,Mobile
8125,116195,1,3120,6,2025-04-12,Desktop
8126,116229,57,382,2,2024-10-11,Desktop
8127,116246,51,1374,6,2025-09-18,Desktop
8128,116250,57,3297,2,2024-11-21,Desktop
8129,116255,47,4253,3,2024-10-18,Desktop
8130,116265,38,4022,2,2025-11-09,Desktop
8131,116275,32,1348,3,2024-09-28,Mobile
8132,116277,33,3812,3,2026-03-10,Tablet
8133,116279,24,2709,6,2025-10-22,Mobile
8134,116287,53,811,3,2026-05-06,Mobile
8135,116297,17,4626,2,2024-12-25,Tablet
8136,116306,20,5433,6,2025-05-17,Mobile
8137,116312,22,3085,5,2024-10-21,Mobile
8138,116326,13,2971,4,2024-09-11,Desktop
8139,116348,25,5490,3,2024-12-12,Tablet
8140,116352,24,4152,6,2025-10-02,Mobile
8141,116353,40,2196,5,2026-02-28,Tablet
8142,116377,42,1666,2,2025-01-20,Tablet
8143,116401,9,45,2,2024-08-28,Desktop
8144,116403,8,5426,2,2025-08-03,Mobile
8145,116413,46,1770,4,2025-01-09,Tablet
8146,116430,6,3498,5,2025-01-25,Mobile
8147,116490,39,1456,6,2024-12-08,Tablet
8148,116493,26,4726,3,2025-11-08,Desktop
8149,116551,26,4103,3,2025-10-28,Mobile
8150,116595,6,4460,5,2025-01-24,Desktop
8151,116599,25,2129,3,2025-01-03,Mobile
8152,116614,44,3753,1,2025-01-02,Mobile
8153,116618,53,935,3,2026-05-16,Mobile
8154,116622,58,5334,1,2025-05-04,Tablet
8155,116623,4,2565,1,2024-12-10,Desktop
8156,116644,41,2051,3,2026-02-10,Desktop
8157,116662,22,2287,5,2024-10-07,Desktop
8158,116700,13,3701,4,2024-09-13,Mobile
8159,116724,32,718,3,2024-09-17,Desktop
8160,116738,15,4200,6,2026-04-22,Tablet
8161,116747,5,3522,1,2024-10-29,Desktop
8162,116753,33,2175,3,2026-02-16,Mobile
8163,116763,23,5392,1,2026-01-18,Tablet
8164,116768,1,5850,6,2025-04-10,Tablet
8165,116771,24,4943,6,2025-10-15,Mobile
8166,116794,23,3160,1,2026-01-17,Tablet
8167,116817,44,3021,1,2024-12-09,Desktop
8168,116825,54,5629,1,2025-09-22,Tablet
8169,116834,48,4929,2,2026-02-04,Tablet
8170,116844,32,922,3,2024-10-11,Mobile
8171,116847,38,4915,2,2025-11-18,Desktop
8172,116892,45,632,4,2026-05-14,Tablet
8173,116932,46,1332,4,2025-01-06,Mobile
8174,116971,22,1342,5,2024-11-02,Tablet
8175,116979,7,3749,5,2026-06-06,Tablet
8176,116985,33,3664,3,2026-03-09,Mobile
8177,116993,36,676,5,2025-05-08,Tablet
8178,117000,50,2784,1,2025-04-05,Tablet
8179,117029,31,3086,4,2025-01-21,Tablet
8180,117076,28,3283,6,2025-05-08,Desktop
8181,117079,52,5704,1,2025-02-27,Tablet
8182,117085,37,1468,5,2025-01-11,Mobile
8183,117091,16,2348,6,2025-01-19,Mobile
8184,117112,41,4814,3,2026-01-24,Tablet
8185,117119,17,2673,2,2024-12-28,Tablet
8186,117183,56,152,5,2024-12-10,Tablet
8187,117189,38,1775,2,2025-11-11,Tablet
8188,117224,30,3104,6,2024-11-20,Mobile
8189,117232,52,5222,1,2025-03-18,Tablet
8190,117250,8,5155,2,2025-08-06,Tablet
8191,117267,24,3691,6,2025-10-18,Tablet
8192,117268,34,364,3,2025-06-22,Mobile
8193,117270,6,3753,5,2025-01-13,Tablet
8194,117274,46,471,4,2025-01-06,Mobile
8195,117283,25,5854,3,2024-12-03,Desktop
8196,117345,28,1679,6,2025-04-29,Tablet
8197,117353,2,2144,1,2024-11-21,Desktop
8198,117356,16,2562,6,2025-01-19,Desktop
8199,117359,59,2385,5,2026-05-08,Tablet
8200,117363,54,5233,1,2025-09-23,Desktop
8201,117375,31,1080,4,2025-01-26,Mobile
8202,117376,27,2403,2,2024-10-31,Mobile
8203,117410,52,605,1,2025-03-06,Mobile
8204,117414,52,3946,1,2025-02-24,Mobile
8205,117429,38,4531,2,2025-11-12,Desktop
8206,117439,35,5479,6,2025-05-30,Mobile
8207,117558,8,4924,2,2025-07-21,Desktop
8208,117563,44,4281,1,2024-12-11,Mobile
8209,117568,4,120,1,2025-01-24,Tablet
8210,117611,56,4131,5,2024-12-10,Desktop
8211,117617,45,1212,4,2026-05-02,Mobile
8212,117628,3,3536,4,2025-12-13,Mobile
8213,117637,60,5694,5,2025-04-27,Mobile
8214,117653,28,1624,6,2025-04-21,Mobile
8215,117661,45,5703,4,2026-05-01,Desktop
8216,117671,50,3387,1,2025-03-24,Tablet
8217,117700,47,1075,3,2024-10-13,Tablet
8218,117706,37,2325,5,2025-01-26,Mobile
8219,117760,38,4471,2,2025-11-17,Desktop
8220,117801,52,1493,1,2025-03-02,Desktop
8221,117803,38,2961,2,2025-11-21,Tablet
8222,117807,60,5972,5,2025-04-21,Desktop
8223,117819,11,551,3,2024-08-29,Tablet
8224,117835,40,1943,5,2026-03-10,Desktop
8225,117854,39,4705,6,2024-12-09,Desktop
8226,117863,58,4635,1,2025-05-16,Tablet
8227,117867,25,595,3,2024-11-19,Tablet
8228,117868,53,2918,3,2026-05-17,Desktop
8229,117877,10,1100,1,2025-12-07,Tablet
8230,117916,14,425,2,2024-12-08,Desktop
8231,117955,54,3062,1,2025-09-24,Mobile
8232,117958,22,2857,5,2024-10-06,Mobile
8233,117966,31,5604,4,2025-01-22,Tablet
8234,117971,39,4586,6,2024-12-13,Mobile
8235,117994,34,2500,3,2025-07-01,Desktop
8236,117996,56,3991,5,2024-12-09,Desktop
8237,118011,49,5873,5,2025-10-20,Tablet
8238,118018,48,4997,2,2026-02-03,Mobile
8239,118027,2,2933,1,2024-11-14,Mobile
8240,118031,58,482,1,2025-05-21,Desktop
8241,118035,46,5424,4,2025-01-17,Tablet
8242,118063,53,3574,3,2026-05-25,Desktop
8243,118075,24,4761,6,2025-10-04,Mobile
8244,118082,39,498,6,2024-11-29,Mobile
8245,118126,2,1582,1,2024-11-06,Tablet
8246,118134,49,4528,5,2025-10-05,Tablet
8247,118136,9,268,2,2024-08-30,Tablet
8248,118168,29,4776,1,2025-06-03,Tablet
8249,118179,2,4358,1,2024-11-02,Tablet
8250,118184,23,1843,1,2026-01-14,Desktop
8251,118185,21,2103,3,2026-01-20,Mobile
8252,118231,46,5288,4,2025-02-06,Mobile
8253,118235,45,151,4,2026-05-10,Tablet
8254,118260,28,3701,6,2025-04-17,Tablet
8255,118264,9,858,2,2024-08-27,Desktop
8256,118277,42,4887,2,2024-12-03,Desktop
8257,118279,14,3673,2,2024-11-23,Desktop
8258,118297,24,4959,6,2025-10-25,Tablet
8259,118349,44,3965,1,2025-01-10,Tablet
8260,118352,20,4499,6,2025-04-29,Tablet
8261,118355,19,788,4,2025-04-20,Mobile
8262,118366,38,5680,2,2025-11-24,Tablet
8263,118373,43,4382,2,2026-01-24,Desktop
8264,118391,7,729,5,2026-05-31,Tablet
8265,118398,50,552,1,2025-03-20,Mobile
8266,118422,6,5244,5,2025-01-23,Desktop
8267,118429,49,2054,5,2025-10-26,Mobile
8268,118473,17,1222,2,2024-12-14,Tablet
8269,118488,55,1577,3,2025-07-12,Tablet
8270,118496,27,5033,2,2024-10-22,Mobile
8271,118501,37,1125,5,2025-01-17,Tablet
8272,118502,39,3660,6,2024-12-02,Mobile
8273,118521,40,2194,5,2026-03-05,Tablet
8274,118544,56,3395,5,2024-12-11,Tablet
8275,118547,20,4171,6,2025-05-13,Desktop
8276,118548,28,4007,6,2025-04-28,Mobile
8277,118549,41,4181,3,2026-01-31,Desktop
8278,118558,4,543,1,2024-12-22,Mobile
8279,118582,16,3195,6,2025-01-27,Desktop
8280,118592,51,5202,6,2025-10-05,Desktop
8281,118627,7,4472,5,2026-05-19,Mobile
8282,118643,46,4471,4,2024-12-28,Mobile
8283,118645,53,110,3,2026-05-23,Tablet
8284,118652,18,3341,4,2025-04-30,Desktop
8285,118654,18,1074,4,2025-04-25,Mobile
8286,118683,44,1431,1,2025-01-02,Mobile
8287,118685,21,4271,3,2026-01-14,Desktop
8288,118686,21,3221,3,2026-01-24,Tablet
8289,118713,45,2890,4,2026-05-19,Mobile
8290,118715,26,4130,3,2025-11-05,Desktop
8291,118722,27,2072,2,2024-10-31,Desktop
8292,118739,45,5764,4,2026-05-25,Tablet
8293,118742,10,3134,1,2026-01-11,Mobile
8294,118744,31,1181,4,2025-01-31,Desktop
8295,118752,56,1397,5,2024-12-11,Desktop
8296,118765,60,5552,5,2025-04-09,Desktop
8297,118767,52,2917,1,2025-03-05,Tablet
8298,118771,53,2567,3,2026-05-05,Mobile
8299,118795,43,5105,2,2026-01-23,Mobile
8300,118808,6,4653,5,2025-03-04,Desktop
8301,118813,17,5227,2,2025-01-04,Tablet
8302,118839,40,3259,5,2026-02-28,Desktop
8303,118849,58,3829,1,2025-05-29,Tablet
8304,118853,36,2326,5,2025-04-23,Tablet
8305,118858,37,3629,5,2025-01-19,Desktop
8306,118866,38,4450,2,2025-11-15,Tablet
8307,118868,23,5493,1,2026-01-19,Desktop
8308,118925,46,207,4,2025-01-07,Mobile
8309,118940,19,1956,4,2025-05-05,Tablet
8310,118941,32,3170,3,2024-09-10,Mobile
8311,118947,40,4345,5,2026-03-13,Mobile
8312,118949,54,2556,1,2025-09-06,Tablet
8313,118968,29,4998,1,2025-06-06,Tablet
8314,118976,48,3050,2,2026-02-08,Mobile
8315,119003,36,3043,5,2025-04-27,Mobile
8316,119035,55,1357,3,2025-08-17,Mobile
8317,119051,3,3272,4,2025-12-08,Mobile
8318,119058,53,2423,3,2026-05-08,Desktop
8319,119067,24,5182,6,2025-11-08,Mobile
8320,119075,21,1352,3,2026-01-17,Mobile
8321,119076,29,4005,1,2025-04-17,Mobile
8322,119083,42,5909,2,2024-11-25,Mobile
8323,119088,39,1875,6,2024-12-10,Mobile
8324,119090,5,5593,1,2024-10-25,Tablet
8325,119105,7,5900,5,2026-05-18,Tablet
8326,119121,55,4391,3,2025-07-12,Desktop
8327,119134,34,715,3,2025-06-26,Desktop
8328,119152,3,3177,4,2025-12-10,Desktop
8329,119160,53,4014,3,2026-05-25,Tablet
8330,119181,56,4991,5,2024-12-12,Tablet
8331,119201,56,2064,5,2024-12-23,Tablet
8332,119206,6,399,5,2025-02-08,Tablet
8333,119227,15,4067,6,2026-04-18,Desktop
8334,119235,46,187,4,2025-01-12,Desktop
8335,119260,28,517,6,2025-05-07,Desktop
8336,119273,5,4777,1,2024-11-12,Mobile
8337,119289,54,3023,1,2025-09-07,Mobile
8338,119304,59,2441,5,2026-05-03,Mobile
8339,119330,9,1095,2,2024-09-03,Desktop
8340,119335,54,917,1,2025-09-13,Tablet
8341,119341,25,2361,3,2025-01-02,Tablet
8342,119348,34,1111,3,2025-06-24,Tablet
8343,119353,51,3742,6,2025-09-01,Mobile
8344,119355,11,3153,3,2024-09-02,Desktop
8345,119395,59,1773,5,2026-05-10,Desktop
8346,119406,1,5126,6,2025-05-05,Tablet
8347,119409,30,391,6,2024-11-29,Tablet
8348,119411,1,2507,6,2025-03-31,Tablet
8349,119435,16,1,6,2025-02-11,Desktop
8350,119472,55,5510,3,2025-08-01,Mobile
8351,119530,11,3045,3,2024-09-16,Mobile
8352,119585,41,4662,3,2026-02-14,Desktop
8353,119597,58,4117,1,2025-05-07,Tablet
8354,119611,42,5676,2,2024-11-26,Desktop
8355,119618,60,4450,5,2025-04-16,Tablet
8356,119686,12,863,1,2024-08-05,Tablet
8357,119694,1,1531,6,2025-05-03,Desktop
8358,119739,34,4319,3,2025-06-20,Desktop
8359,119745,3,4689,4,2025-12-05,Desktop
8360,119754,48,2837,2,2026-02-02,Desktop
8361,119800,32,5731,3,2024-10-21,Mobile
8362,119804,22,5578,5,2024-10-05,Mobile
8363,119809,40,2507,5,2026-03-10,Tablet
8364,119818,58,382,1,2025-05-20,Mobile
8365,119826,21,4218,3,2026-01-19,Mobile
8366,119828,17,3474,2,2025-01-04,Mobile
8367,119831,4,1063,1,2024-12-09,Desktop
8368,119844,53,2088,3,2026-05-26,Mobile
8369,119868,40,1053,5,2026-03-06,Mobile
8370,119870,45,5990,4,2026-04-11,Mobile
8371,119881,33,3960,3,2026-03-02,Mobile
8372,119889,34,1483,3,2025-06-24,Desktop
8373,119896,41,1448,3,2026-02-06,Tablet
8374,119897,12,4393,1,2024-07-29,Desktop
8375,119918,58,1667,1,2025-05-25,Desktop
8376,119921,55,4029,3,2025-07-18,Desktop
8377,119927,44,1915,1,2025-01-14,Desktop
8378,119941,8,3455,2,2025-08-18,Desktop
8379,119946,55,406,3,2025-07-23,Desktop
8380,119947,1,5723,6,2025-05-01,Tablet
8381,119958,16,5166,6,2025-01-29,Mobile
8382,119960,22,1025,5,2024-10-15,Desktop
8383,119963,10,4489,1,2026-01-23,Mobile
8384,119965,34,2716,3,2025-06-29,Mobile
8385,120006,4,5382,1,2025-01-23,Desktop
8386,120024,21,4032,3,2026-01-22,Desktop
8387,120031,30,3212,6,2024-11-20,Desktop
8388,120040,38,3144,2,2025-11-16,Tablet
8389,120055,53,5928,3,2026-05-08,Desktop
8390,120084,24,3742,6,2025-10-11,Tablet
8391,120093,33,1409,3,2026-03-03,Tablet
8392,120114,41,2012,3,2026-02-11,Mobile
8393,120118,25,5747,3,2024-12-19,Tablet
8394,120153,29,378,1,2025-04-21,Mobile
8395,120159,41,324,3,2026-01-31,Mobile
8396,120181,56,1797,5,2024-12-18,Mobile
8397,120196,8,2939,2,2025-07-26,Desktop
8398,120205,56,5039,5,2024-12-23,Desktop
8399,120215,14,5527,2,2024-11-19,Desktop
8400,120227,45,46,4,2026-05-11,Mobile
8401,120231,33,3725,3,2026-02-11,Mobile
8402,120276,59,4731,5,2026-05-02,Mobile
8403,120310,49,4429,5,2025-09-26,Mobile
8404,120329,16,1854,6,2025-01-30,Tablet
8405,120374,12,384,1,2024-07-25,Mobile
8406,120383,18,3739,4,2025-05-15,Tablet
8407,120387,50,5221,1,2025-04-04,Mobile
8408,120402,7,4086,5,2026-05-25,Desktop
8409,120415,22,302,5,2024-10-27,Desktop
8410,120418,29,5430,1,2025-05-28,Mobile
8411,120421,11,3683,3,2024-08-22,Desktop
8412,120433,49,5076,5,2025-10-17,Desktop
8413,120437,17,421,2,2024-11-28,Tablet
8414,120443,31,4831,4,2025-01-25,Desktop
8415,120449,30,2565,6,2024-11-19,Mobile
8416,120477,35,3944,6,2025-05-20,Desktop
8417,120496,46,1247,4,2024-12-29,Mobile
8418,120497,21,5511,3,2026-01-20,Desktop
8419,120502,22,1913,5,2024-10-12,Mobile
8420,120511,48,2178,2,2026-02-05,Tablet
8421,120512,33,2599,3,2026-02-09,Desktop
8422,120514,7,5764,5,2026-05-24,Tablet
8423,120524,24,5219,6,2025-10-27,Mobile
8424,120530,58,511,1,2025-05-21,Mobile
8425,120541,53,4798,3,2026-05-16,Tablet
8426,120546,5,3534,1,2024-11-04,Tablet
8427,120557,27,3009,2,2024-10-29,Tablet
8428,120602,15,5762,6,2026-05-25,Mobile
8429,120608,50,2633,1,2025-03-16,Tablet
8430,120639,17,509,2,2024-12-01,Mobile
8431,120650,49,5504,5,2025-10-02,Tablet
8432,120652,20,5577,6,2025-04-20,Mobile
8433,120678,51,2033,6,2025-09-06,Tablet
8434,120696,22,4927,5,2024-10-31,Tablet
8435,120716,36,5002,5,2025-05-14,Mobile
8436,120719,50,4264,1,2025-04-07,Desktop
8437,120724,38,2371,2,2025-11-13,Desktop
8438,120725,27,328,2,2024-10-27,Mobile
8439,120769,14,1598,2,2024-11-15,Mobile
8440,120770,59,5922,5,2026-04-27,Desktop
8441,120785,41,3695,3,2026-02-02,Tablet
8442,120799,37,614,5,2025-01-30,Mobile
8443,120802,30,3706,6,2024-11-20,Mobile
8444,120814,50,1817,1,2025-04-20,Mobile
8445,120818,37,3554,5,2025-01-12,Desktop
8446,120841,10,3385,1,2025-12-08,Desktop
8447,120850,5,8,1,2024-11-19,Tablet
8448,120860,51,3062,6,2025-09-23,Mobile
8449,120864,57,3775,2,2024-10-26,Desktop
8450,120915,15,4080,6,2026-05-25,Mobile
8451,120925,59,257,5,2026-05-09,Desktop
8452,120948,29,2929,1,2025-06-01,Desktop
8453,120949,3,5371,4,2025-12-02,Mobile
8454,120969,47,5810,3,2024-10-19,Tablet
8455,120986,24,2779,6,2025-11-09,Desktop
8456,120991,57,4797,2,2024-10-18,Tablet
8457,121022,15,4686,6,2026-04-28,Tablet
8458,121024,17,1139,2,2025-01-09,Tablet
8459,121030,58,960,1,2025-05-08,Desktop
8460,121034,5,5802,1,2024-10-28,Desktop
8461,121044,11,2891,3,2024-09-26,Mobile
8462,121046,16,5194,6,2025-03-12,Desktop
8463,121100,9,2312,2,2024-09-14,Mobile
8464,121156,12,2886,1,2024-08-01,Tablet
8465,121157,54,2942,1,2025-09-25,Tablet
8466,121160,27,5026,2,2024-10-26,Mobile
8467,121161,25,5517,3,2024-11-25,Mobile
8468,121165,29,4626,1,2025-05-01,Mobile
8469,121194,17,3588,2,2024-12-28,Tablet
8470,121200,52,430,1,2025-03-20,Mobile
8471,121202,44,863,1,2024-12-06,Mobile
8472,121209,15,4740,6,2026-05-31,Tablet
8473,121228,53,2530,3,2026-05-12,Mobile
8474,121243,41,3113,3,2026-01-31,Tablet
8475,121244,2,70,1,2024-11-21,Desktop
8476,121250,49,3070,5,2025-10-10,Mobile
8477,121274,24,391,6,2025-11-08,Desktop
8478,121281,53,5910,3,2026-05-22,Desktop
8479,121282,36,450,5,2025-04-29,Tablet
8480,121333,42,480,2,2025-01-11,Mobile
8481,121377,25,1120,3,2024-12-19,Mobile
8482,121378,21,1132,3,2026-01-16,Mobile
8483,121381,24,989,6,2025-11-09,Tablet
8484,121394,38,4427,2,2025-11-10,Tablet
8485,121395,6,1297,5,2025-01-20,Tablet
8486,121424,47,584,3,2024-10-17,Tablet
8487,121431,33,5919,3,2026-02-04,Tablet
8488,121441,12,1536,1,2024-08-02,Desktop
8489,121448,52,4233,1,2025-03-10,Mobile
8490,121454,9,502,2,2024-09-01,Tablet
8491,121465,27,5444,2,2024-10-26,Tablet
8492,121468,2,4353,1,2024-11-03,Tablet
8493,121478,13,4352,4,2024-09-07,Tablet
8494,121489,9,3986,2,2024-09-07,Tablet
8495,121490,43,2447,2,2026-01-21,Mobile
8496,121494,52,5923,1,2025-03-14,Mobile
8497,121502,20,3931,6,2025-05-02,Desktop
8498,121515,16,1073,6,2025-02-17,Desktop
8499,121531,24,5730,6,2025-11-12,Desktop
8500,121536,11,863,3,2024-09-13,Tablet
8501,121540,15,749,6,2026-04-25,Tablet
8502,121556,39,643,6,2024-12-24,Desktop
8503,121571,33,3091,3,2026-03-13,Mobile
8504,121572,53,3275,3,2026-05-09,Mobile
8505,121580,46,5617,4,2024-12-31,Desktop
8506,121658,52,3926,1,2025-04-08,Desktop
8507,121664,17,2347,2,2025-01-03,Tablet
8508,121667,39,5450,6,2024-11-30,Mobile
8509,121690,39,5994,6,2024-11-24,Desktop
8510,121701,10,2356,1,2026-01-02,Mobile
8511,121704,57,4035,2,2024-11-19,Mobile
8512,121741,15,4005,6,2026-05-13,Desktop
8513,121774,52,284,1,2025-02-28,Mobile
8514,121807,4,851,1,2025-01-15,Tablet
8515,121823,57,3263,2,2024-10-16,Desktop
8516,121875,19,68,4,2025-04-21,Mobile
8517,121892,38,919,2,2025-11-11,Tablet
8518,121896,27,4963,2,2024-10-28,Desktop
8519,121911,37,3360,5,2025-01-30,Desktop
8520,121928,6,895,5,2025-01-28,Desktop
8521,121950,12,5858,1,2024-08-02,Desktop
8522,121956,21,5953,3,2026-01-13,Desktop
8523,121960,52,5944,1,2025-03-06,Tablet
8524,121973,31,823,4,2025-01-30,Desktop
8525,121974,18,5167,4,2025-04-04,Desktop
8526,121980,35,2919,6,2025-06-03,Mobile
8527,121997,7,4167,5,2026-05-16,Mobile
8528,122024,11,5203,3,2024-08-22,Tablet
8529,122069,18,3822,4,2025-03-18,Mobile
8530,122070,30,5116,6,2024-12-04,Mobile
8531,122071,44,244,1,2024-12-04,Tablet
8532,122078,15,2388,6,2026-04-16,Desktop
8533,122081,53,958,3,2026-05-23,Mobile
8534,122093,25,3742,3,2024-11-18,Desktop
8535,122095,7,440,5,2026-05-20,Mobile
8536,122157,11,2494,3,2024-08-29,Desktop
8537,122163,20,517,6,2025-04-20,Tablet
8538,122167,3,2726,4,2025-12-15,Tablet
8539,122187,51,628,6,2025-09-18,Tablet
8540,122191,54,4727,1,2025-09-22,Mobile
8541,122196,28,4952,6,2025-04-26,Desktop
8542,122229,40,546,5,2026-02-22,Mobile
8543,122242,30,308,6,2024-11-18,Desktop
8544,122256,34,4267,3,2025-06-24,Desktop
8545,122265,31,1024,4,2025-01-23,Tablet
8546,122317,17,2321,2,2024-12-31,Mobile
8547,122353,43,5593,2,2026-01-25,Mobile
8548,122354,46,5616,4,2025-01-19,Tablet
8549,122372,52,3139,1,2025-02-22,Desktop
8550,122376,17,3636,2,2024-12-10,Mobile
8551,122378,38,1853,2,2025-11-13,Mobile
8552,122397,49,3523,5,2025-10-15,Desktop
8553,122402,34,924,3,2025-06-25,Desktop
8554,122403,12,2186,1,2024-07-28,Desktop
8555,122421,46,421,4,2024-12-26,Tablet
8556,122465,39,5254,6,2024-12-08,Mobile
8557,122473,16,5584,6,2025-02-27,Mobile
8558,122477,29,971,1,2025-04-18,Tablet
8559,122486,24,1273,6,2025-11-12,Desktop
8560,122508,21,4486,3,2026-01-11,Tablet
8561,122515,23,2302,1,2026-01-13,Desktop
8562,122517,27,4859,2,2024-10-29,Mobile
8563,122530,37,3058,5,2025-01-05,Mobile
8564,122539,1,533,6,2025-04-20,Tablet
8565,122545,52,1632,1,2025-03-10,Tablet
8566,122576,9,1633,2,2024-09-07,Tablet
8567,122612,21,1390,3,2026-01-11,Desktop
8568,122631,44,5589,1,2025-01-01,Desktop
8569,122635,52,4265,1,2025-03-04,Tablet
8570,122652,54,5282,1,2025-09-26,Mobile
8571,122655,57,3436,2,2024-10-13,Desktop
8572,122663,15,5048,6,2026-05-09,Mobile
8573,122667,37,5759,5,2025-01-02,Tablet
8574,122673,39,5183,6,2024-12-18,Desktop
8575,122691,4,4510,1,2025-01-15,Desktop
8576,122719,27,278,2,2024-10-26,Desktop
8577,122722,11,1015,3,2024-09-05,Mobile
8578,122734,18,5802,4,2025-04-01,Tablet
8579,122754,6,3427,5,2025-01-15,Tablet
8580,122767,52,5120,1,2025-02-08,Mobile
8581,122770,5,2705,1,2024-10-26,Desktop
8582,122784,52,5579,1,2025-04-07,Tablet
8583,122788,15,2663,6,2026-05-01,Desktop
8584,122797,24,1807,6,2025-11-12,Mobile
8585,122801,40,5143,5,2026-02-28,Desktop
8586,122822,1,4287,6,2025-04-05,Mobile
8587,122848,47,2919,3,2024-10-13,Mobile
8588,122866,8,770,2,2025-07-29,Tablet
8589,122900,3,756,4,2025-12-11,Tablet
8590,122926,34,3383,3,2025-06-22,Mobile
8591,122931,26,1544,3,2025-10-30,Tablet
8592,122935,40,168,5,2026-03-04,Mobile
8593,122939,57,4219,2,2024-11-19,Tablet
8594,122972,45,203,4,2026-05-31,Tablet
8595,122979,51,4504,6,2025-10-02,Tablet
8596,123012,39,4615,6,2024-11-30,Mobile
8597,123019,36,1447,5,2025-05-02,Mobile
8598,123024,26,3158,3,2025-11-04,Mobile
8599,123027,39,548,6,2024-12-07,Desktop
8600,123059,49,4916,5,2025-09-05,Mobile
8601,123084,13,3085,4,2024-09-02,Desktop
8602,123100,2,123,1,2024-10-28,Tablet
8603,123105,52,1672,1,2025-04-03,Tablet
8604,123117,53,1028,3,2026-05-14,Desktop
8605,123126,46,4149,4,2024-12-26,Mobile
8606,123137,9,3583,2,2024-09-10,Desktop
8607,123142,28,5914,6,2025-04-16,Tablet
8608,123143,31,4356,4,2025-01-23,Tablet
8609,123145,31,2386,4,2025-01-17,Tablet
8610,123146,20,5955,6,2025-04-30,Desktop
8611,123156,50,4670,1,2025-03-11,Tablet
8612,123167,38,67,2,2025-11-19,Desktop
8613,123169,60,3504,5,2025-04-16,Mobile
8614,123177,2,3483,1,2024-11-13,Mobile
8615,123192,21,5830,3,2026-01-12,Mobile
8616,123230,51,5126,6,2025-10-12,Tablet
8617,123239,53,1928,3,2026-05-11,Mobile
8618,123283,21,4702,3,2026-01-19,Desktop
8619,123297,28,3187,6,2025-04-20,Desktop
8620,123302,60,5657,5,2025-04-30,Mobile
8621,123325,1,4743,6,2025-05-03,Desktop
8622,123361,20,3329,6,2025-05-01,Desktop
8623,123366,57,329,2,2024-11-13,Tablet
8624,123378,39,697,6,2024-11-28,Desktop
8625,123382,60,3448,5,2025-04-09,Tablet
8626,123400,23,2335,1,2026-01-05,Tablet
8627,123401,5,2471,1,2024-11-06,Mobile
8628,123446,59,2806,5,2026-04-25,Desktop
8629,123466,26,3388,3,2025-11-03,Desktop
8630,123473,45,1589,4,2026-04-18,Mobile
8631,123481,44,2169,1,2025-01-08,Desktop
8632,123491,44,813,1,2024-12-15,Mobile
8633,123497,33,1685,3,2026-03-21,Desktop
8634,123534,11,2808,3,2024-08-21,Desktop
8635,123539,27,3821,2,2024-10-27,Desktop
8636,123545,18,1435,4,2025-04-08,Tablet
8637,123552,54,4253,1,2025-09-04,Tablet
8638,123562,42,1255,2,2025-01-03,Tablet
8639,123571,48,1877,2,2026-02-07,Tablet
8640,123575,15,638,6,2026-05-23,Desktop
8641,123582,15,3822,6,2026-05-20,Tablet
8642,123586,17,1912,2,2024-12-07,Desktop
8643,123605,22,1446,5,2024-10-09,Mobile
8644,123615,19,3628,4,2025-05-07,Tablet
8645,123627,19,4206,4,2025-04-08,Desktop
8646,123658,18,274,4,2025-04-04,Mobile
8647,123688,13,604,4,2024-08-31,Tablet
8648,123695,43,1442,2,2026-01-10,Tablet
8649,123729,56,933,5,2024-12-19,Mobile
8650,123733,13,387,4,2024-09-03,Mobile
8651,123746,5,2726,1,2024-11-10,Desktop
8652,123771,54,2563,1,2025-09-24,Desktop
8653,123777,6,4104,5,2025-03-09,Mobile
8654,123787,2,2792,1,2024-11-10,Tablet
8655,123812,19,4359,4,2025-04-24,Mobile
8656,123819,23,61,1,2026-01-06,Desktop
8657,123828,45,3319,4,2026-05-09,Tablet
8658,123856,19,58,4,2025-05-20,Tablet
8659,123857,56,338,5,2024-12-11,Mobile
8660,123888,3,4694,4,2025-12-11,Mobile
8661,123903,14,3144,2,2024-11-20,Desktop
8662,123928,16,5243,6,2025-01-30,Desktop
8663,123936,27,4513,2,2024-10-23,Tablet
8664,123981,52,4686,1,2025-02-22,Tablet
8665,124004,11,3886,3,2024-08-27,Mobile
8666,124069,34,914,3,2025-06-22,Mobile
8667,124083,49,4635,5,2025-10-04,Desktop
8668,124119,23,5846,1,2026-01-13,Desktop
8669,124143,47,1197,3,2024-10-12,Mobile
8670,124150,24,5098,6,2025-10-19,Desktop
8671,124170,30,5972,6,2024-11-21,Tablet
8672,124173,21,4253,3,2026-01-11,Desktop
8673,124175,26,5645,3,2025-11-05,Tablet
8674,124215,55,3255,3,2025-08-18,Desktop
8675,124239,38,4150,2,2025-11-09,Mobile
8676,124276,23,2622,1,2026-01-16,Tablet
8677,124277,51,2177,6,2025-09-04,Desktop
8678,124281,31,2916,4,2025-01-28,Desktop
8679,124294,3,1604,4,2025-12-05,Tablet
8680,124298,37,5650,5,2025-02-01,Tablet
8681,124330,25,1355,3,2024-11-16,Desktop
8682,124332,54,3131,1,2025-09-24,Desktop
8683,124362,25,44,3,2024-12-27,Desktop
8684,124382,17,5612,2,2024-12-02,Mobile
8685,124388,35,5998,6,2025-05-30,Desktop
8686,124396,29,1040,1,2025-04-12,Tablet
8687,124460,34,3809,3,2025-06-18,Desktop
8688,124464,45,5587,4,2026-04-24,Mobile
8689,124474,2,944,1,2024-10-30,Mobile
8690,124482,10,3032,1,2026-01-04,Tablet
8691,124483,6,4455,5,2025-02-25,Tablet
8692,124484,48,4585,2,2026-02-10,Desktop
8693,124497,31,1378,4,2025-01-28,Desktop
8694,124504,34,567,3,2025-06-21,Desktop
8695,124506,43,4764,2,2026-01-13,Tablet
8696,124511,21,2868,3,2026-01-10,Desktop
8697,124533,7,2662,5,2026-05-23,Desktop
8698,124581,27,1635,2,2024-10-23,Tablet
8699,124583,46,5430,4,2025-01-08,Tablet
8700,124651,47,3663,3,2024-11-01,Tablet
8701,124660,46,1181,4,2025-02-07,Tablet
8702,124672,4,3635,1,2025-01-16,Desktop
8703,124680,1,278,6,2025-05-06,Tablet
8704,124684,9,2783,2,2024-09-05,Mobile
8705,124692,56,5966,5,2024-12-17,Mobile
8706,124711,55,1701,3,2025-08-21,Desktop
8707,124717,38,5720,2,2025-11-10,Tablet
8708,124726,5,722,1,2024-10-30,Desktop
8709,124728,25,691,3,2024-12-22,Desktop
8710,124736,42,63,2,2025-01-16,Desktop
8711,124761,27,2243,2,2024-11-03,Desktop
8712,124765,23,2577,1,2026-01-04,Mobile
8713,124777,22,2673,5,2024-10-10,Tablet
8714,124785,54,2611,1,2025-09-13,Desktop
8715,124796,4,5120,1,2025-01-18,Tablet
8716,124801,11,517,3,2024-08-17,Tablet
8717,124815,40,4358,5,2026-03-05,Desktop
8718,124827,10,3714,1,2026-01-07,Tablet
8719,124834,30,3499,6,2024-12-01,Mobile
8720,124845,12,5624,1,2024-07-24,Tablet
8721,124867,31,4311,4,2025-01-30,Tablet
8722,124868,12,190,1,2024-07-27,Mobile
8723,124879,50,4724,1,2025-04-29,Mobile
8724,124880,23,3703,1,2026-01-15,Tablet
8725,124884,60,2215,5,2025-04-22,Desktop
8726,124886,14,694,2,2024-11-29,Desktop
8727,124917,49,2335,5,2025-10-19,Mobile
8728,124923,17,3264,2,2024-11-29,Desktop
8729,124927,23,292,1,2026-01-13,Tablet
8730,124943,40,1673,5,2026-02-22,Tablet
8731,124957,27,2525,2,2024-11-01,Desktop
8732,124966,24,4352,6,2025-10-09,Mobile
8733,124975,4,4795,1,2025-01-19,Desktop
8734,124977,57,3661,2,2024-10-16,Mobile
8735,124997,48,2041,2,2026-02-13,Desktop
8736,125008,50,4646,1,2025-05-01,Tablet
8737,125020,51,1023,6,2025-09-12,Tablet
8738,125061,27,912,2,2024-10-25,Tablet
8739,125070,46,4580,4,2025-01-15,Mobile
8740,125109,24,2643,6,2025-11-01,Desktop
8741,125114,6,4817,5,2025-03-07,Tablet
8742,125131,56,3848,5,2024-12-10,Desktop
8743,125155,5,2667,1,2024-10-25,Mobile
8744,125169,38,1862,2,2025-11-11,Mobile
8745,125178,57,629,2,2024-11-08,Desktop
8746,125194,40,883,5,2026-03-02,Desktop
8747,125244,2,4592,1,2024-11-01,Desktop
8748,125245,24,3447,6,2025-10-16,Tablet
8749,125262,9,2191,2,2024-08-25,Tablet
8750,125274,14,2206,2,2024-11-18,Desktop
8751,125302,32,4511,3,2024-11-08,Mobile
8752,125321,45,5859,4,2026-04-19,Tablet
8753,125342,38,3632,2,2025-11-20,Desktop
8754,125356,58,5833,1,2025-05-29,Mobile
8755,125361,52,6,1,2025-03-10,Tablet
8756,125376,15,4171,6,2026-05-25,Tablet
8757,125379,3,3172,4,2025-12-13,Tablet
8758,125381,48,4281,2,2026-02-09,Desktop
8759,125421,27,4565,2,2024-10-30,Tablet
8760,125447,40,747,5,2026-03-12,Mobile
8761,125497,28,4875,6,2025-04-17,Mobile
8762,125510,3,5148,4,2025-12-07,Desktop
8763,125559,22,5569,5,2024-11-01,Desktop
8764,125589,46,5155,4,2025-01-30,Mobile
8765,125625,15,5213,6,2026-05-26,Mobile
8766,125635,52,733,1,2025-03-11,Mobile
8767,125651,24,2046,6,2025-10-29,Tablet
8768,125652,9,3882,2,2024-09-06,Mobile
8769,125658,28,589,6,2025-04-19,Desktop
8770,125664,35,4173,6,2025-05-25,Mobile
8771,125666,42,2719,2,2024-12-02,Tablet
8772,125674,55,5546,3,2025-07-23,Mobile
8773,125684,11,1358,3,2024-09-26,Tablet
8774,125686,19,125,4,2025-05-01,Tablet
8775,125722,56,2138,5,2024-12-22,Mobile
8776,125731,56,5827,5,2024-12-11,Tablet
8777,125748,30,4580,6,2024-12-02,Tablet
8778,125755,44,5899,1,2024-12-15,Desktop
8779,125777,4,5363,1,2025-01-10,Tablet
8780,125787,42,1374,2,2024-12-11,Tablet
8781,125801,57,5564,2,2024-11-04,Tablet
8782,125820,23,4615,1,2026-01-01,Mobile
8783,125844,29,2503,1,2025-04-23,Mobile
8784,125908,7,1762,5,2026-05-19,Tablet
8785,125914,12,5125,1,2024-08-04,Tablet
8786,125919,49,811,5,2025-10-08,Desktop
8787,125955,12,1288,1,2024-07-25,Desktop
8788,125959,11,3681,3,2024-09-11,Mobile
8789,125981,52,241,1,2025-03-09,Mobile
8790,125983,17,1667,2,2024-12-06,Tablet
8791,125997,52,809,1,2025-02-11,Tablet
8792,126002,52,4274,1,2025-03-29,Tablet
8793,126008,15,536,6,2026-05-26,Mobile
8794,126011,53,417,3,2026-05-23,Mobile
8795,126036,14,803,2,2024-11-22,Tablet
8796,126039,18,2842,4,2025-04-09,Desktop
8797,126050,60,3015,5,2025-04-22,Tablet
8798,126055,27,346,2,2024-10-23,Mobile
8799,126107,49,4580,5,2025-10-11,Mobile
8800,126110,3,4636,4,2025-12-17,Tablet
8801,126126,31,3017,4,2025-01-23,Desktop
8802,126137,3,1557,4,2025-12-08,Tablet
8803,126145,6,2317,5,2025-03-12,Tablet
8804,126161,51,397,6,2025-09-26,Desktop
8805,126165,13,1163,4,2024-08-30,Desktop
8806,126196,43,5214,2,2026-01-10,Tablet
8807,126200,3,3387,4,2025-12-09,Tablet
8808,126205,4,4735,1,2024-12-14,Desktop
8809,126270,49,5087,5,2025-10-04,Desktop
8810,126276,8,1437,2,2025-08-14,Desktop
8811,126284,8,2358,2,2025-07-26,Desktop
8812,126314,36,1069,5,2025-05-06,Tablet
8813,126333,37,3618,5,2025-01-27,Tablet
8814,126351,48,2487,2,2026-02-09,Tablet
8815,126360,27,107,2,2024-10-29,Tablet
8816,126415,14,2546,2,2024-12-12,Tablet
8817,126417,15,5945,6,2026-05-30,Desktop
8818,126450,22,5551,5,2024-10-25,Tablet
8819,126453,7,2419,5,2026-06-05,Desktop
8820,126570,15,2861,6,2026-05-03,Desktop
8821,126586,24,5734,6,2025-11-07,Desktop
8822,126605,13,3358,4,2024-09-18,Mobile
8823,126608,17,3795,2,2025-01-01,Mobile
8824,126614,38,825,2,2025-11-19,Desktop
8825,126620,49,3113,5,2025-10-06,Desktop
8826,126623,32,3261,3,2024-09-13,Tablet
8827,126631,33,5909,3,2026-02-22,Desktop
8828,126647,54,5595,1,2025-09-12,Desktop
8829,126653,15,3130,6,2026-04-16,Tablet
8830,126658,49,2276,5,2025-09-26,Desktop
8831,126671,25,1219,3,2024-11-20,Tablet
8832,126673,26,2195,3,2025-10-30,Tablet
8833,126711,31,3608,4,2025-01-17,Tablet
8834,126751,35,3829,6,2025-06-03,Mobile
8835,126772,45,5449,4,2026-05-20,Desktop
8836,126780,10,4411,1,2025-12-20,Desktop
8837,126827,42,769,2,2025-01-13,Mobile
8838,126843,10,968,1,2026-01-21,Mobile
8839,126850,26,1815,3,2025-10-31,Mobile
8840,126865,10,2304,1,2025-12-25,Desktop
8841,126886,54,1198,1,2025-09-04,Desktop
8842,126913,47,5282,3,2024-10-12,Desktop
8843,126920,50,355,1,2025-04-14,Mobile
8844,126925,5,5103,1,2024-11-12,Mobile
8845,126944,1,704,6,2025-05-05,Desktop
8846,126953,35,3197,6,2025-05-16,Tablet
8847,126964,32,3865,3,2024-10-26,Mobile
8848,126969,18,128,4,2025-03-17,Desktop
8849,126977,16,5191,6,2025-02-10,Mobile
8850,126988,48,4574,2,2026-02-01,Mobile
8851,127014,43,4573,2,2026-01-12,Tablet
8852,127027,6,5060,5,2025-03-13,Desktop
8853,127054,53,2501,3,2026-05-16,Tablet
8854,127069,25,3449,3,2024-12-15,Tablet
8855,127076,39,5207,6,2024-12-18,Mobile
8856,127077,7,1795,5,2026-05-24,Tablet
8857,127094,58,5671,1,2025-05-23,Desktop
8858,127103,11,280,3,2024-08-22,Desktop
8859,127118,45,5187,4,2026-05-24,Tablet
8860,127125,10,129,1,2025-12-18,Desktop
8861,127159,18,674,4,2025-05-11,Desktop
8862,127164,38,4735,2,2025-11-17,Tablet
8863,127195,9,5769,2,2024-09-16,Tablet
8864,127208,16,1322,6,2025-01-29,Desktop
8865,127218,19,5044,4,2025-05-22,Tablet
8866,127233,37,1498,5,2025-01-12,Tablet
8867,127251,28,4583,6,2025-05-04,Mobile
8868,127267,13,2895,4,2024-09-04,Desktop
8869,127286,36,5647,5,2025-03-25,Desktop
8870,127288,48,3294,2,2026-01-23,Mobile
8871,127299,18,5123,4,2025-04-10,Tablet
8872,127319,29,4880,1,2025-05-10,Tablet
8873,127322,4,3211,1,2025-01-13,Desktop
8874,127350,45,4868,4,2026-05-08,Desktop
8875,127351,45,4666,4,2026-05-18,Mobile
8876,127361,27,1007,2,2024-10-30,Mobile
8877,127370,16,4323,6,2025-03-02,Mobile
8878,127377,9,4805,2,2024-08-31,Desktop
8879,127386,3,301,4,2025-12-09,Desktop
8880,127398,47,3945,3,2024-10-27,Tablet
8881,127406,25,2233,3,2025-01-06,Desktop
8882,127413,41,5734,3,2026-02-06,Desktop
8883,127428,54,626,1,2025-09-16,Mobile
8884,127431,24,5655,6,2025-11-14,Mobile
8885,127462,15,5438,6,2026-04-29,Mobile
8886,127478,41,2805,3,2026-02-02,Mobile
8887,127500,6,1568,5,2025-02-09,Mobile
8888,127501,27,5478,2,2024-11-01,Tablet
8889,127506,45,2756,4,2026-05-23,Tablet
8890,127522,4,1420,1,2025-01-12,Tablet
8891,127528,21,3082,3,2026-01-12,Mobile
8892,127574,13,1313,4,2024-09-08,Mobile
8893,127599,32,1760,3,2024-09-27,Mobile
8894,127625,16,2562,6,2025-02-03,Tablet
8895,127628,8,1361,2,2025-08-13,Tablet
8896,127638,24,5810,6,2025-11-15,Desktop
8897,127646,59,5344,5,2026-04-27,Mobile
8898,127647,11,3341,3,2024-09-16,Mobile
8899,127663,41,2939,3,2026-02-02,Tablet
8900,127697,53,531,3,2026-05-10,Tablet
8901,127717,27,3418,2,2024-10-27,Desktop
8902,127719,56,5513,5,2024-12-19,Mobile
8903,127724,7,1951,5,2026-06-04,Mobile
8904,127748,54,3579,1,2025-09-08,Tablet
8905,127759,35,3812,6,2025-06-07,Desktop
8906,127772,37,2643,5,2025-01-22,Desktop
8907,127783,7,1798,5,2026-06-01,Desktop
8908,127786,56,5198,5,2024-12-22,Desktop
8909,127812,44,3299,1,2024-12-22,Mobile
8910,127815,38,2244,2,2025-11-14,Tablet
8911,127816,38,244,2,2025-11-16,Desktop
8912,127817,33,166,3,2026-02-08,Tablet
8913,127826,24,4609,6,2025-10-19,Tablet
8914,127845,25,637,3,2024-12-14,Desktop
8915,127858,55,5587,3,2025-08-12,Tablet
8916,127862,33,3089,3,2026-03-12,Mobile
8917,127914,10,4241,1,2025-12-26,Desktop
8918,127920,8,1972,2,2025-08-16,Desktop
8919,127932,43,2301,2,2026-01-21,Mobile
8920,127949,15,2623,6,2026-05-20,Desktop
8921,127962,17,2286,2,2024-12-01,Mobile
8922,127964,50,1485,1,2025-04-02,Tablet
8923,127968,4,3889,1,2025-01-12,Mobile
8924,127985,47,1008,3,2024-10-13,Tablet
8925,127990,46,4019,4,2025-02-05,Tablet
8926,128009,20,1262,6,2025-04-20,Mobile
8927,128046,42,1821,2,2025-01-25,Desktop
8928,128083,44,1856,1,2025-01-07,Tablet
8929,128118,38,485,2,2025-11-18,Tablet
8930,128137,32,3941,3,2024-09-16,Tablet
8931,128163,48,5973,2,2026-02-01,Tablet
8932,128166,60,4321,5,2025-04-16,Mobile
8933,128204,7,2548,5,2026-05-24,Tablet
8934,128221,49,3429,5,2025-09-04,Desktop
8935,128231,19,4564,4,2025-04-05,Tablet
8936,128233,43,2027,2,2026-01-25,Desktop
8937,128245,17,1068,2,2024-12-04,Desktop
8938,128267,39,2900,6,2024-12-12,Desktop
8939,128272,38,5988,2,2025-11-15,Mobile
8940,128291,20,3423,6,2025-05-12,Tablet
8941,128296,30,4089,6,2024-11-12,Desktop
8942,128316,21,3226,3,2026-01-18,Mobile
8943,128321,41,4705,3,2026-02-09,Tablet
8944,128331,33,2244,3,2026-03-24,Desktop
8945,128349,26,3579,3,2025-11-01,Tablet
8946,128359,29,1138,1,2025-04-20,Desktop
8947,128363,22,3419,5,2024-10-28,Tablet
8948,128368,48,4415,2,2026-01-27,Desktop
8949,128377,43,580,2,2026-01-30,Tablet
8950,128386,29,1241,1,2025-06-01,Mobile
8951,128400,41,280,3,2026-02-09,Desktop
8952,128406,26,936,3,2025-10-26,Tablet
8953,128417,4,5194,1,2024-12-28,Mobile
8954,128458,24,4635,6,2025-10-15,Mobile
8955,128483,4,4130,1,2025-01-27,Mobile
8956,128496,51,2241,6,2025-09-15,Desktop
8957,128498,43,2731,2,2026-01-10,Desktop
8958,128505,53,4263,3,2026-05-25,Mobile
8959,128512,19,4497,4,2025-04-22,Desktop
8960,128525,36,3395,5,2025-04-25,Tablet
8961,128564,44,3218,1,2024-12-17,Mobile
8962,128576,17,4664,2,2025-01-07,Desktop
8963,128589,8,2053,2,2025-08-17,Desktop
8964,128600,45,4121,4,2026-04-04,Desktop
8965,128607,56,1724,5,2024-12-11,Tablet
8966,128623,43,3434,2,2026-01-14,Tablet
8967,128628,9,4844,2,2024-09-08,Tablet
8968,128636,49,2370,5,2025-10-09,Mobile
8969,128649,19,1083,4,2025-04-29,Mobile
8970,128725,32,422,3,2024-10-22,Desktop
8971,128728,45,4739,4,2026-04-28,Mobile
8972,128731,47,5551,3,2024-11-13,Tablet
8973,128766,26,5232,3,2025-10-31,Tablet
8974,128775,20,3269,6,2025-04-30,Tablet
8975,128780,15,4881,6,2026-04-19,Tablet
8976,128854,23,1101,1,2026-01-17,Mobile
8977,128880,8,2625,2,2025-07-29,Mobile
8978,128904,52,5007,1,2025-02-16,Mobile
8979,128908,58,2345,1,2025-05-28,Tablet
8980,128929,24,1868,6,2025-11-13,Desktop
8981,128936,49,1027,5,2025-10-11,Tablet
8982,128947,49,163,5,2025-09-10,Tablet
8983,128957,59,4694,5,2026-05-05,Tablet
8984,128984,60,5741,5,2025-04-19,Tablet
8985,129006,60,4923,5,2025-04-12,Desktop
8986,129019,27,211,2,2024-10-21,Tablet
8987,129029,30,422,6,2024-11-12,Desktop
8988,129031,48,4802,2,2026-01-26,Desktop
8989,129044,43,2929,2,2026-01-22,Desktop
8990,129054,52,2262,1,2025-04-08,Desktop
8991,129056,59,5670,5,2026-04-24,Mobile
8992,129057,52,5588,1,2025-04-01,Mobile
8993,129080,18,4717,4,2025-04-08,Desktop
8994,129097,22,4984,5,2024-10-13,Mobile
8995,129126,5,5874,1,2024-11-14,Mobile
8996,129127,32,2310,3,2024-11-06,Tablet
8997,129163,51,1553,6,2025-10-01,Tablet
8998,129173,46,5226,4,2025-01-08,Mobile
8999,129182,39,2292,6,2024-12-05,Desktop
9000,129186,28,3999,6,2025-04-16,Desktop
9001,129194,13,4318,4,2024-09-17,Tablet
9002,129199,54,590,1,2025-09-04,Mobile
9003,129202,49,242,5,2025-09-13,Desktop
9004,129210,26,4631,3,2025-11-01,Tablet
9005,129261,57,1948,2,2024-10-17,Tablet
9006,129264,34,2982,3,2025-06-15,Desktop
9007,129315,11,3138,3,2024-09-09,Mobile
9008,129317,51,2391,6,2025-09-21,Mobile
9009,129382,19,1356,4,2025-04-27,Desktop
9010,129404,53,3662,3,2026-05-25,Desktop
9011,129406,10,2218,1,2026-01-21,Desktop
9012,129416,6,3046,5,2025-02-10,Tablet
9013,129443,60,1687,5,2025-04-12,Mobile
9014,129470,8,2770,2,2025-07-17,Desktop
9015,129523,28,1065,6,2025-05-13,Tablet
9016,129527,25,4388,3,2024-12-16,Mobile
9017,129563,26,1788,3,2025-10-26,Tablet
9018,129575,16,4628,6,2025-02-25,Tablet
9019,129578,26,3472,3,2025-10-30,Desktop
9020,129612,43,312,2,2026-01-19,Mobile
9021,129614,25,2037,3,2024-11-19,Tablet
9022,129649,7,1277,5,2026-05-27,Mobile
9023,129652,54,1505,1,2025-09-11,Mobile
9024,129654,37,4610,5,2025-01-22,Mobile
9025,129656,31,1614,4,2025-01-19,Desktop
9026,129666,54,1305,1,2025-09-19,Desktop
9027,129681,46,1860,4,2025-02-03,Tablet
9028,129691,23,1617,1,2026-01-03,Desktop
9029,129708,48,986,2,2026-01-31,Mobile
9030,129709,40,71,5,2026-02-27,Mobile
9031,129710,18,43,4,2025-03-21,Mobile
9032,129730,52,2262,1,2025-03-10,Mobile
9033,129739,14,4009,2,2024-12-06,Mobile
9034,129767,7,4795,5,2026-05-28,Mobile
9035,129780,22,769,5,2024-10-23,Desktop
9036,129785,57,1495,2,2024-11-15,Desktop
9037,129792,28,1293,6,2025-04-29,Desktop
9038,129816,19,5092,4,2025-04-10,Tablet
9039,129825,7,1661,5,2026-05-23,Mobile
9040,129826,29,2486,1,2025-04-08,Desktop
9041,129841,49,4473,5,2025-10-16,Tablet
9042,129844,23,336,1,2026-01-12,Mobile
9043,129845,4,868,1,2024-12-16,Tablet
9044,129847,37,2643,5,2025-01-31,Desktop
9045,129848,40,1975,5,2026-03-06,Desktop
9046,129856,18,4346,4,2025-04-18,Mobile
9047,129861,20,797,6,2025-05-18,Mobile
9048,129863,35,3442,6,2025-05-31,Desktop
9049,129867,3,2138,4,2025-12-10,Mobile
9050,129891,17,2874,2,2025-01-08,Mobile
9051,129898,26,502,3,2025-11-04,Mobile
9052,129903,14,2469,2,2024-12-14,Desktop
9053,129923,18,1606,4,2025-03-31,Mobile
9054,129953,35,188,6,2025-05-23,Tablet
9055,129962,29,4676,1,2025-06-01,Tablet
9056,129984,39,5695,6,2024-12-22,Desktop
9057,129997,35,1478,6,2025-05-23,Mobile
9058,130010,22,5571,5,2024-10-11,Tablet
9059,130024,36,4321,5,2025-03-26,Mobile
9060,130027,48,3732,2,2026-01-30,Mobile
9061,130038,36,4792,5,2025-04-28,Desktop
9062,130072,6,2057,5,2025-02-24,Mobile
9063,130093,24,5484,6,2025-11-16,Tablet
9064,130101,11,3552,3,2024-08-18,Tablet
9065,130103,49,2470,5,2025-09-15,Desktop
9066,130111,41,4099,3,2026-01-29,Desktop
9067,130148,23,5772,1,2026-01-04,Desktop
9068,130151,54,5882,1,2025-09-20,Mobile
9069,130167,12,338,1,2024-07-25,Tablet
9070,130173,29,3610,1,2025-04-26,Tablet
9071,130184,35,3146,6,2025-06-05,Mobile
9072,130187,16,4126,6,2025-02-11,Desktop
9073,130196,16,1090,6,2025-01-29,Tablet
9074,130213,24,2763,6,2025-10-23,Desktop
9075,130226,51,2495,6,2025-09-08,Desktop
9076,130239,60,850,5,2025-04-19,Mobile
9077,130247,35,2269,6,2025-05-31,Mobile
9078,130261,8,1635,2,2025-08-15,Tablet
9079,130283,42,3191,2,2024-12-10,Mobile
9080,130285,34,4171,3,2025-06-25,Desktop
9081,130292,16,2618,6,2025-02-03,Desktop
9082,130309,34,2708,3,2025-06-12,Tablet
9083,130321,10,5771,1,2025-12-03,Mobile
9084,130324,29,920,1,2025-04-25,Mobile
9085,130329,7,2676,5,2026-06-01,Desktop
9086,130331,1,5862,6,2025-04-06,Mobile
9087,130370,39,3369,6,2024-12-09,Mobile
9088,130375,4,2685,1,2025-01-13,Mobile
9089,130381,25,2054,3,2024-12-16,Desktop
9090,130411,6,2527,5,2025-02-16,Tablet
9091,130412,19,4477,4,2025-05-13,Tablet
9092,130418,2,3457,1,2024-11-23,Tablet
9093,130423,34,486,3,2025-06-26,Tablet
9094,130453,13,1931,4,2024-09-17,Tablet
9095,130461,34,3427,3,2025-06-20,Tablet
9096,130468,20,5655,6,2025-05-21,Tablet
9097,130473,49,517,5,2025-10-28,Tablet
9098,130484,2,5238,1,2024-11-26,Desktop
9099,130485,30,2982,6,2024-11-22,Desktop
9100,130503,11,4132,3,2024-09-03,Mobile
9101,130530,29,5703,1,2025-04-19,Mobile
9102,130540,53,1952,3,2026-05-10,Tablet
9103,130543,33,2966,3,2026-02-28,Mobile
9104,130556,47,1116,3,2024-11-05,Desktop
9105,130567,36,412,5,2025-04-06,Mobile
9106,130581,9,2008,2,2024-09-03,Desktop
9107,130582,30,1339,6,2024-12-04,Mobile
9108,130589,34,3199,3,2025-06-20,Mobile
9109,130623,49,2527,5,2025-10-23,Mobile
9110,130624,56,1119,5,2024-12-19,Tablet
9111,130625,21,3311,3,2026-01-21,Desktop
9112,130673,56,4612,5,2024-12-24,Tablet
9113,130679,4,5900,1,2024-12-09,Desktop
9114,130686,35,4748,6,2025-05-28,Tablet
9115,130737,39,2063,6,2024-12-20,Tablet
9116,130745,46,4091,4,2025-01-02,Desktop
9117,130830,56,1595,5,2024-12-21,Tablet
9118,130853,42,3298,2,2025-01-23,Mobile
9119,130888,35,3374,6,2025-05-28,Desktop
9120,130894,40,1983,5,2026-03-09,Desktop
9121,130944,22,5923,5,2024-10-18,Tablet
9122,130957,48,2390,2,2026-01-26,Mobile
9123,130983,9,4970,2,2024-09-14,Tablet
9124,131003,40,2424,5,2026-03-04,Mobile
9125,131017,41,243,3,2026-02-08,Desktop
9126,131018,18,708,4,2025-03-24,Mobile
9127,131038,6,1058,5,2025-03-13,Tablet
9128,131052,55,3937,3,2025-08-01,Mobile
9129,131067,38,3283,2,2025-11-10,Mobile
9130,131081,19,5569,4,2025-04-06,Tablet
9131,131082,49,1458,5,2025-10-29,Desktop
9132,131095,11,3099,3,2024-09-26,Tablet
9133,131099,13,1324,4,2024-09-04,Mobile
9134,131115,56,4849,5,2024-12-12,Tablet
9135,131118,30,2638,6,2024-11-18,Mobile
9136,131136,42,3418,2,2025-01-18,Tablet
9137,131139,2,3289,1,2024-11-15,Desktop
9138,131169,58,546,1,2025-05-09,Desktop
9139,131206,5,1112,1,2024-11-14,Desktop
9140,131222,22,3188,5,2024-11-02,Desktop
9141,131234,5,4046,1,2024-10-28,Desktop
9142,131241,58,5718,1,2025-05-13,Tablet
9143,131255,59,3377,5,2026-04-21,Mobile
9144,131275,25,329,3,2025-01-02,Mobile
9145,131291,37,5764,5,2025-01-31,Mobile
9146,131300,13,3264,4,2024-09-01,Mobile
9147,131301,39,5076,6,2024-12-08,Desktop
9148,131321,16,4330,6,2025-01-25,Tablet
9149,131332,56,1095,5,2024-12-20,Mobile
9150,131335,52,5468,1,2025-03-26,Tablet
9151,131379,54,880,1,2025-09-05,Desktop
9152,131380,29,958,1,2025-04-21,Tablet
9153,131388,36,4583,5,2025-05-12,Tablet
9154,131396,43,5325,2,2026-01-23,Desktop
9155,131403,5,3201,1,2024-11-02,Desktop
9156,131444,54,5228,1,2025-09-20,Tablet
9157,131461,17,3837,2,2024-11-25,Tablet
9158,131488,5,4234,1,2024-11-10,Desktop
9159,131491,59,4812,5,2026-05-04,Tablet
9160,131493,39,4291,6,2024-12-11,Tablet
9161,131511,5,4477,1,2024-10-23,Tablet
9162,131516,36,776,5,2025-05-10,Mobile
9163,131529,11,4949,3,2024-09-05,Mobile
9164,131548,29,3239,1,2025-06-03,Tablet
9165,131607,35,3045,6,2025-05-29,Mobile
9166,131623,16,3733,6,2025-01-20,Tablet
9167,131642,19,3333,4,2025-05-02,Desktop
9168,131664,38,4880,2,2025-11-14,Tablet
9169,131677,50,982,1,2025-04-14,Mobile
9170,131690,32,3550,3,2024-10-01,Desktop
9171,131703,32,3981,3,2024-10-11,Tablet
9172,131710,27,1229,2,2024-10-27,Desktop
9173,131724,13,4184,4,2024-09-03,Desktop
9174,131731,28,5407,6,2025-04-23,Mobile
9175,131751,18,5582,4,2025-03-18,Tablet
9176,131761,23,2643,1,2026-01-13,Tablet
9177,131765,41,3915,3,2026-02-20,Tablet
9178,131769,18,275,4,2025-04-07,Tablet
9179,131770,13,2029,4,2024-09-01,Mobile
9180,131829,46,2658,4,2024-12-23,Desktop
9181,131852,31,4709,4,2025-01-29,Tablet
9182,131860,20,4510,6,2025-05-20,Desktop
9183,131865,20,4907,6,2025-05-31,Mobile
9184,131868,59,1320,5,2026-04-29,Desktop
9185,131873,58,4880,1,2025-05-22,Desktop
9186,131880,47,4022,3,2024-11-11,Desktop
9187,131900,7,4970,5,2026-05-30,Tablet
9188,131902,41,3193,3,2026-02-03,Tablet
9189,131906,39,4577,6,2024-12-16,Mobile
9190,131913,22,3636,5,2024-10-30,Mobile
9191,131959,20,4294,6,2025-04-26,Desktop
9192,131977,18,3489,4,2025-04-16,Desktop
9193,132009,46,514,4,2025-01-11,Desktop
9194,132021,40,4880,5,2026-03-09,Tablet
9195,132022,3,2430,4,2025-12-14,Mobile
9196,132025,8,4890,2,2025-07-25,Tablet
9197,132030,36,2589,5,2025-03-30,Mobile
9198,132051,13,5684,4,2024-08-31,Tablet
9199,132059,55,3552,3,2025-07-22,Desktop
9200,132070,27,5801,2,2024-10-28,Tablet
9201,132121,14,2182,2,2024-11-23,Tablet
9202,132122,54,1734,1,2025-09-13,Desktop
9203,132132,24,3103,6,2025-10-31,Tablet
9204,132141,27,3402,2,2024-10-25,Desktop
9205,132147,58,4984,1,2025-05-16,Desktop
9206,132175,2,2375,1,2024-11-24,Desktop
9207,132180,24,5190,6,2025-10-27,Mobile
9208,132198,8,1866,2,2025-08-04,Mobile
9209,132239,5,3587,1,2024-10-19,Tablet
9210,132240,33,629,3,2026-03-04,Desktop
9211,132267,31,2108,4,2025-01-24,Mobile
9212,132270,15,2427,6,2026-04-30,Desktop
9213,132294,46,4740,4,2025-01-18,Mobile
9214,132321,11,739,3,2024-09-28,Mobile
9215,132330,39,3739,6,2024-11-27,Tablet
9216,132352,25,2982,3,2024-12-24,Mobile
9217,132362,14,3615,2,2024-12-05,Tablet
9218,132375,57,71,2,2024-10-07,Desktop
9219,132376,44,4120,1,2024-12-16,Desktop
9220,132400,26,1978,3,2025-11-02,Tablet
9221,132411,41,1416,3,2026-01-23,Desktop
9222,132415,47,3951,3,2024-11-14,Tablet
9223,132416,48,168,2,2026-02-02,Tablet
9224,132419,8,374,2,2025-08-08,Tablet
9225,132431,40,2261,5,2026-03-04,Mobile
9226,132435,12,5917,1,2024-07-26,Desktop
9227,132439,3,3267,4,2025-12-02,Mobile
9228,132452,39,2701,6,2024-12-07,Desktop
9229,132462,41,2730,3,2026-02-15,Mobile
9230,132471,26,570,3,2025-11-08,Mobile
9231,132488,17,2992,2,2024-12-15,Mobile
9232,132510,20,243,6,2025-04-19,Desktop
9233,132511,55,4912,3,2025-07-11,Desktop
9234,132534,40,287,5,2026-02-28,Mobile
9235,132536,35,3558,6,2025-05-31,Desktop
9236,132542,26,5348,3,2025-11-02,Mobile
9237,132555,29,2141,1,2025-05-16,Mobile
9238,132578,4,4855,1,2024-12-16,Tablet
9239,132581,23,4258,1,2026-01-13,Desktop
9240,132588,14,5258,2,2024-12-10,Mobile
9241,132604,24,2137,6,2025-10-23,Mobile
9242,132610,53,964,3,2026-05-10,Mobile
9243,132615,38,821,2,2025-11-12,Mobile
9244,132625,36,4366,5,2025-03-22,Tablet
9245,132636,23,1907,1,2026-01-04,Tablet
9246,132669,20,4201,6,2025-05-12,Desktop
9247,132674,23,4004,1,2026-01-05,Tablet
9248,132678,18,1583,4,2025-04-15,Mobile
9249,132705,25,3071,3,2024-12-13,Mobile
9250,132708,42,3655,2,2024-12-04,Mobile
9251,132717,10,2851,1,2026-01-18,Mobile
9252,132732,55,3719,3,2025-07-21,Tablet
9253,132736,21,4918,3,2026-01-21,Tablet
9254,132774,21,898,3,2026-01-20,Desktop
9255,132775,44,3432,1,2024-12-30,Mobile
9256,132816,37,256,5,2025-01-10,Desktop
9257,132821,4,4206,1,2025-01-06,Desktop
9258,132844,56,291,5,2024-12-11,Desktop
9259,132869,35,1756,6,2025-05-31,Tablet
9260,132873,7,3027,5,2026-05-19,Tablet
9261,132885,15,2332,6,2026-05-14,Tablet
9262,132898,35,4699,6,2025-05-25,Desktop
9263,132902,35,3760,6,2025-06-03,Desktop
9264,132968,5,2720,1,2024-10-29,Tablet
9265,132976,16,4228,6,2025-03-07,Tablet
9266,132988,54,1623,1,2025-09-25,Desktop
9267,133012,32,4168,3,2024-09-13,Mobile
9268,133033,33,1969,3,2026-03-22,Tablet
9269,133036,14,4836,2,2024-11-18,Desktop
9270,133052,42,1954,2,2025-01-18,Tablet
9271,133057,32,524,3,2024-10-14,Mobile
9272,133063,1,3580,6,2025-04-05,Tablet
9273,133065,2,5619,1,2024-11-24,Desktop
9274,133067,26,1127,3,2025-11-02,Desktop
9275,133097,49,4917,5,2025-09-02,Mobile
9276,133100,10,1135,1,2025-12-31,Mobile
9277,133155,29,3390,1,2025-06-01,Tablet
9278,133161,13,2844,4,2024-09-11,Desktop
9279,133169,23,5098,1,2026-01-18,Tablet
9280,133182,5,3887,1,2024-11-03,Desktop
9281,133204,24,5924,6,2025-11-03,Mobile
9282,133224,38,5297,2,2025-11-09,Desktop
9283,133225,7,5618,5,2026-05-21,Desktop
9284,133231,31,865,4,2025-01-25,Tablet
9285,133257,52,4750,1,2025-02-11,Mobile
9286,133271,53,3577,3,2026-05-13,Tablet
9287,133272,5,2313,1,2024-11-14,Tablet
9288,133292,60,79,5,2025-04-13,Tablet
9289,133309,23,4220,1,2026-01-06,Mobile
9290,133319,34,3522,3,2025-06-26,Mobile
9291,133329,10,720,1,2025-12-06,Desktop
9292,133335,20,558,6,2025-05-09,Mobile
9293,133338,60,2102,5,2025-04-11,Desktop
9294,133343,12,4653,1,2024-07-29,Tablet
9295,133350,50,571,1,2025-04-02,Mobile
9296,133366,46,2205,4,2025-02-05,Tablet
9297,133387,33,3393,3,2026-02-17,Tablet
9298,133424,49,2024,5,2025-09-22,Mobile
9299,133440,19,1144,4,2025-05-19,Mobile
9300,133450,1,3083,6,2025-05-06,Desktop
9301,133463,57,282,2,2024-11-11,Mobile
9302,133496,10,4729,1,2026-01-05,Desktop
9303,133507,26,125,3,2025-10-30,Desktop
9304,133517,11,4656,3,2024-09-10,Desktop
9305,133518,5,5548,1,2024-11-04,Mobile
9306,133540,14,4064,2,2024-12-09,Tablet
9307,133542,12,2892,1,2024-08-02,Tablet
9308,133544,44,4678,1,2024-12-21,Mobile
9309,133545,25,4816,3,2024-11-25,Tablet
9310,133582,19,2511,4,2025-04-30,Tablet
9311,133588,37,4152,5,2025-01-06,Desktop
9312,133600,49,1595,5,2025-10-01,Mobile
9313,133630,27,1376,2,2024-10-25,Mobile
9314,133631,6,5506,5,2025-02-25,Mobile
9315,133633,11,4038,3,2024-08-30,Mobile
9316,133634,44,390,1,2024-12-05,Desktop
9317,133664,11,852,3,2024-09-17,Tablet
9318,133666,52,2508,1,2025-02-27,Desktop
9319,133672,7,1007,5,2026-06-06,Tablet
9320,133678,49,5524,5,2025-08-31,Mobile
9321,133696,53,5247,3,2026-05-10,Desktop
9322,133698,59,1649,5,2026-04-26,Tablet
9323,133725,39,4812,6,2024-11-28,Mobile
9324,133771,17,1877,2,2025-01-02,Desktop
9325,133779,11,4280,3,2024-09-10,Desktop
9326,133781,7,1051,5,2026-05-20,Mobile
9327,133801,36,5707,5,2025-04-20,Tablet
9328,133808,18,3046,4,2025-03-27,Desktop
9329,133809,25,3963,3,2024-12-13,Mobile
9330,133827,39,2519,6,2024-12-06,Tablet
9331,133839,7,1834,5,2026-06-06,Desktop
9332,133868,55,2190,3,2025-08-21,Mobile
9333,133890,6,1674,5,2025-03-02,Mobile
9334,133892,39,5533,6,2024-12-05,Desktop
9335,133903,57,2138,2,2024-11-03,Mobile
9336,133908,46,2431,4,2024-12-30,Tablet
9337,133952,50,3571,1,2025-04-27,Mobile
9338,133975,39,196,6,2024-11-30,Desktop
9339,133986,15,350,6,2026-05-14,Desktop
9340,134005,9,1291,2,2024-09-06,Tablet
9341,134014,2,635,1,2024-11-01,Tablet
9342,134025,32,4685,3,2024-11-05,Desktop
9343,134056,30,2258,6,2024-11-15,Tablet
9344,134071,54,2806,1,2025-09-07,Tablet
9345,134108,42,1416,2,2025-01-08,Tablet
9346,134113,14,4728,2,2024-11-26,Mobile
9347,134115,32,1065,3,2024-09-26,Desktop
9348,134118,16,3276,6,2025-01-18,Desktop
9349,134123,3,5372,4,2025-12-11,Mobile
9350,134134,8,82,2,2025-07-18,Mobile
9351,134136,52,3146,1,2025-04-03,Desktop
9352,134137,13,635,4,2024-09-10,Mobile
9353,134144,25,773,3,2024-12-21,Tablet
9354,134154,8,790,2,2025-07-18,Tablet
9355,134160,16,5999,6,2025-02-26,Mobile
9356,134203,52,2150,1,2025-04-10,Tablet
9357,134211,17,5904,2,2024-12-27,Mobile
9358,134245,38,1260,2,2025-11-09,Tablet
9359,134251,39,5533,6,2024-12-07,Desktop
9360,134267,28,4364,6,2025-05-14,Desktop
9361,134290,58,2238,1,2025-06-02,Tablet
9362,134310,10,504,1,2026-01-25,Desktop
9363,134311,20,1128,6,2025-05-10,Mobile
9364,134319,19,5124,4,2025-05-25,Desktop
9365,134332,51,2684,6,2025-09-01,Tablet
9366,134407,60,3125,5,2025-04-12,Mobile
9367,134419,1,5647,6,2025-04-11,Desktop
9368,134422,31,3517,4,2025-01-21,Mobile
9369,134432,22,644,5,2024-10-14,Tablet
9370,134437,18,1366,4,2025-03-22,Tablet
9371,134446,45,2770,4,2026-05-29,Mobile
9372,134463,22,948,5,2024-10-13,Desktop
9373,134478,42,3137,2,2024-12-22,Mobile
9374,134515,7,3448,5,2026-06-07,Desktop
9375,134521,9,3443,2,2024-09-14,Tablet
9376,134539,48,2419,2,2026-01-28,Desktop
9377,134541,49,5988,5,2025-09-28,Mobile
9378,134557,54,2370,1,2025-09-10,Desktop
9379,134576,6,3347,5,2025-01-23,Mobile
9380,134595,17,2128,2,2024-12-11,Tablet
9381,134615,39,2138,6,2024-12-17,Desktop
9382,134616,53,243,3,2026-05-10,Tablet
9383,134634,52,2633,1,2025-03-16,Tablet
9384,134659,17,644,2,2025-01-06,Tablet
9385,134703,59,344,5,2026-05-05,Mobile
9386,134723,44,2513,1,2024-12-16,Desktop
9387,134727,39,3734,6,2024-12-11,Mobile
9388,134741,17,4527,2,2024-11-29,Tablet
9389,134748,28,5514,6,2025-05-09,Mobile
9390,134753,34,2676,3,2025-06-30,Mobile
9391,134760,33,1192,3,2026-03-25,Desktop
9392,134765,21,3134,3,2026-01-23,Mobile
9393,134772,34,2514,3,2025-06-27,Mobile
9394,134776,56,3879,5,2024-12-17,Mobile
9395,134789,57,2604,2,2024-10-12,Mobile
9396,134799,59,4504,5,2026-04-26,Tablet
9397,134810,52,1836,1,2025-03-08,Desktop
9398,134823,49,3097,5,2025-10-13,Desktop
9399,134824,56,1464,5,2024-12-19,Desktop
9400,134837,28,4144,6,2025-05-09,Desktop
9401,134840,34,4410,3,2025-06-16,Tablet
9402,134856,35,4013,6,2025-05-23,Tablet
9403,134861,23,4453,1,2026-01-12,Desktop
9404,134870,45,3931,4,2026-04-28,Tablet
9405,134879,21,3868,3,2026-01-11,Tablet
9406,134909,56,790,5,2024-12-21,Tablet
9407,134942,12,1487,1,2024-07-22,Mobile
9408,134947,29,4460,1,2025-06-02,Mobile
9409,134964,58,1256,1,2025-06-02,Tablet
9410,134969,11,55,3,2024-09-03,Mobile
9411,134988,57,5042,2,2024-10-08,Tablet
9412,135023,41,1119,3,2026-02-19,Desktop
9413,135037,26,5518,3,2025-10-31,Mobile
9414,135059,33,3411,3,2026-03-01,Desktop
9415,135072,39,134,6,2024-11-29,Desktop
9416,135092,55,3734,3,2025-07-24,Tablet
9417,135107,24,478,6,2025-11-09,Desktop
9418,135111,5,3825,1,2024-10-28,Tablet
9419,135147,23,345,1,2025-12-31,Desktop
9420,135150,54,4246,1,2025-09-23,Mobile
9421,135169,6,5054,5,2025-01-18,Mobile
9422,135188,21,2536,3,2026-01-14,Tablet
9423,135200,3,1951,4,2025-12-15,Desktop
9424,135246,1,5261,6,2025-03-25,Desktop
9425,135248,7,4834,5,2026-05-18,Desktop
9426,135264,45,1378,4,2026-05-03,Desktop
9427,135271,7,2186,5,2026-06-03,Desktop
9428,135289,46,5765,4,2025-01-09,Mobile
9429,135291,42,3510,2,2024-12-09,Mobile
9430,135301,24,2720,6,2025-10-11,Mobile
9431,135309,13,3965,4,2024-09-08,Tablet
9432,135322,43,2930,2,2026-01-23,Desktop
9433,135330,32,2213,3,2024-10-10,Desktop
9434,135334,29,5682,1,2025-04-20,Mobile
9435,135336,30,1332,6,2024-11-23,Desktop
9436,135343,42,3919,2,2024-12-15,Tablet
9437,135370,45,1595,4,2026-04-10,Tablet
9438,135377,46,4031,4,2025-01-04,Tablet
9439,135386,32,3218,3,2024-10-31,Mobile
9440,135388,44,1092,1,2025-01-05,Tablet
9441,135392,31,2980,4,2025-01-19,Mobile
9442,135398,19,904,4,2025-05-26,Desktop
9443,135409,42,2332,2,2024-12-02,Tablet
9444,135414,42,1225,2,2024-12-08,Mobile
9445,135421,3,4923,4,2025-12-06,Tablet
9446,135422,47,4386,3,2024-09-30,Desktop
9447,135425,26,3586,3,2025-10-30,Desktop
9448,135434,51,2190,6,2025-09-30,Mobile
9449,135435,6,2205,5,2025-01-24,Mobile
9450,135437,39,3267,6,2024-12-08,Desktop
9451,135452,35,5909,6,2025-05-24,Tablet
9452,135467,27,3649,2,2024-10-23,Tablet
9453,135471,35,4439,6,2025-05-19,Tablet
9454,135489,38,4821,2,2025-11-10,Desktop
9455,135500,11,4496,3,2024-09-17,Mobile
9456,135510,34,952,3,2025-07-02,Desktop
9457,135511,20,4740,6,2025-05-12,Mobile
9458,135512,31,2466,4,2025-01-17,Desktop
9459,135520,44,5531,1,2025-01-14,Desktop
9460,135521,57,2061,2,2024-11-11,Desktop
9461,135554,32,891,3,2024-10-05,Tablet
9462,135568,7,3203,5,2026-05-29,Mobile
9463,135646,33,4210,3,2026-03-22,Desktop
9464,135647,30,1405,6,2024-11-13,Desktop
9465,135658,20,636,6,2025-04-17,Desktop
9466,135680,12,4984,1,2024-08-01,Desktop
9467,135697,48,2613,2,2026-01-29,Tablet
9468,135705,48,4737,2,2026-01-26,Desktop
9469,135714,15,646,6,2026-04-21,Desktop
9470,135728,20,3983,6,2025-05-09,Mobile
9471,135734,47,4319,3,2024-10-23,Desktop
9472,135735,50,5881,1,2025-03-31,Tablet
9473,135769,1,4821,6,2025-04-09,Tablet
9474,135770,48,1407,2,2026-02-06,Mobile
9475,135783,23,1760,1,2026-01-11,Desktop
9476,135794,52,3865,1,2025-03-31,Desktop
9477,135860,27,3478,2,2024-10-30,Desktop
9478,135866,44,4194,1,2025-01-03,Desktop
9479,135870,37,4258,5,2025-01-28,Tablet
9480,135880,6,2974,5,2025-02-19,Mobile
9481,135885,5,2301,1,2024-10-24,Mobile
9482,135905,4,270,1,2024-12-12,Mobile
9483,135916,32,4402,3,2024-09-25,Desktop
9484,135927,58,5758,1,2025-05-23,Tablet
9485,135929,29,2930,1,2025-05-03,Desktop
9486,135946,2,1288,1,2024-11-12,Desktop
9487,135966,55,2365,3,2025-08-18,Desktop
9488,135967,45,4040,4,2026-05-28,Tablet
9489,135983,54,3941,1,2025-09-17,Desktop
9490,135985,2,1113,1,2024-11-09,Tablet
9491,135988,58,1537,1,2025-05-05,Tablet
9492,135989,46,3636,4,2025-01-26,Tablet
9493,135996,52,3404,1,2025-03-01,Mobile
9494,136007,43,317,2,2026-01-11,Desktop
9495,136038,27,2802,2,2024-10-30,Desktop
9496,136039,28,172,6,2025-05-10,Desktop
9497,136056,47,4357,3,2024-09-28,Tablet
9498,136132,17,4567,2,2024-12-20,Desktop
9499,136138,29,1556,1,2025-04-14,Desktop
9500,136146,12,456,1,2024-07-29,Tablet
9501,136151,40,4061,5,2026-03-09,Desktop
9502,136180,47,4853,3,2024-10-08,Tablet
9503,136186,56,4586,5,2024-12-21,Desktop
9504,136207,7,2438,5,2026-06-01,Tablet
9505,136223,29,1301,1,2025-04-27,Desktop
9506,136236,44,4986,1,2024-12-07,Tablet
9507,136242,17,5575,2,2024-12-24,Tablet
9508,136259,38,184,2,2025-11-19,Desktop
9509,136294,22,1851,5,2024-10-08,Tablet
9510,136307,12,1931,1,2024-07-28,Tablet
9511,136336,24,1501,6,2025-10-25,Desktop
9512,136360,49,2294,5,2025-10-19,Mobile
9513,136376,11,375,3,2024-08-17,Mobile
9514,136377,15,4277,6,2026-05-25,Desktop
9515,136382,33,2731,3,2026-03-24,Desktop
9516,136401,58,5734,1,2025-05-21,Tablet
9517,136402,17,4768,2,2024-11-29,Tablet
9518,136422,10,3785,1,2026-01-21,Mobile
9519,136459,41,2745,3,2026-02-06,Mobile
9520,136464,18,321,4,2025-03-16,Desktop
9521,136465,21,1658,3,2026-01-21,Desktop
9522,136478,19,3842,4,2025-05-14,Desktop
9523,136480,13,3387,4,2024-09-17,Desktop
9524,136494,55,3583,3,2025-07-21,Mobile
9525,136495,40,1789,5,2026-03-03,Desktop
9526,136536,16,5154,6,2025-01-19,Mobile
9527,136552,24,1550,6,2025-10-16,Mobile
9528,136576,26,4997,3,2025-11-02,Mobile
9529,136589,34,2430,3,2025-06-28,Desktop
9530,136590,16,5811,6,2025-01-17,Desktop
9531,136606,55,4183,3,2025-07-23,Desktop
9532,136608,18,1032,4,2025-05-09,Mobile
9533,136610,46,413,4,2025-02-07,Desktop
9534,136622,47,2720,3,2024-10-11,Desktop
9535,136662,53,2037,3,2026-05-20,Mobile
9536,136676,3,5783,4,2025-12-10,Tablet
9537,136692,59,690,5,2026-04-29,Tablet
9538,136700,47,2721,3,2024-10-26,Tablet
9539,136713,49,4389,5,2025-10-15,Desktop
9540,136720,11,120,3,2024-09-18,Mobile
9541,136750,23,3393,1,2026-01-07,Mobile
9542,136795,50,332,1,2025-04-18,Tablet
9543,136806,7,5754,5,2026-05-21,Desktop
9544,136818,54,4147,1,2025-09-17,Desktop
9545,136824,11,2208,3,2024-09-30,Desktop
9546,136850,58,3921,1,2025-06-01,Mobile
9547,136866,8,2177,2,2025-07-21,Tablet
9548,136899,44,1667,1,2024-12-14,Desktop
9549,136903,54,2700,1,2025-09-05,Mobile
9550,136928,16,1635,6,2025-03-12,Desktop
9551,136956,60,2114,5,2025-04-14,Desktop
9552,136966,51,803,6,2025-09-23,Tablet
9553,136972,44,1543,1,2025-01-15,Mobile
9554,136977,15,1469,6,2026-04-27,Mobile
9555,137010,20,2855,6,2025-05-13,Desktop
9556,137016,52,1600,1,2025-04-01,Mobile
9557,137031,47,175,3,2024-11-08,Tablet
9558,137035,12,3338,1,2024-07-26,Tablet
9559,137043,25,3630,3,2024-11-25,Tablet
9560,137052,45,3485,4,2026-05-24,Tablet
9561,137088,24,551,6,2025-11-16,Mobile
9562,137163,46,171,4,2024-12-31,Mobile
9563,137168,49,4652,5,2025-09-11,Mobile
9564,137184,45,2347,4,2026-05-09,Tablet
9565,137224,39,5533,6,2024-12-18,Desktop
9566,137245,16,2066,6,2025-02-03,Mobile
9567,137254,19,5514,4,2025-05-19,Mobile
9568,137288,49,5991,5,2025-10-10,Mobile
9569,137307,57,2663,2,2024-11-02,Tablet
9570,137325,52,2962,1,2025-03-05,Tablet
9571,137343,7,471,5,2026-05-31,Tablet
9572,137351,47,4940,3,2024-10-20,Mobile
9573,137359,26,3719,3,2025-11-03,Tablet
9574,137360,40,1608,5,2026-03-08,Tablet
9575,137366,50,4975,1,2025-03-16,Tablet
9576,137369,7,4793,5,2026-06-02,Tablet
9577,137375,12,4230,1,2024-07-29,Desktop
9578,137384,57,3313,2,2024-11-21,Mobile
9579,137436,9,3962,2,2024-08-25,Mobile
9580,137457,40,862,5,2026-03-07,Desktop
9581,137460,30,5013,6,2024-11-18,Tablet
9582,137476,28,5168,6,2025-05-13,Mobile
9583,137477,30,5609,6,2024-11-25,Mobile
9584,137493,10,3919,1,2026-01-24,Desktop
9585,137495,34,4797,3,2025-06-16,Tablet
9586,137512,20,2016,6,2025-05-11,Mobile
9587,137526,57,4106,2,2024-11-14,Desktop
9588,137549,36,4580,5,2025-03-25,Tablet
9589,137550,48,4585,2,2026-02-01,Tablet
9590,137564,5,5927,1,2024-10-29,Mobile
9591,137607,50,1928,1,2025-04-22,Tablet
9592,137626,1,4832,6,2025-03-24,Desktop
9593,137640,9,4233,2,2024-09-11,Desktop
9594,137642,15,5794,6,2026-05-22,Mobile
9595,137646,41,5567,3,2026-01-27,Mobile
9596,137660,17,3193,2,2025-01-09,Mobile
9597,137679,1,3646,6,2025-04-17,Mobile
9598,137694,36,4352,5,2025-03-27,Mobile
9599,137704,4,2844,1,2025-01-02,Desktop
9600,137720,12,1518,1,2024-07-25,Desktop
9601,137730,34,5764,3,2025-07-01,Tablet
9602,137759,2,5444,1,2024-11-17,Mobile
9603,137774,44,1423,1,2024-12-07,Mobile
9604,137782,9,4952,2,2024-09-08,Mobile
9605,137788,52,1581,1,2025-02-20,Tablet
9606,137820,43,2633,2,2026-01-09,Mobile
9607,137821,56,3166,5,2024-12-24,Desktop
9608,137823,2,2629,1,2024-11-05,Desktop
9609,137870,23,177,1,2026-01-07,Desktop
9610,137888,29,2381,1,2025-05-06,Mobile
9611,137891,5,5574,1,2024-11-01,Desktop
9612,137929,60,868,5,2025-04-15,Mobile
9613,137936,5,3636,1,2024-11-09,Desktop
9614,137965,16,3161,6,2025-02-04,Mobile
9615,137973,1,2265,6,2025-04-23,Desktop
9616,137977,48,5091,2,2026-01-30,Desktop
9617,138003,6,2273,5,2025-01-19,Desktop
9618,138011,59,3817,5,2026-05-11,Desktop
9619,138015,17,2819,2,2025-01-04,Mobile
9620,138031,47,4862,3,2024-10-09,Tablet
9621,138033,34,5845,3,2025-06-18,Desktop
9622,138062,1,3611,6,2025-04-21,Mobile
9623,138065,50,1938,1,2025-04-10,Desktop
9624,138082,59,1127,5,2026-05-10,Mobile
9625,138166,55,4976,3,2025-07-10,Tablet
9626,138196,46,5009,4,2024-12-24,Desktop
9627,138271,34,4575,3,2025-06-27,Tablet
9628,138274,59,2574,5,2026-04-26,Desktop
9629,138288,14,812,2,2024-12-17,Mobile
9630,138293,33,4326,3,2026-01-28,Tablet
9631,138298,50,314,1,2025-03-15,Tablet
9632,138313,34,975,3,2025-06-14,Tablet
9633,138314,13,4763,4,2024-09-05,Tablet
9634,138343,47,2008,3,2024-10-17,Tablet
9635,138359,52,2777,1,2025-02-18,Tablet
9636,138368,28,3946,6,2025-04-25,Desktop
9637,138419,20,750,6,2025-05-26,Tablet
9638,138425,37,3413,5,2025-01-20,Desktop
9639,138431,9,4821,2,2024-09-04,Tablet
9640,138453,55,4150,3,2025-08-01,Desktop
9641,138473,14,5904,2,2024-12-11,Desktop
9642,138484,57,915,2,2024-10-22,Desktop
9643,138492,20,407,6,2025-05-18,Desktop
9644,138496,9,3516,2,2024-09-10,Tablet
9645,138499,25,4782,3,2024-12-26,Desktop
9646,138506,54,1508,1,2025-09-08,Desktop
9647,138554,57,4702,2,2024-10-15,Tablet
9648,138573,50,3724,1,2025-03-09,Desktop
9649,138579,16,3359,6,2025-02-17,Tablet
9650,138595,60,1814,5,2025-04-13,Mobile
9651,138596,40,3440,5,2026-03-14,Mobile
9652,138603,7,2262,5,2026-05-30,Desktop
9653,138607,25,3387,3,2024-12-10,Mobile
9654,138610,8,5158,2,2025-07-28,Mobile
9655,138628,44,5033,1,2024-12-28,Mobile
9656,138636,10,2742,1,2026-01-01,Tablet
9657,138661,20,3083,6,2025-04-20,Tablet
9658,138665,6,3688,5,2025-02-15,Mobile
9659,138682,45,2871,4,2026-05-28,Mobile
9660,138696,52,3801,1,2025-02-17,Desktop
9661,138733,57,5957,2,2024-10-31,Tablet
9662,138753,12,3319,1,2024-07-31,Desktop
9663,138760,19,3572,4,2025-06-02,Desktop
9664,138771,21,1955,3,2026-01-12,Desktop
9665,138776,20,911,6,2025-04-26,Tablet
9666,138780,7,4665,5,2026-05-28,Desktop
9667,138796,58,1401,1,2025-05-23,Desktop
9668,138833,3,3322,4,2025-12-14,Tablet
9669,138859,42,1752,2,2024-12-06,Tablet
9670,138918,36,482,5,2025-05-04,Mobile
9671,138937,15,4271,6,2026-04-27,Mobile
9672,138958,15,4802,6,2026-05-23,Desktop
9673,138960,55,2307,3,2025-07-14,Mobile
9674,138962,58,879,1,2025-05-12,Desktop
9675,138983,10,4413,1,2025-11-30,Mobile
9676,138989,2,764,1,2024-11-15,Mobile
9677,138996,55,5098,3,2025-07-19,Desktop
9678,138997,24,3652,6,2025-10-10,Desktop
9679,139026,9,1831,2,2024-09-05,Mobile
9680,139032,48,1720,2,2026-01-31,Tablet
9681,139075,50,356,1,2025-03-18,Desktop
9682,139082,15,5076,6,2026-05-21,Tablet
9683,139087,32,3718,3,2024-10-22,Desktop
9684,139100,9,4772,2,2024-09-01,Tablet
9685,139110,1,5260,6,2025-03-24,Desktop
9686,139111,25,1343,3,2024-11-28,Desktop
9687,139130,16,2,6,2025-03-11,Tablet
9688,139165,45,2610,4,2026-05-09,Tablet
9689,139171,28,109,6,2025-05-12,Mobile
9690,139199,11,5560,3,2024-08-14,Mobile
9691,139220,30,5237,6,2024-12-02,Desktop
9692,139227,31,4577,4,2025-01-28,Tablet
9693,139233,4,2945,1,2025-01-21,Desktop
9694,139236,53,946,3,2026-05-13,Desktop
9695,139247,58,440,1,2025-05-12,Mobile
9696,139253,30,1949,6,2024-11-12,Tablet
9697,139265,31,3085,4,2025-01-29,Mobile
9698,139285,2,2558,1,2024-11-19,Desktop
9699,139298,16,1997,6,2025-02-09,Desktop
9700,139319,38,4583,2,2025-11-19,Tablet
9701,139333,38,5428,2,2025-11-23,Tablet
9702,139356,33,498,3,2026-03-19,Desktop
9703,139357,58,5519,1,2025-05-26,Desktop
9704,139364,45,5460,4,2026-05-05,Tablet
9705,139379,54,5648,1,2025-09-10,Desktop
9706,139383,6,2374,5,2025-01-21,Tablet
9707,139392,36,4243,5,2025-03-28,Tablet
9708,139411,4,5520,1,2024-12-27,Mobile
9709,139415,30,755,6,2024-11-19,Desktop
9710,139422,10,5589,1,2025-11-27,Desktop
9711,139430,53,4382,3,2026-05-16,Desktop
9712,139434,16,5490,6,2025-03-07,Desktop
9713,139446,8,1714,2,2025-07-21,Tablet
9714,139452,43,3015,2,2026-01-21,Tablet
9715,139482,25,4463,3,2024-12-20,Desktop
9716,139486,60,5511,5,2025-04-11,Mobile
9717,139495,18,2886,4,2025-04-10,Mobile
9718,139518,26,2576,3,2025-11-05,Desktop
9719,139520,9,5055,2,2024-09-01,Mobile
9720,139550,38,4505,2,2025-11-17,Mobile
9721,139558,53,1703,3,2026-05-14,Mobile
9722,139566,13,3546,4,2024-09-05,Desktop
9723,139572,38,3915,2,2025-11-10,Tablet
9724,139582,14,4886,2,2024-11-28,Desktop
9725,139595,59,5746,5,2026-04-29,Tablet
9726,139611,12,3436,1,2024-08-01,Desktop
9727,139621,40,4624,5,2026-03-13,Tablet
9728,139625,18,2130,4,2025-04-10,Tablet
9729,139630,29,5917,1,2025-04-08,Desktop
9730,139636,34,2038,3,2025-06-16,Mobile
9731,139643,2,5900,1,2024-11-25,Tablet
9732,139682,58,1147,1,2025-05-23,Desktop
9733,139711,40,4824,5,2026-02-21,Mobile
9734,139715,57,4757,2,2024-10-18,Mobile
9735,139717,52,3212,1,2025-03-13,Tablet
9736,139727,12,1361,1,2024-07-24,Mobile
9737,139754,47,2332,3,2024-10-17,Mobile
9738,139766,30,5684,6,2024-11-23,Mobile
9739,139778,3,2930,4,2025-12-18,Tablet
9740,139789,59,5104,5,2026-05-01,Mobile
9741,139791,46,1073,4,2025-01-13,Tablet
9742,139802,9,3627,2,2024-09-02,Desktop
9743,139806,9,1903,2,2024-08-29,Desktop
9744,139816,22,5068,5,2024-10-12,Tablet
9745,139867,18,804,4,2025-04-10,Tablet
9746,139876,7,4447,5,2026-06-05,Desktop
9747,139877,48,937,2,2026-02-13,Mobile
9748,139886,56,3253,5,2024-12-16,Tablet
9749,139887,44,4442,1,2024-12-30,Mobile
9750,139889,2,2037,1,2024-11-18,Mobile
9751,139898,46,2225,4,2025-01-27,Mobile
9752,139907,21,5572,3,2026-01-13,Desktop
9753,139911,35,1554,6,2025-05-17,Desktop
9754,139922,51,3008,6,2025-09-28,Tablet
9755,139925,16,1065,6,2025-03-14,Mobile
9756,139992,24,4334,6,2025-11-05,Mobile
9757,139995,16,4398,6,2025-02-15,Mobile
9758,139998,47,2900,3,2024-10-07,Mobile
9759,140028,42,4665,2,2024-11-28,Mobile
9760,140049,45,4960,4,2026-04-22,Mobile
9761,140065,51,1931,6,2025-10-11,Tablet
9762,140067,2,5152,1,2024-10-28,Desktop
9763,140092,24,223,6,2025-10-15,Mobile
9764,140093,7,1815,5,2026-05-18,Tablet
9765,140095,22,5770,5,2024-10-20,Tablet
9766,140103,38,3615,2,2025-11-22,Tablet
9767,140117,41,4993,3,2026-02-09,Tablet
9768,140139,43,4495,2,2026-01-11,Desktop
9769,140151,50,2158,1,2025-03-21,Tablet
9770,140152,2,4375,1,2024-10-31,Mobile
9771,140183,18,1211,4,2025-03-28,Mobile
9772,140186,58,4423,1,2025-05-11,Desktop
9773,140190,17,1728,2,2024-12-19,Mobile
9774,140194,24,2057,6,2025-10-18,Mobile
9775,140203,52,2727,1,2025-02-11,Desktop
9776,140207,6,577,5,2025-01-15,Mobile
9777,140220,39,4260,6,2024-12-15,Tablet
9778,140222,50,584,1,2025-03-19,Tablet
9779,140263,17,4571,2,2025-01-08,Tablet
9780,140265,57,1554,2,2024-11-01,Tablet
9781,140270,8,301,2,2025-08-13,Desktop
9782,140274,35,5949,6,2025-06-06,Tablet
9783,140276,25,1424,3,2024-11-20,Tablet
9784,140280,18,347,4,2025-05-01,Desktop
9785,140283,9,518,2,2024-09-12,Mobile
9786,140293,56,565,5,2024-12-14,Tablet
9787,140303,46,796,4,2025-02-06,Tablet
9788,140324,10,2092,1,2025-12-16,Mobile
9789,140326,42,2976,2,2025-01-13,Desktop
9790,140333,23,4102,1,2026-01-11,Tablet
9791,140335,23,4050,1,2026-01-09,Mobile
9792,140366,39,5295,6,2024-12-22,Tablet
9793,140397,31,2381,4,2025-01-29,Desktop
9794,140404,35,4976,6,2025-06-01,Desktop
9795,140416,51,3722,6,2025-09-25,Desktop
9796,140429,13,2024,4,2024-09-13,Desktop
9797,140431,42,4311,2,2024-12-22,Desktop
9798,140441,35,3650,6,2025-05-24,Desktop
9799,140456,45,345,4,2026-05-30,Mobile
9800,140466,16,1733,6,2025-02-02,Mobile
9801,140467,38,1674,2,2025-11-10,Mobile
9802,140477,59,1789,5,2026-04-24,Mobile
9803,140517,52,5317,1,2025-03-22,Desktop
9804,140522,10,2851,1,2026-01-08,Mobile
9805,140534,20,3850,6,2025-04-19,Tablet
9806,140540,9,1228,2,2024-09-02,Mobile
9807,140549,47,342,3,2024-10-10,Desktop
9808,140568,28,1123,6,2025-04-23,Tablet
9809,140579,47,5815,3,2024-10-31,Tablet
9810,140588,1,3065,6,2025-03-26,Tablet
9811,140595,39,931,6,2024-12-14,Desktop
9812,140599,29,5132,1,2025-04-18,Desktop
9813,140603,34,380,3,2025-07-02,Desktop
9814,140640,60,544,5,2025-04-22,Mobile
9815,140647,45,3170,4,2026-04-20,Mobile
9816,140652,33,3938,3,2026-03-12,Mobile
9817,140665,14,911,2,2024-12-10,Desktop
9818,140682,1,4909,6,2025-04-16,Tablet
9819,140719,58,3761,1,2025-06-02,Tablet
9820,140741,24,319,6,2025-10-12,Mobile
9821,140745,7,3516,5,2026-05-22,Mobile
9822,140752,48,963,2,2026-01-25,Desktop
9823,140761,52,5813,1,2025-02-08,Desktop
9824,140763,36,626,5,2025-05-13,Desktop
9825,140769,6,48,5,2025-02-01,Tablet
9826,140770,49,5076,5,2025-10-28,Tablet
9827,140813,41,1728,3,2026-01-23,Mobile
9828,140833,46,1715,4,2025-02-07,Tablet
9829,140837,18,5795,4,2025-03-18,Tablet
9830,140840,14,2892,2,2024-11-23,Desktop
9831,140865,35,380,6,2025-05-17,Desktop
9832,140877,32,660,3,2024-10-13,Desktop
9833,140908,56,2507,5,2024-12-24,Tablet
9834,140909,6,4308,5,2025-01-14,Desktop
9835,140936,46,2344,4,2025-01-14,Mobile
9836,140967,59,1780,5,2026-05-01,Mobile
9837,140971,58,251,1,2025-06-03,Desktop
9838,140982,16,5460,6,2025-03-03,Mobile
9839,140983,10,5120,1,2026-01-12,Tablet
9840,141019,51,4628,6,2025-10-12,Mobile
9841,141113,37,4772,5,2025-01-18,Tablet
9842,141135,42,522,2,2024-11-25,Mobile
9843,141136,22,394,5,2024-10-10,Mobile
9844,141146,15,3237,6,2026-04-29,Mobile
9845,141152,6,4416,5,2025-02-26,Mobile
9846,141169,12,2742,1,2024-07-26,Tablet
9847,141179,48,5191,2,2026-01-26,Mobile
9848,141185,55,234,3,2025-08-23,Desktop
9849,141225,54,4275,1,2025-09-10,Mobile
9850,141241,1,691,6,2025-04-04,Desktop
9851,141261,23,5661,1,2026-01-03,Mobile
9852,141270,4,1932,1,2024-12-22,Tablet
9853,141311,59,364,5,2026-05-04,Tablet
9854,141335,3,3648,4,2025-12-15,Tablet
9855,141340,25,5782,3,2024-11-10,Tablet
9856,141372,46,4147,4,2025-02-06,Mobile
9857,141380,30,1814,6,2024-11-19,Tablet
9858,141386,33,4628,3,2026-01-26,Mobile
9859,141390,33,5922,3,2026-03-25,Mobile
9860,141469,24,2270,6,2025-11-16,Mobile
9861,141495,32,2577,3,2024-10-05,Desktop
9862,141499,9,3242,2,2024-09-01,Mobile
9863,141515,2,887,1,2024-11-05,Tablet
9864,141531,33,2610,3,2026-02-12,Desktop
9865,141561,34,5700,3,2025-06-16,Desktop
9866,141574,43,3016,2,2026-01-10,Desktop
9867,141586,45,2950,4,2026-04-28,Mobile
9868,141603,48,5996,2,2026-02-02,Desktop
9869,141616,50,4265,1,2025-04-15,Desktop
9870,141617,12,4956,1,2024-07-29,Mobile
9871,141635,26,2463,3,2025-10-28,Tablet
9872,141667,42,4944,2,2024-11-24,Mobile
9873,141670,57,5754,2,2024-10-10,Tablet
9874,141672,53,4165,3,2026-05-12,Mobile
9875,141704,18,1428,4,2025-04-19,Desktop
9876,141720,43,2742,2,2026-01-08,Desktop
9877,141725,7,5125,5,2026-06-06,Tablet
9878,141767,46,5376,4,2025-01-07,Desktop
9879,141777,56,5257,5,2024-12-20,Tablet
9880,141800,9,2286,2,2024-08-28,Tablet
9881,141809,45,890,4,2026-04-04,Mobile
9882,141818,6,3160,5,2025-03-03,Desktop
9883,141829,12,4001,1,2024-07-26,Mobile
9884,141832,34,790,3,2025-07-02,Mobile
9885,141842,1,4441,6,2025-03-27,Tablet
9886,141850,27,2133,2,2024-10-31,Tablet
9887,141867,5,3709,1,2024-11-14,Mobile
9888,141875,5,3607,1,2024-11-13,Mobile
9889,141886,19,20,4,2025-05-09,Mobile
9890,141895,16,3449,6,2025-03-12,Tablet
9891,141917,46,1045,4,2025-01-19,Mobile
9892,141943,25,3586,3,2024-12-15,Mobile
9893,141949,54,3472,1,2025-09-05,Desktop
9894,141976,39,2259,6,2024-12-13,Desktop
9895,142011,14,5119,2,2024-11-22,Tablet
9896,142024,53,326,3,2026-05-12,Mobile
9897,142036,30,5610,6,2024-11-13,Mobile
9898,142061,17,2413,2,2024-12-05,Tablet
9899,142077,11,2626,3,2024-08-28,Tablet
9900,142098,36,4686,5,2025-04-21,Tablet
9901,142116,42,2209,2,2024-12-02,Tablet
9902,142127,39,676,6,2024-12-20,Tablet
9903,142162,15,1042,6,2026-05-19,Desktop
9904,142202,4,708,1,2025-01-27,Mobile
9905,142322,7,1552,5,2026-06-05,Mobile
9906,142326,46,2920,4,2025-01-02,Tablet
9907,142332,3,5754,4,2025-12-16,Tablet
9908,142344,13,1026,4,2024-09-17,Mobile
9909,142353,49,2716,5,2025-10-05,Desktop
9910,142370,40,4908,5,2026-03-02,Desktop
9911,142371,56,2680,5,2024-12-15,Tablet
9912,142379,4,3559,1,2025-01-10,Desktop
9913,142388,31,1613,4,2025-01-18,Tablet
9914,142397,20,4951,6,2025-05-09,Desktop
9915,142400,52,724,1,2025-02-15,Tablet
9916,142418,32,1873,3,2024-10-28,Tablet
9917,142482,57,5836,2,2024-11-04,Tablet
9918,142497,23,4498,1,2026-01-10,Desktop
9919,142509,58,5243,1,2025-05-27,Desktop
9920,142518,1,4717,6,2025-04-30,Desktop
9921,142539,47,2845,3,2024-11-09,Mobile
9922,142561,49,3559,5,2025-10-24,Mobile
9923,142566,58,4305,1,2025-05-28,Mobile
9924,142573,42,5232,2,2024-12-22,Tablet
9925,142633,60,1063,5,2025-04-22,Desktop
9926,142640,21,3724,3,2026-01-10,Desktop
9927,142650,50,3543,1,2025-04-25,Mobile
9928,142656,20,4510,6,2025-05-10,Mobile
9929,142663,24,109,6,2025-11-14,Mobile
9930,142669,49,1728,5,2025-10-15,Desktop
9931,142683,41,280,3,2026-02-03,Mobile
9932,142688,38,5954,2,2025-11-21,Tablet
9933,142705,13,5210,4,2024-09-02,Mobile
9934,142724,11,275,3,2024-09-25,Tablet
9935,142729,49,1570,5,2025-09-29,Desktop
9936,142733,55,2817,3,2025-07-18,Tablet
9937,142742,22,4583,5,2024-10-27,Mobile
9938,142759,37,5286,5,2025-01-06,Mobile
9939,142761,1,499,6,2025-05-05,Desktop
9940,142774,53,4853,3,2026-05-19,Mobile
9941,142776,59,2294,5,2026-05-07,Desktop
9942,142793,57,3975,2,2024-11-18,Mobile
9943,142797,20,3017,6,2025-05-05,Desktop
9944,142817,44,1092,1,2024-12-04,Desktop
9945,142822,50,5805,1,2025-03-14,Desktop
9946,142830,7,4954,5,2026-05-18,Desktop
9947,142857,33,1647,3,2026-02-07,Tablet
9948,142875,26,5639,3,2025-11-05,Tablet
9949,142880,15,5928,6,2026-05-24,Desktop
9950,142887,20,108,6,2025-05-31,Tablet
9951,142900,13,3860,4,2024-09-07,Mobile
9952,142907,13,4077,4,2024-09-08,Tablet
9953,142914,47,3140,3,2024-10-25,Desktop
9954,142932,29,73,1,2025-04-27,Desktop
9955,142956,37,2502,5,2025-01-31,Tablet
9956,142968,6,2755,5,2025-01-26,Tablet
9957,142969,36,3884,5,2025-04-10,Mobile
9958,142981,17,3634,2,2024-12-29,Mobile
9959,142987,15,4256,6,2026-05-23,Mobile
9960,142990,17,3736,2,2025-01-03,Desktop
9961,142994,49,645,5,2025-09-30,Mobile
9962,142995,8,3325,2,2025-08-03,Desktop
9963,142998,49,1102,5,2025-10-29,Desktop
9964,143028,59,413,5,2026-05-08,Desktop
9965,143033,37,5663,5,2025-01-14,Desktop
9966,143044,36,769,5,2025-05-09,Tablet
9967,143053,26,964,3,2025-11-08,Desktop
9968,143070,57,1982,2,2024-10-18,Desktop
9969,143074,43,1473,2,2026-01-13,Desktop
9970,143085,54,4893,1,2025-09-24,Tablet
9971,143101,14,2774,2,2024-11-30,Desktop
9972,143123,35,1662,6,2025-05-23,Mobile
9973,143150,5,2644,1,2024-11-10,Mobile
9974,143158,49,584,5,2025-10-13,Tablet
9975,143169,57,3547,2,2024-11-08,Mobile
9976,143171,3,986,4,2025-12-10,Mobile
9977,143182,12,5069,1,2024-07-23,Desktop
9978,143190,45,2216,4,2026-05-27,Mobile
9979,143205,24,2150,6,2025-11-13,Tablet
9980,143221,18,531,4,2025-04-30,Mobile
9981,143222,25,445,3,2024-12-03,Desktop
9982,143223,56,4043,5,2024-12-21,Desktop
9983,143228,45,1892,4,2026-04-18,Desktop
9984,143233,27,5324,2,2024-10-27,Desktop
9985,143240,52,3011,1,2025-02-26,Tablet
9986,143256,32,548,3,2024-10-18,Tablet
9987,143263,7,3161,5,2026-05-28,Desktop
9988,143279,20,1846,6,2025-05-27,Desktop
9989,143319,36,1020,5,2025-04-23,Desktop
9990,143320,7,2962,5,2026-05-18,Mobile
9991,143355,21,374,3,2026-01-17,Desktop
9992,143360,59,4478,5,2026-04-28,Tablet
9993,143370,58,5624,1,2025-05-18,Mobile
9994,143372,24,732,6,2025-11-11,Tablet
9995,143384,47,4230,3,2024-09-29,Tablet
9996,143406,28,792,6,2025-05-13,Mobile
9997,143418,17,2431,2,2024-12-11,Tablet
9998,143451,53,3714,3,2026-05-25,Tablet
9999,143467,14,189,2,2024-11-30,Mobile
10000,143471,55,4209,3,2025-07-18,Mobile
10001,143472,19,471,4,2025-04-13,Desktop
10002,143473,25,2716,3,2024-11-27,Desktop
10003,143475,38,4077,2,2025-11-08,Desktop
10004,143477,16,1267,6,2025-02-09,Tablet
10005,143557,12,5991,1,2024-07-26,Desktop
10006,143582,50,5287,1,2025-03-16,Tablet
10007,143583,6,875,5,2025-01-12,Desktop
10008,143597,22,4480,5,2024-10-06,Tablet
10009,143599,11,2352,3,2024-09-03,Tablet
10010,143603,41,5348,3,2026-01-28,Desktop
10011,143630,19,666,4,2025-04-19,Desktop
10012,143638,42,2907,2,2024-12-04,Tablet
10013,143649,46,476,4,2025-01-30,Tablet
10014,143667,34,5048,3,2025-06-22,Tablet
10015,143696,20,99,6,2025-05-21,Tablet
10016,143756,13,681,4,2024-08-27,Tablet
10017,143759,60,544,5,2025-04-10,Mobile
10018,143778,15,1770,6,2026-05-01,Desktop
10019,143790,14,324,2,2024-12-09,Mobile
10020,143795,14,683,2,2024-11-23,Tablet
10021,143823,6,4250,5,2025-03-06,Mobile
10022,143830,4,4044,1,2025-01-31,Mobile
10023,143865,25,3675,3,2024-12-21,Mobile
10024,143866,30,4148,6,2024-11-30,Tablet
10025,143868,38,2926,2,2025-11-19,Tablet
10026,143883,24,4167,6,2025-10-09,Tablet
10027,143915,43,4306,2,2026-01-12,Desktop
10028,143929,1,891,6,2025-03-26,Desktop
10029,143939,2,4848,1,2024-11-12,Desktop
10030,143953,27,546,2,2024-10-28,Tablet
10031,143992,23,729,1,2026-01-06,Tablet
10032,143995,16,5909,6,2025-02-23,Mobile
10033,144019,37,418,5,2025-01-30,Desktop
10034,144021,24,799,6,2025-10-11,Mobile
10035,144035,11,546,3,2024-08-26,Tablet
10036,144046,2,2844,1,2024-11-02,Desktop
10037,144057,6,3139,5,2025-03-05,Tablet
10038,144058,54,5463,1,2025-09-14,Tablet
10039,144061,56,2222,5,2024-12-19,Desktop
10040,144068,24,158,6,2025-10-14,Mobile
10041,144070,31,4197,4,2025-01-27,Desktop
10042,144095,40,3859,5,2026-02-27,Tablet
10043,144118,47,4482,3,2024-11-03,Tablet
10044,144130,31,2148,4,2025-01-24,Tablet
10045,144141,54,5136,1,2025-09-06,Mobile
10046,144169,40,2825,5,2026-02-25,Tablet
10047,144224,60,5589,5,2025-04-09,Mobile
10048,144226,15,2580,6,2026-05-07,Desktop
10049,144234,52,2276,1,2025-02-14,Tablet
10050,144279,21,740,3,2026-01-19,Desktop
10051,144281,57,1700,2,2024-10-31,Desktop
10052,144305,45,5991,4,2026-04-02,Desktop
10053,144306,11,4086,3,2024-08-21,Mobile
10054,144320,40,5715,5,2026-02-26,Tablet
10055,144321,45,391,4,2026-05-30,Tablet
10056,144352,37,2926,5,2025-01-15,Tablet
10057,144379,11,3792,3,2024-09-09,Desktop
10058,144385,60,2577,5,2025-04-24,Mobile
10059,144399,13,4928,4,2024-08-27,Mobile
10060,144411,2,2876,1,2024-11-19,Tablet
10061,144420,11,3583,3,2024-09-18,Mobile
10062,144431,39,1088,6,2024-12-11,Tablet
10063,144462,32,270,3,2024-11-08,Mobile
10064,144496,22,3360,5,2024-10-24,Desktop
10065,144499,8,2226,2,2025-08-04,Mobile
10066,144526,6,429,5,2025-01-13,Tablet
10067,144543,19,459,4,2025-05-02,Mobile
10068,144546,56,1978,5,2024-12-19,Mobile
10069,144549,39,756,6,2024-11-28,Desktop
10070,144564,3,2355,4,2025-12-04,Mobile
10071,144567,30,4732,6,2024-11-19,Mobile
10072,144580,55,3429,3,2025-07-30,Mobile
10073,144592,19,880,4,2025-05-04,Tablet
10074,144594,4,537,1,2024-12-25,Mobile
10075,144600,19,2007,4,2025-05-09,Tablet
10076,144601,14,2008,2,2024-11-20,Mobile
10077,144624,43,5126,2,2026-01-26,Mobile
10078,144627,50,238,1,2025-04-29,Mobile
10079,144664,50,4889,1,2025-04-05,Tablet
10080,144703,39,1424,6,2024-12-12,Tablet
10081,144718,27,1655,2,2024-11-02,Tablet
10082,144732,17,5845,2,2024-11-30,Tablet
10083,144733,36,3191,5,2025-04-04,Desktop
10084,144737,10,1618,1,2025-12-14,Mobile
10085,144758,20,4329,6,2025-05-27,Tablet
10086,144760,28,5923,6,2025-05-13,Tablet
10087,144778,5,126,1,2024-11-07,Mobile
10088,144781,38,1976,2,2025-11-22,Tablet
10089,144789,1,4722,6,2025-04-09,Mobile
10090,144792,14,3034,2,2024-11-23,Desktop
10091,144796,11,1399,3,2024-09-27,Desktop
10092,144797,28,1520,6,2025-05-10,Tablet
10093,144811,14,5082,2,2024-12-09,Desktop
10094,144831,55,5316,3,2025-07-31,Tablet
10095,144850,24,3285,6,2025-10-27,Desktop
10096,144870,30,343,6,2024-11-13,Desktop
10097,144871,59,5092,5,2026-04-29,Tablet
10098,144872,42,678,2,2025-01-05,Tablet
10099,144901,20,1817,6,2025-04-20,Desktop
10100,144920,40,5754,5,2026-03-14,Mobile
10101,144923,46,2332,4,2024-12-28,Tablet
10102,144928,42,187,2,2024-12-08,Tablet
10103,144954,23,2008,1,2026-01-19,Tablet
10104,144963,22,1100,5,2024-10-05,Tablet
10105,144979,29,394,1,2025-05-02,Desktop
10106,144991,9,571,2,2024-09-09,Tablet
10107,144994,22,674,5,2024-10-30,Tablet
10108,145004,59,5190,5,2026-04-29,Mobile
10109,145007,50,5742,1,2025-03-24,Desktop
10110,145014,40,5038,5,2026-02-28,Desktop
10111,145019,49,2698,5,2025-10-20,Tablet
10112,145062,39,2029,6,2024-12-09,Desktop
10113,145065,19,2487,4,2025-04-04,Desktop
10114,145111,19,2027,4,2025-05-28,Desktop
10115,145118,15,4929,6,2026-05-22,Tablet
10116,145131,40,536,5,2026-02-22,Desktop
10117,145148,56,3857,5,2024-12-20,Desktop
10118,145168,51,4522,6,2025-10-08,Mobile
10119,145175,27,533,2,2024-11-01,Mobile
10120,145177,13,941,4,2024-09-19,Desktop
10121,145186,59,5861,5,2026-05-07,Desktop
10122,145200,33,1408,3,2026-03-14,Desktop
10123,145215,54,427,1,2025-09-15,Tablet
10124,145216,14,2811,2,2024-12-10,Tablet
10125,145224,23,1877,1,2026-01-18,Tablet
10126,145244,40,1976,5,2026-03-11,Tablet
10127,145250,22,5800,5,2024-10-10,Mobile
10128,145254,13,5342,4,2024-09-13,Desktop
10129,145283,31,4221,4,2025-01-31,Tablet
10130,145290,16,3584,6,2025-03-12,Tablet
10131,145330,59,1970,5,2026-05-03,Desktop
10132,145336,56,2365,5,2024-12-14,Mobile
10133,145348,20,441,6,2025-05-19,Desktop
10134,145350,34,1699,3,2025-06-20,Mobile
10135,145353,33,3772,3,2026-02-25,Tablet
10136,145361,31,5355,4,2025-01-27,Desktop
10137,145372,25,5752,3,2024-12-24,Tablet
10138,145383,33,287,3,2026-02-12,Mobile
10139,145388,29,5728,1,2025-05-03,Tablet
10140,145389,13,4018,4,2024-09-08,Desktop
10141,145399,27,4719,2,2024-10-22,Mobile
10142,145400,56,4411,5,2024-12-15,Desktop
10143,145413,5,4492,1,2024-10-23,Mobile
10144,145435,39,1123,6,2024-12-23,Tablet
10145,145454,3,5847,4,2025-12-11,Tablet
10146,145455,20,3634,6,2025-05-12,Mobile
10147,145487,29,4394,1,2025-06-02,Tablet
10148,145498,42,2881,2,2024-12-14,Mobile
10149,145509,13,2069,4,2024-09-10,Desktop
10150,145511,55,3085,3,2025-07-28,Desktop
10151,145512,14,3635,2,2024-11-21,Tablet
10152,145525,22,221,5,2024-10-05,Mobile
10153,145556,60,5384,5,2025-04-24,Desktop
10154,145583,20,662,6,2025-05-20,Desktop
10155,145589,12,981,1,2024-07-25,Mobile
10156,145592,38,3617,2,2025-11-17,Tablet
10157,145593,55,3042,3,2025-08-01,Mobile
10158,145603,27,5890,2,2024-10-31,Mobile
10159,145634,58,2599,1,2025-05-11,Mobile
10160,145644,49,1462,5,2025-09-24,Desktop
10161,145646,20,3345,6,2025-05-19,Tablet
10162,145647,19,4824,4,2025-04-09,Mobile
10163,145650,2,3624,1,2024-11-03,Desktop
10164,145668,23,1261,1,2026-01-08,Tablet
10165,145682,38,1061,2,2025-11-24,Mobile
10166,145691,4,3039,1,2025-01-01,Tablet
10167,145721,14,606,2,2024-12-16,Mobile
10168,145722,37,949,5,2025-01-23,Desktop
10169,145765,26,2663,3,2025-11-05,Desktop
10170,145776,11,5874,3,2024-08-22,Tablet
10171,145806,10,1250,1,2026-01-22,Desktop
10172,145828,12,3676,1,2024-07-27,Desktop
10173,145830,34,3908,3,2025-07-01,Desktop
10174,145841,17,2892,2,2024-12-25,Desktop
10175,145842,59,3298,5,2026-05-11,Tablet
10176,145845,32,4496,3,2024-11-08,Tablet
10177,145847,23,552,1,2026-01-12,Desktop
10178,145873,15,599,6,2026-05-27,Tablet
10179,145926,54,394,1,2025-09-23,Tablet
10180,145948,43,3109,2,2026-01-28,Desktop
10181,145949,60,5578,5,2025-04-16,Desktop
10182,145956,19,2714,4,2025-04-12,Mobile
10183,145962,10,2883,1,2025-12-27,Mobile
10184,145974,59,243,5,2026-05-02,Tablet
10185,145975,8,4542,2,2025-08-07,Desktop
10186,145976,45,3047,4,2026-04-16,Tablet
10187,145991,33,2364,3,2026-03-14,Mobile
10188,146011,27,1645,2,2024-10-24,Mobile
10189,146022,48,2264,2,2026-01-30,Mobile
10190,146024,9,1761,2,2024-09-12,Tablet
10191,146028,41,2693,3,2026-01-27,Mobile
10192,146032,24,965,6,2025-10-11,Tablet
10193,146047,57,2342,2,2024-10-18,Tablet
10194,146049,3,4764,4,2025-12-05,Tablet
10195,146067,5,938,1,2024-11-14,Desktop
10196,146083,51,4306,6,2025-09-27,Mobile
10197,146087,48,5617,2,2026-02-04,Mobile
10198,146111,48,3866,2,2026-02-07,Mobile
10199,146131,32,4876,3,2024-09-13,Tablet
10200,146159,8,4969,2,2025-08-17,Tablet
10201,146167,31,1432,4,2025-01-17,Desktop
10202,146171,26,5655,3,2025-11-05,Mobile
10203,146174,11,942,3,2024-08-25,Mobile
10204,146181,5,3466,1,2024-11-08,Mobile
10205,146190,3,3156,4,2025-12-17,Tablet
10206,146209,48,3584,2,2026-02-01,Tablet
10207,146216,15,3828,6,2026-04-19,Tablet
10208,146221,37,451,5,2025-01-23,Tablet
10209,146242,22,1465,5,2024-10-29,Tablet
10210,146301,52,1613,1,2025-03-04,Tablet
10211,146315,7,5617,5,2026-05-27,Tablet
10212,146340,45,3757,4,2026-05-28,Mobile
10213,146341,53,1986,3,2026-05-16,Tablet
10214,146345,4,1443,1,2025-01-27,Tablet
10215,146358,50,4035,1,2025-04-03,Mobile
10216,146410,1,3299,6,2025-04-18,Mobile
10217,146429,60,3776,5,2025-04-27,Mobile
10218,146441,36,3952,5,2025-03-22,Mobile
10219,146466,6,1341,5,2025-02-24,Tablet
10220,146469,30,427,6,2024-11-28,Desktop
10221,146481,20,1829,6,2025-04-21,Tablet
10222,146488,24,2835,6,2025-10-04,Mobile
10223,146528,54,2861,1,2025-09-16,Mobile
10224,146530,25,3096,3,2024-11-21,Tablet
10225,146535,30,2946,6,2024-12-01,Tablet
10226,146558,19,5434,4,2025-05-02,Mobile
10227,146564,22,1104,5,2024-10-13,Desktop
10228,146566,55,1033,3,2025-08-07,Tablet
10229,146575,55,4452,3,2025-08-04,Mobile
10230,146578,51,5794,6,2025-09-23,Desktop
10231,146581,35,1798,6,2025-06-01,Tablet
10232,146593,9,4910,2,2024-09-14,Tablet
10233,146598,16,5313,6,2025-03-04,Mobile
10234,146608,51,1797,6,2025-09-29,Desktop
10235,146634,27,1728,2,2024-11-04,Mobile
10236,146636,24,3423,6,2025-10-09,Mobile
10237,146655,48,5048,2,2026-01-25,Tablet
10238,146658,20,5620,6,2025-05-08,Tablet
10239,146684,50,4797,1,2025-03-16,Mobile
10240,146687,23,2841,1,2026-01-07,Tablet
10241,146691,23,1061,1,2026-01-06,Desktop
10242,146696,1,2629,6,2025-03-27,Desktop
10243,146717,10,1382,1,2025-12-20,Desktop
10244,146724,43,4132,2,2026-01-26,Mobile
10245,146781,2,1798,1,2024-11-03,Mobile
10246,146795,25,2321,3,2024-12-08,Desktop
10247,146812,13,2924,4,2024-09-14,Mobile
10248,146827,45,5700,4,2026-04-16,Mobile
10249,146830,49,2428,5,2025-08-28,Desktop
10250,146850,17,2244,2,2024-11-30,Tablet
10251,146862,38,619,2,2025-11-19,Mobile
10252,146870,26,3900,3,2025-11-08,Mobile
10253,146875,27,2596,2,2024-10-29,Mobile
10254,146889,42,1025,2,2024-12-23,Tablet
10255,146901,60,3810,5,2025-04-12,Mobile
10256,146902,47,174,3,2024-10-16,Tablet
10257,146930,5,3606,1,2024-11-10,Tablet
10258,146934,4,1058,1,2024-12-17,Mobile
10259,146948,34,2586,3,2025-06-20,Desktop
10260,146957,6,5235,5,2025-03-04,Mobile
10261,146983,30,2390,6,2024-11-16,Mobile
10262,147001,9,5878,2,2024-09-03,Mobile
10263,147021,45,4446,4,2026-04-13,Mobile
10264,147031,15,133,6,2026-05-10,Mobile
10265,147032,19,4811,4,2025-04-29,Desktop
10266,147036,15,363,6,2026-05-25,Desktop
10267,147045,27,5425,2,2024-11-03,Mobile
10268,147078,13,174,4,2024-09-14,Tablet
10269,147082,5,2842,1,2024-10-23,Desktop
10270,147087,46,4663,4,2025-01-09,Desktop
10271,147095,34,4624,3,2025-06-23,Tablet
10272,147104,26,4722,3,2025-11-07,Tablet
10273,147126,37,4624,5,2025-01-19,Tablet
10274,147128,47,1103,3,2024-10-18,Desktop
10275,147134,30,2066,6,2024-11-12,Desktop
10276,147137,41,1420,3,2026-02-01,Mobile
10277,147141,39,2789,6,2024-12-18,Tablet
10278,147157,58,2906,1,2025-05-16,Desktop
10279,147164,11,1052,3,2024-08-23,Tablet
10280,147206,27,5265,2,2024-10-22,Tablet
10281,147207,2,5789,1,2024-10-28,Tablet
10282,147214,30,4501,6,2024-12-01,Desktop
10283,147254,1,1702,6,2025-03-29,Mobile
10284,147259,24,109,6,2025-11-04,Mobile
10285,147273,16,3673,6,2025-01-29,Tablet
10286,147307,50,1952,1,2025-04-12,Mobile
10287,147310,26,3130,3,2025-10-27,Tablet
10288,147316,32,1957,3,2024-09-16,Tablet
10289,147329,47,5252,3,2024-11-12,Desktop
10290,147330,7,4388,5,2026-06-06,Desktop
10291,147336,36,3842,5,2025-03-21,Desktop
10292,147348,26,3532,3,2025-10-29,Desktop
10293,147376,60,5780,5,2025-04-20,Mobile
10294,147379,40,4245,5,2026-02-23,Desktop
10295,147383,28,3298,6,2025-04-26,Mobile
10296,147396,25,4533,3,2024-12-19,Mobile
10297,147400,33,5427,3,2026-02-08,Tablet
10298,147419,22,3823,5,2024-10-16,Tablet
10299,147425,41,2178,3,2026-02-02,Tablet
10300,147468,21,5982,3,2026-01-15,Mobile
10301,147492,43,463,2,2026-01-08,Mobile
10302,147508,11,5484,3,2024-09-09,Tablet
10303,147515,58,5726,1,2025-05-25,Desktop
10304,147538,29,5026,1,2025-05-03,Desktop
10305,147547,56,3992,5,2024-12-20,Mobile
10306,147552,55,2132,3,2025-07-29,Mobile
10307,147557,19,3866,4,2025-05-04,Mobile
10308,147587,12,4419,1,2024-08-05,Tablet
10309,147616,46,2375,4,2025-01-20,Mobile
10310,147644,6,1528,5,2025-02-26,Desktop
10311,147649,16,332,6,2025-02-20,Tablet
10312,147678,15,243,6,2026-05-07,Tablet
10313,147713,22,2614,5,2024-11-02,Desktop
10314,147720,37,5921,5,2025-01-26,Mobile
10315,147739,58,1132,1,2025-06-02,Tablet
10316,147740,8,1798,2,2025-08-13,Mobile
10317,147767,60,920,5,2025-04-27,Desktop
10318,147769,26,5764,3,2025-11-01,Tablet
10319,147777,47,1102,3,2024-11-02,Tablet
10320,147813,41,230,3,2026-01-27,Desktop
10321,147816,20,3793,6,2025-05-13,Mobile
10322,147822,51,166,6,2025-09-09,Tablet
10323,147835,16,282,6,2025-03-13,Mobile
10324,147837,4,2557,1,2024-12-22,Mobile
10325,147866,1,5450,6,2025-04-19,Desktop
10326,147886,20,5057,6,2025-05-06,Mobile
10327,147894,11,5447,3,2024-09-08,Tablet
10328,147931,32,1907,3,2024-09-20,Desktop
10329,147940,16,683,6,2025-02-03,Tablet
10330,147941,57,3785,2,2024-11-11,Mobile
10331,147971,24,4256,6,2025-10-22,Tablet
10332,148006,44,3031,1,2025-01-09,Mobile
10333,148008,43,1828,2,2026-01-24,Mobile
10334,148028,43,1415,2,2026-01-24,Mobile
10335,148063,16,133,6,2025-02-15,Desktop
10336,148072,5,4336,1,2024-11-07,Tablet
10337,148114,51,3334,6,2025-09-06,Desktop
10338,148121,10,4437,1,2026-01-11,Desktop
10339,148130,41,1589,3,2026-01-26,Mobile
10340,148171,8,3537,2,2025-08-02,Tablet
10341,148172,10,1219,1,2025-12-05,Desktop
10342,148184,21,5008,3,2026-01-08,Desktop
10343,148187,48,4935,2,2026-01-26,Tablet
10344,148195,41,3093,3,2026-02-07,Desktop
10345,148238,24,5480,6,2025-10-14,Tablet
10346,148249,47,1132,3,2024-09-30,Tablet
10347,148267,47,1728,3,2024-10-23,Desktop
10348,148302,7,2946,5,2026-05-30,Mobile
10349,148320,57,4204,2,2024-11-16,Desktop
10350,148322,32,1854,3,2024-09-15,Mobile
10351,148329,33,1823,3,2026-02-25,Desktop
10352,148355,48,4110,2,2026-02-12,Desktop
10353,148358,54,2464,1,2025-09-12,Tablet
10354,148360,44,1358,1,2025-01-06,Mobile
10355,148365,41,5438,3,2026-01-30,Desktop
10356,148382,42,1950,2,2024-12-22,Mobile
10357,148395,17,5871,2,2024-12-24,Tablet
10358,148407,24,933,6,2025-10-29,Tablet
10359,148414,44,5829,1,2024-12-17,Mobile
10360,148438,33,1427,3,2026-03-27,Tablet
10361,148455,47,1245,3,2024-11-09,Mobile
10362,148463,56,5028,5,2024-12-24,Desktop
10363,148477,23,5960,1,2026-01-16,Mobile
10364,148495,13,4821,4,2024-09-05,Tablet
10365,148519,27,1013,2,2024-10-25,Tablet
10366,148542,50,4190,1,2025-04-03,Desktop
10367,148543,21,4882,3,2026-01-17,Desktop
10368,148552,40,2942,5,2026-03-03,Tablet
10369,148590,46,2922,4,2025-01-15,Mobile
10370,148593,56,1520,5,2024-12-15,Tablet
10371,148594,25,5561,3,2024-12-10,Tablet
10372,148611,17,3955,2,2024-12-30,Mobile
10373,148614,40,2315,5,2026-02-23,Mobile
10374,148619,8,2432,2,2025-08-08,Tablet
10375,148633,2,36,1,2024-11-08,Desktop
10376,148661,54,137,1,2025-09-17,Desktop
10377,148685,7,3340,5,2026-06-08,Mobile
10378,148689,53,4876,3,2026-05-17,Mobile
10379,148731,11,1403,3,2024-09-19,Desktop
10380,148773,20,155,6,2025-05-30,Tablet
10381,148820,33,892,3,2026-03-12,Desktop
10382,148839,28,824,6,2025-05-01,Mobile
10383,148844,57,1443,2,2024-11-08,Tablet
10384,148904,41,5280,3,2026-02-10,Tablet
10385,148932,36,1072,5,2025-04-25,Mobile
10386,148962,12,4717,1,2024-08-02,Desktop
10387,148977,17,1483,2,2024-12-15,Tablet
10388,148982,45,378,4,2026-05-29,Tablet
10389,148986,40,5119,5,2026-02-26,Tablet
10390,149006,10,5145,1,2026-01-07,Mobile
10391,149020,44,2197,1,2024-12-15,Tablet
10392,149029,10,365,1,2025-12-06,Tablet
10393,149049,1,196,6,2025-04-11,Mobile
10394,149054,48,1198,2,2026-02-09,Desktop
10395,149060,33,466,3,2026-02-04,Desktop
10396,149081,19,4265,4,2025-04-14,Mobile
10397,149097,5,341,1,2024-11-09,Desktop
10398,149125,14,1647,2,2024-11-29,Mobile
10399,149141,15,3347,6,2026-05-16,Mobile
10400,149142,14,2477,2,2024-11-27,Tablet
10401,149147,41,4206,3,2026-02-10,Desktop
10402,149169,16,2070,6,2025-01-23,Mobile
10403,149178,20,2528,6,2025-05-20,Desktop
10404,149188,48,3032,2,2026-02-10,Desktop
10405,149189,47,2918,3,2024-10-31,Mobile
10406,149192,40,244,5,2026-03-04,Tablet
10407,149193,29,1055,1,2025-04-19,Desktop
10408,149196,22,2454,5,2024-10-25,Tablet
10409,149203,28,5456,6,2025-04-25,Mobile
10410,149205,42,2734,2,2025-01-15,Desktop
10411,149217,1,3753,6,2025-04-11,Tablet
10412,149224,45,1846,4,2026-05-23,Tablet
10413,149234,20,776,6,2025-05-25,Desktop
10414,149241,51,920,6,2025-10-06,Desktop
10415,149256,34,828,3,2025-06-27,Tablet
10416,149262,50,5680,1,2025-03-23,Desktop
10417,149269,37,3475,5,2025-01-16,Mobile
10418,149285,4,5422,1,2025-01-09,Desktop
10419,149297,53,1682,3,2026-05-21,Desktop
10420,149300,9,4241,2,2024-08-27,Desktop
10421,149322,48,4198,2,2026-02-12,Mobile
10422,149343,32,355,3,2024-10-11,Mobile
10423,149366,59,4997,5,2026-05-12,Tablet
10424,149391,44,124,1,2024-12-20,Tablet
10425,149453,42,1229,2,2025-01-05,Desktop
10426,149454,14,5578,2,2024-11-23,Mobile
10427,149511,8,1987,2,2025-07-28,Desktop
10428,149533,36,3914,5,2025-05-02,Desktop
10429,149576,56,1427,5,2024-12-17,Mobile
10430,149590,43,3642,2,2026-01-13,Tablet
10431,149614,25,5662,3,2024-11-23,Tablet
10432,149619,57,4643,2,2024-11-15,Tablet
10433,149657,7,2695,5,2026-05-28,Mobile
10434,149679,45,5414,4,2026-04-05,Mobile
10435,149685,37,1550,5,2025-01-03,Desktop
10436,149697,15,3589,6,2026-05-20,Tablet
10437,149715,23,4692,1,2026-01-02,Desktop
10438,149725,2,5809,1,2024-11-09,Tablet
10439,149748,38,2986,2,2025-11-16,Desktop
10440,149756,39,3321,6,2024-12-04,Desktop
10441,149761,22,5759,5,2024-11-04,Mobile
10442,149786,45,2378,4,2026-05-10,Desktop
10443,149800,22,1668,5,2024-10-26,Desktop
10444,149809,13,1108,4,2024-09-16,Desktop
10445,149824,19,4965,4,2025-05-03,Desktop
10446,149825,41,2083,3,2026-02-09,Desktop
10447,149847,25,2704,3,2024-11-26,Mobile
10448,149848,39,5013,6,2024-12-04,Mobile
10449,149854,36,1282,5,2025-04-01,Mobile
10450,149878,33,4528,3,2026-03-09,Mobile
10451,149880,42,2126,2,2024-12-13,Desktop
10452,149929,47,1586,3,2024-10-13,Mobile
10453,149941,28,254,6,2025-05-09,Desktop
10454,149945,33,1664,3,2026-02-15,Mobile
10455,149949,43,3305,2,2026-01-27,Tablet
10456,149991,55,4584,3,2025-07-19,Mobile
10457,149997,49,1093,5,2025-09-17,Tablet
10458,150023,46,1185,4,2025-01-31,Desktop
10459,150027,26,1075,3,2025-11-05,Tablet
10460,150029,21,2548,3,2026-01-12,Desktop
10461,150030,18,3973,4,2025-05-03,Desktop
10462,150037,49,1036,5,2025-10-02,Desktop
10463,150042,42,1403,2,2024-11-27,Desktop
10464,150049,34,1132,3,2025-06-11,Mobile
10465,150055,28,4675,6,2025-05-10,Desktop
10466,150083,10,2589,1,2025-12-08,Mobile
10467,150110,38,3911,2,2025-11-13,Mobile
10468,150114,32,5122,3,2024-10-22,Mobile
10469,150115,6,3243,5,2025-03-03,Desktop
10470,150116,6,4448,5,2025-02-09,Tablet
10471,150140,2,1640,1,2024-11-10,Mobile
10472,150158,11,5195,3,2024-09-03,Desktop
10473,150172,10,94,1,2025-12-06,Tablet
10474,150179,28,2884,6,2025-04-19,Mobile
10475,150180,41,1506,3,2026-02-18,Mobile
10476,150186,10,2460,1,2026-01-18,Desktop
10477,150232,36,1628,5,2025-05-12,Mobile
10478,150262,31,2261,4,2025-01-20,Tablet
10479,150279,49,5649,5,2025-08-31,Mobile
10480,150284,44,427,1,2024-12-21,Desktop
10481,150311,11,3986,3,2024-09-07,Tablet
10482,150314,17,3517,2,2025-01-01,Desktop
10483,150315,40,2746,5,2026-03-09,Tablet
10484,150316,43,2018,2,2026-01-18,Mobile
10485,150319,46,1131,4,2025-02-06,Desktop
10486,150324,57,3803,2,2024-10-19,Desktop
10487,150325,7,5985,5,2026-05-23,Mobile
10488,150328,53,2197,3,2026-05-19,Desktop
10489,150397,24,3326,6,2025-11-04,Mobile
10490,150402,53,2116,3,2026-05-09,Tablet
10491,150408,46,1305,4,2025-01-07,Tablet
10492,150415,30,3253,6,2024-12-04,Tablet
10493,150422,32,4526,3,2024-09-19,Desktop
10494,150423,22,5393,5,2024-10-13,Desktop
10495,150444,15,3778,6,2026-05-12,Mobile
10496,150457,40,3603,5,2026-02-24,Mobile
10497,150463,13,3369,4,2024-09-11,Tablet
10498,150466,1,939,6,2025-04-02,Mobile
10499,150471,49,2727,5,2025-09-04,Tablet
10500,150477,37,5683,5,2025-01-21,Mobile
10501,150498,16,5872,6,2025-02-26,Tablet
10502,150502,34,5092,3,2025-06-23,Tablet
10503,150524,30,2102,6,2024-11-16,Mobile
10504,150525,59,4265,5,2026-05-01,Desktop
10505,150526,47,1905,3,2024-11-09,Tablet
10506,150527,56,4369,5,2024-12-19,Desktop
10507,150533,11,2262,3,2024-08-26,Mobile
10508,150540,27,4018,2,2024-11-02,Tablet
10509,150573,44,5609,1,2024-12-25,Desktop
10510,150585,54,240,1,2025-09-17,Tablet
10511,150605,21,4765,3,2026-01-17,Mobile
10512,150608,32,3802,3,2024-10-11,Tablet
10513,150633,53,3874,3,2026-05-10,Desktop
10514,150635,13,3113,4,2024-09-11,Desktop
10515,150654,38,4138,2,2025-11-12,Mobile
10516,150676,16,3850,6,2025-02-24,Tablet
10517,150678,1,2438,6,2025-04-04,Desktop
10518,150683,58,1890,1,2025-05-27,Mobile
10519,150690,2,167,1,2024-11-16,Tablet
10520,150695,60,978,5,2025-04-17,Desktop
10521,150707,32,3466,3,2024-10-27,Desktop
10522,150709,1,5551,6,2025-05-03,Mobile
10523,150747,37,958,5,2025-01-05,Mobile
10524,150754,50,391,1,2025-04-22,Tablet
10525,150755,7,2432,5,2026-05-19,Desktop
10526,150768,51,3518,6,2025-09-05,Mobile
10527,150792,33,427,3,2026-02-07,Tablet
10528,150797,6,3516,5,2025-01-16,Mobile
10529,150828,4,2792,1,2024-12-14,Desktop
10530,150847,35,2643,6,2025-06-04,Desktop
10531,150852,25,2334,3,2024-12-16,Desktop
10532,150893,5,4434,1,2024-11-07,Tablet
10533,150906,31,1383,4,2025-01-21,Desktop
10534,150907,14,103,2,2024-12-10,Desktop
10535,150924,13,3542,4,2024-08-29,Desktop
10536,150926,58,4870,1,2025-05-19,Desktop
10537,150940,2,3969,1,2024-11-19,Mobile
10538,150947,7,3481,5,2026-05-28,Mobile
10539,150956,15,5180,6,2026-04-24,Tablet
10540,150980,2,2186,1,2024-11-25,Desktop
10541,150986,51,937,6,2025-10-10,Mobile
10542,150987,48,3635,2,2026-02-01,Tablet
10543,150995,20,2535,6,2025-04-24,Tablet
10544,151001,25,2726,3,2024-12-19,Desktop
10545,151023,1,3924,6,2025-04-29,Desktop
10546,151025,30,5126,6,2024-11-21,Mobile
10547,151039,30,4642,6,2024-12-01,Mobile
10548,151057,2,1095,1,2024-11-05,Mobile
10549,151061,40,2150,5,2026-02-20,Tablet
10550,151067,38,2432,2,2025-11-12,Tablet
10551,151074,44,3153,1,2025-01-07,Mobile
10552,151075,30,1120,6,2024-11-24,Desktop
10553,151084,49,31,5,2025-09-12,Mobile
10554,151093,30,413,6,2024-11-19,Desktop
10555,151135,44,4375,1,2024-12-03,Mobile
10556,151149,58,1514,1,2025-05-11,Tablet
10557,151171,36,5103,5,2025-03-31,Desktop
10558,151174,58,3278,1,2025-05-21,Desktop
10559,151196,56,617,5,2024-12-09,Tablet
10560,151215,21,2876,3,2026-01-21,Mobile
10561,151225,19,4281,4,2025-05-02,Desktop
10562,151226,52,4900,1,2025-04-07,Mobile
10563,151245,7,1987,5,2026-05-30,Desktop
10564,151247,40,3027,5,2026-03-09,Desktop
10565,151273,4,1674,1,2025-01-30,Desktop
10566,151352,23,1226,1,2026-01-08,Mobile
10567,151354,43,4613,2,2026-01-21,Tablet
10568,151392,58,3625,1,2025-05-04,Mobile
10569,151414,29,2896,1,2025-05-15,Mobile
10570,151426,22,1770,5,2024-10-27,Tablet
10571,151432,25,153,3,2024-12-28,Mobile
10572,151448,45,1144,4,2026-05-21,Desktop
10573,151473,14,3960,2,2024-11-30,Desktop
10574,151477,34,5357,3,2025-07-02,Mobile
10575,151485,20,3787,6,2025-05-13,Mobile
10576,151502,10,4827,1,2026-01-26,Mobile
10577,151506,35,1530,6,2025-05-24,Tablet
10578,151512,3,2241,4,2025-12-08,Tablet
10579,151536,44,4007,1,2024-12-03,Mobile
10580,151552,44,4419,1,2024-12-31,Tablet
10581,151558,55,693,3,2025-08-19,Tablet
10582,151559,2,2525,1,2024-11-09,Desktop
10583,151589,1,4483,6,2025-04-16,Desktop
10584,151598,10,4904,1,2026-01-20,Desktop
10585,151616,44,4916,1,2024-12-15,Tablet
10586,151623,47,5703,3,2024-10-29,Tablet
10587,151624,43,2289,2,2026-01-24,Desktop
10588,151630,22,5271,5,2024-10-23,Desktop
10589,151632,60,5097,5,2025-04-15,Desktop
10590,151634,44,4192,1,2024-12-31,Mobile
10591,151684,52,5737,1,2025-03-16,Desktop
10592,151709,8,1805,2,2025-08-08,Tablet
10593,151788,17,2199,2,2024-12-13,Desktop
10594,151805,18,4727,4,2025-04-11,Desktop
10595,151807,13,2732,4,2024-08-29,Desktop
10596,151812,45,3608,4,2026-05-24,Mobile
10597,151825,60,2060,5,2025-04-17,Mobile
10598,151835,40,1514,5,2026-02-23,Tablet
10599,151838,12,4496,1,2024-07-28,Desktop
10600,151845,9,2437,2,2024-09-12,Mobile
10601,151861,10,5118,1,2026-01-04,Mobile
10602,151910,2,516,1,2024-11-14,Mobile
10603,151925,10,4281,1,2026-01-18,Tablet
10604,151929,8,75,2,2025-07-30,Desktop
10605,151987,43,115,2,2026-01-28,Desktop
10606,151991,21,4005,3,2026-01-18,Mobile
10607,151992,26,3008,3,2025-11-05,Mobile
10608,152028,59,2167,5,2026-05-06,Mobile
10609,152051,58,2444,1,2025-05-11,Mobile
10610,152067,30,493,6,2024-11-28,Mobile
10611,152070,37,3454,5,2025-01-04,Tablet
10612,152096,49,5469,5,2025-10-28,Mobile
10613,152097,51,140,6,2025-09-14,Tablet
10614,152101,19,2190,4,2025-05-11,Desktop
10615,152112,43,38,2,2026-01-16,Desktop
10616,152125,4,5501,1,2025-01-05,Tablet
10617,152143,34,705,3,2025-06-26,Desktop
10618,152147,58,3722,1,2025-06-01,Desktop
10619,152154,45,3179,4,2026-05-26,Desktop
10620,152165,28,3022,6,2025-05-03,Desktop
10621,152176,27,3276,2,2024-10-23,Mobile
10622,152185,39,2783,6,2024-12-07,Desktop
10623,152194,32,1376,3,2024-11-07,Mobile
10624,152204,2,1774,1,2024-11-19,Mobile
10625,152223,7,3828,5,2026-05-24,Desktop
10626,152232,18,1155,4,2025-05-10,Tablet
10627,152253,25,1144,3,2024-11-22,Desktop
10628,152260,21,5837,3,2026-01-16,Mobile
10629,152267,55,4477,3,2025-07-24,Mobile
10630,152276,16,4510,6,2025-02-08,Mobile
10631,152321,52,5392,1,2025-02-14,Desktop
10632,152347,55,1376,3,2025-08-10,Tablet
10633,152348,31,4765,4,2025-01-25,Tablet
10634,152365,16,332,6,2025-02-04,Mobile
10635,152389,19,3622,4,2025-05-15,Desktop
10636,152393,14,2395,2,2024-11-27,Desktop
10637,152406,57,3462,2,2024-10-30,Tablet
10638,152435,19,3043,4,2025-04-09,Mobile
10639,152436,23,2836,1,2026-01-16,Desktop
10640,152445,28,5219,6,2025-04-27,Desktop
10641,152452,2,5753,1,2024-11-25,Mobile
10642,152464,39,4883,6,2024-12-26,Desktop
10643,152492,31,2604,4,2025-01-30,Mobile
10644,152498,52,4266,1,2025-03-19,Desktop
10645,152507,13,3038,4,2024-09-16,Tablet
10646,152510,43,1667,2,2026-01-10,Tablet
10647,152517,33,3262,3,2026-02-03,Tablet
10648,152531,51,5896,6,2025-09-27,Mobile
10649,152552,7,5121,5,2026-05-21,Tablet
10650,152555,50,1559,1,2025-04-06,Tablet
10651,152557,2,5366,1,2024-11-04,Mobile
10652,152607,54,623,1,2025-09-25,Mobile
10653,152623,28,5882,6,2025-05-04,Desktop
10654,152630,19,4064,4,2025-05-23,Tablet
10655,152643,38,889,2,2025-11-20,Tablet
10656,152648,15,2186,6,2026-04-22,Desktop
10657,152664,10,2397,1,2025-12-15,Mobile
10658,152667,58,2791,1,2025-05-27,Mobile
10659,152679,42,1570,2,2025-01-19,Mobile
10660,152682,44,506,1,2024-12-19,Mobile
10661,152686,33,148,3,2026-02-13,Tablet
10662,152687,4,5078,1,2025-01-18,Tablet
10663,152690,47,5403,3,2024-10-15,Mobile
10664,152697,22,1636,5,2024-10-08,Desktop
10665,152713,34,3566,3,2025-07-01,Tablet
10666,152734,41,5574,3,2026-02-11,Mobile
10667,152737,23,582,1,2026-01-15,Tablet
10668,152752,43,3154,2,2026-01-13,Desktop
10669,152761,22,5490,5,2024-10-23,Tablet
10670,152773,35,341,6,2025-06-02,Tablet
10671,152780,45,1250,4,2026-05-07,Desktop
10672,152790,54,3721,1,2025-09-21,Desktop
10673,152830,18,5975,4,2025-05-11,Desktop
10674,152843,3,570,4,2025-12-16,Mobile
10675,152850,54,2216,1,2025-09-04,Desktop
10676,152851,6,1018,5,2025-01-29,Tablet
10677,152867,59,2166,5,2026-05-06,Mobile
10678,152875,16,1984,6,2025-01-25,Tablet
10679,152897,17,2704,2,2024-12-15,Desktop
10680,152903,49,110,5,2025-09-15,Mobile
10681,152910,10,144,1,2025-12-26,Desktop
10682,152916,45,2663,4,2026-05-21,Desktop
10683,152948,57,3011,2,2024-11-10,Desktop
10684,152952,56,435,5,2024-12-12,Desktop
10685,152965,60,526,5,2025-04-23,Mobile
10686,152970,26,986,3,2025-11-04,Tablet
10687,152991,5,4442,1,2024-11-17,Desktop
10688,153006,33,4078,3,2026-02-14,Mobile
10689,153011,14,2903,2,2024-12-07,Mobile
10690,153028,55,831,3,2025-07-24,Mobile
10691,153037,7,1853,5,2026-05-28,Mobile
10692,153060,41,1073,3,2026-02-22,Mobile
10693,153062,38,3649,2,2025-11-19,Mobile
10694,153074,24,2817,6,2025-10-14,Tablet
10695,153078,7,5546,5,2026-05-17,Mobile
10696,153097,60,3949,5,2025-04-18,Mobile
10697,153111,51,119,6,2025-08-31,Tablet
10698,153131,49,2257,5,2025-09-21,Tablet
10699,153135,34,2886,3,2025-06-22,Tablet
10700,153143,4,5272,1,2025-01-19,Mobile
10701,153154,24,4150,6,2025-10-02,Desktop
10702,153224,23,3728,1,2026-01-01,Mobile
10703,153230,39,331,6,2024-12-02,Tablet
10704,153240,12,3650,1,2024-07-24,Mobile
10705,153251,59,1592,5,2026-04-30,Desktop
10706,153265,16,3631,6,2025-02-01,Mobile
10707,153268,20,1077,6,2025-04-24,Tablet
10708,153280,7,4075,5,2026-05-23,Mobile
10709,153288,19,1945,4,2025-04-04,Desktop
10710,153300,53,3809,3,2026-05-14,Desktop
10711,153332,39,4496,6,2024-12-14,Mobile
10712,153362,29,4148,1,2025-04-19,Desktop
10713,153385,46,3340,4,2025-02-05,Tablet
10714,153392,52,4325,1,2025-02-23,Mobile
10715,153403,50,229,1,2025-04-07,Mobile
10716,153410,54,3397,1,2025-09-10,Tablet
10717,153425,5,5546,1,2024-11-02,Tablet
10718,153434,18,238,4,2025-03-30,Desktop
10719,153443,44,4949,1,2024-12-10,Tablet
10720,153454,31,856,4,2025-01-19,Desktop
10721,153481,7,59,5,2026-05-21,Tablet
10722,153486,18,1937,4,2025-05-11,Mobile
10723,153487,2,1870,1,2024-11-21,Mobile
10724,153523,52,2750,1,2025-03-11,Mobile
10725,153526,58,5682,1,2025-05-04,Desktop
10726,153528,5,740,1,2024-11-14,Tablet
10727,153535,12,3504,1,2024-07-29,Mobile
10728,153539,28,1736,6,2025-04-28,Mobile
10729,153540,39,4679,6,2024-12-05,Mobile
10730,153559,58,190,1,2025-05-03,Tablet
10731,153561,23,1102,1,2026-01-18,Mobile
10732,153577,24,1507,6,2025-11-02,Mobile
10733,153593,30,626,6,2024-12-05,Desktop
10734,153604,22,2484,5,2024-10-23,Desktop
10735,153617,15,3175,6,2026-04-15,Desktop
10736,153631,57,32,2,2024-10-15,Mobile
10737,153645,1,2714,6,2025-04-29,Mobile
10738,153655,54,2063,1,2025-09-14,Desktop
10739,153656,55,1933,3,2025-08-16,Mobile
10740,153659,60,425,5,2025-04-14,Tablet
10741,153693,17,4223,2,2024-12-21,Desktop
10742,153704,36,1975,5,2025-05-07,Desktop
10743,153705,56,4960,5,2024-12-15,Mobile
10744,153776,8,2155,2,2025-07-23,Mobile
10745,153778,4,1066,1,2025-01-21,Mobile
10746,153784,30,5130,6,2024-12-05,Tablet
10747,153787,55,3891,3,2025-07-25,Tablet
10748,153798,41,3543,3,2026-02-14,Desktop
10749,153805,10,5957,1,2025-11-30,Tablet
10750,153864,3,4101,4,2025-12-16,Mobile
10751,153874,58,4020,1,2025-05-08,Mobile
10752,153881,5,5955,1,2024-11-13,Mobile
10753,153884,30,5868,6,2024-11-28,Tablet
10754,153909,36,5829,5,2025-05-02,Tablet
10755,153911,57,4386,2,2024-10-20,Desktop
10756,153914,20,1046,6,2025-05-19,Tablet
10757,153919,10,63,1,2025-12-18,Desktop
10758,153945,43,5960,2,2026-01-29,Tablet
10759,153969,13,47,4,2024-08-28,Desktop
10760,154021,55,350,3,2025-07-24,Mobile
10761,154023,13,891,4,2024-08-28,Desktop
10762,154031,36,2374,5,2025-03-16,Desktop
10763,154047,26,3043,3,2025-10-31,Mobile
10764,154055,17,601,2,2024-12-02,Desktop
10765,154086,46,867,4,2025-01-05,Tablet
10766,154089,13,110,4,2024-08-28,Desktop
10767,154097,11,163,3,2024-08-16,Mobile
10768,154101,3,3796,4,2025-12-16,Mobile
10769,154104,1,4779,6,2025-04-14,Tablet
10770,154118,4,2400,1,2024-12-18,Desktop
10771,154122,52,646,1,2025-02-16,Desktop
10772,154135,44,864,1,2024-12-07,Tablet
10773,154136,42,2844,2,2025-01-11,Mobile
10774,154147,26,3209,3,2025-10-31,Mobile
10775,154231,44,5380,1,2025-01-03,Mobile
10776,154247,39,584,6,2024-12-07,Mobile
10777,154283,31,4820,4,2025-01-24,Tablet
10778,154287,47,3963,3,2024-10-29,Mobile
10779,154305,6,4100,5,2025-03-05,Desktop
10780,154315,14,1,2,2024-12-06,Desktop
10781,154317,29,3594,1,2025-05-07,Desktop
10782,154333,26,4351,3,2025-11-01,Mobile
10783,154336,50,764,1,2025-04-07,Desktop
10784,154358,8,2220,2,2025-08-06,Tablet
10785,154389,33,220,3,2026-02-28,Tablet
10786,154419,10,5967,1,2025-12-02,Desktop
10787,154423,6,1589,5,2025-01-18,Mobile
10788,154424,35,419,6,2025-06-03,Mobile
10789,154425,30,5073,6,2024-11-20,Mobile
10790,154429,59,763,5,2026-05-08,Mobile
10791,154438,28,5966,6,2025-04-14,Mobile
10792,154468,9,58,2,2024-08-30,Tablet
10793,154478,13,5003,4,2024-09-06,Tablet
10794,154481,14,2907,2,2024-12-12,Desktop
10795,154496,20,3597,6,2025-04-29,Mobile
10796,154497,60,3881,5,2025-04-29,Desktop
10797,154498,17,1098,2,2024-12-18,Desktop
10798,154518,27,2574,2,2024-10-27,Desktop
10799,154522,42,551,2,2024-12-02,Tablet
10800,154534,37,5926,5,2025-01-04,Tablet
10801,154555,47,436,3,2024-10-22,Desktop
10802,154602,30,1791,6,2024-11-28,Desktop
10803,154604,53,1620,3,2026-05-05,Desktop
10804,154622,19,3828,4,2025-06-01,Mobile
10805,154683,54,5994,1,2025-09-25,Tablet
10806,154691,49,4209,5,2025-10-07,Tablet
10807,154709,23,5802,1,2026-01-03,Desktop
10808,154740,14,4144,2,2024-11-19,Tablet
10809,154745,39,324,6,2024-12-12,Desktop
10810,154778,40,2150,5,2026-03-07,Tablet
10811,154794,54,2088,1,2025-09-12,Mobile
10812,154819,23,144,1,2026-01-13,Mobile
10813,154823,19,4698,4,2025-05-19,Mobile
10814,154895,13,668,4,2024-09-19,Desktop
10815,154912,47,3897,3,2024-10-01,Tablet
10816,154922,19,706,4,2025-05-18,Tablet
10817,154948,5,2420,1,2024-11-07,Mobile
10818,154960,54,3673,1,2025-09-14,Mobile
10819,155007,18,1115,4,2025-04-22,Desktop
10820,155029,42,3571,2,2024-12-17,Mobile
10821,155035,10,3959,1,2026-01-07,Mobile
10822,155041,49,5809,5,2025-09-21,Desktop
10823,155047,20,5938,6,2025-05-01,Desktop
10824,155050,58,1819,1,2025-05-13,Desktop
10825,155069,52,758,1,2025-03-25,Tablet
10826,155079,1,4770,6,2025-03-23,Mobile
10827,155095,46,6000,4,2024-12-29,Desktop
10828,155096,43,1281,2,2026-01-13,Mobile
10829,155117,27,5506,2,2024-10-30,Mobile
10830,155119,53,1432,3,2026-05-19,Tablet
10831,155122,38,3576,2,2025-11-15,Mobile
10832,155125,9,1646,2,2024-09-02,Desktop
10833,155158,51,3673,6,2025-10-10,Desktop
10834,155170,32,5790,3,2024-10-31,Tablet
10835,155172,33,2261,3,2026-02-25,Mobile
10836,155216,47,3936,3,2024-09-28,Desktop
10837,155232,40,3070,5,2026-03-14,Mobile
10838,155263,20,2294,6,2025-05-08,Tablet
10839,155274,10,3105,1,2025-11-26,Mobile
10840,155277,31,4793,4,2025-01-18,Mobile
10841,155285,31,1032,4,2025-01-29,Desktop
10842,155293,53,3484,3,2026-05-11,Mobile
10843,155295,14,2984,2,2024-12-15,Desktop
10844,155317,12,1434,1,2024-07-22,Mobile
10845,155323,12,2829,1,2024-07-28,Tablet
10846,155346,2,5581,1,2024-11-18,Mobile
10847,155358,46,2620,4,2025-01-06,Desktop
10848,155359,60,1154,5,2025-04-19,Mobile
10849,155385,7,3725,5,2026-05-18,Tablet
10850,155400,5,2870,1,2024-11-07,Desktop
10851,155416,25,28,3,2025-01-04,Tablet
10852,155421,55,4382,3,2025-07-29,Desktop
10853,155434,11,5293,3,2024-09-07,Tablet
10854,155436,19,4134,4,2025-04-13,Tablet
10855,155479,45,497,4,2026-05-17,Desktop
10856,155484,51,5685,6,2025-10-11,Desktop
10857,155488,41,5345,3,2026-01-29,Mobile
10858,155505,47,612,3,2024-10-17,Mobile
10859,155535,20,1645,6,2025-05-11,Mobile
10860,155541,38,1450,2,2025-11-11,Mobile
10861,155543,15,4935,6,2026-05-27,Desktop
10862,155550,57,3903,2,2024-10-09,Mobile
10863,155551,43,1116,2,2026-01-20,Mobile
10864,155581,5,4220,1,2024-11-13,Tablet
10865,155596,39,219,6,2024-12-04,Tablet
10866,155597,36,2511,5,2025-04-01,Mobile
10867,155600,37,4857,5,2025-01-23,Desktop
10868,155619,41,2005,3,2026-02-10,Mobile
10869,155641,24,3456,6,2025-10-18,Mobile
10870,155667,29,5817,1,2025-05-19,Mobile
10871,155674,26,1601,3,2025-11-04,Desktop
10872,155677,48,2486,2,2026-02-03,Desktop
10873,155691,1,4874,6,2025-04-21,Tablet
10874,155712,11,1696,3,2024-09-20,Desktop
10875,155713,30,2569,6,2024-11-17,Desktop
10876,155743,22,647,5,2024-10-23,Tablet
10877,155747,3,438,4,2025-12-15,Mobile
10878,155755,50,893,1,2025-03-06,Mobile
10879,155774,24,4992,6,2025-10-16,Mobile
10880,155788,51,5250,6,2025-09-04,Desktop
10881,155811,39,3184,6,2024-12-08,Desktop
10882,155860,23,2954,1,2026-01-02,Mobile
10883,155861,15,1274,6,2026-05-23,Desktop
10884,155864,10,2490,1,2025-12-16,Mobile
10885,155870,35,4566,6,2025-05-28,Desktop
10886,155874,1,929,6,2025-05-01,Tablet
10887,155890,53,4017,3,2026-05-12,Desktop
10888,155892,3,1264,4,2025-12-11,Mobile
10889,155916,14,5296,2,2024-12-04,Desktop
10890,155920,10,418,1,2025-12-29,Desktop
10891,155935,30,4486,6,2024-11-19,Tablet
10892,155937,3,3236,4,2025-12-14,Mobile
10893,156059,54,2133,1,2025-09-15,Mobile
10894,156070,60,2529,5,2025-04-18,Mobile
10895,156122,29,3965,1,2025-05-25,Mobile
10896,156141,60,1986,5,2025-04-29,Mobile
10897,156142,1,1867,6,2025-04-16,Desktop
10898,156144,10,5125,1,2025-12-09,Mobile
10899,156176,8,2333,2,2025-07-22,Mobile
10900,156186,20,3471,6,2025-04-29,Desktop
10901,156200,14,3869,2,2024-12-14,Tablet
10902,156248,53,4664,3,2026-05-07,Mobile
10903,156263,54,4151,1,2025-09-17,Desktop
10904,156296,54,2664,1,2025-09-24,Mobile
10905,156299,59,1092,5,2026-04-28,Mobile
10906,156303,30,5610,6,2024-11-18,Desktop
10907,156354,6,2186,5,2025-02-07,Mobile
10908,156355,38,2720,2,2025-11-10,Desktop
10909,156358,45,4709,4,2026-04-06,Desktop
10910,156369,42,307,2,2025-01-03,Desktop
10911,156397,56,5767,5,2024-12-11,Tablet
10912,156409,56,5376,5,2024-12-20,Tablet
10913,156450,45,1153,4,2026-04-29,Desktop
10914,156470,59,210,5,2026-05-10,Mobile
10915,156475,35,1636,6,2025-05-28,Mobile
10916,156477,6,3383,5,2025-03-06,Desktop
10917,156478,26,102,3,2025-10-27,Desktop
10918,156483,38,4206,2,2025-11-15,Tablet
10919,156536,11,2114,3,2024-09-27,Desktop
10920,156567,53,2587,3,2026-05-26,Mobile
10921,156576,55,4,3,2025-08-17,Tablet
10922,156585,29,3636,1,2025-05-16,Mobile
10923,156608,18,920,4,2025-05-14,Desktop
10924,156609,60,1933,5,2025-04-12,Mobile
10925,156614,34,315,3,2025-06-14,Mobile
10926,156654,10,2806,1,2025-12-18,Tablet
10927,156672,36,5805,5,2025-04-06,Mobile
10928,156676,6,2514,5,2025-02-10,Desktop
10929,156695,14,4746,2,2024-12-13,Mobile
10930,156735,42,1225,2,2025-01-01,Tablet
10931,156738,10,2667,1,2025-12-20,Mobile
10932,156810,23,5769,1,2026-01-07,Mobile
10933,156822,16,5731,6,2025-02-10,Tablet
10934,156824,10,3483,1,2025-12-08,Desktop
10935,156887,7,3932,5,2026-05-20,Mobile
10936,156917,43,4697,2,2026-01-14,Tablet
10937,156929,15,5761,6,2026-05-06,Desktop
10938,156938,47,5022,3,2024-10-02,Desktop
10939,156965,53,4235,3,2026-05-09,Mobile
10940,156993,23,4742,1,2026-01-02,Tablet
10941,157012,32,2469,3,2024-10-15,Tablet
10942,157045,22,2215,5,2024-10-26,Desktop
10943,157064,15,5948,6,2026-05-24,Tablet
10944,157065,28,3890,6,2025-04-29,Mobile
10945,157078,50,2063,1,2025-04-21,Desktop
10946,157102,4,418,1,2024-12-18,Desktop
10947,157119,19,4220,4,2025-05-15,Tablet
10948,157150,47,1589,3,2024-10-10,Desktop
10949,157162,54,2795,1,2025-09-21,Mobile
10950,157183,47,2585,3,2024-10-27,Desktop
10951,157194,46,3099,4,2025-01-27,Desktop
10952,157208,7,5510,5,2026-05-30,Desktop
10953,157228,5,1797,1,2024-10-25,Mobile
10954,157238,5,2066,1,2024-10-21,Desktop
10955,157255,26,1551,3,2025-11-05,Desktop
10956,157262,6,3840,5,2025-01-20,Desktop
10957,157272,29,2161,1,2025-05-16,Tablet
10958,157327,43,4074,2,2026-01-27,Desktop
10959,157332,40,5995,5,2026-02-26,Mobile
10960,157351,38,933,2,2025-11-20,Desktop
10961,157353,41,1363,3,2026-01-26,Mobile
10962,157380,24,4636,6,2025-10-18,Tablet
10963,157409,35,1780,6,2025-05-18,Desktop
10964,157426,10,3760,1,2025-12-07,Desktop
10965,157430,36,4639,5,2025-04-30,Desktop
10966,157449,47,3843,3,2024-10-06,Desktop
10967,157477,23,1037,1,2026-01-18,Desktop
10968,157522,17,4131,2,2024-12-09,Tablet
10969,157530,29,169,1,2025-05-04,Desktop
10970,157542,6,2426,5,2025-02-12,Tablet
10971,157557,15,2262,6,2026-04-29,Tablet
10972,157564,21,1440,3,2026-01-22,Desktop
10973,157570,32,3580,3,2024-09-27,Desktop
10974,157575,58,2549,1,2025-05-27,Tablet
10975,157609,32,5837,3,2024-10-14,Mobile
10976,157616,16,794,6,2025-02-06,Tablet
10977,157618,6,1941,5,2025-01-13,Desktop
10978,157627,16,3590,6,2025-02-10,Tablet
10979,157629,19,3864,4,2025-05-23,Tablet
10980,157649,29,1761,1,2025-05-27,Mobile
10981,157664,17,1937,2,2024-12-20,Tablet
10982,157666,30,1322,6,2024-11-15,Desktop
10983,157674,44,3003,1,2025-01-02,Desktop
10984,157696,33,1277,3,2026-01-29,Mobile
10985,157721,44,3003,1,2025-01-03,Tablet
10986,157743,11,2543,3,2024-08-24,Desktop
10987,157748,19,1358,4,2025-05-14,Desktop
10988,157754,27,5593,2,2024-10-29,Tablet
10989,157782,6,1581,5,2025-03-12,Desktop
10990,157803,47,5007,3,2024-10-24,Desktop
10991,157861,14,4223,2,2024-12-01,Mobile
10992,157868,28,3571,6,2025-04-28,Mobile
10993,157869,47,4167,3,2024-10-15,Tablet
10994,157874,8,5730,2,2025-07-25,Desktop
10995,157878,59,3854,5,2026-05-01,Tablet
10996,157879,20,3420,6,2025-04-18,Mobile
10997,157899,26,1768,3,2025-10-25,Desktop
10998,157945,49,5869,5,2025-08-31,Mobile
10999,157973,5,5236,1,2024-10-23,Tablet
11000,157988,3,31,4,2025-12-13,Mobile
11001,157998,47,2546,3,2024-10-07,Mobile
11002,158002,7,4265,5,2026-06-07,Tablet
11003,158029,17,3224,2,2024-12-03,Desktop
11004,158034,6,524,5,2025-01-20,Mobile
11005,158036,42,841,2,2024-12-22,Mobile
11006,158037,34,114,3,2025-06-26,Mobile
11007,158040,26,1050,3,2025-11-03,Desktop
11008,158041,6,654,5,2025-01-13,Desktop
11009,158054,36,4306,5,2025-05-14,Tablet
11010,158061,29,3500,1,2025-04-28,Tablet
11011,158067,48,4227,2,2026-01-28,Mobile
11012,158078,47,5821,3,2024-10-27,Desktop
11013,158109,12,2326,1,2024-07-22,Tablet
11014,158121,31,5374,4,2025-01-27,Mobile
11015,158130,9,1155,2,2024-09-03,Desktop
11016,158153,27,25,2,2024-10-25,Mobile
11017,158177,49,1237,5,2025-10-11,Tablet
11018,158192,12,107,1,2024-07-24,Desktop
11019,158199,40,3595,5,2026-02-21,Desktop
11020,158205,27,1979,2,2024-10-27,Desktop
11021,158217,6,1414,5,2025-02-17,Desktop
11022,158226,25,1620,3,2024-11-20,Mobile
11023,158231,18,5527,4,2025-04-23,Tablet
11024,158251,24,332,6,2025-11-06,Mobile
11025,158290,18,4932,4,2025-05-16,Desktop
11026,158299,8,5043,2,2025-07-24,Mobile
11027,158300,44,3110,1,2024-12-14,Tablet
11028,158302,58,3799,1,2025-05-16,Desktop
11029,158306,3,173,4,2025-12-15,Mobile
11030,158324,7,2136,5,2026-06-04,Tablet
11031,158327,1,2239,6,2025-04-01,Desktop
11032,158358,31,3428,4,2025-01-30,Desktop
11033,158363,49,4468,5,2025-10-09,Tablet
11034,158375,58,3469,1,2025-05-04,Tablet
11035,158443,21,4865,3,2026-01-10,Tablet
11036,158450,47,1353,3,2024-10-29,Desktop
11037,158455,48,3147,2,2026-02-15,Desktop
11038,158463,1,3883,6,2025-05-03,Mobile
11039,158465,47,1499,3,2024-11-06,Mobile
11040,158494,8,4792,2,2025-08-10,Mobile
11041,158495,23,4447,1,2026-01-14,Mobile
11042,158523,6,5827,5,2025-02-11,Tablet
11043,158529,33,5344,3,2026-02-27,Mobile
11044,158536,48,3362,2,2026-02-02,Tablet
11045,158585,15,5483,6,2026-05-27,Tablet
11046,158592,43,1674,2,2026-01-28,Desktop
11047,158600,51,4197,6,2025-10-02,Mobile
11048,158614,47,253,3,2024-11-12,Tablet
11049,158635,6,4242,5,2025-02-16,Tablet
11050,158650,48,1419,2,2026-01-29,Desktop
11051,158669,10,1478,1,2025-11-30,Desktop
11052,158692,58,5503,1,2025-05-16,Desktop
11053,158705,25,1366,3,2024-12-21,Desktop
11054,158734,8,5148,2,2025-08-01,Mobile
11055,158744,38,223,2,2025-11-18,Tablet
11056,158745,45,1454,4,2026-05-23,Tablet
11057,158750,11,3975,3,2024-09-08,Desktop
11058,158793,29,3010,1,2025-05-26,Desktop
11059,158803,7,1155,5,2026-05-28,Tablet
11060,158805,57,1288,2,2024-11-02,Mobile
11061,158814,48,4107,2,2026-02-08,Mobile
11062,158831,3,5917,4,2025-12-08,Mobile
11063,158862,23,243,1,2026-01-10,Tablet
11064,158868,22,5247,5,2024-10-20,Tablet
11065,158877,4,1907,1,2025-01-03,Mobile
11066,158880,19,3529,4,2025-05-26,Desktop
11067,158884,53,5426,3,2026-05-22,Desktop
11068,158901,5,2547,1,2024-10-21,Mobile
11069,158929,2,3486,1,2024-11-17,Desktop
11070,158934,14,5646,2,2024-12-10,Mobile
11071,158943,51,5490,6,2025-09-10,Desktop
11072,158970,24,5798,6,2025-10-23,Desktop
11073,158975,60,670,5,2025-04-20,Mobile
11074,159046,9,3242,2,2024-09-01,Desktop
11075,159053,10,550,1,2026-01-19,Mobile
11076,159063,44,5074,1,2024-12-26,Tablet
11077,159143,47,940,3,2024-11-05,Desktop
11078,159151,43,4646,2,2026-01-19,Tablet
11079,159168,32,3584,3,2024-10-30,Desktop
11080,159175,21,143,3,2026-01-19,Mobile
11081,159179,9,467,2,2024-08-28,Desktop
11082,159206,33,1937,3,2026-03-09,Tablet
11083,159214,33,2799,3,2026-03-04,Mobile
11084,159224,11,2106,3,2024-09-20,Desktop
11085,159232,51,1252,6,2025-09-13,Tablet
11086,159254,42,3851,2,2024-11-25,Desktop
11087,159256,11,2735,3,2024-08-28,Mobile
11088,159285,32,4166,3,2024-10-03,Desktop
11089,159299,9,885,2,2024-08-26,Mobile
11090,159302,38,1917,2,2025-11-15,Mobile
11091,159315,43,978,2,2026-01-18,Desktop
11092,159318,22,2345,5,2024-10-11,Desktop
11093,159336,26,5687,3,2025-11-04,Mobile
11094,159363,27,2057,2,2024-10-24,Mobile
11095,159383,24,3655,6,2025-11-12,Tablet
11096,159405,2,2734,1,2024-10-29,Mobile
11097,159407,5,4254,1,2024-10-26,Tablet
11098,159419,7,1975,5,2026-05-17,Tablet
11099,159433,10,2606,1,2026-01-12,Desktop
11100,159435,58,4917,1,2025-05-14,Mobile
11101,159440,24,2652,6,2025-10-08,Desktop
11102,159464,38,4997,2,2025-11-13,Mobile
11103,159475,5,3289,1,2024-10-29,Tablet
11104,159476,56,1160,5,2024-12-24,Mobile
11105,159478,49,5137,5,2025-09-09,Tablet
11106,159501,21,1236,3,2026-01-17,Desktop
11107,159514,8,3289,2,2025-08-10,Mobile
11108,159522,46,4166,4,2025-01-27,Desktop
11109,159528,60,5665,5,2025-04-24,Desktop
11110,159529,22,1665,5,2024-10-18,Desktop
11111,159549,59,3418,5,2026-04-24,Mobile
11112,159560,52,2087,1,2025-02-10,Desktop
11113,159566,13,3381,4,2024-09-17,Tablet
11114,159576,3,3283,4,2025-12-12,Tablet
11115,159584,56,4826,5,2024-12-16,Tablet
11116,159608,28,1605,6,2025-04-24,Desktop
11117,159614,39,2761,6,2024-12-17,Mobile
11118,159618,46,669,4,2025-01-12,Mobile
11119,159638,14,1032,2,2024-11-17,Mobile
11120,159692,38,5450,2,2025-11-13,Desktop
11121,159718,60,3530,5,2025-04-27,Tablet
11122,159720,35,472,6,2025-05-30,Desktop
11123,159724,16,1738,6,2025-02-28,Mobile
11124,159742,22,1098,5,2024-10-08,Tablet
11125,159758,2,1699,1,2024-11-02,Tablet
11126,159773,8,3511,2,2025-08-04,Mobile
11127,159798,51,266,6,2025-10-04,Mobile
11128,159814,31,5054,4,2025-01-25,Tablet
11129,159874,28,1197,6,2025-04-22,Desktop
11130,159884,47,2860,3,2024-10-28,Tablet
11131,159902,39,1237,6,2024-11-29,Desktop
11132,159921,54,1614,1,2025-09-06,Desktop
11133,159954,20,1408,6,2025-05-20,Desktop
11134,159966,8,1922,2,2025-07-31,Mobile
11135,159972,20,5221,6,2025-04-23,Mobile
11136,159978,20,2126,6,2025-04-20,Mobile
11137,160006,17,5020,2,2024-12-11,Tablet
11138,160007,28,3711,6,2025-04-24,Desktop
11139,160058,9,5979,2,2024-09-14,Desktop
11140,160064,30,383,6,2024-11-18,Mobile
11141,160067,56,4423,5,2024-12-19,Mobile
11142,160075,21,2307,3,2026-01-10,Mobile
11143,160091,5,2123,1,2024-10-29,Desktop
11144,160094,24,2361,6,2025-11-09,Desktop
11145,160139,55,4435,3,2025-07-21,Tablet
11146,160146,22,3458,5,2024-10-19,Mobile
11147,160148,48,2782,2,2026-02-01,Mobile
11148,160150,4,2059,1,2024-12-08,Desktop
11149,160153,24,4970,6,2025-11-12,Mobile
11150,160162,27,5818,2,2024-10-27,Mobile
11151,160165,39,5617,6,2024-12-21,Tablet
11152,160184,9,4587,2,2024-09-06,Tablet
11153,160197,42,4847,2,2024-12-24,Desktop
11154,160200,15,3286,6,2026-05-25,Mobile
11155,160215,51,4478,6,2025-08-31,Desktop
11156,160228,16,4880,6,2025-03-09,Tablet
11157,160229,8,4731,2,2025-08-01,Desktop
11158,160234,2,655,1,2024-11-06,Mobile
11159,160254,26,1582,3,2025-10-31,Desktop
11160,160255,28,2685,6,2025-05-07,Mobile
11161,160268,60,3878,5,2025-04-09,Mobile
11162,160275,14,5922,2,2024-12-07,Tablet
11163,160286,1,5567,6,2025-05-03,Tablet
11164,160313,59,4263,5,2026-05-10,Tablet
11165,160314,14,2229,2,2024-12-10,Desktop
11166,160333,42,4010,2,2024-12-01,Desktop
11167,160342,22,3471,5,2024-10-22,Mobile
11168,160358,41,855,3,2026-02-11,Tablet
11169,160425,54,1419,1,2025-09-20,Mobile
11170,160426,45,2341,4,2026-05-16,Tablet
11171,160452,2,483,1,2024-11-21,Tablet
11172,160460,47,2205,3,2024-10-18,Desktop
11173,160476,6,1261,5,2025-03-13,Desktop
11174,160500,19,4319,4,2025-05-06,Tablet
11175,160514,54,440,1,2025-09-10,Desktop
11176,160561,43,143,2,2026-01-29,Tablet
11177,160577,10,2563,1,2025-12-28,Tablet
11178,160608,47,3878,3,2024-11-06,Mobile
11179,160617,49,2448,5,2025-10-13,Tablet
11180,160625,45,5611,4,2026-05-09,Tablet
11181,160693,46,5422,4,2025-01-21,Desktop
11182,160728,55,5659,3,2025-07-29,Tablet
11183,160734,52,5195,1,2025-03-12,Mobile
11184,160785,30,2165,6,2024-11-21,Desktop
11185,160788,58,5725,1,2025-05-19,Desktop
11186,160819,53,1888,3,2026-05-19,Tablet
11187,160823,23,1432,1,2026-01-20,Desktop
11188,160834,55,4733,3,2025-08-04,Mobile
11189,160837,38,1046,2,2025-11-11,Tablet
11190,160859,48,5803,2,2026-02-14,Tablet
11191,160881,58,3593,1,2025-05-29,Desktop
11192,160882,44,5155,1,2025-01-03,Mobile
11193,160885,21,316,3,2026-01-22,Mobile
11194,160893,47,5682,3,2024-11-03,Tablet
11195,160894,50,4642,1,2025-03-05,Mobile
11196,160899,58,4528,1,2025-05-13,Desktop
11197,160901,7,2010,5,2026-06-02,Desktop
11198,160909,36,4032,5,2025-04-16,Desktop
11199,160925,48,2676,2,2026-02-01,Tablet
11200,160929,46,374,4,2025-01-18,Desktop
11201,160968,48,4135,2,2026-02-01,Desktop
11202,161016,28,2518,6,2025-05-10,Desktop
11203,161020,32,3998,3,2024-10-31,Desktop
11204,161021,35,47,6,2025-06-03,Desktop
11205,161033,55,1736,3,2025-07-12,Desktop
11206,161060,25,171,3,2024-12-12,Mobile
11207,161062,49,1285,5,2025-09-11,Tablet
11208,161071,14,4905,2,2024-12-07,Mobile
11209,161082,51,2099,6,2025-09-03,Tablet
11210,161098,52,3969,1,2025-03-21,Tablet
11211,161150,57,3265,2,2024-10-21,Desktop
11212,161162,34,379,3,2025-06-20,Tablet
11213,161184,2,1831,1,2024-11-10,Tablet
11214,161188,55,5796,3,2025-07-24,Mobile
11215,161215,16,2906,6,2025-02-12,Mobile
11216,161222,36,1669,5,2025-03-30,Mobile
11217,161239,5,1514,1,2024-10-22,Mobile
11218,161243,35,2230,6,2025-05-26,Mobile
11219,161251,49,46,5,2025-09-27,Desktop
11220,161260,34,471,3,2025-06-28,Mobile
11221,161262,26,1643,3,2025-10-27,Tablet
11222,161302,48,1126,2,2026-02-03,Mobile
11223,161334,8,3660,2,2025-08-17,Desktop
11224,161336,28,2876,6,2025-04-27,Mobile
11225,161337,31,5192,4,2025-01-22,Mobile
11226,161339,41,384,3,2026-02-17,Mobile
11227,161340,29,3140,1,2025-05-10,Mobile
11228,161365,30,2567,6,2024-11-15,Mobile
11229,161374,33,1937,3,2026-03-13,Desktop
11230,161403,59,628,5,2026-04-24,Tablet
11231,161404,33,273,3,2026-03-23,Mobile
11232,161426,50,1098,1,2025-03-09,Desktop
11233,161436,45,3002,4,2026-04-30,Mobile
11234,161457,6,5800,5,2025-03-02,Desktop
11235,161469,12,5639,1,2024-07-24,Desktop
11236,161473,44,3331,1,2025-01-03,Desktop
11237,161477,12,1396,1,2024-07-23,Mobile
11238,161502,18,4489,4,2025-05-09,Tablet
11239,161511,57,273,2,2024-10-20,Mobile
11240,161512,32,231,3,2024-10-22,Tablet
11241,161589,46,2331,4,2025-02-06,Tablet
11242,161599,16,1416,6,2025-02-12,Mobile
11243,161603,22,953,5,2024-10-07,Mobile
11244,161630,20,1418,6,2025-05-30,Desktop
11245,161631,46,4594,4,2025-01-11,Mobile
11246,161636,37,97,5,2025-01-12,Mobile
11247,161674,46,3498,4,2025-02-07,Desktop
11248,161675,2,1646,1,2024-11-20,Desktop
11249,161685,24,1668,6,2025-11-16,Tablet
11250,161688,30,4986,6,2024-11-27,Desktop
11251,161718,8,5953,2,2025-07-30,Tablet
11252,161732,16,2748,6,2025-02-13,Mobile
11253,161739,46,237,4,2025-01-09,Mobile
11254,161741,47,3816,3,2024-10-04,Tablet
11255,161752,14,1893,2,2024-12-06,Mobile
11256,161769,51,4294,6,2025-09-17,Mobile
11257,161779,22,814,5,2024-11-02,Desktop
11258,161788,57,5490,2,2024-11-10,Desktop
11259,161797,39,2869,6,2024-11-30,Tablet
11260,161805,4,2072,1,2025-01-13,Tablet
11261,161813,54,1643,1,2025-09-13,Mobile
11262,161820,32,2461,3,2024-10-31,Mobile
11263,161836,51,4795,6,2025-09-08,Mobile
11264,161840,30,3426,6,2024-11-24,Tablet
11265,161863,1,5846,6,2025-05-03,Mobile
11266,161868,56,4104,5,2024-12-17,Tablet
11267,161894,32,3062,3,2024-09-13,Desktop
11268,161895,23,3350,1,2026-01-10,Mobile
11269,161906,44,5089,1,2025-01-13,Mobile
11270,161931,36,4793,5,2025-03-20,Mobile
11271,161936,23,4775,1,2026-01-01,Desktop
11272,161942,4,1468,1,2024-12-28,Mobile
11273,161945,54,4821,1,2025-09-07,Desktop
11274,161947,5,5058,1,2024-11-19,Desktop
11275,161951,60,1700,5,2025-04-13,Tablet
11276,161982,3,3664,4,2025-12-06,Tablet
11277,161988,13,2599,4,2024-09-08,Desktop
11278,161998,20,5648,6,2025-05-02,Tablet
11279,162003,59,2861,5,2026-04-29,Tablet
11280,162015,34,2922,3,2025-06-30,Mobile
11281,162021,56,2286,5,2024-12-14,Mobile
11282,162034,53,1204,3,2026-05-04,Mobile
11283,162040,42,40,2,2024-11-29,Tablet
11284,162041,18,1075,4,2025-04-21,Desktop
11285,162069,14,3903,2,2024-12-01,Mobile
11286,162083,1,3372,6,2025-04-02,Tablet
11287,162091,6,4706,5,2025-02-27,Tablet
11288,162104,26,1224,3,2025-10-29,Mobile
11289,162106,17,3252,2,2024-12-04,Tablet
11290,162135,21,3543,3,2026-01-19,Desktop
11291,162142,2,428,1,2024-11-25,Tablet
11292,162169,48,4300,2,2026-02-05,Mobile
11293,162182,16,5325,6,2025-02-24,Mobile
11294,162211,47,4801,3,2024-10-04,Desktop
11295,162228,12,5131,1,2024-07-29,Mobile
11296,162274,38,1945,2,2025-11-22,Mobile
11297,162281,53,1798,3,2026-05-19,Mobile
11298,162284,51,53,6,2025-10-07,Desktop
11299,162292,6,3477,5,2025-02-02,Desktop
11300,162303,41,4628,3,2026-02-21,Tablet
11301,162305,6,2903,5,2025-01-23,Desktop
11302,162309,33,5425,3,2026-03-06,Tablet
11303,162315,54,3436,1,2025-09-07,Desktop
11304,162365,25,332,3,2024-12-12,Tablet
11305,162375,35,429,6,2025-05-23,Tablet
11306,162381,42,5023,2,2024-12-08,Mobile
11307,162386,43,1,2,2026-01-30,Mobile
11308,162387,29,4319,1,2025-05-04,Mobile
11309,162400,43,5998,2,2026-01-24,Mobile
11310,162418,20,5649,6,2025-04-21,Mobile
11311,162423,36,4998,5,2025-04-07,Desktop
11312,162437,59,3243,5,2026-05-11,Tablet
11313,162461,13,3663,4,2024-09-14,Tablet
11314,162464,32,3399,3,2024-10-10,Desktop
11315,162485,15,4291,6,2026-05-03,Desktop
11316,162488,48,4368,2,2026-02-03,Desktop
11317,162492,20,2599,6,2025-05-09,Desktop
11318,162497,53,1290,3,2026-05-10,Tablet
11319,162505,39,469,6,2024-12-18,Mobile
11320,162506,50,5836,1,2025-04-09,Mobile
11321,162508,47,4633,3,2024-10-28,Tablet
11322,162544,32,1532,3,2024-10-08,Desktop
11323,162553,47,5533,3,2024-10-12,Tablet
11324,162572,53,4184,3,2026-05-25,Tablet
11325,162579,20,5235,6,2025-04-23,Mobile
11326,162590,2,3135,1,2024-11-15,Tablet
11327,162594,7,912,5,2026-06-02,Desktop
11328,162595,36,4375,5,2025-05-13,Desktop
11329,162619,17,1684,2,2024-11-29,Mobile
11330,162620,12,2576,1,2024-07-23,Desktop
11331,162625,54,1176,1,2025-09-17,Mobile
11332,162635,58,2929,1,2025-05-18,Mobile
11333,162684,16,5025,6,2025-03-08,Mobile
11334,162707,48,3955,2,2026-01-26,Tablet
11335,162712,25,5832,3,2024-12-10,Tablet
11336,162739,22,2188,5,2024-10-26,Desktop
11337,162741,39,1723,6,2024-12-22,Desktop
11338,162744,4,3972,1,2025-01-03,Desktop
11339,162746,49,1728,5,2025-09-24,Mobile
11340,162756,13,3885,4,2024-09-15,Desktop
11341,162837,49,1403,5,2025-09-18,Desktop
11342,162843,14,5756,2,2024-11-19,Desktop
11343,162852,32,2833,3,2024-10-23,Desktop
11344,162875,8,940,2,2025-08-06,Tablet
11345,162887,25,3835,3,2024-11-25,Desktop
11346,162914,15,4691,6,2026-05-29,Mobile
11347,162964,33,3745,3,2026-02-18,Mobile
11348,162967,4,5131,1,2024-12-11,Desktop
11349,162976,19,3021,4,2025-04-07,Tablet
11350,163009,23,1852,1,2026-01-08,Desktop
11351,163042,8,5595,2,2025-08-16,Mobile
11352,163051,13,1192,4,2024-09-18,Mobile
11353,163069,50,1125,1,2025-03-15,Tablet
11354,163078,34,2873,3,2025-06-22,Tablet
11355,163121,4,5992,1,2025-01-27,Desktop
11356,163160,16,5798,6,2025-02-01,Mobile
11357,163167,41,1605,3,2026-01-22,Tablet
11358,163191,37,4060,5,2025-02-01,Desktop
11359,163194,4,5684,1,2025-01-31,Desktop
11360,163225,56,4147,5,2024-12-13,Mobile
11361,163230,44,725,1,2024-12-22,Tablet
11362,163239,16,848,6,2025-03-04,Tablet
11363,163242,32,2359,3,2024-10-01,Tablet
11364,163255,56,1720,5,2024-12-25,Desktop
11365,163260,18,3359,4,2025-04-02,Mobile
11366,163277,48,1571,2,2026-02-07,Mobile
11367,163294,18,3023,4,2025-04-08,Tablet
11368,163307,45,3517,4,2026-05-20,Desktop
11369,163308,46,1810,4,2025-01-06,Mobile
11370,163315,38,643,2,2025-11-08,Mobile
11371,163331,31,4411,4,2025-01-25,Mobile
11372,163336,13,2601,4,2024-09-11,Desktop
11373,163371,7,1682,5,2026-05-20,Mobile
11374,163390,32,1544,3,2024-11-02,Desktop
11375,163414,4,3435,1,2024-12-02,Tablet
11376,163416,41,3400,3,2026-02-22,Mobile
11377,163418,13,2584,4,2024-09-15,Desktop
11378,163425,1,5002,6,2025-04-26,Tablet
11379,163431,1,1541,6,2025-04-06,Desktop
11380,163444,3,3732,4,2025-12-16,Mobile
11381,163449,40,2300,5,2026-03-14,Tablet
11382,163501,51,3474,6,2025-10-05,Mobile
11383,163503,55,2677,3,2025-08-19,Tablet
11384,163509,35,4026,6,2025-05-17,Mobile
11385,163514,24,3290,6,2025-10-07,Desktop
11386,163538,45,4654,4,2026-04-27,Tablet
11387,163551,2,661,1,2024-11-14,Desktop
11388,163555,48,3636,2,2026-02-15,Desktop
11389,163565,24,1653,6,2025-10-07,Mobile
11390,163568,1,1853,6,2025-03-25,Tablet
11391,163569,52,2524,1,2025-02-28,Mobile
11392,163575,29,3833,1,2025-05-07,Mobile
11393,163581,25,5679,3,2024-12-08,Tablet
11394,163603,46,463,4,2025-01-16,Tablet
11395,163621,22,4689,5,2024-10-27,Mobile
11396,163622,31,1302,4,2025-01-23,Mobile
11397,163627,20,1642,6,2025-05-01,Mobile
11398,163657,23,1454,1,2026-01-07,Mobile
11399,163669,58,2275,1,2025-05-04,Desktop
11400,163680,55,3417,3,2025-08-14,Desktop
11401,163684,31,2082,4,2025-01-28,Mobile
11402,163716,38,2731,2,2025-11-24,Mobile
11403,163723,52,3099,1,2025-03-07,Tablet
11404,163774,36,4880,5,2025-03-17,Desktop
11405,163803,14,2493,2,2024-12-09,Mobile
11406,163866,49,5862,5,2025-10-25,Tablet
11407,163908,25,660,3,2024-11-16,Tablet
11408,163917,28,3474,6,2025-04-19,Mobile
11409,163928,20,70,6,2025-05-29,Tablet
11410,163944,42,2763,2,2025-01-02,Mobile
11411,163945,1,3819,6,2025-05-05,Desktop
11412,163982,38,5553,2,2025-11-19,Desktop
11413,164000,7,824,5,2026-05-20,Mobile
11414,164002,31,1809,4,2025-01-21,Tablet
11415,164026,57,3516,2,2024-10-06,Tablet
11416,164031,47,1208,3,2024-10-06,Mobile
11417,164047,30,2924,6,2024-12-05,Mobile
11418,164069,57,2638,2,2024-10-28,Tablet
11419,164084,19,4943,4,2025-05-02,Desktop
11420,164098,56,3613,5,2024-12-19,Tablet
11421,164107,58,2756,1,2025-06-01,Tablet
11422,164108,44,167,1,2024-12-04,Tablet
11423,164117,24,854,6,2025-11-05,Desktop
11424,164122,32,3700,3,2024-11-10,Desktop
11425,164124,30,4409,6,2024-11-25,Desktop
11426,164131,28,5805,6,2025-04-14,Mobile
11427,164144,56,3951,5,2024-12-14,Desktop
11428,164172,60,2971,5,2025-04-26,Mobile
11429,164226,58,5182,1,2025-05-25,Mobile
11430,164234,6,4664,5,2025-03-12,Tablet
11431,164243,41,559,3,2026-02-15,Mobile
11432,164279,57,3448,2,2024-11-10,Desktop
11433,164312,7,750,5,2026-05-28,Tablet
11434,164338,42,5124,2,2025-01-03,Mobile
11435,164340,11,4040,3,2024-09-12,Mobile
11436,164341,11,5577,3,2024-08-25,Desktop
11437,164359,56,5759,5,2024-12-16,Mobile
11438,164366,21,3501,3,2026-01-08,Desktop
11439,164370,45,2666,4,2026-04-08,Desktop
11440,164388,33,5650,3,2026-03-04,Tablet
11441,164401,53,3659,3,2026-05-07,Mobile
11442,164404,11,5886,3,2024-09-22,Desktop
11443,164419,47,3034,3,2024-11-04,Tablet
11444,164421,34,5854,3,2025-07-01,Mobile
11445,164433,8,4052,2,2025-07-24,Tablet
11446,164457,52,1336,1,2025-03-01,Tablet
11447,164486,58,2213,1,2025-05-14,Desktop
11448,164508,54,2760,1,2025-09-20,Desktop
11449,164534,3,1888,4,2025-12-03,Desktop
11450,164549,7,1481,5,2026-05-24,Tablet
11451,164550,53,4380,3,2026-05-23,Tablet
11452,164564,12,4421,1,2024-07-30,Desktop
11453,164580,43,264,2,2026-01-09,Desktop
11454,164595,25,2833,3,2024-11-20,Tablet
11455,164598,51,5681,6,2025-09-09,Mobile
11456,164602,13,750,4,2024-09-11,Mobile
11457,164628,54,4251,1,2025-09-10,Desktop
11458,164635,29,617,1,2025-04-15,Mobile
11459,164644,19,4923,4,2025-04-26,Mobile
11460,164677,24,2467,6,2025-11-05,Mobile
11461,164684,35,2808,6,2025-06-06,Desktop
11462,164688,20,1586,6,2025-04-27,Mobile
11463,164690,53,3538,3,2026-05-09,Desktop
11464,164692,33,861,3,2026-03-06,Mobile
11465,164696,19,600,4,2025-04-02,Desktop
11466,164702,19,3087,4,2025-04-17,Mobile
11467,164737,40,3092,5,2026-03-08,Tablet
11468,164743,40,1577,5,2026-02-23,Desktop
11469,164744,19,2178,4,2025-04-22,Desktop
11470,164769,15,4507,6,2026-05-25,Desktop
11471,164771,11,3766,3,2024-09-06,Desktop
11472,164824,60,972,5,2025-04-27,Tablet
11473,164831,21,5933,3,2026-01-14,Desktop
11474,164834,33,5018,3,2026-03-08,Tablet
11475,164863,17,2708,2,2024-11-29,Tablet
11476,164870,53,2593,3,2026-05-07,Desktop
11477,164871,30,1020,6,2024-12-03,Desktop
11478,164886,26,5830,3,2025-10-29,Desktop
11479,164897,60,5646,5,2025-04-26,Tablet
11480,164898,53,4771,3,2026-05-07,Mobile
11481,164915,20,3300,6,2025-04-29,Desktop
11482,164931,29,1635,1,2025-04-19,Mobile
11483,164937,5,5846,1,2024-10-30,Mobile
11484,164941,6,4761,5,2025-02-04,Tablet
11485,164973,43,5300,2,2026-01-18,Mobile
11486,164979,9,2261,2,2024-08-27,Tablet
11487,164987,30,1909,6,2024-11-14,Desktop
11488,164997,41,3715,3,2026-01-24,Mobile
11489,165030,20,3125,6,2025-05-03,Mobile
11490,165037,32,159,3,2024-10-04,Tablet
11491,165054,18,2449,4,2025-05-01,Desktop
11492,165069,28,1188,6,2025-04-27,Mobile
11493,165083,40,4223,5,2026-02-28,Desktop
11494,165094,15,3305,6,2026-05-14,Tablet
11495,165136,32,2126,3,2024-09-17,Tablet
11496,165145,17,5579,2,2025-01-01,Mobile
11497,165152,37,2607,5,2025-01-26,Tablet
11498,165171,55,5994,3,2025-07-19,Mobile
11499,165178,10,2371,1,2026-01-16,Tablet
11500,165190,29,4304,1,2025-04-13,Mobile
11501,165199,18,1377,4,2025-03-19,Desktop
11502,165202,1,1483,6,2025-05-06,Desktop
11503,165242,36,584,5,2025-03-23,Tablet
11504,165255,11,442,3,2024-08-29,Desktop
11505,165271,12,1556,1,2024-08-04,Desktop
11506,165295,5,2806,1,2024-10-26,Desktop
11507,165308,43,3095,2,2026-01-17,Mobile
11508,165315,19,2167,4,2025-05-15,Tablet
11509,165325,17,5152,2,2024-12-30,Mobile
11510,165334,6,3892,5,2025-02-23,Desktop
11511,165365,34,1553,3,2025-06-25,Tablet
11512,165390,30,1387,6,2024-11-17,Desktop
11513,165406,52,2046,1,2025-02-10,Mobile
11514,165419,47,5758,3,2024-10-29,Desktop
11515,165425,11,2149,3,2024-09-20,Mobile
11516,165443,14,1613,2,2024-12-03,Tablet
11517,165463,45,3319,4,2026-04-28,Mobile
11518,165468,27,3456,2,2024-10-28,Desktop
11519,165470,52,5751,1,2025-02-11,Mobile
11520,165476,46,1455,4,2025-01-21,Mobile
11521,165492,25,1446,3,2024-12-17,Tablet
11522,165493,29,4297,1,2025-04-09,Mobile
11523,165500,33,3896,3,2026-02-04,Mobile
11524,165507,47,224,3,2024-10-01,Mobile
11525,165510,46,4685,4,2025-01-21,Mobile
11526,165519,26,3265,3,2025-10-25,Desktop
11527,165524,12,3583,1,2024-07-23,Tablet
11528,165525,31,4987,4,2025-01-23,Desktop
11529,165529,6,1896,5,2025-02-07,Desktop
11530,165537,59,5833,5,2026-04-29,Desktop
11531,165540,4,5261,1,2025-01-01,Tablet
11532,165557,11,3685,3,2024-08-20,Mobile
11533,165569,56,3191,5,2024-12-12,Tablet
11534,165578,20,1211,6,2025-05-19,Desktop
11535,165611,32,4647,3,2024-10-27,Mobile
11536,165618,25,1846,3,2024-12-23,Desktop
11537,165644,2,1237,1,2024-11-15,Desktop
11538,165655,22,3234,5,2024-10-31,Mobile
11539,165658,12,803,1,2024-08-04,Tablet
11540,165686,16,3915,6,2025-02-01,Mobile
11541,165688,45,2676,4,2026-05-05,Mobile
11542,165720,42,4498,2,2025-01-19,Tablet
11543,165727,34,4890,3,2025-06-14,Tablet
11544,165745,45,5010,4,2026-05-16,Tablet
11545,165757,9,3120,2,2024-09-16,Mobile
11546,165783,30,350,6,2024-12-01,Desktop
11547,165800,18,1786,4,2025-04-01,Desktop
11548,165801,40,3322,5,2026-02-26,Desktop
11549,165843,52,1740,1,2025-03-19,Desktop
11550,165846,49,2141,5,2025-10-24,Tablet
11551,165874,30,2115,6,2024-12-03,Desktop
11552,165878,59,4258,5,2026-04-30,Mobile
11553,165882,40,3816,5,2026-02-24,Desktop
11554,165886,7,3584,5,2026-06-03,Mobile
11555,165898,10,5736,1,2025-12-30,Tablet
11556,165917,46,2675,4,2025-02-08,Tablet
11557,165919,2,4927,1,2024-11-10,Desktop
11558,165921,48,1256,2,2026-02-14,Mobile
11559,165932,19,3417,4,2025-05-13,Tablet
11560,165949,35,5784,6,2025-05-30,Tablet
11561,165971,7,2622,5,2026-06-06,Desktop
11562,166001,15,729,6,2026-04-16,Desktop
11563,166014,35,4288,6,2025-05-27,Tablet
11564,166050,14,166,2,2024-11-23,Tablet
11565,166060,11,4820,3,2024-09-20,Tablet
11566,166061,26,4295,3,2025-11-02,Mobile
11567,166074,22,1786,5,2024-10-27,Mobile
11568,166076,48,181,2,2026-02-02,Tablet
11569,166080,54,3812,1,2025-09-05,Mobile
11570,166084,52,5285,1,2025-02-21,Desktop
11571,166116,53,4,3,2026-05-14,Desktop
11572,166135,26,3451,3,2025-11-03,Desktop
11573,166147,44,5196,1,2025-01-02,Desktop
11574,166183,11,1566,3,2024-09-21,Desktop
11575,166207,6,2614,5,2025-02-06,Tablet
11576,166211,59,315,5,2026-05-05,Mobile
11577,166223,16,3003,6,2025-02-10,Desktop
11578,166224,59,3998,5,2026-04-30,Desktop
11579,166226,21,4957,3,2026-01-20,Desktop
11580,166245,9,2022,2,2024-09-13,Mobile
11581,166266,32,2790,3,2024-10-12,Mobile
11582,166279,54,4336,1,2025-09-24,Desktop
11583,166283,22,266,5,2024-10-28,Tablet
11584,166305,16,3018,6,2025-02-28,Mobile
11585,166348,16,5551,6,2025-02-01,Desktop
11586,166350,58,3113,1,2025-05-31,Desktop
11587,166353,20,1081,6,2025-04-27,Mobile
11588,166369,22,5427,5,2024-10-09,Desktop
11589,166389,54,5869,1,2025-09-16,Tablet
11590,166390,7,1633,5,2026-05-31,Tablet
11591,166391,45,3090,4,2026-04-22,Mobile
11592,166414,47,758,3,2024-11-06,Desktop
11593,166416,50,3465,1,2025-04-29,Mobile
11594,166435,5,4770,1,2024-11-07,Mobile
11595,166437,54,4848,1,2025-09-13,Mobile
11596,166441,42,1243,2,2025-01-05,Desktop
11597,166446,29,2186,1,2025-05-20,Desktop
11598,166465,11,2918,3,2024-08-15,Mobile
11599,166468,48,1992,2,2026-01-25,Desktop
11600,166475,11,1114,3,2024-08-21,Tablet
11601,166477,27,1930,2,2024-10-25,Desktop
11602,166519,22,1674,5,2024-10-05,Desktop
11603,166523,1,125,6,2025-04-14,Tablet
11604,166544,56,109,5,2024-12-16,Desktop
11605,166590,17,5503,2,2024-12-13,Tablet
11606,166592,13,1637,4,2024-09-18,Desktop
11607,166598,16,2120,6,2025-02-13,Mobile
11608,166605,27,5384,2,2024-10-31,Tablet
11609,166606,55,5025,3,2025-07-13,Mobile
11610,166633,42,1435,2,2025-01-20,Tablet
11611,166647,53,1297,3,2026-05-25,Desktop
11612,166684,11,1956,3,2024-08-22,Mobile
11613,166699,26,3440,3,2025-11-03,Tablet
11614,166707,6,838,5,2025-02-18,Mobile
11615,166741,18,5831,4,2025-05-03,Mobile
11616,166770,38,1005,2,2025-11-23,Tablet
11617,166778,7,1616,5,2026-05-28,Tablet
11618,166781,49,3128,5,2025-10-19,Desktop
11619,166785,50,5159,1,2025-04-21,Mobile
11620,166807,6,3959,5,2025-02-01,Tablet
11621,166816,52,2994,1,2025-03-04,Mobile
11622,166823,1,463,6,2025-05-01,Tablet
11623,166830,14,5302,2,2024-11-26,Mobile
11624,166845,4,5014,1,2025-01-01,Desktop
11625,166860,43,2547,2,2026-01-19,Desktop
11626,166893,5,1844,1,2024-11-01,Desktop
11627,166897,16,5646,6,2025-01-24,Desktop
11628,166907,51,4005,6,2025-10-05,Mobile
11629,166916,57,1836,2,2024-10-26,Tablet
11630,166932,35,3019,6,2025-05-20,Mobile
11631,166941,36,4220,5,2025-04-03,Tablet
11632,166942,9,2676,2,2024-09-03,Desktop
11633,166945,4,2684,1,2025-01-19,Desktop
11634,166958,1,3483,6,2025-04-20,Desktop
11635,166977,14,843,2,2024-11-20,Desktop
11636,166985,19,3659,4,2025-04-15,Tablet
11637,166991,22,4372,5,2024-10-25,Tablet
11638,166996,48,3301,2,2026-01-25,Mobile
11639,167031,35,3922,6,2025-05-26,Mobile
11640,167045,46,2931,4,2025-01-15,Desktop
11641,167061,33,1770,3,2026-02-23,Tablet
11642,167065,32,2774,3,2024-09-11,Mobile
11643,167074,45,5447,4,2026-04-20,Mobile
11644,167085,5,110,1,2024-10-21,Desktop
11645,167090,29,803,1,2025-04-20,Mobile
11646,167097,11,1653,3,2024-08-20,Mobile
11647,167110,45,5277,4,2026-05-24,Mobile
11648,167111,6,2617,5,2025-03-07,Mobile
11649,167141,60,5795,5,2025-04-21,Tablet
11650,167151,22,4483,5,2024-11-04,Tablet
11651,167155,27,1475,2,2024-10-28,Tablet
11652,167156,1,948,6,2025-03-29,Desktop
11653,167174,20,170,6,2025-05-23,Mobile
11654,167175,12,5525,1,2024-07-29,Tablet
11655,167195,12,3969,1,2024-07-25,Mobile
11656,167198,32,4611,3,2024-10-14,Tablet
11657,167208,52,4778,1,2025-03-29,Mobile
11658,167221,53,1214,3,2026-05-08,Desktop
11659,167224,16,2718,6,2025-02-18,Tablet
11660,167231,57,1315,2,2024-10-12,Desktop
11661,167239,44,4505,1,2024-12-16,Tablet
11662,167245,58,1419,1,2025-05-04,Desktop
11663,167249,55,1285,3,2025-07-15,Desktop
11664,167318,16,459,6,2025-02-08,Tablet
11665,167319,24,2088,6,2025-10-07,Tablet
11666,167322,3,2741,4,2025-12-18,Mobile
11667,167325,8,1473,2,2025-08-12,Desktop
11668,167357,4,1840,1,2025-01-16,Tablet
11669,167371,35,3255,6,2025-05-30,Tablet
11670,167398,20,422,6,2025-05-08,Desktop
11671,167401,35,4075,6,2025-05-28,Tablet
11672,167409,45,2478,4,2026-04-08,Tablet
11673,167444,44,114,1,2024-12-13,Mobile
11674,167469,47,2983,3,2024-10-22,Tablet
11675,167474,18,3393,4,2025-05-17,Desktop
11676,167496,7,1588,5,2026-05-30,Mobile
11677,167500,56,413,5,2024-12-15,Desktop
11678,167501,19,2828,4,2025-04-26,Desktop
11679,167526,42,4265,2,2024-12-02,Mobile
11680,167567,51,239,6,2025-09-16,Desktop
11681,167612,10,3534,1,2025-11-26,Desktop
11682,167650,51,4280,6,2025-08-28,Mobile
11683,167664,42,2788,2,2025-01-06,Mobile
11684,167678,53,3486,3,2026-05-20,Mobile
11685,167698,23,5341,1,2026-01-17,Tablet
11686,167706,6,5127,5,2025-02-10,Mobile
11687,167763,42,979,2,2024-12-22,Tablet
11688,167767,24,5645,6,2025-10-10,Desktop
11689,167787,17,3119,2,2024-12-21,Tablet
11690,167799,21,139,3,2026-01-13,Tablet
11691,167813,41,2599,3,2026-02-02,Desktop
11692,167819,24,112,6,2025-11-10,Mobile
11693,167821,36,4135,5,2025-03-24,Tablet
11694,167856,48,1092,2,2026-02-11,Desktop
11695,167875,37,4542,5,2025-01-22,Desktop
11696,167879,55,3076,3,2025-07-28,Desktop
11697,167898,10,2008,1,2025-12-11,Desktop
11698,167901,35,1509,6,2025-06-03,Mobile
11699,167902,10,3811,1,2025-12-16,Desktop
11700,167906,2,1927,1,2024-11-15,Mobile
11701,167910,2,5865,1,2024-11-02,Desktop
11702,167913,60,315,5,2025-04-21,Mobile
11703,167921,35,3312,6,2025-05-20,Mobile
11704,167946,31,3950,4,2025-01-24,Mobile
11705,167966,14,4417,2,2024-12-10,Desktop
11706,167968,37,5431,5,2025-01-22,Desktop
11707,167977,45,262,4,2026-05-31,Mobile
11708,167986,31,4919,4,2025-01-31,Mobile
11709,168023,44,2015,1,2024-12-12,Desktop
11710,168024,1,5076,6,2025-04-22,Tablet
11711,168030,19,274,4,2025-05-29,Mobile
11712,168035,32,2742,3,2024-10-22,Desktop
11713,168045,39,828,6,2024-11-25,Mobile
11714,168050,27,4677,2,2024-10-29,Tablet
11715,168062,41,2243,3,2026-02-21,Mobile
11716,168067,19,4230,4,2025-05-14,Tablet
11717,168074,12,3629,1,2024-08-02,Tablet
11718,168083,8,215,2,2025-07-29,Mobile
11719,168085,3,3613,4,2025-12-11,Mobile
11720,168093,43,5812,2,2026-01-11,Desktop
11721,168096,11,2591,3,2024-08-16,Desktop
11722,168112,34,4434,3,2025-06-23,Tablet
11723,168145,47,1553,3,2024-11-14,Tablet
11724,168167,9,3763,2,2024-09-02,Tablet
11725,168183,5,4761,1,2024-10-28,Tablet
11726,168201,40,2197,5,2026-03-06,Mobile
11727,168205,46,5423,4,2025-01-26,Mobile
11728,168211,6,187,5,2025-02-01,Desktop
11729,168214,57,4484,2,2024-11-05,Tablet
11730,168223,48,5568,2,2026-01-25,Mobile
11731,168228,17,5063,2,2024-12-29,Tablet
11732,168234,46,2871,4,2025-02-04,Desktop
11733,168241,3,3803,4,2025-12-07,Tablet
11734,168245,18,2064,4,2025-03-23,Mobile
11735,168257,3,5506,4,2025-12-13,Mobile
11736,168302,6,1074,5,2025-01-21,Desktop
11737,168304,44,1635,1,2024-12-02,Desktop
11738,168323,57,3486,2,2024-11-12,Mobile
11739,168332,26,32,3,2025-10-28,Mobile
11740,168333,26,164,3,2025-10-28,Tablet
11741,168357,11,3059,3,2024-08-28,Tablet
11742,168380,40,4262,5,2026-03-12,Tablet
11743,168381,10,996,1,2025-11-26,Mobile
11744,168385,27,1997,2,2024-11-04,Desktop
11745,168386,35,2484,6,2025-05-24,Mobile
11746,168401,12,5313,1,2024-07-21,Desktop
11747,168414,44,1790,1,2024-12-03,Mobile
11748,168437,46,402,4,2025-01-30,Desktop
11749,168456,48,4206,2,2026-02-05,Tablet
11750,168472,41,2827,3,2026-02-19,Mobile
11751,168475,12,2388,1,2024-08-05,Desktop
11752,168481,51,4257,6,2025-08-31,Desktop
11753,168493,19,4858,4,2025-05-12,Mobile
11754,168494,7,4654,5,2026-05-18,Tablet
11755,168503,37,5076,5,2025-01-14,Desktop
11756,168587,22,1443,5,2024-10-15,Desktop
11757,168602,19,3683,4,2025-04-15,Desktop
11758,168619,57,4266,2,2024-10-09,Mobile
11759,168633,60,129,5,2025-04-15,Desktop
11760,168634,8,1892,2,2025-08-01,Desktop
11761,168639,53,2341,3,2026-05-13,Tablet
11762,168660,4,4279,1,2024-12-31,Tablet
11763,168669,7,4927,5,2026-06-02,Mobile
11764,168701,27,4935,2,2024-10-22,Mobile
11765,168706,59,2205,5,2026-05-09,Desktop
11766,168708,11,4505,3,2024-08-27,Tablet
11767,168709,50,2173,1,2025-03-16,Mobile
11768,168722,59,5533,5,2026-05-02,Mobile
11769,168726,13,552,4,2024-08-30,Tablet
11770,168748,49,177,5,2025-09-19,Mobile
11771,168783,44,2918,1,2025-01-12,Mobile
11772,168797,25,5802,3,2024-11-23,Mobile
11773,168800,29,458,1,2025-05-04,Mobile
11774,168808,53,4236,3,2026-05-05,Mobile
11775,168814,15,5392,6,2026-05-22,Desktop
11776,168816,15,3816,6,2026-04-17,Mobile
11777,168820,9,2510,2,2024-08-29,Tablet
11778,168827,51,2060,6,2025-10-12,Mobile
11779,168844,3,4986,4,2025-12-09,Tablet
11780,168867,17,3772,2,2024-12-20,Tablet
11781,168870,38,1425,2,2025-11-24,Tablet
11782,168875,17,3888,2,2025-01-02,Desktop
11783,168883,28,1585,6,2025-05-13,Tablet
11784,168898,6,2774,5,2025-03-13,Desktop
11785,168911,32,1742,3,2024-11-04,Desktop
11786,168922,6,1303,5,2025-02-25,Tablet
11787,168932,2,4258,1,2024-11-15,Tablet
11788,168938,34,2284,3,2025-06-25,Desktop
11789,168939,12,1591,1,2024-07-24,Mobile
11790,168940,7,1646,5,2026-05-27,Tablet
11791,168967,8,3866,2,2025-07-20,Mobile
11792,168992,27,1592,2,2024-10-30,Mobile
11793,169013,48,2571,2,2026-02-12,Mobile
11794,169025,4,1359,1,2024-12-19,Mobile
11795,169031,38,5609,2,2025-11-17,Desktop
11796,169061,58,3843,1,2025-05-10,Desktop
11797,169064,57,4897,2,2024-11-08,Desktop
11798,169066,7,2668,5,2026-05-21,Mobile
11799,169067,35,5210,6,2025-05-24,Tablet
11800,169087,17,5817,2,2024-12-22,Tablet
11801,169101,40,5989,5,2026-03-11,Desktop
11802,169110,29,3407,1,2025-04-16,Tablet
11803,169115,48,2599,2,2026-01-26,Desktop
11804,169134,13,2714,4,2024-09-10,Tablet
11805,169146,30,4784,6,2024-11-30,Tablet
11806,169164,4,2601,1,2025-01-13,Mobile
11807,169169,16,3076,6,2025-02-26,Desktop
11808,169172,28,3349,6,2025-04-15,Desktop
11809,169194,1,2772,6,2025-04-18,Desktop
11810,169231,13,4325,4,2024-09-08,Tablet
11811,169274,23,760,1,2026-01-01,Mobile
11812,169277,21,3492,3,2026-01-12,Tablet
11813,169321,5,5767,1,2024-10-26,Tablet
11814,169325,57,2813,2,2024-10-28,Tablet
11815,169341,53,3381,3,2026-05-14,Desktop
11816,169345,16,5564,6,2025-02-18,Mobile
11817,169347,9,1647,2,2024-08-30,Mobile
11818,169368,53,5788,3,2026-05-16,Desktop
11819,169382,31,5540,4,2025-01-20,Desktop
11820,169388,53,2263,3,2026-05-21,Tablet
11821,169416,40,3350,5,2026-03-05,Desktop
11822,169423,5,5906,1,2024-11-03,Desktop
11823,169434,25,3722,3,2024-11-18,Mobile
11824,169481,36,4584,5,2025-04-09,Mobile
11825,169487,53,4639,3,2026-05-23,Desktop
11826,169488,10,1264,1,2025-12-13,Mobile
11827,169493,24,2844,6,2025-11-07,Tablet
11828,169545,23,1046,1,2026-01-05,Desktop
11829,169549,8,4367,2,2025-08-01,Desktop
11830,169568,38,1502,2,2025-11-22,Mobile
11831,169578,4,2391,1,2024-12-29,Mobile
11832,169589,29,102,1,2025-04-11,Tablet
11833,169603,28,4873,6,2025-04-15,Desktop
11834,169608,50,3049,1,2025-03-18,Tablet
11835,169619,55,3868,3,2025-08-06,Tablet
11836,169621,18,3360,4,2025-04-13,Mobile
11837,169625,29,4296,1,2025-05-13,Desktop
11838,169668,47,4163,3,2024-11-04,Mobile
11839,169717,58,958,1,2025-05-24,Desktop
11840,169720,2,3074,1,2024-11-01,Mobile
11841,169722,38,4135,2,2025-11-09,Tablet
11842,169726,9,281,2,2024-09-06,Mobile
11843,169727,19,4665,4,2025-06-02,Mobile
11844,169734,28,1702,6,2025-05-12,Mobile
11845,169736,33,3860,3,2026-02-26,Mobile
11846,169780,11,625,3,2024-08-17,Desktop
11847,169788,42,4454,2,2024-12-25,Mobile
11848,169796,2,3811,1,2024-11-17,Mobile
11849,169797,58,2804,1,2025-05-08,Tablet
11850,169824,44,771,1,2024-12-20,Tablet
11851,169825,53,4966,3,2026-05-06,Mobile
11852,169830,52,4497,1,2025-04-05,Mobile
11853,169834,45,666,4,2026-06-01,Mobile
11854,169844,52,2576,1,2025-02-22,Tablet
11855,169850,30,885,6,2024-11-25,Mobile
11856,169870,37,3600,5,2025-01-20,Desktop
11857,169874,32,3908,3,2024-11-04,Tablet
11858,169900,35,1657,6,2025-05-23,Tablet
11859,169906,60,3435,5,2025-04-16,Mobile
11860,169924,49,508,5,2025-09-22,Mobile
11861,169933,48,5854,2,2026-02-03,Tablet
11862,169938,20,2103,6,2025-05-08,Tablet
11863,169978,17,1057,2,2024-12-03,Desktop
11864,170006,52,1509,1,2025-02-16,Mobile
11865,170023,33,3796,3,2026-02-13,Tablet
11866,170030,52,4499,1,2025-02-14,Tablet
11867,170041,43,1043,2,2026-01-26,Desktop
11868,170057,52,5800,1,2025-02-11,Mobile
11869,170085,44,3693,1,2024-12-24,Tablet
11870,170087,4,5613,1,2024-12-04,Tablet
11871,170092,31,5343,4,2025-01-30,Desktop
11872,170107,60,4450,5,2025-04-28,Mobile
11873,170108,35,330,6,2025-05-19,Desktop
11874,170111,6,4574,5,2025-01-30,Mobile
11875,170116,7,4222,5,2026-06-06,Tablet
11876,170127,50,5720,1,2025-04-23,Desktop
11877,170129,14,2992,2,2024-11-24,Desktop
11878,170143,4,1432,1,2025-01-05,Mobile
11879,170210,35,266,6,2025-05-26,Desktop
11880,170223,22,1998,5,2024-10-15,Tablet
11881,170250,32,3305,3,2024-10-27,Desktop
11882,170252,13,4986,4,2024-09-17,Desktop
11883,170261,33,1665,3,2026-02-15,Mobile
11884,170291,26,4487,3,2025-11-03,Tablet
11885,170327,57,5425,2,2024-10-21,Mobile
11886,170343,43,3316,2,2026-01-17,Tablet
11887,170380,57,1303,2,2024-11-20,Mobile
11888,170409,20,3076,6,2025-05-30,Mobile
11889,170410,55,2094,3,2025-08-03,Mobile
11890,170411,51,5891,6,2025-09-28,Desktop
11891,170415,3,3907,4,2025-12-09,Tablet
11892,170421,16,145,6,2025-02-20,Tablet
11893,170425,17,154,2,2024-12-31,Desktop
11894,170428,50,5168,1,2025-03-06,Mobile
11895,170434,22,4954,5,2024-10-25,Mobile
11896,170435,13,4104,4,2024-09-17,Mobile
11897,170443,47,1557,3,2024-10-11,Desktop
11898,170468,2,2776,1,2024-11-23,Mobile
11899,170492,5,5362,1,2024-10-27,Mobile
11900,170499,17,1052,2,2024-12-24,Mobile
11901,170512,44,5188,1,2024-12-14,Tablet
11902,170549,43,5758,2,2026-01-26,Mobile
11903,170551,53,446,3,2026-05-20,Tablet
11904,170578,3,5585,4,2025-12-07,Mobile
11905,170579,19,2353,4,2025-05-26,Tablet
11906,170589,21,3846,3,2026-01-24,Mobile
11907,170600,13,5190,4,2024-09-05,Mobile
11908,170603,22,3819,5,2024-11-03,Tablet
11909,170619,25,4107,3,2025-01-09,Desktop
11910,170620,33,4203,3,2026-02-16,Mobile
11911,170623,46,1743,4,2024-12-28,Mobile
11912,170677,28,2716,6,2025-04-25,Desktop
11913,170680,27,1680,2,2024-11-04,Tablet
11914,170696,20,4223,6,2025-04-26,Desktop
11915,170703,10,4837,1,2026-01-06,Tablet
11916,170704,29,1060,1,2025-05-06,Desktop
11917,170711,23,1535,1,2026-01-11,Desktop
11918,170724,8,5229,2,2025-08-02,Desktop
11919,170734,20,4907,6,2025-05-13,Mobile
11920,170738,24,85,6,2025-10-20,Tablet
11921,170746,13,2875,4,2024-09-05,Desktop
11922,170755,14,4500,2,2024-12-15,Tablet
11923,170824,50,3043,1,2025-03-05,Tablet
11924,170825,23,1410,1,2025-12-30,Tablet
11925,170847,60,5975,5,2025-04-30,Mobile
11926,170851,47,3450,3,2024-10-20,Mobile
11927,170860,43,4051,2,2026-01-16,Desktop
11928,170866,48,1664,2,2026-01-26,Desktop
11929,170887,2,2221,1,2024-11-18,Mobile
11930,170889,56,2623,5,2024-12-25,Mobile
11931,170924,7,3865,5,2026-05-26,Tablet
11932,170928,15,1273,6,2026-05-19,Desktop
11933,170929,28,517,6,2025-04-30,Desktop
11934,170949,10,5837,1,2025-12-01,Desktop
11935,170962,24,61,6,2025-10-14,Tablet
11936,170976,4,2219,1,2025-01-11,Tablet
11937,171005,13,3463,4,2024-09-16,Desktop
11938,171023,6,764,5,2025-02-21,Desktop
11939,171035,22,2626,5,2024-10-27,Desktop
11940,171047,21,3723,3,2026-01-19,Mobile
11941,171051,52,5044,1,2025-03-24,Mobile
11942,171064,49,5623,5,2025-10-04,Tablet
11943,171067,28,4632,6,2025-04-25,Mobile
11944,171106,20,583,6,2025-04-23,Desktop
11945,171109,21,2277,3,2026-01-20,Tablet
11946,171120,14,4951,2,2024-11-23,Mobile
11947,171134,26,3364,3,2025-10-30,Mobile
11948,171139,40,3301,5,2026-03-11,Mobile
11949,171142,19,5284,4,2025-05-22,Desktop
11950,171148,51,1800,6,2025-09-12,Desktop
11951,171170,31,5064,4,2025-01-19,Mobile
11952,171189,41,655,3,2026-02-01,Tablet
11953,171199,2,4902,1,2024-10-26,Desktop
11954,171212,39,1710,6,2024-11-29,Mobile
11955,171314,53,2341,3,2026-05-25,Desktop
11956,171359,44,4088,1,2024-12-10,Tablet
11957,171361,40,3127,5,2026-03-09,Mobile
11958,171377,28,4909,6,2025-05-09,Tablet
11959,171382,23,4417,1,2026-01-08,Mobile
11960,171409,53,3612,3,2026-05-11,Mobile
11961,171413,38,4971,2,2025-11-17,Desktop
11962,171439,33,5809,3,2026-02-12,Mobile
11963,171454,41,4968,3,2026-02-20,Desktop
11964,171458,4,4320,1,2024-12-23,Tablet
11965,171462,32,4677,3,2024-10-24,Tablet
11966,171463,48,723,2,2026-01-27,Mobile
11967,171465,59,1636,5,2026-04-24,Desktop
11968,171489,4,536,1,2025-01-27,Tablet
11969,171495,7,1312,5,2026-06-05,Tablet
11970,171500,59,5987,5,2026-04-29,Desktop
11971,171507,10,972,1,2025-11-28,Tablet
11972,171547,36,2214,5,2025-04-25,Tablet
11973,171549,15,3938,6,2026-05-02,Desktop
11974,171572,42,3195,2,2024-12-24,Tablet
11975,171593,16,5651,6,2025-02-24,Desktop
11976,171597,34,3767,3,2025-06-17,Tablet
11977,171601,5,2361,1,2024-10-29,Mobile
11978,171611,57,1260,2,2024-10-18,Tablet
11979,171654,48,2599,2,2026-02-08,Desktop
11980,171661,51,2146,6,2025-10-02,Desktop
11981,171684,12,3181,1,2024-07-30,Mobile
11982,171728,26,1131,3,2025-10-29,Mobile
11983,171733,22,3164,5,2024-11-04,Tablet
11984,171750,44,4492,1,2024-12-07,Desktop
11985,171756,46,5642,4,2025-01-28,Mobile
11986,171765,35,139,6,2025-05-24,Desktop
11987,171803,51,3809,6,2025-09-29,Mobile
11988,171831,16,707,6,2025-03-13,Desktop
11989,171900,43,1113,2,2026-01-20,Tablet
11990,171940,31,5300,4,2025-01-18,Desktop
11991,171972,24,2800,6,2025-11-10,Desktop
11992,171997,22,3863,5,2024-10-17,Mobile
11993,172074,2,5119,1,2024-11-11,Desktop
11994,172083,8,5650,2,2025-08-13,Tablet
11995,172085,25,5609,3,2024-12-19,Tablet
11996,172089,2,3458,1,2024-11-24,Tablet
11997,172090,5,1220,1,2024-11-06,Tablet
11998,172092,26,3345,3,2025-10-25,Tablet
11999,172102,25,2759,3,2024-11-28,Desktop
12000,172113,33,317,3,2026-02-18,Mobile
12001,172128,57,4799,2,2024-10-23,Desktop
12002,172142,2,1714,1,2024-11-25,Desktop
12003,172144,14,230,2,2024-11-29,Mobile
12004,172177,44,2823,1,2024-12-08,Desktop
12005,172190,53,1849,3,2026-05-13,Tablet
12006,172208,29,2589,1,2025-04-27,Tablet
12007,172236,48,3560,2,2026-02-12,Tablet
12008,172243,22,3831,5,2024-10-09,Mobile
12009,172277,40,3313,5,2026-02-24,Desktop
12010,172299,12,1119,1,2024-07-30,Desktop
12011,172303,49,2284,5,2025-09-11,Desktop
12012,172314,41,683,3,2026-02-17,Desktop
12013,172322,9,5295,2,2024-08-30,Desktop
12014,172346,17,2861,2,2024-12-18,Tablet
12015,172353,15,264,6,2026-04-19,Desktop
12016,172360,9,350,2,2024-09-03,Mobile
12017,172363,21,3099,3,2026-01-24,Tablet
12018,172382,57,5634,2,2024-11-03,Tablet
12019,172401,29,2194,1,2025-04-14,Desktop
12020,172441,53,139,3,2026-05-21,Tablet
12021,172463,26,2453,3,2025-10-29,Tablet
12022,172473,39,935,6,2024-12-24,Desktop
12023,172507,40,5917,5,2026-02-27,Mobile
12024,172541,19,2168,4,2025-04-16,Tablet
12025,172548,6,319,5,2025-03-13,Desktop
12026,172552,22,5942,5,2024-10-04,Tablet
12027,172579,47,985,3,2024-09-29,Mobile
12028,172587,34,4065,3,2025-06-13,Desktop
12029,172589,46,69,4,2024-12-28,Mobile
12030,172609,60,3519,5,2025-04-26,Tablet
12031,172655,37,5865,5,2025-01-21,Mobile
12032,172709,21,2172,3,2026-01-15,Tablet
12033,172731,13,2007,4,2024-09-12,Desktop
12034,172799,48,3717,2,2026-02-06,Mobile
12035,172812,23,4294,1,2026-01-14,Mobile
12036,172839,23,796,1,2025-12-28,Tablet
12037,172862,9,3869,2,2024-09-02,Desktop
12038,172878,50,1631,1,2025-03-18,Mobile
12039,172879,5,5685,1,2024-10-31,Mobile
12040,172882,9,693,2,2024-09-13,Tablet
12041,172897,14,1625,2,2024-12-15,Desktop
12042,172903,34,4541,3,2025-06-25,Tablet
12043,172924,35,3043,6,2025-05-25,Tablet
12044,172926,30,3043,6,2024-11-25,Tablet
12045,172929,33,1955,3,2026-02-07,Tablet
12046,172931,36,4269,5,2025-03-31,Mobile
12047,172940,31,994,4,2025-01-21,Tablet
12048,172960,18,4560,4,2025-04-08,Desktop
12049,172968,18,3676,4,2025-04-05,Desktop
12050,172976,50,242,1,2025-04-28,Mobile
12051,173004,6,147,5,2025-02-22,Tablet
12052,173008,29,2677,1,2025-04-29,Mobile
12053,173014,60,1475,5,2025-04-29,Desktop
12054,173015,39,3439,6,2024-12-12,Tablet
12055,173017,52,2608,1,2025-03-28,Mobile
12056,173027,48,2167,2,2026-02-03,Desktop
12057,173051,27,4004,2,2024-10-27,Desktop
12058,173063,57,1884,2,2024-10-31,Mobile
12059,173079,57,3023,2,2024-10-07,Desktop
12060,173087,4,4343,1,2024-12-22,Desktop
12061,173099,55,3466,3,2025-08-07,Desktop
12062,173116,45,3255,4,2026-04-04,Mobile
12063,173166,5,4925,1,2024-10-30,Tablet
12064,173170,18,1930,4,2025-03-21,Mobile
12065,173217,44,5700,1,2024-12-04,Desktop
12066,173222,4,777,1,2024-12-01,Mobile
12067,173223,38,4705,2,2025-11-15,Desktop
12068,173248,11,5611,3,2024-09-02,Desktop
12069,173271,8,1177,2,2025-07-28,Desktop
12070,173277,35,1229,6,2025-05-24,Tablet
12071,173299,31,1181,4,2025-01-21,Mobile
12072,173303,48,3741,2,2026-02-03,Desktop
12073,173320,18,1674,4,2025-05-04,Tablet
12074,173333,26,636,3,2025-11-01,Mobile
12075,173340,41,3646,3,2026-02-09,Mobile
12076,173351,11,805,3,2024-09-06,Mobile
12077,173386,35,1685,6,2025-05-15,Tablet
12078,173412,26,421,3,2025-11-05,Mobile
12079,173419,59,1144,5,2026-05-10,Desktop
12080,173425,59,4265,5,2026-05-08,Mobile
12081,173429,18,224,4,2025-03-19,Tablet
12082,173447,50,497,1,2025-03-04,Mobile
12083,173449,59,5226,5,2026-05-03,Tablet
12084,173463,9,433,2,2024-08-31,Desktop
12085,173477,20,3371,6,2025-04-23,Mobile
12086,173491,6,5250,5,2025-02-27,Desktop
12087,173504,39,5830,6,2024-12-05,Mobile
12088,173514,51,5560,6,2025-10-10,Mobile
12089,173535,15,5428,6,2026-04-24,Desktop
12090,173551,26,2300,3,2025-11-01,Tablet
12091,173564,44,3924,1,2025-01-10,Mobile
12092,173575,10,2608,1,2025-11-29,Mobile
12093,173586,24,5132,6,2025-10-07,Tablet
12094,173588,18,257,4,2025-04-15,Desktop
12095,173590,35,1831,6,2025-05-25,Desktop
12096,173599,54,2552,1,2025-09-12,Tablet
12097,173600,46,3497,4,2025-01-28,Tablet
12098,173645,59,2310,5,2026-04-28,Mobile
12099,173653,51,4005,6,2025-09-24,Desktop
12100,173654,12,155,1,2024-07-25,Desktop
12101,173689,6,804,5,2025-01-18,Mobile
12102,173697,9,3805,2,2024-09-05,Desktop
12103,173714,46,1413,4,2025-01-22,Mobile
12104,173730,37,227,5,2025-01-08,Tablet
12105,173732,52,782,1,2025-03-12,Desktop
12106,173737,57,3515,2,2024-10-14,Desktop
12107,173744,42,3076,2,2024-11-25,Tablet
12108,173766,28,3974,6,2025-05-10,Desktop
12109,173777,43,2495,2,2026-01-28,Mobile
12110,173786,42,3223,2,2024-12-10,Desktop
12111,173801,24,4542,6,2025-10-05,Mobile
12112,173807,5,3753,1,2024-10-30,Desktop
12113,173832,43,2776,2,2026-01-11,Desktop
12114,173864,34,3932,3,2025-06-20,Mobile
12115,173871,46,5018,4,2024-12-31,Desktop
12116,173891,52,1793,1,2025-03-01,Mobile
12117,173898,2,4411,1,2024-11-15,Desktop
12118,173937,6,2043,5,2025-03-05,Mobile
12119,173959,16,4836,6,2025-01-15,Tablet
12120,173968,52,3433,1,2025-04-02,Tablet
12121,173977,25,5494,3,2024-11-16,Mobile
12122,174004,48,1683,2,2026-02-15,Mobile
12123,174006,40,3812,5,2026-03-11,Desktop
12124,174012,11,270,3,2024-09-11,Desktop
12125,174024,13,941,4,2024-09-03,Tablet
12126,174057,3,3535,4,2025-12-14,Desktop
12127,174059,55,638,3,2025-07-14,Tablet
12128,174075,53,3494,3,2026-05-09,Desktop
12129,174081,49,2854,5,2025-10-04,Tablet
12130,174086,46,1324,4,2025-01-16,Desktop
12131,174092,40,3240,5,2026-02-22,Tablet
12132,174093,51,5123,6,2025-10-02,Mobile
12133,174150,41,483,3,2026-02-15,Tablet
12134,174171,48,635,2,2026-02-01,Tablet
12135,174211,25,4190,3,2024-12-09,Tablet
12136,174216,60,4580,5,2025-04-07,Mobile
12137,174229,26,5353,3,2025-11-08,Mobile
12138,174247,45,755,4,2026-05-18,Mobile
12139,174248,36,1410,5,2025-04-25,Mobile
12140,174264,22,898,5,2024-10-16,Tablet
12141,174271,46,4324,4,2024-12-29,Tablet
12142,174285,36,3542,5,2025-04-11,Desktop
12143,174289,54,5709,1,2025-09-09,Tablet
12144,174303,54,4360,1,2025-09-19,Mobile
12145,174313,40,391,5,2026-02-28,Tablet
12146,174358,32,3890,3,2024-09-23,Mobile
12147,174370,34,4577,3,2025-06-23,Tablet
12148,174387,1,2027,6,2025-05-01,Desktop
12149,174404,25,4911,3,2025-01-01,Mobile
12150,174407,60,5614,5,2025-04-13,Desktop
12151,174450,32,5846,3,2024-10-25,Tablet
12152,174464,58,219,1,2025-05-04,Tablet
12153,174483,29,3451,1,2025-05-10,Desktop
12154,174498,12,5658,1,2024-07-28,Tablet
12155,174533,26,1758,3,2025-11-07,Desktop
12156,174549,54,1687,1,2025-09-11,Mobile
12157,174585,39,4406,6,2024-11-28,Mobile
12158,174589,23,40,1,2025-12-31,Mobile
12159,174616,15,5060,6,2026-05-17,Tablet
12160,174628,52,4197,1,2025-02-21,Mobile
12161,174633,48,5883,2,2026-02-07,Mobile
12162,174638,20,367,6,2025-04-22,Tablet
12163,174643,3,253,4,2025-12-08,Tablet
12164,174648,4,25,1,2025-01-21,Desktop
12165,174666,15,797,6,2026-04-19,Mobile
12166,174672,6,4799,5,2025-01-26,Mobile
12167,174684,33,5575,3,2026-02-27,Tablet
12168,174691,46,5471,4,2025-01-13,Mobile
12169,174697,30,5267,6,2024-11-15,Mobile
12170,174718,5,2063,1,2024-10-31,Mobile
12171,174734,21,3291,3,2026-01-16,Tablet
12172,174735,37,957,5,2025-01-13,Desktop
12173,174752,14,4618,2,2024-11-17,Mobile
12174,174753,15,5979,6,2026-04-27,Mobile
12175,174754,56,3063,5,2024-12-11,Desktop
12176,174776,52,5869,1,2025-03-03,Mobile
12177,174786,24,770,6,2025-10-15,Mobile
12178,174789,36,2708,5,2025-04-13,Desktop
12179,174805,7,5963,5,2026-06-08,Tablet
12180,174818,41,1413,3,2026-01-24,Desktop
12181,174850,24,4574,6,2025-10-25,Mobile
12182,174855,4,615,1,2024-12-04,Mobile
12183,174859,15,5814,6,2026-05-22,Tablet
12184,174863,53,5514,3,2026-05-09,Tablet
12185,174868,51,2419,6,2025-10-06,Mobile
12186,174870,10,1978,1,2025-11-27,Desktop
12187,174886,7,3683,5,2026-05-18,Tablet
12188,174888,49,5756,5,2025-09-08,Mobile
12189,174915,14,2301,2,2024-11-28,Tablet
12190,174921,32,1376,3,2024-10-07,Desktop
12191,174946,30,5841,6,2024-11-26,Desktop
12192,174984,7,2359,5,2026-05-26,Mobile
12193,174995,11,1405,3,2024-09-26,Desktop
12194,175001,24,2547,6,2025-11-05,Tablet
12195,175003,43,4198,2,2026-01-24,Desktop
12196,175025,45,1790,4,2026-04-29,Mobile
12197,175033,5,2068,1,2024-11-02,Desktop
12198,175037,32,2251,3,2024-11-03,Desktop
12199,175045,13,2193,4,2024-09-14,Mobile
12200,175052,26,3445,3,2025-10-27,Tablet
12201,175068,55,1789,3,2025-08-19,Desktop
12202,175106,11,2422,3,2024-08-19,Tablet
12203,175118,41,3418,3,2026-02-14,Mobile
12204,175193,37,4108,5,2025-01-01,Mobile
12205,175194,45,5232,4,2026-04-05,Mobile
12206,175195,13,844,4,2024-09-06,Tablet
12207,175246,16,3409,6,2025-02-04,Mobile
12208,175270,9,3348,2,2024-09-06,Mobile
12209,175288,53,3090,3,2026-05-04,Tablet
12210,175289,42,4784,2,2025-01-01,Mobile
12211,175292,59,2860,5,2026-05-07,Desktop
12212,175298,49,2136,5,2025-10-27,Mobile
12213,175342,24,2168,6,2025-10-11,Desktop
12214,175354,56,3777,5,2024-12-17,Tablet
12215,175366,52,4821,1,2025-04-09,Mobile
12216,175378,5,2503,1,2024-10-29,Desktop
12217,175380,13,1287,4,2024-09-16,Tablet
12218,175398,16,5272,6,2025-03-08,Desktop
12219,175402,12,4593,1,2024-08-01,Tablet
12220,175406,60,4477,5,2025-04-19,Mobile
12221,175426,23,1199,1,2026-01-13,Desktop
12222,175440,51,3117,6,2025-09-10,Tablet
12223,175453,51,1800,6,2025-09-26,Mobile
12224,175461,43,5130,2,2026-01-16,Desktop
12225,175479,30,1183,6,2024-12-03,Desktop
12226,175482,32,4810,3,2024-11-04,Desktop
12227,175509,2,4793,1,2024-10-30,Tablet
12228,175525,18,5544,4,2025-05-06,Mobile
12229,175546,37,5963,5,2025-01-05,Desktop
12230,175567,44,4821,1,2024-12-28,Tablet
12231,175583,55,1789,3,2025-08-07,Desktop
12232,175591,12,2922,1,2024-08-04,Desktop
12233,175592,9,2791,2,2024-09-11,Mobile
12234,175610,32,1226,3,2024-10-07,Desktop
12235,175627,21,2466,3,2026-01-10,Desktop
12236,175631,7,2425,5,2026-05-25,Desktop
12237,175653,37,2064,5,2025-01-06,Mobile
12238,175667,42,3023,2,2024-12-25,Tablet
12239,175675,25,2592,3,2025-01-09,Desktop
12240,175728,2,386,1,2024-11-19,Desktop
12241,175730,4,788,1,2025-02-01,Desktop
12242,175757,27,1947,2,2024-10-20,Tablet
12243,175759,15,324,6,2026-05-04,Desktop
12244,175785,17,4265,2,2024-12-15,Tablet
12245,175800,24,1677,6,2025-10-27,Tablet
12246,175806,52,3113,1,2025-02-16,Desktop
12247,175807,29,2027,1,2025-05-04,Mobile
12248,175834,10,5604,1,2025-12-26,Desktop
12249,175862,59,5826,5,2026-05-04,Tablet
12250,175870,59,2778,5,2026-04-24,Desktop
12251,175878,1,2658,6,2025-05-02,Tablet
12252,175884,9,4576,2,2024-08-29,Mobile
12253,175906,50,3796,1,2025-04-12,Desktop
12254,175917,59,5669,5,2026-05-04,Tablet
12255,175931,23,5358,1,2026-01-13,Desktop
12256,175947,36,2149,5,2025-03-24,Desktop
12257,175973,16,2837,6,2025-02-14,Mobile
12258,175984,20,5140,6,2025-05-11,Mobile
12259,175996,7,5831,5,2026-05-24,Desktop
12260,176007,50,3516,1,2025-03-14,Desktop
12261,176008,44,1939,1,2024-12-21,Mobile
12262,176011,30,2051,6,2024-12-03,Desktop
12263,176051,24,2149,6,2025-10-26,Mobile
12264,176052,42,3132,2,2024-12-24,Desktop
12265,176063,44,3039,1,2024-12-18,Tablet
12266,176076,7,2726,5,2026-05-23,Desktop
12267,176115,52,2157,1,2025-04-02,Tablet
12268,176116,4,5084,1,2025-01-10,Desktop
12269,176126,24,4007,6,2025-10-19,Mobile
12270,176130,17,1513,2,2025-01-06,Mobile
12271,176149,38,1723,2,2025-11-10,Desktop
12272,176154,59,5130,5,2026-04-28,Tablet
12273,176160,34,1346,3,2025-06-18,Mobile
12274,176166,7,2606,5,2026-06-03,Desktop
12275,176171,2,532,1,2024-11-09,Mobile
12276,176173,39,4364,6,2024-12-13,Mobile
12277,176190,49,5195,5,2025-09-30,Mobile
12278,176214,28,1082,6,2025-05-09,Tablet
12279,176224,59,5525,5,2026-04-27,Mobile
12280,176238,42,4486,2,2024-12-12,Tablet
12281,176245,29,4370,1,2025-04-10,Tablet
12282,176255,20,4265,6,2025-05-01,Mobile
12283,176263,40,2382,5,2026-03-06,Tablet
12284,176269,20,4585,6,2025-05-06,Tablet
12285,176276,21,343,3,2026-01-24,Tablet
12286,176277,30,5300,6,2024-11-28,Desktop
12287,176282,39,2207,6,2024-12-15,Mobile
12288,176298,43,324,2,2026-01-22,Desktop
12289,176309,35,3965,6,2025-05-25,Mobile
12290,176338,1,2504,6,2025-04-17,Tablet
12291,176361,4,2975,1,2025-01-01,Desktop
12292,176381,44,4391,1,2024-12-19,Desktop
12293,176390,36,4136,5,2025-04-14,Desktop
12294,176418,14,3483,2,2024-12-13,Desktop
12295,176423,29,4731,1,2025-04-14,Tablet
12296,176424,54,3753,1,2025-09-17,Tablet
12297,176425,25,5629,3,2024-12-02,Desktop
12298,176426,59,3846,5,2026-05-08,Tablet
12299,176430,21,1343,3,2026-01-17,Desktop
12300,176441,43,1792,2,2026-01-26,Desktop
12301,176454,13,4043,4,2024-09-10,Desktop
12302,176457,40,331,5,2026-03-13,Mobile
12303,176465,19,2380,4,2025-04-29,Desktop
12304,176475,28,607,6,2025-05-05,Tablet
12305,176514,33,2680,3,2026-01-29,Mobile
12306,176532,57,918,2,2024-10-14,Desktop
12307,176533,56,5875,5,2024-12-11,Tablet
12308,176549,19,243,4,2025-05-06,Tablet
12309,176550,47,5994,3,2024-10-11,Mobile
12310,176554,3,1738,4,2025-12-07,Desktop
12311,176575,2,2294,1,2024-11-07,Desktop
12312,176578,52,3579,1,2025-03-16,Tablet
12313,176631,20,1299,6,2025-05-20,Mobile
12314,176646,45,5690,4,2026-05-22,Tablet
12315,176652,3,3535,4,2025-12-08,Desktop
12316,176660,32,4866,3,2024-10-02,Mobile
12317,176665,43,689,2,2026-01-09,Mobile
12318,176691,20,4179,6,2025-05-10,Mobile
12319,176707,40,2448,5,2026-02-28,Desktop
12320,176708,31,3953,4,2025-01-29,Mobile
12321,176779,4,5514,1,2025-01-18,Tablet
12322,176795,19,4135,4,2025-05-14,Mobile
12323,176802,60,3849,5,2025-04-17,Mobile
12324,176806,50,578,1,2025-04-14,Tablet
12325,176824,46,3407,4,2025-01-25,Desktop
12326,176825,25,947,3,2025-01-07,Tablet
12327,176840,37,824,5,2025-01-14,Mobile
12328,176845,1,4694,6,2025-04-09,Mobile
12329,176849,31,836,4,2025-01-18,Mobile
12330,176858,10,3966,1,2025-12-08,Mobile
12331,176863,54,355,1,2025-09-25,Tablet
12332,176864,30,4704,6,2024-11-14,Mobile
12333,176867,29,5246,1,2025-05-09,Mobile
12334,176878,8,5526,2,2025-08-06,Desktop
12335,176881,17,4875,2,2025-01-05,Desktop
12336,176885,20,980,6,2025-05-29,Desktop
12337,176888,34,715,3,2025-06-17,Mobile
12338,176899,43,4848,2,2026-01-13,Mobile
12339,176970,12,5028,1,2024-07-26,Desktop
12340,176995,1,965,6,2025-03-24,Mobile
12341,177012,20,4630,6,2025-05-02,Mobile
12342,177018,33,1882,3,2026-02-21,Desktop
12343,177022,18,2008,4,2025-04-09,Mobile
12344,177047,38,5899,2,2025-11-09,Desktop
12345,177055,33,238,3,2026-03-23,Tablet
12346,177059,9,3190,2,2024-09-14,Mobile
12347,177060,10,4554,1,2025-12-04,Mobile
12348,177064,13,435,4,2024-09-17,Mobile
12349,177079,55,2971,3,2025-07-19,Desktop
12350,177088,60,775,5,2025-04-29,Mobile
12351,177099,58,2935,1,2025-05-05,Desktop
12352,177100,12,4042,1,2024-07-23,Mobile
12353,177155,14,1060,2,2024-12-07,Tablet
12354,177161,11,1542,3,2024-08-16,Mobile
12355,177170,49,1062,5,2025-09-16,Desktop
12356,177194,11,87,3,2024-08-26,Tablet
12357,177203,52,3767,1,2025-04-09,Desktop
12358,177217,7,1040,5,2026-05-19,Tablet
12359,177233,42,4922,2,2024-12-11,Tablet
12360,177243,7,3859,5,2026-06-01,Tablet
12361,177262,34,653,3,2025-06-21,Tablet
12362,177264,49,3299,5,2025-10-08,Tablet
12363,177267,18,980,4,2025-05-04,Desktop
12364,177289,34,161,3,2025-06-30,Desktop
12365,177297,2,4778,1,2024-11-09,Tablet
12366,177301,29,2963,1,2025-04-30,Desktop
12367,177449,1,4891,6,2025-03-28,Desktop
12368,177463,39,2708,6,2024-12-24,Tablet
12369,177468,57,5405,2,2024-11-19,Mobile
12370,177475,55,3093,3,2025-08-13,Mobile
12371,177479,20,1946,6,2025-05-20,Desktop
12372,177480,56,1238,5,2024-12-13,Desktop
12373,177485,39,1192,6,2024-12-20,Desktop
12374,177490,28,5613,6,2025-04-18,Tablet
12375,177493,9,1210,2,2024-09-01,Mobile
12376,177508,16,3169,6,2025-01-25,Tablet
12377,177509,12,71,1,2024-07-26,Tablet
12378,177536,21,851,3,2026-01-14,Desktop
12379,177565,36,4797,5,2025-03-29,Mobile
12380,177592,47,5237,3,2024-11-01,Tablet
12381,177610,43,5863,2,2026-01-20,Mobile
12382,177627,47,4087,3,2024-11-04,Desktop
12383,177641,37,1499,5,2025-01-11,Desktop
12384,177649,19,828,4,2025-04-17,Tablet
12385,177650,36,3284,5,2025-04-18,Mobile
12386,177671,37,5799,5,2025-01-16,Tablet
12387,177682,1,5297,6,2025-04-07,Tablet
12388,177693,18,2431,4,2025-05-14,Tablet
12389,177734,34,4202,3,2025-06-29,Mobile
12390,177737,35,3850,6,2025-06-02,Tablet
12391,177738,21,1640,3,2026-01-24,Desktop
12392,177745,52,3351,1,2025-02-25,Mobile
12393,177749,58,3760,1,2025-05-27,Mobile
12394,177758,19,1946,4,2025-05-27,Desktop
12395,177770,56,3548,5,2024-12-15,Mobile
12396,177778,44,3928,1,2025-01-05,Mobile
12397,177782,21,5081,3,2026-01-16,Tablet
12398,177800,59,1861,5,2026-04-27,Desktop
12399,177816,34,1229,3,2025-06-16,Tablet
12400,177817,50,2320,1,2025-04-22,Desktop
12401,177837,21,236,3,2026-01-20,Desktop
12402,177844,17,4996,2,2024-12-25,Desktop
12403,177871,60,941,5,2025-04-12,Tablet
12404,177876,27,3843,2,2024-10-30,Desktop
12405,177928,32,4712,3,2024-11-05,Desktop
12406,177945,31,3287,4,2025-01-28,Tablet
12407,177950,26,3209,3,2025-10-25,Desktop
12408,177990,52,905,1,2025-03-18,Tablet
12409,178030,35,2362,6,2025-06-01,Mobile
12410,178051,24,799,6,2025-10-21,Tablet
12411,178098,25,1214,3,2024-12-01,Desktop
12412,178100,36,986,5,2025-03-19,Mobile
12413,178131,38,4409,2,2025-11-16,Desktop
12414,178133,41,5799,3,2026-02-14,Mobile
12415,178145,13,3983,4,2024-09-08,Mobile
12416,178169,24,4828,6,2025-10-16,Mobile
12417,178205,60,3932,5,2025-04-22,Desktop
12418,178246,58,5595,1,2025-06-02,Desktop
12419,178289,50,2449,1,2025-03-28,Mobile
12420,178291,31,966,4,2025-01-19,Desktop
12421,178295,59,1553,5,2026-05-05,Tablet
12422,178329,59,3439,5,2026-04-28,Mobile
12423,178339,51,792,6,2025-09-02,Tablet
12424,178343,30,3858,6,2024-11-26,Tablet
12425,178363,52,2912,1,2025-02-10,Mobile
12426,178370,42,4493,2,2024-12-26,Tablet
12427,178400,32,51,3,2024-10-11,Desktop
12428,178404,21,1404,3,2026-01-18,Mobile
12429,178473,35,2929,6,2025-06-06,Mobile
12430,178508,55,4414,3,2025-08-21,Tablet
12431,178518,30,1316,6,2024-12-02,Tablet
12432,178524,41,404,3,2026-02-21,Tablet
12433,178529,39,412,6,2024-12-10,Desktop
12434,178533,16,3185,6,2025-02-27,Desktop
12435,178544,14,782,2,2024-12-10,Desktop
12436,178546,13,1081,4,2024-09-14,Desktop
12437,178569,45,3626,4,2026-04-09,Tablet
12438,178570,8,613,2,2025-08-17,Tablet
12439,178580,36,2922,5,2025-03-16,Desktop
12440,178587,12,781,1,2024-07-25,Mobile
12441,178602,27,978,2,2024-10-29,Mobile
12442,178620,47,4673,3,2024-10-20,Tablet
12443,178624,34,2136,3,2025-07-02,Mobile
12444,178646,51,3045,6,2025-09-25,Mobile
12445,178647,3,1199,4,2025-12-07,Desktop
12446,178655,26,5856,3,2025-11-07,Desktop
12447,178660,3,5817,4,2025-12-04,Tablet
12448,178661,60,771,5,2025-04-11,Tablet
12449,178662,3,5866,4,2025-12-05,Mobile
12450,178674,57,4364,2,2024-10-26,Desktop
12451,178675,27,3267,2,2024-11-03,Tablet
12452,178677,4,4160,1,2024-12-17,Desktop
12453,178679,15,3169,6,2026-05-18,Mobile
12454,178685,38,1516,2,2025-11-23,Tablet
12455,178688,57,3023,2,2024-10-19,Mobile
12456,178689,15,2846,6,2026-05-07,Desktop
12457,178694,44,1771,1,2025-01-15,Desktop
12458,178709,27,288,2,2024-10-25,Mobile
12459,178710,17,4271,2,2024-12-28,Mobile
12460,178717,27,451,2,2024-10-29,Tablet
12461,178748,31,102,4,2025-01-29,Tablet
12462,178764,27,2993,2,2024-11-03,Mobile
12463,178767,37,3070,5,2025-01-30,Tablet
12464,178774,46,1144,4,2025-01-18,Mobile
12465,178775,8,2402,2,2025-08-12,Mobile
12466,178795,59,4678,5,2026-04-21,Desktop
12467,178797,1,1751,6,2025-05-08,Desktop
12468,178799,25,4038,3,2024-11-26,Mobile
12469,178813,24,3107,6,2025-10-10,Desktop
12470,178815,31,2572,4,2025-01-30,Mobile
12471,178835,4,4128,1,2024-12-28,Desktop
12472,178855,60,424,5,2025-04-12,Tablet
12473,178856,47,5846,3,2024-10-09,Mobile
12474,178868,2,1435,1,2024-11-01,Tablet
12475,178874,59,1166,5,2026-04-22,Tablet
12476,178876,12,1817,1,2024-08-01,Mobile
12477,178880,26,4882,3,2025-10-23,Mobile
12478,178893,1,3971,6,2025-04-17,Desktop
12479,178910,21,302,3,2026-01-10,Desktop
12480,178940,33,3660,3,2026-03-21,Tablet
12481,178958,35,2718,6,2025-05-29,Tablet
12482,178976,32,752,3,2024-09-18,Mobile
12483,178982,26,4714,3,2025-10-29,Mobile
12484,178989,42,622,2,2024-12-20,Mobile
12485,179009,33,4718,3,2026-03-14,Desktop
12486,179050,58,1829,1,2025-05-10,Mobile
12487,179084,41,729,3,2026-02-17,Mobile
12488,179098,26,1944,3,2025-11-04,Tablet
12489,179121,34,4663,3,2025-06-22,Mobile
12490,179130,39,3580,6,2024-11-29,Mobile
12491,179131,3,5251,4,2025-12-15,Tablet
12492,179141,6,773,5,2025-02-19,Desktop
12493,179143,48,2092,2,2026-02-06,Mobile
12494,179152,22,1387,5,2024-10-26,Mobile
12495,179174,46,5439,4,2025-01-06,Tablet
12496,179193,17,1751,2,2024-12-19,Desktop
12497,179201,34,5679,3,2025-06-16,Mobile
12498,179223,17,3850,2,2025-01-07,Desktop
12499,179225,9,1478,2,2024-09-02,Mobile
12500,179290,52,5987,1,2025-02-16,Mobile
12501,179305,30,3776,6,2024-11-22,Desktop
12502,179310,39,4686,6,2024-12-10,Tablet
12503,179318,41,130,3,2026-02-15,Mobile
12504,179343,56,3128,5,2024-12-14,Desktop
12505,179377,38,3340,2,2025-11-22,Mobile
12506,179382,16,5682,6,2025-03-13,Desktop
12507,179399,50,5591,1,2025-04-12,Mobile
12508,179400,16,36,6,2025-01-20,Mobile
12509,179409,35,3590,6,2025-05-23,Tablet
12510,179412,50,4795,1,2025-03-09,Tablet
12511,179424,13,2243,4,2024-09-07,Desktop
12512,179444,29,983,1,2025-05-10,Mobile
12513,179449,47,5073,3,2024-10-22,Desktop
12514,179459,2,4164,1,2024-11-01,Desktop
12515,179460,27,1937,2,2024-10-25,Mobile
12516,179468,17,692,2,2024-12-01,Desktop
12517,179469,2,5558,1,2024-11-01,Mobile
12518,179490,10,739,1,2026-01-05,Mobile
12519,179514,23,3965,1,2026-01-08,Tablet
12520,179515,3,1603,4,2025-12-08,Desktop
12521,179574,60,1514,5,2025-04-16,Mobile
12522,179587,16,3873,6,2025-02-03,Mobile
12523,179601,36,3885,5,2025-04-30,Tablet
12524,179607,17,317,2,2024-12-16,Tablet
12525,179618,36,3381,5,2025-04-23,Tablet
12526,179622,3,4005,4,2025-12-07,Desktop
12527,179631,52,2971,1,2025-03-24,Desktop
12528,179640,45,5555,4,2026-06-02,Mobile
12529,179670,15,2568,6,2026-04-21,Desktop
12530,179672,44,5028,1,2025-01-04,Tablet
12531,179687,17,4307,2,2025-01-09,Tablet
12532,179690,51,887,6,2025-09-13,Tablet
12533,179702,44,3293,1,2024-12-08,Tablet
12534,179705,45,5904,4,2026-05-01,Mobile
12535,179729,17,4184,2,2024-12-05,Tablet
12536,179737,19,686,4,2025-05-01,Mobile
12537,179777,14,4766,2,2024-11-28,Mobile
12538,179825,28,2847,6,2025-04-17,Desktop
12539,179857,47,2598,3,2024-10-15,Desktop
12540,179861,29,505,1,2025-05-28,Tablet
12541,179868,56,3854,5,2024-12-17,Tablet
12542,179874,56,2094,5,2024-12-19,Mobile
12543,179893,34,2929,3,2025-06-18,Tablet
12544,179894,47,5769,3,2024-10-13,Tablet
12545,179902,14,4021,2,2024-12-03,Desktop
12546,179917,52,223,1,2025-03-22,Desktop
12547,179937,16,4364,6,2025-03-09,Mobile
12548,179966,44,5849,1,2025-01-05,Desktop
12549,180030,41,4362,3,2026-02-20,Tablet
12550,180033,6,4486,5,2025-01-18,Mobile
12551,180053,6,974,5,2025-01-11,Tablet
12552,180061,11,3790,3,2024-09-02,Desktop
12553,180073,48,96,2,2026-02-09,Tablet
12554,180090,1,3166,6,2025-04-02,Tablet
12555,180100,16,2710,6,2025-03-01,Mobile
12556,180107,53,5818,3,2026-05-23,Tablet
12557,180109,1,5734,6,2025-05-02,Tablet
12558,180122,43,3451,2,2026-01-21,Desktop
12559,180171,30,5023,6,2024-11-15,Mobile
12560,180184,34,1056,3,2025-06-27,Tablet
12561,180194,15,3668,6,2026-04-17,Mobile
12562,180215,44,611,1,2025-01-06,Desktop
12563,180221,60,3625,5,2025-04-19,Tablet
12564,180232,45,4266,4,2026-04-11,Mobile
12565,180246,45,844,4,2026-04-07,Desktop
12566,180258,46,5543,4,2025-02-02,Desktop
12567,180266,45,2419,4,2026-04-25,Desktop
12568,180267,25,824,3,2024-12-23,Desktop
12569,180281,28,567,6,2025-05-05,Desktop
12570,180282,33,4565,3,2026-03-12,Desktop
12571,180298,7,2060,5,2026-06-06,Mobile
12572,180301,16,5326,6,2025-02-22,Tablet
12573,180317,15,4868,6,2026-05-16,Tablet
12574,180360,17,2376,2,2024-12-30,Tablet
12575,180380,45,4084,4,2026-05-25,Desktop
12576,180385,35,2615,6,2025-06-07,Tablet
12577,180421,36,855,5,2025-03-19,Tablet
12578,180427,9,5795,2,2024-09-15,Desktop
12579,180434,57,1659,2,2024-10-07,Mobile
12580,180441,36,2197,5,2025-04-07,Mobile
12581,180460,16,865,6,2025-02-12,Mobile
12582,180471,19,1431,4,2025-05-04,Mobile
12583,180488,58,5234,1,2025-05-31,Desktop
12584,180517,59,2880,5,2026-05-02,Tablet
12585,180534,1,3314,6,2025-04-26,Tablet
12586,180550,52,3791,1,2025-03-28,Desktop
12587,180561,35,4908,6,2025-05-21,Tablet
12588,180609,22,1722,5,2024-10-13,Mobile
12589,180627,6,3044,5,2025-01-22,Desktop
12590,180636,11,5172,3,2024-09-02,Tablet
12591,180654,17,4223,2,2024-11-26,Desktop
12592,180696,33,2122,3,2026-03-17,Mobile
12593,180717,23,708,1,2026-01-14,Tablet
12594,180718,55,2806,3,2025-07-12,Tablet
12595,180737,59,220,5,2026-04-20,Tablet
12596,180742,34,716,3,2025-06-24,Mobile
12597,180745,36,4724,5,2025-04-27,Mobile
12598,180783,34,489,3,2025-06-23,Mobile
12599,180811,7,5460,5,2026-05-25,Desktop
12600,180829,43,2042,2,2026-01-22,Tablet
12601,180838,58,5754,1,2025-05-24,Desktop
12602,180839,8,2904,2,2025-07-21,Tablet
12603,180840,50,2004,1,2025-03-10,Desktop
12604,180850,7,2304,5,2026-05-26,Desktop
12605,180915,54,901,1,2025-09-09,Desktop
12606,180989,8,1964,2,2025-08-02,Mobile
12607,180992,15,3705,6,2026-05-06,Desktop
12608,180998,16,612,6,2025-02-27,Mobile
12609,181024,56,675,5,2024-12-22,Mobile
12610,181048,41,3363,3,2026-02-21,Mobile
12611,181110,46,48,4,2025-01-26,Mobile
12612,181113,6,224,5,2025-02-22,Desktop
12613,181119,34,5450,3,2025-06-23,Mobile
12614,181143,6,1637,5,2025-02-19,Mobile
12615,181148,49,5564,5,2025-09-23,Mobile
12616,181169,56,3820,5,2024-12-12,Mobile
12617,181203,55,2398,3,2025-08-15,Tablet
12618,181218,4,2755,1,2025-01-28,Mobile
12619,181240,42,1154,2,2025-01-06,Mobile
12620,181243,43,1685,2,2026-01-10,Tablet
12621,181249,36,4619,5,2025-04-14,Mobile
12622,181253,37,4497,5,2025-01-16,Mobile
12623,181254,21,2951,3,2026-01-09,Tablet
12624,181268,11,1704,3,2024-09-16,Mobile
12625,181276,25,1403,3,2024-12-08,Mobile
12626,181285,34,5598,3,2025-06-26,Desktop
12627,181286,45,5127,4,2026-06-01,Desktop
12628,181296,8,537,2,2025-08-04,Tablet
12629,181300,49,1650,5,2025-10-08,Tablet
12630,181308,12,3429,1,2024-07-29,Tablet
12631,181328,46,2649,4,2025-02-02,Tablet
12632,181380,6,1047,5,2025-02-21,Tablet
12633,181384,47,4184,3,2024-10-10,Tablet
12634,181401,30,5040,6,2024-11-23,Tablet
12635,181428,37,3959,5,2025-01-26,Desktop
12636,181451,9,2714,2,2024-08-27,Mobile
12637,181453,28,2401,6,2025-04-26,Mobile
12638,181455,33,517,3,2026-01-30,Tablet
12639,181461,44,267,1,2025-01-10,Tablet
12640,181492,11,5306,3,2024-09-07,Desktop
12641,181501,21,4680,3,2026-01-10,Tablet
12642,181518,7,1430,5,2026-05-31,Desktop
12643,181532,4,3717,1,2024-12-05,Desktop
12644,181539,44,1554,1,2025-01-11,Tablet
12645,181545,12,4078,1,2024-07-22,Desktop
12646,181548,54,5712,1,2025-09-09,Desktop
12647,181552,44,3821,1,2024-12-13,Mobile
12648,181589,55,2842,3,2025-08-13,Mobile
12649,181600,2,1208,1,2024-11-21,Mobile
12650,181604,25,3224,3,2024-11-29,Tablet
12651,181608,6,3959,5,2025-02-07,Tablet
12652,181653,39,4111,6,2024-11-27,Mobile
12653,181664,8,4190,2,2025-08-17,Mobile
12654,181670,23,1794,1,2026-01-09,Desktop
12655,181678,45,4802,4,2026-04-02,Tablet
12656,181680,26,4398,3,2025-11-04,Desktop
12657,181681,18,1853,4,2025-03-29,Tablet
12658,181682,23,3113,1,2026-01-07,Tablet
12659,181712,13,4873,4,2024-09-02,Mobile
12660,181718,35,4165,6,2025-05-28,Tablet
12661,181721,28,4409,6,2025-05-02,Desktop
12662,181726,40,4084,5,2026-03-04,Desktop
12663,181727,57,4369,2,2024-10-07,Desktop
12664,181733,60,904,5,2025-04-13,Mobile
12665,181766,44,5220,1,2024-12-12,Mobile
12666,181824,27,4001,2,2024-10-28,Desktop
12667,181848,18,791,4,2025-04-01,Desktop
12668,181850,30,4111,6,2024-11-15,Desktop
12669,181856,46,2485,4,2025-02-03,Desktop
12670,181890,16,1404,6,2025-02-23,Desktop
12671,181896,4,2126,1,2024-12-05,Tablet
12672,181909,16,5663,6,2025-02-11,Desktop
12673,181928,31,1607,4,2025-01-27,Mobile
12674,181941,33,2541,3,2026-03-02,Mobile
12675,181996,35,1344,6,2025-05-18,Desktop
12676,182020,47,3548,3,2024-10-11,Desktop
12677,182030,58,1140,1,2025-05-09,Mobile
12678,182056,26,3491,3,2025-10-27,Mobile
12679,182064,59,2223,5,2026-04-30,Desktop
12680,182084,21,934,3,2026-01-18,Desktop
12681,182086,12,3556,1,2024-07-23,Mobile
12682,182089,13,832,4,2024-09-12,Tablet
12683,182102,43,4522,2,2026-01-16,Desktop
12684,182105,24,3438,6,2025-11-15,Mobile
12685,182114,16,4592,6,2025-01-31,Desktop
12686,182119,40,666,5,2026-03-06,Mobile
12687,182134,42,747,2,2024-12-25,Tablet
12688,182135,13,5846,4,2024-09-03,Desktop
12689,182150,36,5983,5,2025-05-09,Mobile
12690,182152,53,4161,3,2026-05-09,Desktop
12691,182164,19,2036,4,2025-05-20,Mobile
12692,182167,38,2008,2,2025-11-21,Mobile
12693,182168,36,4976,5,2025-03-25,Desktop
12694,182175,12,2691,1,2024-08-04,Tablet
12695,182182,55,238,3,2025-08-09,Mobile
12696,182206,4,3245,1,2024-12-07,Desktop
12697,182211,53,5869,3,2026-05-22,Tablet
12698,182226,38,4262,2,2025-11-16,Desktop
12699,182228,43,3332,2,2026-01-15,Mobile
12700,182233,36,1265,5,2025-04-14,Tablet
12701,182239,49,1261,5,2025-10-13,Mobile
12702,182243,26,4618,3,2025-10-26,Mobile
12703,182271,38,151,2,2025-11-10,Mobile
12704,182344,14,5598,2,2024-11-24,Tablet
12705,182365,33,3667,3,2026-03-10,Mobile
12706,182385,41,151,3,2026-02-22,Mobile
12707,182391,48,5029,2,2026-02-14,Desktop
12708,182397,57,4087,2,2024-10-20,Tablet
12709,182398,24,799,6,2025-10-25,Desktop
12710,182401,7,4912,5,2026-05-18,Mobile
12711,182403,34,4855,3,2025-06-20,Desktop
12712,182404,57,5148,2,2024-11-14,Mobile
12713,182417,25,1756,3,2024-12-03,Desktop
12714,182439,43,5960,2,2026-01-26,Tablet
12715,182488,43,2207,2,2026-01-25,Tablet
12716,182517,35,383,6,2025-05-16,Mobile
12717,182534,18,5347,4,2025-03-26,Tablet
12718,182542,27,3086,2,2024-10-23,Tablet
12719,182553,8,2220,2,2025-07-21,Tablet
12720,182563,33,4814,3,2026-03-03,Desktop
12721,182564,1,559,6,2025-04-21,Tablet
12722,182566,1,5370,6,2025-04-30,Tablet
12723,182577,42,3517,2,2024-12-25,Desktop
12724,182584,17,4140,2,2025-01-10,Tablet
12725,182587,55,1949,3,2025-07-26,Desktop
12726,182616,54,180,1,2025-09-27,Desktop
12727,182643,2,472,1,2024-11-19,Tablet
12728,182715,2,4604,1,2024-11-15,Desktop
12729,182720,31,4717,4,2025-01-26,Desktop
12730,182724,50,1506,1,2025-03-28,Tablet
12731,182727,56,2102,5,2024-12-17,Tablet
12732,182738,13,4582,4,2024-09-08,Desktop
12733,182746,45,5576,4,2026-04-28,Desktop
12734,182770,13,2233,4,2024-09-14,Tablet
12735,182771,1,4190,6,2025-03-23,Desktop
12736,182783,12,216,1,2024-07-24,Mobile
12737,182817,20,2019,6,2025-05-10,Mobile
12738,182825,51,2996,6,2025-08-28,Desktop
12739,182872,45,524,4,2026-05-11,Desktop
12740,182879,53,5629,3,2026-05-08,Mobile
12741,182894,8,68,2,2025-08-08,Tablet
12742,182903,31,924,4,2025-01-18,Mobile
12743,182937,26,3058,3,2025-10-25,Tablet
12744,182952,33,694,3,2026-02-16,Tablet
12745,182967,44,5812,1,2024-12-31,Mobile
12746,182977,41,5865,3,2026-02-06,Tablet
12747,182978,25,2656,3,2024-12-12,Mobile
12748,182996,8,5459,2,2025-07-23,Tablet
12749,183003,48,1582,2,2026-01-31,Tablet
12750,183007,24,3240,6,2025-10-17,Tablet
12751,183039,31,5829,4,2025-01-26,Mobile
12752,183060,35,5746,6,2025-05-27,Tablet
12753,183079,53,922,3,2026-05-23,Tablet
12754,183081,25,4266,3,2024-11-13,Tablet
12755,183151,50,5279,1,2025-03-15,Desktop
12756,183188,8,949,2,2025-08-04,Mobile
12757,183198,38,315,2,2025-11-11,Desktop
12758,183212,6,144,5,2025-02-20,Tablet
12759,183218,40,3022,5,2026-02-27,Mobile
12760,183248,3,4010,4,2025-12-12,Mobile
12761,183253,10,1849,1,2025-12-30,Mobile
12762,183262,47,3173,3,2024-11-10,Desktop
12763,183263,10,4375,1,2026-01-03,Tablet
12764,183277,51,5533,6,2025-10-06,Tablet
12765,183284,30,49,6,2024-11-21,Mobile
12766,183293,31,1374,4,2025-01-24,Mobile
12767,183301,25,2432,3,2024-11-23,Mobile
12768,183305,30,1789,6,2024-11-19,Mobile
12769,183323,16,5091,6,2025-03-11,Tablet
12770,183335,29,2099,1,2025-05-19,Desktop
12771,183338,35,4843,6,2025-06-03,Desktop
12772,183363,40,1494,5,2026-03-02,Mobile
12773,183395,38,3188,2,2025-11-16,Tablet
12774,183449,33,397,3,2026-03-14,Desktop
12775,183458,24,5683,6,2025-10-17,Desktop
12776,183465,55,4688,3,2025-07-17,Tablet
12777,183480,20,3244,6,2025-04-27,Mobile
12778,183488,22,2826,5,2024-10-31,Desktop
12779,183512,29,63,1,2025-04-25,Tablet
12780,183516,12,166,1,2024-07-23,Tablet
12781,183518,32,900,3,2024-10-16,Desktop
12782,183523,14,4791,2,2024-11-19,Mobile
12783,183525,40,2139,5,2026-02-20,Desktop
12784,183534,20,1790,6,2025-04-30,Tablet
12785,183535,29,3963,1,2025-04-29,Mobile
12786,183561,13,2060,4,2024-09-01,Desktop
12787,183584,11,5974,3,2024-09-06,Tablet
12788,183592,60,53,5,2025-04-24,Tablet
12789,183593,30,2706,6,2024-11-25,Mobile
12790,183616,52,3348,1,2025-03-11,Tablet
12791,183617,58,2582,1,2025-05-03,Tablet
12792,183626,24,5571,6,2025-10-03,Desktop
12793,183650,16,5321,6,2025-01-13,Desktop
12794,183667,55,2066,3,2025-07-15,Desktop
12795,183718,37,1509,5,2025-01-21,Mobile
12796,183739,5,194,1,2024-10-28,Mobile
12797,183747,3,5767,4,2025-12-11,Desktop
12798,183748,33,5091,3,2026-01-30,Tablet
12799,183792,47,4320,3,2024-10-13,Tablet
12800,183815,50,5688,1,2025-04-13,Mobile
12801,183817,42,2037,2,2024-11-29,Desktop
12802,183822,44,3733,1,2024-12-24,Desktop
12803,183833,45,4544,4,2026-04-06,Desktop
12804,183866,35,1377,6,2025-05-31,Mobile
12805,183914,19,4979,4,2025-05-15,Desktop
12806,183929,48,1358,2,2026-02-06,Desktop
12807,183969,28,1262,6,2025-04-30,Tablet
12808,183980,35,714,6,2025-05-25,Tablet
12809,183983,36,3326,5,2025-05-14,Mobile
12810,184033,32,4970,3,2024-10-26,Mobile
12811,184034,18,4986,4,2025-04-19,Desktop
12812,184049,44,370,1,2024-12-11,Desktop
12813,184073,38,4984,2,2025-11-14,Mobile
12814,184076,14,1541,2,2024-11-28,Tablet
12815,184079,28,1277,6,2025-05-12,Desktop
12816,184093,4,614,1,2025-01-23,Mobile
12817,184094,45,2885,4,2026-05-19,Mobile
12818,184115,25,781,3,2024-11-15,Mobile
12819,184116,7,5592,5,2026-05-19,Desktop
12820,184118,16,4714,6,2025-02-22,Desktop
12821,184137,51,5762,6,2025-09-04,Mobile
12822,184138,5,4320,1,2024-11-07,Desktop
12823,184155,42,2280,2,2024-12-23,Mobile
12824,184160,46,1747,4,2025-01-27,Desktop
12825,184164,42,5229,2,2024-12-22,Desktop
12826,184199,46,932,4,2025-02-01,Desktop
12827,184217,29,5435,1,2025-04-29,Mobile
12828,184221,16,2743,6,2025-01-19,Tablet
12829,184242,2,900,1,2024-11-24,Tablet
12830,184248,59,4091,5,2026-04-29,Tablet
12831,184257,14,3255,2,2024-12-01,Mobile
12832,184285,15,4126,6,2026-05-31,Tablet
12833,184311,53,2625,3,2026-05-21,Mobile
12834,184313,34,1842,3,2025-06-15,Desktop
12835,184318,3,5159,4,2025-12-15,Mobile
12836,184324,30,2545,6,2024-11-26,Tablet
12837,184341,50,4458,1,2025-03-24,Tablet
12838,184353,1,4823,6,2025-04-06,Mobile
12839,184358,28,4357,6,2025-05-05,Tablet
12840,184369,1,3439,6,2025-04-03,Desktop
12841,184379,17,660,2,2024-12-14,Tablet
12842,184401,52,2130,1,2025-02-27,Desktop
12843,184405,48,109,2,2026-02-01,Desktop
12844,184409,15,4794,6,2026-05-14,Mobile
12845,184419,21,3769,3,2026-01-15,Mobile
12846,184423,54,2207,1,2025-09-19,Tablet
12847,184444,3,3429,4,2025-12-09,Mobile
12848,184483,60,4998,5,2025-04-20,Tablet
12849,184490,8,3472,2,2025-07-22,Tablet
12850,184502,43,4682,2,2026-01-24,Tablet
12851,184504,17,1452,2,2024-12-26,Tablet
12852,184515,21,1877,3,2026-01-18,Tablet
12853,184518,34,5650,3,2025-07-01,Tablet
12854,184524,9,5092,2,2024-09-07,Desktop
12855,184526,14,2907,2,2024-12-01,Desktop
12856,184527,41,810,3,2026-02-18,Tablet
12857,184529,13,5144,4,2024-08-29,Desktop
12858,184538,55,4211,3,2025-07-25,Mobile
12859,184544,49,4448,5,2025-10-15,Desktop
12860,184550,29,4089,1,2025-04-18,Desktop
12861,184557,34,1058,3,2025-06-16,Mobile
12862,184583,29,4146,1,2025-04-19,Desktop
12863,184599,10,1662,1,2026-01-01,Desktop
12864,184615,40,298,5,2026-03-09,Desktop
12865,184631,60,1426,5,2025-04-23,Desktop
12866,184632,35,5703,6,2025-06-02,Tablet
12867,184644,42,5449,2,2024-12-06,Mobile
12868,184648,15,5725,6,2026-05-06,Mobile
12869,184689,47,2413,3,2024-10-10,Mobile
12870,184721,23,4386,1,2026-01-08,Tablet
12871,184724,40,2412,5,2026-03-13,Desktop
12872,184745,31,5284,4,2025-01-28,Mobile
12873,184755,16,5525,6,2025-03-08,Tablet
12874,184756,20,15,6,2025-05-20,Desktop
12875,184772,50,5284,1,2025-04-11,Tablet
12876,184792,39,1183,6,2024-12-15,Mobile
12877,184820,40,772,5,2026-03-01,Desktop
12878,184826,19,3694,4,2025-05-17,Desktop
12879,184835,48,4324,2,2026-02-12,Mobile
12880,184841,21,1604,3,2026-01-10,Mobile
12881,184903,30,5183,6,2024-11-15,Desktop
12882,184915,18,4587,4,2025-04-02,Desktop
12883,184932,30,4704,6,2024-12-02,Tablet
12884,184965,1,5068,6,2025-04-14,Mobile
12885,184973,18,5574,4,2025-03-31,Mobile
12886,184988,32,4763,3,2024-09-30,Desktop
12887,185006,60,5072,5,2025-04-18,Tablet
12888,185025,13,2205,4,2024-09-14,Tablet
12889,185028,31,1227,4,2025-01-31,Mobile
12890,185033,2,2818,1,2024-11-13,Mobile
12891,185060,14,4993,2,2024-11-24,Tablet
12892,185062,12,2492,1,2024-08-01,Mobile
12893,185066,44,3310,1,2024-12-21,Tablet
12894,185088,37,604,5,2025-01-02,Mobile
12895,185112,33,5902,3,2026-03-01,Mobile
12896,185131,22,986,5,2024-10-09,Tablet
12897,185152,59,4080,5,2026-04-30,Tablet
12898,185163,40,1461,5,2026-02-21,Desktop
12899,185203,55,2141,3,2025-08-06,Desktop
12900,185227,24,1886,6,2025-11-14,Desktop
12901,185238,45,3015,4,2026-04-07,Desktop
12902,185241,49,1637,5,2025-10-25,Mobile
12903,185244,18,3625,4,2025-05-07,Desktop
12904,185261,29,4926,1,2025-05-21,Mobile
12905,185306,19,502,4,2025-04-04,Mobile
12906,185308,41,5328,3,2026-02-15,Tablet
12907,185336,27,3238,2,2024-10-26,Desktop
12908,185341,60,2400,5,2025-04-25,Desktop
12909,185358,55,3160,3,2025-07-26,Mobile
12910,185372,17,187,2,2025-01-08,Desktop
12911,185439,31,1861,4,2025-01-31,Tablet
12912,185445,20,40,6,2025-05-30,Tablet
12913,185446,38,3381,2,2025-11-12,Tablet
12914,185452,14,3759,2,2024-12-08,Desktop
12915,185464,15,3703,6,2026-05-13,Tablet
12916,185467,54,1742,1,2025-09-15,Tablet
12917,185468,54,4845,1,2025-09-15,Tablet
12918,185487,41,641,3,2026-02-11,Desktop
12919,185523,54,3030,1,2025-09-19,Tablet
12920,185528,12,4998,1,2024-07-30,Tablet
12921,185547,52,1866,1,2025-02-17,Desktop
12922,185551,7,1522,5,2026-05-27,Desktop
12923,185570,46,5616,4,2025-02-08,Tablet
12924,185571,41,924,3,2026-02-17,Tablet
12925,185594,29,3008,1,2025-06-02,Desktop
12926,185600,34,383,3,2025-06-20,Desktop
12927,185613,4,322,1,2024-12-23,Mobile
12928,185614,33,3348,3,2026-02-04,Desktop
12929,185621,45,45,4,2026-06-01,Desktop
12930,185622,26,3365,3,2025-10-25,Tablet
12931,185628,22,3207,5,2024-10-22,Tablet
12932,185634,21,181,3,2026-01-16,Mobile
12933,185648,57,5324,2,2024-10-27,Mobile
12934,185659,17,4868,2,2024-12-30,Desktop
12935,185661,55,5580,3,2025-07-11,Tablet
12936,185663,9,4917,2,2024-09-03,Tablet
12937,185699,17,2826,2,2024-12-19,Tablet
12938,185708,50,165,1,2025-04-16,Mobile
12939,185717,16,4322,6,2025-02-26,Desktop
12940,185719,48,2060,2,2026-01-29,Desktop
12941,185732,47,4360,3,2024-11-12,Desktop
12942,185796,46,438,4,2025-02-04,Tablet
12943,185834,41,5102,3,2026-02-04,Mobile
12944,185849,27,3703,2,2024-11-04,Desktop
12945,185852,9,5091,2,2024-09-07,Tablet
12946,185853,25,5922,3,2024-11-11,Desktop
12947,185870,24,3952,6,2025-10-13,Tablet
12948,185876,7,4599,5,2026-06-06,Desktop
12949,185878,8,4604,2,2025-07-25,Mobile
12950,185880,48,937,2,2026-02-02,Mobile
12951,185889,21,897,3,2026-01-13,Tablet
12952,185938,1,1175,6,2025-04-16,Desktop
12953,185944,55,366,3,2025-07-17,Tablet
12954,185962,25,3560,3,2024-12-26,Tablet
12955,185965,49,904,5,2025-10-24,Desktop
12956,185986,58,5582,1,2025-05-29,Desktop
12957,185987,17,4923,2,2025-01-02,Desktop
12958,186004,40,3787,5,2026-03-03,Desktop
12959,186044,39,2066,6,2024-12-22,Tablet
12960,186047,42,2148,2,2024-12-01,Mobile
12961,186068,48,4442,2,2026-02-13,Tablet
12962,186069,15,4164,6,2026-05-06,Tablet
12963,186077,11,4508,3,2024-08-21,Tablet
12964,186117,27,679,2,2024-10-31,Desktop
12965,186123,15,3802,6,2026-04-15,Mobile
12966,186154,24,107,6,2025-10-27,Mobile
12967,186159,2,1510,1,2024-11-18,Mobile
12968,186163,48,3253,2,2026-02-02,Mobile
12969,186187,25,3471,3,2024-11-29,Desktop
12970,186257,44,2630,1,2024-12-21,Desktop
12971,186265,18,3602,4,2025-04-11,Desktop
12972,186269,8,5598,2,2025-07-28,Desktop
12973,186270,32,1485,3,2024-11-07,Mobile
12974,186284,43,2619,2,2026-01-16,Mobile
12975,186287,33,3655,3,2026-02-24,Tablet
12976,186318,40,3226,5,2026-02-28,Tablet
12977,186324,9,4242,2,2024-09-04,Mobile
12978,186329,26,2827,3,2025-11-01,Mobile
12979,186334,48,3567,2,2026-02-14,Tablet
12980,186347,57,4177,2,2024-10-23,Desktop
12981,186352,55,4861,3,2025-08-01,Tablet
12982,186360,30,2655,6,2024-11-21,Mobile
12983,186381,30,4254,6,2024-11-19,Desktop
12984,186386,47,4422,3,2024-10-19,Mobile
12985,186399,56,3235,5,2024-12-13,Tablet
12986,186431,5,2405,1,2024-10-26,Tablet
12987,186437,48,5790,2,2026-02-07,Tablet
12988,186446,6,5461,5,2025-01-27,Tablet
12989,186482,18,5004,4,2025-05-11,Mobile
12990,186492,28,1291,6,2025-04-29,Mobile
12991,186502,39,5617,6,2024-12-14,Desktop
12992,186537,37,2982,5,2025-01-12,Tablet
12993,186558,5,973,1,2024-11-11,Tablet
12994,186568,14,3664,2,2024-12-12,Desktop
12995,186570,50,1410,1,2025-03-04,Tablet
12996,186576,7,5905,5,2026-06-03,Tablet
12997,186578,8,3867,2,2025-08-01,Tablet
12998,186588,19,1498,4,2025-05-13,Tablet
12999,186589,21,5140,3,2026-01-23,Desktop
13000,186600,3,3016,4,2025-12-10,Desktop
13001,186604,39,4926,6,2024-12-18,Tablet
13002,186612,33,5871,3,2026-02-07,Tablet
13003,186614,59,1251,5,2026-04-26,Desktop
13004,186615,53,4228,3,2026-05-17,Desktop
13005,186628,60,4296,5,2025-04-10,Mobile
13006,186631,31,4878,4,2025-01-21,Desktop
13007,186654,45,3347,4,2026-05-22,Mobile
13008,186662,60,2241,5,2025-04-20,Mobile
13009,186683,3,5652,4,2025-12-13,Tablet
13010,186704,46,5769,4,2025-01-31,Desktop
13011,186708,27,4182,2,2024-11-05,Mobile
13012,186717,3,3683,4,2025-12-16,Mobile
13013,186747,47,384,3,2024-11-09,Desktop
13014,186763,51,4464,6,2025-09-15,Mobile
13015,186795,32,5631,3,2024-09-17,Mobile
13016,186830,45,1683,4,2026-05-13,Desktop
13017,186843,5,3804,1,2024-11-19,Desktop
13018,186916,36,2713,5,2025-03-30,Tablet
13019,186924,42,4900,2,2024-12-19,Tablet
13020,186961,21,4728,3,2026-01-21,Mobile
13021,186981,23,332,1,2026-01-17,Desktop
13022,186999,53,5805,3,2026-05-20,Tablet
13023,187012,46,2455,4,2025-01-02,Mobile
13024,187019,46,5033,4,2025-01-08,Tablet
13025,187025,12,3610,1,2024-07-28,Mobile
13026,187043,38,3886,2,2025-11-20,Mobile
13027,187053,28,2424,6,2025-04-20,Desktop
13028,187068,58,2549,1,2025-05-18,Mobile
13029,187096,12,5472,1,2024-08-04,Tablet
13030,187097,52,4253,1,2025-03-25,Tablet
13031,187109,43,2724,2,2026-01-19,Desktop
13032,187143,31,1736,4,2025-01-19,Tablet
13033,187177,47,745,3,2024-10-30,Tablet
13034,187180,46,1969,4,2025-01-27,Tablet
13035,187200,22,2774,5,2024-10-21,Tablet
13036,187210,10,5403,1,2025-11-30,Tablet
13037,187215,51,513,6,2025-08-29,Mobile
13038,187219,37,1526,5,2025-01-26,Tablet
13039,187220,44,863,1,2024-12-17,Desktop
13040,187226,22,1136,5,2024-11-02,Tablet
13041,187227,34,1123,3,2025-06-29,Desktop
13042,187294,48,5973,2,2026-01-31,Desktop
13043,187297,41,2325,3,2026-01-29,Tablet
13044,187303,3,3816,4,2025-12-14,Desktop
13045,187305,18,4265,4,2025-04-22,Mobile
13046,187331,27,2290,2,2024-10-20,Mobile
13047,187342,34,3346,3,2025-06-26,Mobile
13048,187369,36,3153,5,2025-05-11,Mobile
13049,187382,58,4649,1,2025-05-15,Mobile
13050,187399,16,3368,6,2025-02-08,Mobile
13051,187400,21,5656,3,2026-01-20,Tablet
13052,187410,15,4706,6,2026-05-18,Desktop
13053,187453,59,11,5,2026-04-28,Mobile
13054,187458,32,3376,3,2024-10-15,Mobile
13055,187465,58,5817,1,2025-05-21,Desktop
13056,187486,24,807,6,2025-11-01,Mobile
13057,187490,36,11,5,2025-04-10,Tablet
13058,187491,47,4777,3,2024-10-14,Desktop
13059,187492,26,1058,3,2025-11-05,Tablet
13060,187505,60,301,5,2025-04-15,Tablet
13061,187506,35,1577,6,2025-05-26,Mobile
13062,187526,45,4598,4,2026-04-13,Mobile
13063,187533,18,1014,4,2025-04-24,Desktop
13064,187555,36,4502,5,2025-03-31,Desktop
13065,187583,26,468,3,2025-10-30,Desktop
13066,187585,25,1857,3,2024-12-02,Desktop
13067,187597,20,330,6,2025-05-07,Mobile
13068,187635,31,4204,4,2025-01-23,Mobile
13069,187641,22,1562,5,2024-10-15,Tablet
13070,187644,55,1933,3,2025-07-12,Mobile
13071,187651,9,4935,2,2024-09-05,Tablet
13072,187679,55,4855,3,2025-08-13,Mobile
13073,187707,48,2162,2,2026-02-08,Tablet
13074,187726,35,3960,6,2025-05-21,Mobile
13075,187763,29,2431,1,2025-04-28,Desktop
13076,187764,57,2141,2,2024-11-05,Desktop
13077,187846,38,3697,2,2025-11-16,Mobile
13078,187847,38,4885,2,2025-11-09,Desktop
13079,187849,39,4367,6,2024-12-02,Desktop
13080,187865,30,4581,6,2024-11-27,Tablet
13081,187866,13,438,4,2024-09-03,Tablet
13082,187871,53,2394,3,2026-05-16,Desktop
13083,187883,59,4005,5,2026-04-25,Mobile
13084,187884,23,1616,1,2026-01-13,Tablet
13085,187914,9,1249,2,2024-09-05,Tablet
13086,187923,46,1755,4,2025-02-01,Desktop
13087,187955,28,5449,6,2025-04-17,Tablet
13088,187979,38,3101,2,2025-11-15,Desktop
13089,187989,22,5953,5,2024-10-13,Desktop
13090,188003,50,438,1,2025-05-01,Mobile
13091,188007,22,3017,5,2024-10-06,Tablet
13092,188012,21,1760,3,2026-01-20,Tablet
13093,188015,3,324,4,2025-12-09,Desktop
13094,188023,34,4486,3,2025-06-20,Tablet
13095,188048,58,5128,1,2025-05-20,Desktop
13096,188059,48,1706,2,2026-02-13,Mobile
13097,188067,53,4368,3,2026-05-13,Tablet
13098,188083,11,2814,3,2024-08-20,Tablet
13099,188085,57,5536,2,2024-11-09,Desktop
13100,188103,51,2385,6,2025-10-03,Desktop
13101,188113,53,5953,3,2026-05-05,Desktop
13102,188134,42,393,2,2024-12-07,Desktop
13103,188142,25,4381,3,2025-01-07,Desktop
13104,188149,43,5213,2,2026-01-09,Desktop
13105,188151,29,2165,1,2025-05-13,Desktop
13106,188180,1,2906,6,2025-05-01,Desktop
13107,188182,6,5852,5,2025-03-04,Mobile
13108,188185,47,2853,3,2024-11-08,Mobile
13109,188188,22,4221,5,2024-10-30,Tablet
13110,188198,42,674,2,2024-11-26,Mobile
13111,188208,43,411,2,2026-01-26,Mobile
13112,188246,17,1035,2,2024-12-03,Tablet
13113,188252,46,4717,4,2025-01-29,Mobile
13114,188260,46,4549,4,2025-01-02,Tablet
13115,188277,47,1724,3,2024-10-19,Tablet
13116,188283,25,510,3,2024-11-26,Desktop
13117,188290,20,1229,6,2025-04-24,Desktop
13118,188311,33,4447,3,2026-03-06,Desktop
13119,188335,56,264,5,2024-12-18,Desktop
13120,188350,21,338,3,2026-01-13,Mobile
13121,188351,24,502,6,2025-10-29,Mobile
13122,188371,34,4730,3,2025-06-17,Desktop
13123,188390,52,69,1,2025-03-02,Desktop
13124,188391,53,5209,3,2026-05-23,Desktop
13125,188392,25,4175,3,2025-01-08,Tablet
13126,188398,27,3236,2,2024-10-24,Tablet
13127,188448,26,5446,3,2025-10-25,Tablet
13128,188455,40,5054,5,2026-03-09,Mobile
13129,188456,11,2983,3,2024-09-26,Mobile
13130,188524,36,2823,5,2025-05-13,Tablet
13131,188538,12,474,1,2024-08-01,Mobile
13132,188552,41,1928,3,2026-01-28,Tablet
13133,188560,11,5995,3,2024-08-22,Desktop
13134,188567,4,4007,1,2025-01-25,Desktop
13135,188593,18,3854,4,2025-04-25,Desktop
13136,188597,22,2646,5,2024-11-03,Tablet
13137,188613,57,2281,2,2024-10-08,Mobile
13138,188620,8,5940,2,2025-08-06,Tablet
13139,188625,25,2830,3,2024-12-27,Desktop
13140,188642,14,267,2,2024-11-19,Mobile
13141,188643,38,846,2,2025-11-09,Desktop
13142,188669,15,1953,6,2026-05-01,Mobile
13143,188672,3,4320,4,2025-12-09,Desktop
13144,188674,45,137,4,2026-04-17,Desktop
13145,188680,50,4201,1,2025-03-14,Mobile
13146,188710,16,5790,6,2025-03-09,Desktop
13147,188711,36,3674,5,2025-04-25,Tablet
13148,188735,57,338,2,2024-10-14,Mobile
13149,188756,31,5858,4,2025-01-24,Tablet
13150,188801,20,37,6,2025-05-26,Mobile
13151,188804,4,1999,1,2024-12-22,Tablet
13152,188805,59,1930,5,2026-05-01,Desktop
13153,188812,26,291,3,2025-11-06,Tablet
13154,188867,23,2667,1,2026-01-13,Tablet
13155,188886,1,411,6,2025-04-30,Mobile
13156,188900,60,462,5,2025-04-20,Desktop
13157,188908,20,1272,6,2025-04-23,Tablet
13158,188915,8,5076,2,2025-08-09,Tablet
13159,188920,4,5553,1,2025-01-22,Desktop
13160,188936,24,4258,6,2025-10-19,Tablet
13161,188984,44,1435,1,2025-01-06,Desktop
13162,188990,24,3576,6,2025-10-06,Mobile
13163,188992,1,4613,6,2025-04-10,Tablet
13164,188996,8,5546,2,2025-08-05,Tablet
13165,189017,46,4064,4,2025-02-07,Tablet
13166,189018,15,5247,6,2026-05-13,Desktop
13167,189041,33,3558,3,2026-03-01,Desktop
13168,189062,5,517,1,2024-10-28,Desktop
13169,189074,50,5979,1,2025-04-27,Desktop
13170,189080,35,2042,6,2025-06-04,Tablet
13171,189082,54,5446,1,2025-09-12,Mobile
13172,189084,51,5531,6,2025-09-14,Desktop
13173,189097,11,4494,3,2024-09-06,Desktop
13174,189113,4,5604,1,2024-12-10,Desktop
13175,189130,44,1472,1,2024-12-23,Tablet
13176,189132,53,5102,3,2026-05-07,Mobile
13177,189144,4,3604,1,2025-01-31,Desktop
13178,189151,7,3311,5,2026-05-22,Desktop
13179,189171,44,2723,1,2024-12-30,Tablet
13180,189182,31,5641,4,2025-01-26,Mobile
13181,189190,45,1027,4,2026-05-07,Desktop
13182,189197,41,1653,3,2026-02-03,Tablet
13183,189230,24,2649,6,2025-10-24,Desktop
13184,189240,8,997,2,2025-07-28,Mobile
13185,189251,22,708,5,2024-10-14,Tablet
13186,189264,39,2723,6,2024-12-20,Tablet
13187,189267,30,1471,6,2024-11-12,Desktop
13188,189273,48,3045,2,2026-01-31,Desktop
13189,189276,55,1875,3,2025-07-23,Tablet
13190,189281,57,5300,2,2024-11-16,Tablet
13191,189289,41,1126,3,2026-02-20,Tablet
13192,189304,16,2467,6,2025-01-18,Tablet
13193,189308,42,4905,2,2025-01-24,Mobile
13194,189323,51,1518,6,2025-09-01,Desktop
13195,189351,58,3699,1,2025-05-07,Tablet
13196,189354,21,4935,3,2026-01-14,Desktop
13197,189382,10,2529,1,2025-12-11,Desktop
13198,189383,44,5244,1,2025-01-05,Desktop
13199,189386,40,3145,5,2026-02-23,Mobile
13200,189407,24,4149,6,2025-10-16,Tablet
13201,189430,53,4590,3,2026-05-11,Tablet
13202,189458,50,5566,1,2025-03-14,Mobile
13203,189466,31,2790,4,2025-01-21,Mobile
13204,189474,59,4772,5,2026-05-01,Mobile
13205,189489,15,3587,6,2026-04-16,Desktop
13206,189520,16,3999,6,2025-03-08,Tablet
13207,189528,7,4561,5,2026-05-30,Mobile
13208,189551,49,2014,5,2025-10-04,Tablet
13209,189557,50,3566,1,2025-04-03,Mobile
13210,189570,16,3844,6,2025-02-26,Desktop
13211,189591,55,2567,3,2025-07-29,Mobile
13212,189614,31,369,4,2025-01-23,Desktop
13213,189646,44,873,1,2024-12-01,Mobile
13214,189664,40,2758,5,2026-03-05,Desktop
13215,189671,28,4947,6,2025-04-26,Mobile
13216,189684,32,1607,3,2024-10-15,Mobile
13217,189695,49,298,5,2025-10-22,Tablet
13218,189707,4,543,1,2024-12-18,Tablet
13219,189723,16,2637,6,2025-02-05,Tablet
13220,189730,15,2229,6,2026-05-22,Tablet
13221,189750,13,1894,4,2024-09-04,Mobile
13222,189762,42,486,2,2024-12-13,Desktop
13223,189763,13,3776,4,2024-09-13,Desktop
13224,189785,18,4183,4,2025-03-29,Tablet
13225,189787,30,5324,6,2024-11-25,Tablet
13226,189791,11,4297,3,2024-09-27,Tablet
13227,189815,30,5898,6,2024-11-15,Tablet
13228,189817,45,1395,4,2026-05-30,Tablet
13229,189818,45,1250,4,2026-05-23,Tablet
13230,189826,35,5431,6,2025-05-21,Desktop
13231,189847,2,2565,1,2024-11-10,Desktop
13232,189866,1,296,6,2025-03-24,Mobile
13233,189878,54,670,1,2025-09-25,Desktop
13234,189892,56,2623,5,2024-12-21,Mobile
13235,189897,24,5345,6,2025-11-01,Tablet
13236,189907,38,924,2,2025-11-16,Mobile
13237,189910,31,1541,4,2025-01-31,Tablet
13238,189913,18,2651,4,2025-04-13,Mobile
13239,189919,18,1020,4,2025-05-06,Desktop
13240,189951,38,2180,2,2025-11-14,Desktop
13241,189967,44,1793,1,2025-01-09,Tablet
13242,189968,45,3347,4,2026-04-07,Tablet
13243,189994,36,4562,5,2025-04-09,Tablet
13244,190017,29,5761,1,2025-05-12,Mobile
13245,190034,18,3687,4,2025-05-12,Mobile
13246,190035,19,585,4,2025-05-20,Mobile
13247,190114,4,3039,1,2024-12-05,Desktop
13248,190145,6,1580,5,2025-02-21,Desktop
13249,190151,13,3439,4,2024-09-13,Desktop
13250,190162,15,5301,6,2026-04-30,Mobile
13251,190165,28,5642,6,2025-04-22,Tablet
13252,190190,42,69,2,2025-01-07,Desktop
13253,190197,31,3144,4,2025-01-26,Desktop
13254,190202,18,4465,4,2025-04-15,Desktop
13255,190209,47,2207,3,2024-10-23,Mobile
13256,190210,16,4908,6,2025-01-18,Desktop
13257,190212,43,145,2,2026-01-30,Tablet
13258,190238,39,978,6,2024-12-01,Desktop
13259,190270,17,453,2,2024-12-08,Tablet
13260,190278,11,850,3,2024-09-22,Tablet
13261,190295,3,5349,4,2025-12-14,Mobile
13262,190296,33,4134,3,2026-02-04,Desktop
13263,190314,7,3589,5,2026-05-20,Mobile
13264,190318,34,694,3,2025-06-30,Desktop
13265,190319,22,3846,5,2024-10-26,Desktop
13266,190328,28,1976,6,2025-05-06,Tablet
13267,190334,16,1041,6,2025-02-27,Mobile
13268,190349,51,194,6,2025-09-26,Tablet
13269,190352,25,2720,3,2024-12-17,Tablet
13270,190359,4,5002,1,2025-01-04,Desktop
13271,190429,28,4682,6,2025-05-13,Mobile
13272,190438,45,2059,4,2026-04-04,Mobile
13273,190445,43,3105,2,2026-01-19,Mobile
13274,190459,47,1942,3,2024-11-14,Tablet
13275,190464,54,460,1,2025-09-25,Desktop
13276,190497,60,4473,5,2025-04-18,Tablet
13277,190501,60,1716,5,2025-04-26,Mobile
13278,190504,6,5411,5,2025-02-20,Mobile
13279,190512,16,4211,6,2025-02-02,Desktop
13280,190546,14,1153,2,2024-11-21,Mobile
13281,190547,28,4184,6,2025-05-12,Mobile
13282,190556,12,3350,1,2024-08-03,Desktop
13283,190558,44,867,1,2024-12-11,Mobile
13284,190560,48,2348,2,2026-01-27,Tablet
13285,190584,43,1562,2,2026-01-23,Tablet
13286,190589,24,5916,6,2025-10-14,Tablet
13287,190597,31,5195,4,2025-01-26,Mobile
13288,190617,50,1649,1,2025-03-19,Mobile
13289,190619,15,3125,6,2026-05-13,Mobile
13290,190663,39,2656,6,2024-11-28,Desktop
13291,190672,60,720,5,2025-04-14,Tablet
13292,190691,58,3518,1,2025-05-07,Tablet
13293,190693,39,1497,6,2024-11-24,Mobile
13294,190710,60,4618,5,2025-04-26,Tablet
13295,190720,28,1447,6,2025-05-11,Tablet
13296,190732,34,4728,3,2025-06-14,Mobile
13297,190754,53,4233,3,2026-05-04,Desktop
13298,190757,9,3870,2,2024-09-10,Mobile
13299,190758,55,5832,3,2025-07-09,Mobile
13300,190780,30,2055,6,2024-11-27,Tablet
13301,190811,13,2262,4,2024-09-10,Mobile
13302,190824,41,5533,3,2026-02-01,Desktop
13303,190829,14,3939,2,2024-12-06,Tablet
13304,190878,46,5775,4,2024-12-31,Mobile
13305,190880,43,2924,2,2026-01-10,Tablet
13306,190883,34,2916,3,2025-06-20,Desktop
13307,190892,8,2666,2,2025-07-19,Tablet
13308,190916,3,2642,4,2025-12-17,Mobile
13309,190948,10,471,1,2026-01-17,Tablet
13310,190959,52,211,1,2025-04-04,Tablet
13311,190965,9,3073,2,2024-09-01,Tablet
13312,190982,9,1087,2,2024-09-11,Mobile
13313,190986,14,5023,2,2024-11-21,Desktop
13314,191018,7,4889,5,2026-05-28,Desktop
13315,191110,44,355,1,2025-01-12,Desktop
13316,191113,45,5604,4,2026-05-28,Desktop
13317,191128,25,1688,3,2024-12-29,Desktop
13318,191131,2,4907,1,2024-11-08,Mobile
13319,191135,56,1508,5,2024-12-21,Tablet
13320,191140,34,2913,3,2025-06-24,Mobile
13321,191155,37,2140,5,2025-01-26,Tablet
13322,191193,51,4676,6,2025-09-20,Tablet
13323,191206,12,5067,1,2024-08-03,Desktop
13324,191207,55,4147,3,2025-08-06,Desktop
13325,191214,20,257,6,2025-04-22,Tablet
13326,191221,16,4799,6,2025-03-10,Desktop
13327,191223,60,5207,5,2025-04-29,Desktop
13328,191224,27,1930,2,2024-10-30,Tablet
13329,191238,13,2261,4,2024-09-01,Mobile
13330,191268,3,4338,4,2025-12-04,Desktop
13331,191281,43,1715,2,2026-01-21,Desktop
13332,191285,17,2290,2,2024-12-25,Tablet
13333,191323,18,4562,4,2025-03-28,Mobile
13334,191360,20,3077,6,2025-04-30,Mobile
13335,191377,50,727,1,2025-04-04,Mobile
13336,191404,37,1510,5,2025-01-11,Desktop
13337,191439,50,207,1,2025-03-21,Mobile
13338,191492,27,3685,2,2024-10-23,Desktop
13339,191500,38,5316,2,2025-11-20,Desktop
13340,191503,23,5889,1,2026-01-09,Tablet
13341,191504,2,2262,1,2024-10-29,Tablet
13342,191509,39,5060,6,2024-12-16,Desktop
13343,191516,6,2079,5,2025-02-05,Mobile
13344,191538,18,1870,4,2025-05-10,Desktop
13345,191540,55,5837,3,2025-07-14,Tablet
13346,191543,55,2987,3,2025-08-21,Tablet
13347,191553,49,2857,5,2025-09-12,Desktop
13348,191559,10,2820,1,2026-01-15,Mobile
13349,191596,35,4710,6,2025-05-31,Desktop
13350,191625,42,2108,2,2025-01-24,Mobile
13351,191626,49,187,5,2025-09-22,Mobile
13352,191634,50,413,1,2025-04-04,Desktop
13353,191650,59,4823,5,2026-04-27,Desktop
13354,191673,3,3385,4,2025-12-06,Tablet
13355,191688,55,3608,3,2025-08-13,Tablet
13356,191712,30,3790,6,2024-12-03,Tablet
13357,191748,54,3843,1,2025-09-12,Desktop
13358,191755,57,3939,2,2024-10-20,Mobile
13359,191763,32,4401,3,2024-09-29,Tablet
13360,191783,16,1127,6,2025-02-23,Desktop
13361,191795,23,691,1,2026-01-15,Tablet
13362,191799,56,1922,5,2024-12-23,Tablet
13363,191849,26,2484,3,2025-10-28,Tablet
13364,191862,45,804,4,2026-05-17,Desktop
13365,191865,39,675,6,2024-12-09,Desktop
13366,191894,52,1786,1,2025-03-19,Tablet
13367,191895,15,3653,6,2026-05-03,Desktop
13368,191950,8,5378,2,2025-07-20,Tablet
13369,191959,32,1819,3,2024-09-09,Tablet
13370,191966,48,2001,2,2026-02-07,Desktop
13371,191967,36,3033,5,2025-04-24,Desktop
13372,191969,42,5729,2,2024-11-28,Tablet
13373,191981,7,2000,5,2026-06-01,Desktop
13374,192005,48,3379,2,2026-02-11,Mobile
13375,192010,45,697,4,2026-04-16,Mobile
13376,192017,48,1269,2,2026-01-26,Desktop
13377,192019,57,3543,2,2024-10-24,Desktop
13378,192029,41,1793,3,2026-01-27,Mobile
13379,192035,25,1683,3,2024-11-15,Desktop
13380,192038,31,1413,4,2025-01-28,Mobile
13381,192040,9,1735,2,2024-09-16,Mobile
13382,192056,43,2362,2,2026-01-18,Desktop
13383,192058,28,1435,6,2025-05-10,Mobile
13384,192064,50,4737,1,2025-03-23,Desktop
13385,192082,35,1100,6,2025-06-02,Tablet
13386,192089,38,2788,2,2025-11-17,Mobile
13387,192092,60,177,5,2025-04-16,Mobile
13388,192116,60,2110,5,2025-04-07,Mobile
13389,192137,58,659,1,2025-06-02,Mobile
13390,192143,14,5631,2,2024-12-11,Tablet
13391,192157,15,4902,6,2026-04-16,Mobile
13392,192159,44,5042,1,2024-12-16,Tablet
13393,192160,7,357,5,2026-05-21,Tablet
13394,192173,16,2464,6,2025-02-20,Mobile
13395,192192,52,1146,1,2025-02-14,Tablet
13396,192226,20,4513,6,2025-05-14,Desktop
13397,192233,19,5780,4,2025-05-13,Mobile
13398,192239,26,2094,3,2025-10-25,Desktop
13399,192255,54,1178,1,2025-09-06,Tablet
13400,192256,10,4434,1,2026-01-03,Mobile
13401,192257,53,570,3,2026-05-22,Mobile
13402,192271,36,536,5,2025-03-21,Mobile
13403,192276,42,48,2,2024-12-17,Mobile
13404,192291,20,5385,6,2025-04-26,Desktop
13405,192305,34,3613,3,2025-06-19,Desktop
13406,192364,47,2048,3,2024-10-29,Tablet
13407,192365,3,4400,4,2025-12-15,Tablet
13408,192378,39,3779,6,2024-12-24,Desktop
13409,192391,52,5131,1,2025-03-21,Mobile
13410,192398,10,3455,1,2025-11-30,Desktop
13411,192406,51,1748,6,2025-08-27,Tablet
13412,192407,44,2656,1,2024-12-29,Desktop
13413,192409,32,803,3,2024-10-17,Desktop
13414,192427,52,3196,1,2025-03-27,Desktop
13415,192474,3,3581,4,2025-12-11,Mobile
13416,192485,58,3530,1,2025-05-30,Desktop
13417,192488,57,604,2,2024-11-07,Tablet
13418,192507,12,5848,1,2024-07-29,Mobile
13419,192527,28,2856,6,2025-04-28,Tablet
13420,192539,51,3099,6,2025-10-07,Desktop
13421,192548,5,546,1,2024-11-05,Desktop
13422,192552,19,2304,4,2025-05-19,Mobile
13423,192554,3,89,4,2025-12-07,Tablet
13424,192562,48,4498,2,2026-02-05,Desktop
13425,192596,19,3481,4,2025-04-24,Desktop
13426,192601,44,951,1,2024-12-29,Tablet
13427,192603,24,1160,6,2025-10-21,Mobile
13428,192604,9,492,2,2024-09-06,Desktop
13429,192606,41,3836,3,2026-01-30,Mobile
13430,192608,23,1092,1,2026-01-05,Desktop
13431,192617,58,4320,1,2025-05-22,Mobile
13432,192627,40,3641,5,2026-03-07,Desktop
13433,192645,40,314,5,2026-03-08,Tablet
13434,192648,36,2698,5,2025-03-30,Tablet
13435,192656,25,1127,3,2024-12-09,Desktop
13436,192684,31,1738,4,2025-01-29,Desktop
13437,192741,21,5076,3,2026-01-16,Mobile
13438,192775,33,3915,3,2026-02-01,Tablet
13439,192784,45,2307,4,2026-04-02,Tablet
13440,192788,2,4694,1,2024-10-30,Tablet
13441,192801,18,5486,4,2025-05-05,Tablet
13442,192807,17,2231,2,2024-12-29,Tablet
13443,192815,43,153,2,2026-01-16,Desktop
13444,192820,17,1653,2,2024-12-13,Tablet
13445,192828,16,5190,6,2025-02-26,Desktop
13446,192841,38,4243,2,2025-11-14,Mobile
13447,192846,10,1945,1,2025-12-11,Mobile
13448,192862,6,1349,5,2025-02-28,Tablet
13449,192866,8,526,2,2025-07-22,Mobile
13450,192889,56,1659,5,2024-12-09,Tablet
13451,192892,24,1919,6,2025-11-14,Desktop
13452,192908,6,344,5,2025-01-26,Mobile
13453,192914,30,4089,6,2024-11-24,Tablet
13454,192962,28,3573,6,2025-04-19,Tablet
13455,192967,22,2788,5,2024-10-22,Desktop
13456,192997,4,1107,1,2025-01-12,Tablet
13457,193016,32,2388,3,2024-09-22,Tablet
13458,193017,29,4078,1,2025-05-17,Desktop
13459,193026,54,4560,1,2025-09-19,Tablet
13460,193030,38,2855,2,2025-11-12,Mobile
13461,193061,16,5231,6,2025-02-21,Tablet
13462,193062,9,5878,2,2024-08-26,Mobile
13463,193079,46,4986,4,2025-01-01,Mobile
13464,193097,40,121,5,2026-02-28,Mobile
13465,193100,38,5755,2,2025-11-21,Tablet
13466,193115,3,3202,4,2025-12-15,Desktop
13467,193120,2,5827,1,2024-11-01,Desktop
13468,193127,34,3726,3,2025-06-12,Mobile
13469,193128,33,2323,3,2026-03-10,Tablet
13470,193132,47,4499,3,2024-10-28,Mobile
13471,193228,41,4084,3,2026-02-18,Desktop
13472,193248,46,2205,4,2025-02-08,Tablet
13473,193249,23,2476,1,2026-01-15,Mobile
13474,193278,47,2243,3,2024-10-11,Tablet
13475,193296,5,1864,1,2024-11-13,Tablet
13476,193298,16,4813,6,2025-01-18,Mobile
13477,193336,48,1761,2,2026-02-10,Mobile
13478,193361,11,4954,3,2024-09-07,Tablet
13479,193364,58,3347,1,2025-05-24,Tablet
13480,193386,42,2137,2,2024-12-30,Mobile
13481,193431,18,5048,4,2025-03-23,Tablet
13482,193448,22,936,5,2024-10-24,Mobile
13483,193449,32,1387,3,2024-11-03,Desktop
13484,193462,41,1998,3,2026-02-09,Mobile
13485,193467,9,2906,2,2024-08-27,Mobile
13486,193482,22,3084,5,2024-10-15,Mobile
13487,193502,53,2658,3,2026-05-17,Mobile
13488,193526,59,195,5,2026-05-04,Mobile
13489,193575,45,5814,4,2026-05-24,Desktop
13490,193586,31,3559,4,2025-01-20,Mobile
13491,193587,18,3133,4,2025-03-21,Tablet
13492,193594,4,3003,1,2025-01-20,Desktop
13493,193597,60,552,5,2025-04-12,Desktop
13494,193609,53,5989,3,2026-05-27,Mobile
13495,193625,17,4788,2,2024-12-10,Mobile
13496,193648,54,5328,1,2025-09-09,Mobile
13497,193661,18,851,4,2025-03-25,Mobile
13498,193672,23,4659,1,2026-01-03,Mobile
13499,193686,8,3459,2,2025-08-09,Desktop
13500,193693,21,2861,3,2026-01-18,Desktop
13501,193712,13,5609,4,2024-09-12,Mobile
13502,193718,41,4166,3,2026-02-13,Tablet
13503,193720,27,4058,2,2024-11-04,Desktop
13504,193724,29,390,1,2025-05-04,Mobile
13505,193729,60,2312,5,2025-04-28,Desktop
13506,193762,38,5972,2,2025-11-10,Tablet
13507,193793,24,1125,6,2025-11-14,Tablet
13508,193794,13,3046,4,2024-09-17,Mobile
13509,193799,26,4515,3,2025-10-23,Tablet
13510,193804,3,211,4,2025-12-12,Desktop
13511,193823,37,1514,5,2025-01-07,Mobile
13512,193825,55,5360,3,2025-07-14,Mobile
13513,193872,3,565,4,2025-12-16,Mobile
13514,193899,32,4880,3,2024-09-29,Tablet
13515,193907,5,2592,1,2024-10-27,Mobile
13516,193913,1,1506,6,2025-03-25,Tablet
13517,193914,18,237,4,2025-04-19,Desktop
13518,193915,59,2851,5,2026-04-29,Tablet
13519,193927,21,280,3,2026-01-21,Tablet
13520,193952,31,5795,4,2025-01-21,Tablet
13521,193973,24,5093,6,2025-10-19,Desktop
13522,194010,8,2136,2,2025-07-22,Tablet
13523,194019,36,59,5,2025-04-24,Mobile
13524,194027,13,1870,4,2024-08-30,Desktop
13525,194035,42,4336,2,2024-12-15,Tablet
13526,194044,56,3288,5,2024-12-11,Mobile
13527,194064,45,1418,4,2026-05-04,Desktop
13528,194073,57,1371,2,2024-11-16,Tablet
13529,194080,47,3291,3,2024-11-01,Tablet
13530,194091,55,674,3,2025-08-09,Desktop
13531,194098,16,193,6,2025-01-20,Desktop
13532,194100,48,2494,2,2026-01-25,Desktop
13533,194106,41,3466,3,2026-02-18,Mobile
13534,194113,2,373,1,2024-11-11,Desktop
13535,194119,35,3442,6,2025-05-30,Mobile
13536,194123,58,782,1,2025-05-19,Tablet
13537,194125,43,4919,2,2026-01-15,Mobile
13538,194149,25,3090,3,2024-12-07,Desktop
13539,194166,14,2026,2,2024-11-29,Tablet
13540,194169,46,4720,4,2025-01-02,Desktop
13541,194210,51,3933,6,2025-10-05,Desktop
13542,194226,24,845,6,2025-11-16,Mobile
13543,194242,55,3434,3,2025-08-07,Mobile
13544,194244,40,5752,5,2026-03-14,Desktop
13545,194250,14,967,2,2024-12-10,Tablet
13546,194267,6,2668,5,2025-01-31,Tablet
13547,194282,57,3212,2,2024-11-17,Desktop
13548,194285,16,2747,6,2025-02-17,Desktop
13549,194289,33,4670,3,2026-02-13,Mobile
13550,194311,40,695,5,2026-03-07,Desktop
13551,194333,50,3184,1,2025-04-20,Desktop
13552,194348,10,5252,1,2025-11-28,Desktop
13553,194364,46,3331,4,2024-12-30,Tablet
13554,194365,28,3197,6,2025-04-14,Tablet
13555,194373,40,2142,5,2026-03-09,Mobile
13556,194380,41,600,3,2026-02-15,Desktop
13557,194405,19,4469,4,2025-05-21,Mobile
13558,194419,12,4051,1,2024-07-27,Tablet
13559,194445,43,5053,2,2026-01-26,Desktop
13560,194502,25,2662,3,2024-12-21,Tablet
13561,194503,52,5929,1,2025-03-01,Mobile
13562,194510,19,2935,4,2025-04-06,Mobile
13563,194512,49,3796,5,2025-09-10,Mobile
13564,194525,13,5143,4,2024-09-14,Tablet
13565,194544,51,4437,6,2025-10-03,Mobile
13566,194557,43,3118,2,2026-01-31,Mobile
13567,194563,11,5662,3,2024-09-22,Desktop
13568,194579,30,4053,6,2024-11-16,Tablet
13569,194581,5,4770,1,2024-10-23,Mobile
13570,194588,47,5385,3,2024-10-04,Tablet
13571,194592,55,3828,3,2025-07-28,Mobile
13572,194601,16,781,6,2025-02-10,Desktop
13573,194608,41,234,3,2026-02-09,Desktop
13574,194610,22,739,5,2024-10-09,Mobile
13575,194626,59,4375,5,2026-05-07,Mobile
13576,194630,12,87,1,2024-07-27,Mobile
13577,194638,6,1686,5,2025-01-31,Mobile
13578,194648,35,4743,6,2025-05-19,Tablet
13579,194668,53,1585,3,2026-05-13,Desktop
13580,194673,50,837,1,2025-03-07,Desktop
13581,194750,48,338,2,2026-02-11,Mobile
13582,194774,28,318,6,2025-04-29,Mobile
13583,194786,16,3742,6,2025-01-26,Mobile
13584,194795,10,3230,1,2025-12-28,Desktop
13585,194804,5,4084,1,2024-11-03,Desktop
13586,194812,47,1338,3,2024-11-03,Tablet
13587,194813,57,243,2,2024-11-12,Tablet
13588,194896,22,5042,5,2024-10-27,Mobile
13589,194903,35,4578,6,2025-05-24,Tablet
13590,194917,51,1553,6,2025-09-21,Mobile
13591,194938,35,3521,6,2025-06-06,Mobile
13592,194946,23,5417,1,2025-12-30,Mobile
13593,194953,23,378,1,2026-01-10,Tablet
13594,194956,33,1159,3,2026-02-24,Tablet
13595,194983,60,1092,5,2025-04-11,Mobile
13596,194989,32,1804,3,2024-09-16,Desktop
13597,195008,4,3242,1,2024-12-10,Mobile
13598,195009,23,2357,1,2026-01-08,Tablet
13599,195013,47,5268,3,2024-10-24,Mobile
13600,195023,13,3011,4,2024-09-04,Tablet
13601,195029,20,1707,6,2025-05-14,Tablet
13602,195031,55,463,3,2025-08-25,Mobile
13603,195041,60,173,5,2025-04-15,Tablet
13604,195060,14,781,2,2024-12-16,Tablet
13605,195084,17,2617,2,2024-11-30,Tablet
13606,195087,54,418,1,2025-09-07,Desktop
13607,195092,47,726,3,2024-10-28,Desktop
13608,195095,49,5581,5,2025-09-19,Desktop
13609,195096,11,3435,3,2024-08-31,Tablet
13610,195120,23,1408,1,2026-01-15,Mobile
13611,195163,43,4253,2,2026-01-18,Mobile
13612,195167,9,1802,2,2024-08-29,Mobile
13613,195190,38,5282,2,2025-11-22,Tablet
13614,195212,9,5592,2,2024-08-29,Tablet
13615,195216,23,4505,1,2026-01-04,Mobile
13616,195223,20,4823,6,2025-05-27,Desktop
13617,195225,55,2478,3,2025-08-19,Desktop
13618,195261,34,177,3,2025-06-11,Mobile
13619,195266,50,5247,1,2025-04-27,Desktop
13620,195271,58,3093,1,2025-05-30,Desktop
13621,195276,29,285,1,2025-04-20,Desktop
13622,195312,32,664,3,2024-09-22,Desktop
13623,195357,57,5048,2,2024-10-19,Desktop
13624,195366,15,928,6,2026-05-11,Desktop
13625,195387,38,2029,2,2025-11-09,Mobile
13626,195398,16,1854,6,2025-02-26,Tablet
13627,195409,8,814,2,2025-07-21,Mobile
13628,195411,45,329,4,2026-05-13,Tablet
13629,195414,54,4167,1,2025-09-20,Mobile
13630,195416,5,266,1,2024-11-02,Mobile
13631,195417,21,4755,3,2026-01-16,Tablet
13632,195426,37,5641,5,2025-02-01,Desktop
13633,195439,30,2150,6,2024-11-13,Mobile
13634,195445,20,3827,6,2025-05-27,Desktop
13635,195449,14,2426,2,2024-12-14,Mobile
13636,195453,58,5340,1,2025-05-03,Mobile
13637,195461,57,4412,2,2024-10-15,Desktop
13638,195475,39,5517,6,2024-11-24,Tablet
13639,195477,13,5824,4,2024-09-05,Tablet
13640,195490,13,662,4,2024-09-15,Mobile
13641,195492,55,2120,3,2025-08-10,Tablet
13642,195496,59,1562,5,2026-04-30,Tablet
13643,195521,46,5314,4,2025-01-17,Tablet
13644,195544,54,1835,1,2025-09-27,Desktop
13645,195566,17,5766,2,2024-11-25,Mobile
13646,195568,48,5577,2,2026-02-09,Tablet
13647,195573,8,5642,2,2025-07-18,Desktop
13648,195583,14,2162,2,2024-12-03,Desktop
13649,195630,38,499,2,2025-11-23,Desktop
13650,195631,29,1269,1,2025-05-24,Desktop
13651,195644,14,5864,2,2024-11-19,Mobile
13652,195651,30,807,6,2024-11-18,Tablet
13653,195680,11,5679,3,2024-09-16,Tablet
13654,195682,24,4416,6,2025-11-08,Mobile
13655,195689,22,2162,5,2024-10-04,Tablet
13656,195690,49,2655,5,2025-09-01,Mobile
13657,195691,28,1935,6,2025-04-28,Mobile
13658,195700,16,2496,6,2025-01-18,Tablet
13659,195703,10,2904,1,2025-12-22,Desktop
13660,195708,25,1642,3,2024-12-11,Tablet
13661,195711,40,858,5,2026-02-23,Tablet
13662,195724,8,3451,2,2025-08-03,Desktop
13663,195727,56,5408,5,2024-12-24,Desktop
13664,195728,60,266,5,2025-04-11,Desktop
13665,195745,42,2435,2,2024-12-31,Mobile
13666,195772,40,2484,5,2026-03-09,Tablet
13667,195780,32,5212,3,2024-10-31,Desktop
13668,195802,22,4441,5,2024-10-13,Desktop
13669,195817,36,5263,5,2025-05-09,Tablet
13670,195834,30,1650,6,2024-11-20,Desktop
13671,195846,45,3283,4,2026-04-01,Tablet
13672,195872,57,4368,2,2024-11-17,Mobile
13673,195877,55,4184,3,2025-07-29,Tablet
13674,195895,49,1334,5,2025-10-13,Desktop
13675,195903,28,3905,6,2025-04-30,Mobile
13676,195905,11,1476,3,2024-08-24,Desktop
13677,195906,52,3363,1,2025-02-17,Mobile
13678,195929,39,339,6,2024-12-23,Tablet
13679,195942,29,1403,1,2025-05-27,Mobile
13680,195947,56,2365,5,2024-12-20,Mobile
13681,195955,14,5622,2,2024-11-22,Desktop
13682,195962,56,1547,5,2024-12-16,Desktop
13683,195963,29,5251,1,2025-05-09,Desktop
13684,195975,45,3937,4,2026-05-17,Tablet
13685,195976,38,3903,2,2025-11-17,Mobile
13686,195984,33,4840,3,2026-02-05,Desktop
13687,195985,25,511,3,2024-11-19,Mobile
13688,195993,23,3282,1,2026-01-15,Mobile
13689,196010,58,1756,1,2025-05-20,Desktop
13690,196011,52,779,1,2025-03-09,Desktop
13691,196013,56,2921,5,2024-12-23,Desktop
13692,196018,30,3139,6,2024-11-18,Tablet
13693,196023,25,3447,3,2024-11-13,Desktop
13694,196028,41,1865,3,2026-02-04,Desktop
13695,196030,1,5958,6,2025-04-26,Tablet
13696,196043,59,4743,5,2026-04-22,Desktop
13697,196051,31,4226,4,2025-01-29,Mobile
13698,196055,44,2730,1,2024-12-29,Desktop
13699,196066,17,1699,2,2024-12-03,Tablet
13700,196071,22,3189,5,2024-10-15,Desktop
13701,196085,29,4760,1,2025-06-05,Tablet
13702,196098,4,3761,1,2025-01-13,Tablet
13703,196125,49,31,5,2025-09-08,Desktop
13704,196141,36,1346,5,2025-05-09,Tablet
13705,196154,20,5815,6,2025-05-04,Tablet
13706,196183,43,2960,2,2026-01-16,Tablet
13707,196192,41,242,3,2026-01-27,Mobile
13708,196197,15,3733,6,2026-05-13,Mobile
13709,196212,54,2394,1,2025-09-21,Desktop
13710,196275,47,691,3,2024-11-03,Desktop
13711,196284,51,239,6,2025-08-29,Tablet
13712,196293,39,5594,6,2024-12-24,Mobile
13713,196298,42,552,2,2024-12-23,Desktop
13714,196328,47,3834,3,2024-11-04,Tablet
13715,196335,19,2617,4,2025-04-10,Desktop
13716,196376,21,1005,3,2026-01-14,Tablet
13717,196403,6,4894,5,2025-01-28,Tablet
13718,196446,1,2738,6,2025-03-31,Mobile
13719,196454,50,3978,1,2025-03-16,Tablet
13720,196473,43,2239,2,2026-01-18,Mobile
13721,196506,58,1428,1,2025-05-19,Mobile
13722,196512,58,1793,1,2025-05-30,Desktop
13723,196522,8,645,2,2025-08-11,Desktop
13724,196537,24,326,6,2025-11-15,Tablet
13725,196554,48,1095,2,2026-02-06,Mobile
13726,196590,57,3877,2,2024-11-09,Tablet
13727,196595,31,3504,4,2025-01-18,Desktop
13728,196610,54,5569,1,2025-09-06,Mobile
13729,196644,7,1581,5,2026-05-21,Mobile
13730,196672,21,1975,3,2026-01-15,Tablet
13731,196686,1,1552,6,2025-03-30,Desktop
13732,196692,43,5888,2,2026-01-24,Desktop
13733,196708,28,3299,6,2025-04-22,Tablet
13734,196711,53,1162,3,2026-05-08,Mobile
13735,196719,11,1102,3,2024-08-23,Tablet
13736,196726,29,5678,1,2025-05-24,Tablet
13737,196756,54,3793,1,2025-09-16,Desktop
13738,196785,31,3980,4,2025-01-19,Desktop
13739,196796,20,3027,6,2025-05-27,Desktop
13740,196821,19,4511,4,2025-05-16,Desktop
13741,196825,48,451,2,2026-02-09,Mobile
13742,196842,19,5799,4,2025-06-02,Tablet
13743,196859,17,4783,2,2024-12-24,Tablet
13744,196926,16,4589,6,2025-01-31,Tablet
13745,196934,37,5336,5,2025-01-12,Desktop
13746,196954,45,2912,4,2026-05-10,Mobile
13747,196957,44,4765,1,2024-12-03,Mobile
13748,196981,34,2983,3,2025-06-27,Desktop
13749,197019,54,5628,1,2025-09-22,Desktop
13750,197037,34,3760,3,2025-06-15,Mobile
13751,197043,45,1837,4,2026-05-28,Mobile
13752,197044,7,933,5,2026-05-25,Tablet
13753,197081,8,3297,2,2025-07-29,Mobile
13754,197106,42,2438,2,2024-12-21,Mobile
13755,197110,36,1756,5,2025-03-22,Mobile
13756,197115,51,2576,6,2025-09-04,Mobile
13757,197119,23,2959,1,2026-01-09,Mobile
13758,197122,45,880,4,2026-05-16,Tablet
13759,197135,54,464,1,2025-09-19,Tablet
13760,197193,53,2945,3,2026-05-25,Mobile
13761,197197,43,3608,2,2026-01-18,Tablet
13762,197221,26,5140,3,2025-11-05,Desktop
13763,197231,42,4975,2,2024-12-07,Tablet
13764,197249,34,2982,3,2025-07-01,Mobile
13765,197258,19,5179,4,2025-04-28,Mobile
13766,197261,40,2808,5,2026-03-06,Desktop
13767,197300,42,3483,2,2024-11-24,Tablet
13768,197303,1,1455,6,2025-05-02,Desktop
13769,197322,40,3052,5,2026-02-21,Desktop
13770,197326,11,4104,3,2024-09-21,Mobile
13771,197339,48,1036,2,2026-01-25,Desktop
13772,197361,42,4024,2,2025-01-12,Mobile
13773,197363,24,3660,6,2025-10-09,Tablet
13774,197372,46,4338,4,2025-01-28,Mobile
13775,197387,28,2412,6,2025-05-05,Tablet
13776,197389,36,5743,5,2025-04-29,Desktop
13777,197398,33,2907,3,2026-03-09,Desktop
13778,197403,2,5797,1,2024-11-05,Desktop
13779,197407,15,2865,6,2026-05-14,Mobile
13780,197432,15,2239,6,2026-05-25,Mobile
13781,197436,24,3439,6,2025-10-29,Mobile
13782,197442,50,2547,1,2025-03-26,Mobile
13783,197449,2,3090,1,2024-11-20,Mobile
13784,197466,27,1997,2,2024-10-23,Mobile
13785,197483,5,1027,1,2024-11-09,Tablet
13786,197512,28,2373,6,2025-04-28,Tablet
13787,197515,9,4984,2,2024-08-28,Tablet
13788,197527,18,5260,4,2025-04-10,Desktop
13789,197529,56,948,5,2024-12-23,Desktop
13790,197536,11,3865,3,2024-08-24,Mobile
13791,197554,45,2421,4,2026-05-18,Mobile
13792,197565,51,1773,6,2025-09-18,Desktop
13793,197578,11,4284,3,2024-09-17,Tablet
13794,197579,57,2851,2,2024-10-09,Tablet
13795,197582,4,3349,1,2025-01-20,Mobile
13796,197607,58,502,1,2025-05-28,Desktop
13797,197621,22,1322,5,2024-10-27,Tablet
13798,197635,50,1880,1,2025-03-15,Mobile
13799,197642,29,3497,1,2025-04-14,Mobile
13800,197659,8,3940,2,2025-08-07,Desktop
13801,197660,51,1346,6,2025-08-29,Mobile
13802,197664,17,4761,2,2025-01-03,Tablet
13803,197672,37,3079,5,2025-01-01,Mobile
13804,197687,27,5237,2,2024-10-28,Mobile
13805,197708,46,614,4,2025-01-22,Mobile
13806,197713,54,1135,1,2025-09-12,Desktop
13807,197720,45,5768,4,2026-04-13,Mobile
13808,197727,60,3066,5,2025-04-20,Desktop
13809,197730,18,2203,4,2025-05-01,Desktop
13810,197737,55,2622,3,2025-08-07,Desktop
13811,197739,14,3226,2,2024-12-10,Desktop
13812,197779,39,3052,6,2024-11-28,Tablet
13813,197783,48,1752,2,2026-01-30,Mobile
13814,197797,21,5101,3,2026-01-14,Desktop
13815,197842,22,4204,5,2024-10-25,Desktop
13816,197856,8,804,2,2025-08-13,Mobile
13817,197879,27,5120,2,2024-10-25,Tablet
13818,197880,50,2723,1,2025-04-18,Mobile
13819,197900,1,4293,6,2025-03-27,Mobile
13820,197901,34,3080,3,2025-07-01,Desktop
13821,197905,14,5661,2,2024-11-26,Tablet
13822,197943,26,1313,3,2025-11-06,Tablet
13823,197957,22,5156,5,2024-11-03,Tablet
13824,197971,25,774,3,2024-12-31,Mobile
13825,197990,55,1096,3,2025-08-07,Desktop
13826,197994,23,5367,1,2026-01-09,Mobile
13827,197998,25,2244,3,2024-12-09,Desktop
13828,198001,52,2768,1,2025-03-20,Mobile
13829,198009,6,3891,5,2025-01-30,Mobile
13830,198010,6,267,5,2025-03-09,Mobile
13831,198016,23,3930,1,2025-12-29,Desktop
13832,198018,45,5084,4,2026-04-20,Mobile
13833,198021,53,5957,3,2026-05-22,Tablet
13834,198031,31,1099,4,2025-01-16,Desktop
13835,198036,26,1848,3,2025-11-06,Tablet
13836,198060,50,1600,1,2025-03-07,Desktop
13837,198068,18,5712,4,2025-04-12,Desktop
13838,198070,10,5270,1,2025-12-18,Mobile
13839,198079,45,4966,4,2026-04-26,Desktop
13840,198099,21,2239,3,2026-01-21,Tablet
13841,198101,24,4084,6,2025-10-25,Desktop
13842,198106,7,3341,5,2026-05-19,Tablet
13843,198115,24,1506,6,2025-11-03,Mobile
13844,198116,8,5598,2,2025-08-12,Desktop
13845,198132,40,4970,5,2026-03-08,Mobile
13846,198133,9,3485,2,2024-09-08,Desktop
13847,198136,12,1501,1,2024-07-26,Mobile
13848,198137,55,4275,3,2025-07-25,Tablet
13849,198161,23,3871,1,2025-12-31,Mobile
13850,198167,2,5861,1,2024-11-09,Tablet
13851,198171,36,4603,5,2025-03-25,Mobile
13852,198187,4,5162,1,2024-12-25,Desktop
13853,198193,41,5460,3,2026-01-29,Mobile
13854,198202,36,3701,5,2025-03-29,Tablet
13855,198206,52,5888,1,2025-03-21,Mobile
13856,198207,41,5147,3,2026-01-23,Mobile
13857,198223,57,1600,2,2024-10-20,Desktop
13858,198240,52,1602,1,2025-03-30,Mobile
13859,198263,36,2925,5,2025-03-28,Tablet
13860,198265,29,3007,1,2025-05-29,Desktop
13861,198266,9,1270,2,2024-09-14,Mobile
13862,198270,25,4378,3,2024-11-27,Tablet
13863,198272,31,750,4,2025-01-20,Mobile
13864,198273,48,2215,2,2026-02-03,Desktop
13865,198280,57,4204,2,2024-11-01,Desktop
13866,198287,49,5407,5,2025-09-25,Mobile
13867,198290,34,3395,3,2025-06-24,Desktop
13868,198293,10,3716,1,2026-01-19,Desktop
13869,198295,51,4665,6,2025-10-03,Mobile
13870,198303,21,3311,3,2026-01-12,Mobile
13871,198324,24,2763,6,2025-10-03,Tablet
13872,198327,59,139,5,2026-05-04,Desktop
13873,198375,55,5437,3,2025-07-27,Tablet
13874,198378,5,3371,1,2024-11-16,Tablet
13875,198379,29,2010,1,2025-04-29,Mobile
13876,198407,58,5253,1,2025-05-08,Tablet
13877,198415,21,3442,3,2026-01-22,Mobile
13878,198423,1,1748,6,2025-05-01,Mobile
13879,198429,36,3527,5,2025-03-27,Mobile
13880,198441,14,3803,2,2024-11-23,Mobile
13881,198460,15,3942,6,2026-05-13,Mobile
13882,198467,14,2514,2,2024-12-09,Desktop
13883,198468,58,1571,1,2025-05-14,Tablet
13884,198473,36,593,5,2025-04-18,Mobile
13885,198504,6,856,5,2025-01-26,Tablet
13886,198516,20,2033,6,2025-05-29,Mobile
13887,198529,16,1595,6,2025-01-25,Desktop
13888,198530,25,1068,3,2024-12-13,Mobile
13889,198553,8,466,2,2025-08-10,Desktop
13890,198555,45,1463,4,2026-04-17,Tablet
13891,198585,60,102,5,2025-04-11,Mobile
13892,198589,40,529,5,2026-03-05,Tablet
13893,198591,25,5314,3,2024-12-27,Desktop
13894,198598,8,2978,2,2025-07-19,Mobile
13895,198604,16,1110,6,2025-02-10,Mobile
13896,198615,31,756,4,2025-02-01,Mobile
13897,198633,6,1740,5,2025-02-22,Tablet
13898,198652,21,2937,3,2026-01-12,Desktop
13899,198665,22,624,5,2024-11-03,Desktop
13900,198683,5,2216,1,2024-11-20,Mobile
13901,198685,18,3828,4,2025-03-25,Tablet
13902,198687,12,922,1,2024-07-27,Mobile
13903,198712,46,3413,4,2025-01-19,Mobile
13904,198720,41,2966,3,2026-02-16,Desktop
13905,198723,13,1589,4,2024-09-16,Mobile
13906,198729,40,972,5,2026-03-15,Tablet
13907,198736,17,4772,2,2024-12-23,Desktop
13908,198744,22,344,5,2024-10-15,Tablet
13909,198746,15,3345,6,2026-05-24,Mobile
13910,198763,43,4802,2,2026-01-27,Mobile
13911,198765,44,4985,1,2024-12-10,Tablet
13912,198767,1,3143,6,2025-03-25,Tablet
13913,198842,1,2896,6,2025-04-15,Desktop
13914,198850,11,1931,3,2024-09-30,Desktop
13915,198852,10,5839,1,2025-12-03,Mobile
13916,198873,2,5969,1,2024-10-30,Mobile
13917,198886,32,351,3,2024-10-30,Mobile
13918,198898,43,1684,2,2026-01-14,Mobile
13919,198936,27,1565,2,2024-11-02,Tablet
13920,198941,13,965,4,2024-08-31,Desktop
13921,198954,10,148,1,2025-11-30,Desktop
13922,198969,15,3345,6,2026-04-28,Tablet
13923,198993,5,4006,1,2024-11-03,Mobile
13924,199019,47,5741,3,2024-11-06,Tablet
13925,199028,17,1185,2,2025-01-02,Tablet
13926,199034,42,3889,2,2024-12-14,Desktop
13927,199038,17,5504,2,2024-12-26,Mobile
13928,199077,30,1687,6,2024-12-02,Desktop
13929,199103,58,5817,1,2025-06-01,Mobile
13930,199117,11,1208,3,2024-08-26,Mobile
13931,199119,24,4353,6,2025-11-06,Mobile
13932,199130,45,4598,4,2026-04-27,Mobile
13933,199143,20,2915,6,2025-05-16,Mobile
13934,199145,58,1063,1,2025-05-27,Mobile
13935,199147,30,5747,6,2024-11-26,Mobile
13936,199183,38,2543,2,2025-11-14,Mobile
13937,199197,27,1900,2,2024-10-27,Desktop
13938,199198,14,3112,2,2024-12-08,Mobile
13939,199204,4,1771,1,2025-01-29,Tablet
13940,199219,34,372,3,2025-06-16,Tablet
13941,199223,6,1387,5,2025-02-10,Mobile
13942,199238,60,2069,5,2025-04-08,Desktop
13943,199248,31,3472,4,2025-01-21,Tablet
13944,199254,56,2606,5,2024-12-11,Mobile
13945,199268,14,1502,2,2024-11-21,Tablet
13946,199282,7,2735,5,2026-06-01,Tablet
13947,199294,22,3121,5,2024-10-06,Desktop
13948,199317,12,3115,1,2024-08-06,Desktop
13949,199378,47,2191,3,2024-10-23,Mobile
13950,199381,7,2018,5,2026-05-30,Desktop
13951,199387,49,5267,5,2025-09-28,Tablet
13952,199400,22,3371,5,2024-10-23,Desktop
13953,199413,18,542,4,2025-04-07,Mobile
13954,199415,14,2082,2,2024-11-23,Desktop
13955,199422,2,1383,1,2024-11-17,Tablet
13956,199424,58,4358,1,2025-06-03,Tablet
13957,199425,54,3617,1,2025-09-08,Tablet
13958,199427,41,4931,3,2026-02-03,Tablet
13959,199438,19,1269,4,2025-05-24,Desktop
13960,199444,55,1050,3,2025-08-16,Desktop
13961,199458,21,4343,3,2026-01-12,Desktop
13962,199463,18,3809,4,2025-04-23,Tablet
13963,199481,50,3481,1,2025-04-12,Tablet
13964,199487,58,277,1,2025-05-22,Tablet
13965,199506,30,1508,6,2024-11-22,Desktop
13966,199513,59,3316,5,2026-04-21,Desktop
13967,199525,11,5813,3,2024-09-08,Mobile
13968,199556,23,2273,1,2026-01-16,Tablet
13969,199564,16,5595,6,2025-01-28,Tablet
13970,199568,14,44,2,2024-11-22,Tablet
13971,199577,16,4862,6,2025-02-09,Mobile
13972,199588,39,2713,6,2024-11-27,Mobile
13973,199627,34,2335,3,2025-06-23,Mobile
13974,199634,2,5797,1,2024-11-12,Mobile
13975,199660,36,1454,5,2025-04-10,Desktop
13976,199690,34,3016,3,2025-06-12,Desktop
13977,199695,46,2497,4,2025-01-11,Tablet
13978,199698,24,2044,6,2025-10-19,Desktop
13979,199720,45,440,4,2026-04-18,Mobile
13980,199729,48,3634,2,2026-02-05,Mobile
13981,199733,46,5761,4,2025-01-10,Tablet
13982,199744,45,649,4,2026-05-14,Desktop
13983,199749,18,3267,4,2025-04-03,Mobile
13984,199750,26,5203,3,2025-10-25,Mobile
13985,199760,48,4756,2,2026-01-24,Tablet
13986,199762,26,4362,3,2025-10-29,Desktop
13987,199768,38,5861,2,2025-11-20,Tablet
13988,199771,11,4462,3,2024-08-20,Tablet
13989,199773,49,5698,5,2025-10-06,Tablet
13990,199776,21,3046,3,2026-01-15,Tablet
13991,199778,29,72,1,2025-04-15,Mobile
13992,199781,59,4941,5,2026-05-05,Tablet
13993,199816,49,2261,5,2025-10-18,Mobile
13994,199819,47,5738,3,2024-10-14,Desktop
13995,199831,31,3320,4,2025-01-26,Mobile
13996,199868,44,3791,1,2024-12-26,Mobile
13997,199873,44,215,1,2025-01-14,Desktop
13998,199875,46,1703,4,2025-01-29,Mobile
13999,199887,14,4295,2,2024-11-22,Mobile
14000,199894,45,833,4,2026-05-07,Mobile
14001,199906,34,374,3,2025-06-16,Tablet
14002,199915,21,1761,3,2026-01-17,Desktop
14003,199923,22,4018,5,2024-10-23,Desktop
14004,199930,6,4957,5,2025-02-09,Desktop
14005,199944,10,5253,1,2025-12-17,Tablet
14006,199975,49,4514,5,2025-10-04,Tablet
14007,199980,31,2811,4,2025-01-17,Tablet
14008,199991,28,2969,6,2025-04-25,Desktop
14009,200006,43,5450,2,2026-01-27,Desktop
14010,200028,38,5151,2,2025-11-18,Tablet
14011,200040,19,1430,4,2025-04-08,Tablet
14012,200073,34,948,3,2025-06-22,Tablet
14013,200079,9,1371,2,2024-08-27,Tablet
14014,200091,14,5062,2,2024-11-23,Desktop
14015,200134,16,1374,6,2025-02-06,Tablet
14016,200141,43,4870,2,2026-01-12,Desktop
14017,200155,53,3964,3,2026-05-25,Mobile
14018,200187,1,1685,6,2025-05-08,Tablet
14019,200194,9,5207,2,2024-09-14,Mobile
14020,200197,23,790,1,2025-12-30,Mobile
14021,200207,55,3873,3,2025-08-07,Desktop
14022,200218,18,5921,4,2025-03-30,Desktop
14023,200224,8,3327,2,2025-07-28,Desktop
14024,200244,35,4827,6,2025-05-26,Desktop
14025,200258,5,5431,1,2024-10-21,Mobile
14026,200274,5,2716,1,2024-10-20,Tablet
14027,200299,13,3488,4,2024-09-15,Mobile
14028,200331,49,4452,5,2025-09-06,Mobile
14029,200356,37,5864,5,2025-01-03,Desktop
14030,200372,54,114,1,2025-09-08,Mobile
14031,200375,47,4705,3,2024-11-13,Tablet
14032,200384,10,5585,1,2026-01-12,Desktop
14033,200403,40,375,5,2026-03-13,Desktop
14034,200434,23,4941,1,2026-01-02,Desktop
14035,200447,57,631,2,2024-11-11,Mobile
14036,200457,4,3816,1,2025-01-08,Tablet
14037,200470,23,1153,1,2026-01-03,Desktop
14038,200481,12,4960,1,2024-07-21,Desktop
14039,200492,57,824,2,2024-11-06,Tablet
14040,200505,16,510,6,2025-03-01,Mobile
14041,200509,14,1102,2,2024-12-01,Tablet
14042,200537,28,2115,6,2025-05-02,Tablet
14043,200545,36,1872,5,2025-03-28,Tablet
14044,200564,41,1685,3,2026-02-07,Tablet
14045,200579,31,2435,4,2025-01-28,Desktop
14046,200584,21,4762,3,2026-01-21,Tablet
14047,200671,44,3869,1,2024-12-19,Tablet
14048,200674,18,614,4,2025-03-31,Mobile
14049,200690,8,3587,2,2025-07-30,Desktop
14050,200695,8,154,2,2025-07-26,Desktop
14051,200725,40,1433,5,2026-03-09,Tablet
14052,200726,51,1,6,2025-09-17,Tablet
14053,200727,52,3586,1,2025-04-10,Mobile
14054,200767,34,2153,3,2025-06-11,Tablet
14055,200837,28,3626,6,2025-04-14,Desktop
14056,200902,24,2177,6,2025-10-23,Tablet
14057,200908,52,40,1,2025-03-14,Mobile
14058,200940,32,5935,3,2024-11-07,Mobile
14059,200947,39,1165,6,2024-12-09,Tablet
14060,200952,29,3046,1,2025-05-04,Mobile
14061,200956,29,3869,1,2025-06-07,Tablet
14062,200973,22,1836,5,2024-10-12,Tablet
14063,200982,52,5114,1,2025-03-30,Desktop
14064,200992,37,2914,5,2025-01-25,Desktop
14065,200993,21,472,3,2026-01-21,Tablet
14066,201008,56,5131,5,2024-12-10,Tablet
14067,201015,31,5448,4,2025-01-18,Mobile
14068,201045,31,4870,4,2025-01-21,Tablet
14069,201049,34,5745,3,2025-06-24,Desktop
14070,201058,31,3316,4,2025-01-17,Desktop
14071,201085,24,147,6,2025-11-02,Desktop
14072,201142,33,5382,3,2026-03-02,Mobile
14073,201143,45,4579,4,2026-04-07,Tablet
14074,201152,6,4099,5,2025-01-24,Mobile
14075,201153,24,1654,6,2025-10-29,Desktop
14076,201157,39,2604,6,2024-12-12,Mobile
14077,201189,23,3422,1,2026-01-04,Desktop
14078,201190,22,5288,5,2024-10-28,Mobile
14079,201208,23,1770,1,2026-01-16,Tablet
14080,201212,44,2614,1,2024-12-26,Mobile
14081,201216,16,3790,6,2025-02-27,Desktop
14082,201235,40,2089,5,2026-03-03,Tablet
14083,201239,36,2235,5,2025-04-26,Mobile
14084,201241,35,3291,6,2025-05-17,Mobile
14085,201243,24,3986,6,2025-10-08,Mobile
14086,201253,25,1027,3,2024-11-19,Tablet
14087,201267,55,2608,3,2025-07-18,Desktop
14088,201285,53,2115,3,2026-05-19,Tablet
14089,201298,36,5007,5,2025-04-04,Mobile
14090,201299,12,4532,1,2024-08-05,Desktop
14091,201306,44,5702,1,2024-12-30,Desktop
14092,201310,2,3771,1,2024-11-20,Desktop
14093,201314,32,5478,3,2024-10-12,Desktop
14094,201319,22,2662,5,2024-11-03,Desktop
14095,201330,16,5575,6,2025-02-15,Desktop
14096,201337,21,1660,3,2026-01-12,Desktop
14097,201339,46,383,4,2024-12-25,Mobile
14098,201373,5,2008,1,2024-11-12,Desktop
14099,201402,12,2961,1,2024-08-01,Desktop
14100,201408,52,2889,1,2025-02-07,Mobile
14101,201440,55,5546,3,2025-07-17,Desktop
14102,201455,32,1651,3,2024-11-07,Mobile
14103,201456,15,5172,6,2026-04-21,Mobile
14104,201477,25,5546,3,2024-11-22,Tablet
14105,201510,38,1739,2,2025-11-16,Desktop
14106,201520,8,4578,2,2025-08-12,Desktop
14107,201521,19,5847,4,2025-04-18,Mobile
14108,201523,58,2175,1,2025-05-18,Desktop
14109,201526,52,2414,1,2025-02-15,Tablet
14110,201530,55,4148,3,2025-07-17,Tablet
14111,201549,1,4531,6,2025-04-11,Tablet
14112,201564,31,737,4,2025-01-30,Mobile
14113,201586,39,2449,6,2024-12-04,Desktop
14114,201591,1,471,6,2025-04-13,Tablet
14115,201594,56,5579,5,2024-12-09,Desktop
14116,201601,22,1783,5,2024-10-20,Tablet
14117,201605,51,4382,6,2025-09-19,Desktop
14118,201607,58,3873,1,2025-05-12,Mobile
14119,201646,48,989,2,2026-02-05,Mobile
14120,201647,55,4429,3,2025-08-16,Mobile
14121,201657,6,1047,5,2025-02-15,Tablet
14122,201667,33,5641,3,2026-02-16,Desktop
14123,201684,56,3055,5,2024-12-16,Tablet
14124,201686,15,1520,6,2026-05-10,Mobile
14125,201705,55,4389,3,2025-08-15,Desktop
14126,201742,27,5648,2,2024-10-31,Tablet
14127,201785,2,1082,1,2024-10-30,Tablet
14128,201810,60,589,5,2025-04-11,Desktop
14129,201815,15,2955,6,2026-05-03,Tablet
14130,201881,48,3805,2,2026-02-11,Tablet
14131,201889,40,2347,5,2026-03-06,Tablet
14132,201909,11,1119,3,2024-08-27,Tablet
14133,201945,48,5742,2,2026-02-15,Desktop
14134,201947,41,1794,3,2026-02-18,Desktop
14135,201983,31,1079,4,2025-01-17,Desktop
14136,201996,19,4176,4,2025-05-06,Mobile
14137,201998,13,3338,4,2024-09-17,Desktop
14138,202012,32,2924,3,2024-10-07,Desktop
14139,202017,36,630,5,2025-04-07,Desktop
14140,202018,50,5788,1,2025-04-26,Mobile
14141,202021,60,5242,5,2025-04-13,Desktop
14142,202041,47,1555,3,2024-09-30,Desktop
14143,202060,44,4662,1,2025-01-13,Desktop
14144,202063,27,3298,2,2024-11-02,Tablet
14145,202064,19,2159,4,2025-05-08,Desktop
14146,202067,53,3112,3,2026-05-22,Mobile
14147,202070,57,283,2,2024-11-14,Mobile
14148,202075,44,2501,1,2024-12-31,Tablet
14149,202132,21,5379,3,2026-01-11,Tablet
14150,202187,36,2093,5,2025-04-18,Desktop
14151,202191,37,1556,5,2025-01-13,Mobile
14152,202228,45,5872,4,2026-04-24,Mobile
14153,202243,53,3738,3,2026-05-26,Tablet
14154,202251,27,3456,2,2024-10-23,Mobile
14155,202284,51,5048,6,2025-10-06,Desktop
14156,202337,15,5614,6,2026-04-19,Mobile
14157,202338,20,3736,6,2025-05-27,Mobile
14158,202369,37,1271,5,2025-01-24,Desktop
14159,202390,48,2262,2,2026-02-10,Tablet
14160,202401,15,3520,6,2026-05-12,Desktop
14161,202425,7,2794,5,2026-05-21,Mobile
14162,202448,22,4336,5,2024-10-09,Mobile
14163,202461,6,691,5,2025-01-18,Tablet
14164,202463,12,3844,1,2024-07-25,Tablet
14165,202466,14,3242,2,2024-12-05,Mobile
14166,202493,46,55,4,2025-01-28,Mobile
14167,202539,8,3496,2,2025-07-30,Tablet
14168,202544,36,4601,5,2025-05-04,Desktop
14169,202574,35,2066,6,2025-05-21,Tablet
14170,202592,27,3705,2,2024-10-23,Desktop
14171,202617,15,2785,6,2026-04-27,Tablet
14172,202630,28,5564,6,2025-04-26,Mobile
14173,202632,34,167,3,2025-06-10,Tablet
14174,202646,42,4729,2,2025-01-21,Tablet
14175,202648,55,4106,3,2025-08-10,Desktop
14176,202669,45,248,4,2026-04-15,Tablet
14177,202696,33,5614,3,2026-01-28,Desktop
14178,202705,13,3429,4,2024-09-09,Desktop
14179,202719,45,4754,4,2026-04-12,Tablet
14180,202749,11,5511,3,2024-09-05,Tablet
14181,202757,33,3793,3,2026-03-16,Mobile
14182,202758,20,4705,6,2025-05-13,Tablet
14183,202762,52,4268,1,2025-04-02,Tablet
14184,202774,31,4713,4,2025-01-27,Desktop
14185,202782,34,2736,3,2025-06-21,Desktop
14186,202790,31,2168,4,2025-01-31,Desktop
14187,202791,20,517,6,2025-04-20,Desktop
14188,202814,59,5641,5,2026-04-20,Mobile
14189,202817,45,2826,4,2026-05-17,Desktop
14190,202821,25,1326,3,2024-11-15,Mobile
14191,202857,14,3415,2,2024-11-20,Mobile
14192,202864,5,5115,1,2024-11-05,Desktop
14193,202880,35,3917,6,2025-06-03,Tablet
14194,202892,38,2165,2,2025-11-14,Tablet
14195,202900,31,4099,4,2025-01-28,Desktop
14196,202906,17,2891,2,2025-01-06,Desktop
14197,202936,44,867,1,2024-12-03,Tablet
14198,202949,49,1791,5,2025-09-20,Desktop
14199,202954,2,1724,1,2024-10-31,Tablet
14200,202956,29,5148,1,2025-06-01,Mobile
14201,202966,25,1509,3,2024-12-11,Desktop
14202,202995,3,2899,4,2025-12-09,Desktop
14203,203036,5,4761,1,2024-11-14,Tablet
14204,203043,18,537,4,2025-04-18,Mobile
14205,203044,2,3754,1,2024-10-28,Mobile
14206,203054,7,1686,5,2026-05-21,Desktop
14207,203055,45,5403,4,2026-05-13,Desktop
14208,203057,20,3654,6,2025-04-21,Desktop
14209,203082,19,2646,4,2025-05-16,Mobile
14210,203085,16,1104,6,2025-01-11,Mobile
14211,203101,45,3551,4,2026-04-16,Mobile
14212,203120,17,4662,2,2024-12-19,Mobile
14213,203122,53,2844,3,2026-05-15,Mobile
14214,203123,60,2597,5,2025-04-22,Mobile
14215,203155,54,1748,1,2025-09-19,Tablet
14216,203164,44,5693,1,2025-01-16,Desktop
14217,203168,28,5275,6,2025-05-05,Mobile
14218,203183,32,3912,3,2024-10-29,Desktop
14219,203190,22,1318,5,2024-10-31,Desktop
14220,203202,11,1623,3,2024-09-21,Desktop
14221,203238,42,528,2,2025-01-03,Tablet
14222,203239,27,5504,2,2024-10-24,Tablet
14223,203270,11,3129,3,2024-09-28,Tablet
14224,203289,22,5975,5,2024-10-09,Tablet
14225,203291,16,3113,6,2025-02-07,Tablet
14226,203311,54,3194,1,2025-09-13,Tablet
14227,203314,32,3716,3,2024-09-20,Mobile
14228,203327,5,2747,1,2024-10-24,Desktop
14229,203330,16,4080,6,2025-01-30,Desktop
14230,203335,19,3627,4,2025-05-12,Tablet
14231,203355,37,4634,5,2025-01-31,Mobile
14232,203368,35,140,6,2025-05-25,Mobile
14233,203399,17,5947,2,2024-12-01,Tablet
14234,203426,2,2821,1,2024-11-03,Mobile
14235,203439,15,2205,6,2026-04-14,Desktop
14236,203511,8,1983,2,2025-07-23,Tablet
14237,203525,48,2508,2,2026-02-04,Tablet
14238,203533,13,3801,4,2024-08-28,Tablet
14239,203548,29,5077,1,2025-05-09,Desktop
14240,203552,59,3926,5,2026-04-19,Mobile
14241,203565,32,774,3,2024-11-04,Desktop
14242,203572,36,2612,5,2025-04-29,Desktop
14243,203574,39,605,6,2024-12-09,Tablet
14244,203580,21,4665,3,2026-01-20,Desktop
14245,203590,5,4772,1,2024-11-11,Desktop
14246,203623,41,1784,3,2026-02-04,Tablet
14247,203625,28,1279,6,2025-04-20,Tablet
14248,203626,11,5668,3,2024-09-09,Tablet
14249,203649,49,611,5,2025-09-24,Tablet
14250,203658,59,2818,5,2026-05-09,Mobile
14251,203669,46,3580,4,2025-01-04,Mobile
14252,203672,22,5738,5,2024-10-20,Tablet
14253,203673,7,896,5,2026-05-29,Mobile
14254,203717,14,4518,2,2024-11-17,Mobile
14255,203728,58,3936,1,2025-05-19,Tablet
14256,203729,57,3390,2,2024-10-25,Mobile
14257,203758,1,2944,6,2025-04-04,Tablet
14258,203760,45,3422,4,2026-04-26,Desktop
14259,203771,52,5681,1,2025-04-03,Tablet
14260,203785,6,4879,5,2025-03-06,Tablet
14261,203786,19,5671,4,2025-04-12,Tablet
14262,203792,9,3697,2,2024-09-01,Tablet
14263,203803,14,5425,2,2024-11-23,Mobile
14264,203839,24,5121,6,2025-10-25,Mobile
14265,203844,42,2380,2,2024-12-18,Desktop
14266,203855,24,5349,6,2025-11-12,Desktop
14267,203861,8,5137,2,2025-07-23,Mobile
14268,203874,47,1690,3,2024-10-10,Mobile
14269,203880,27,978,2,2024-10-21,Mobile
14270,203889,5,1601,1,2024-11-08,Mobile
14271,203963,23,604,1,2026-01-12,Mobile
14272,203988,7,4529,5,2026-06-05,Desktop
14273,203991,21,701,3,2026-01-13,Mobile
14274,203992,9,1036,2,2024-09-13,Tablet
14275,203996,60,3146,5,2025-04-27,Desktop
14276,204005,52,4324,1,2025-02-28,Tablet
14277,204023,3,1936,4,2025-12-08,Tablet
14278,204025,36,3615,5,2025-04-24,Desktop
14279,204038,48,4447,2,2026-02-11,Desktop
14280,204041,55,184,3,2025-08-15,Mobile
14281,204047,30,3931,6,2024-11-26,Tablet
14282,204048,32,1989,3,2024-09-12,Tablet
14283,204049,43,3324,2,2026-01-14,Tablet
14284,204062,8,1229,2,2025-08-16,Mobile
14285,204113,39,4334,6,2024-12-20,Tablet
14286,204115,32,3324,3,2024-09-20,Desktop
14287,204136,39,2256,6,2024-12-23,Mobile
14288,204143,7,1936,5,2026-06-06,Tablet
14289,204173,41,350,3,2026-01-28,Desktop
14290,204187,23,5912,1,2026-01-15,Desktop
14291,204205,35,3852,6,2025-05-24,Tablet
14292,204229,15,4513,6,2026-04-22,Desktop
14293,204233,57,1221,2,2024-10-31,Mobile
14294,204238,44,1161,1,2024-12-14,Desktop
14295,204244,3,2812,4,2025-12-13,Mobile
14296,204252,33,1933,3,2026-03-17,Mobile
14297,204254,55,2248,3,2025-08-01,Mobile
14298,204282,22,2886,5,2024-10-26,Mobile
14299,204291,21,495,3,2026-01-21,Desktop
14300,204304,57,2347,2,2024-10-15,Mobile
14301,204305,58,900,1,2025-05-08,Mobile
14302,204322,2,1980,1,2024-11-21,Mobile
14303,204329,5,3714,1,2024-10-22,Tablet
14304,204345,42,1154,2,2025-01-14,Mobile
14305,204354,49,846,5,2025-10-20,Desktop
14306,204355,5,4995,1,2024-10-25,Tablet
14307,204357,49,2937,5,2025-10-01,Desktop
14308,204381,33,1269,3,2026-02-01,Tablet
14309,204417,56,4978,5,2024-12-13,Tablet
14310,204435,46,532,4,2024-12-28,Mobile
14311,204436,55,1928,3,2025-07-14,Tablet
14312,204442,1,4379,6,2025-04-13,Tablet
14313,204445,15,4722,6,2026-05-10,Mobile
14314,204458,50,3016,1,2025-03-30,Mobile
14315,204468,53,5187,3,2026-05-06,Mobile
14316,204491,44,2726,1,2025-01-04,Tablet
14317,204494,53,657,3,2026-05-17,Tablet
14318,204508,40,2595,5,2026-02-24,Tablet
14319,204546,52,4258,1,2025-03-24,Mobile
14320,204551,46,4071,4,2025-01-25,Mobile
14321,204560,46,3679,4,2025-01-26,Desktop
14322,204566,2,441,1,2024-11-05,Desktop
14323,204572,56,2718,5,2024-12-21,Desktop
14324,204579,51,4385,6,2025-09-14,Mobile
14325,204609,58,509,1,2025-05-09,Tablet
14326,204658,40,1409,5,2026-03-03,Desktop
14327,204667,21,5207,3,2026-01-12,Mobile
14328,204687,51,3,6,2025-09-19,Tablet
14329,204710,54,5148,1,2025-09-06,Tablet
14330,204714,12,5873,1,2024-08-04,Desktop
14331,204733,46,4230,4,2025-01-19,Desktop
14332,204747,26,4256,3,2025-11-01,Tablet
14333,204763,34,2232,3,2025-06-12,Desktop
14334,204768,13,2861,4,2024-09-16,Desktop
14335,204771,54,4476,1,2025-09-22,Desktop
14336,204774,47,3518,3,2024-10-07,Desktop
14337,204784,32,4975,3,2024-09-12,Tablet
14338,204800,16,1160,6,2025-01-15,Mobile
14339,204804,24,4258,6,2025-11-13,Desktop
14340,204805,25,73,3,2024-11-12,Tablet
14341,204806,4,1299,1,2024-12-08,Mobile
14342,204807,43,2614,2,2026-01-25,Tablet
14343,204815,45,964,4,2026-05-14,Mobile
14344,204826,43,5935,2,2026-01-31,Desktop
14345,204828,51,5405,6,2025-10-08,Mobile
14346,204832,11,1188,3,2024-08-19,Tablet
14347,204845,12,3230,1,2024-07-23,Tablet
14348,204850,43,5520,2,2026-01-16,Tablet
14349,204853,5,5486,1,2024-11-17,Desktop
14350,204861,3,470,4,2025-12-04,Desktop
14351,204923,41,1310,3,2026-01-26,Desktop
14352,204945,60,4239,5,2025-04-22,Tablet
14353,204967,6,3439,5,2025-02-14,Mobile
14354,204991,21,386,3,2026-01-19,Desktop
14355,205002,4,1474,1,2024-12-07,Desktop
14356,205019,28,4233,6,2025-04-25,Mobile
14357,205030,59,711,5,2026-05-11,Mobile
14358,205035,17,3372,2,2024-12-16,Tablet
14359,205036,40,4388,5,2026-02-22,Mobile
14360,205045,11,641,3,2024-08-15,Tablet
14361,205049,26,2308,3,2025-10-30,Tablet
14362,205066,28,3212,6,2025-05-12,Tablet
14363,205073,54,4754,1,2025-09-04,Mobile
14364,205084,7,4737,5,2026-06-02,Mobile
14365,205165,13,3989,4,2024-09-01,Desktop
14366,205176,30,4433,6,2024-12-02,Mobile
14367,205193,52,1447,1,2025-02-21,Tablet
14368,205199,6,2190,5,2025-02-16,Desktop
14369,205202,32,4147,3,2024-09-30,Mobile
14370,205212,52,4404,1,2025-03-03,Tablet
14371,205221,43,3023,2,2026-01-13,Tablet
14372,205230,14,5199,2,2024-11-23,Tablet
14373,205254,34,5552,3,2025-07-02,Mobile
14374,205257,34,4516,3,2025-07-01,Desktop
14375,205261,15,3181,6,2026-04-25,Desktop
14376,205267,60,4087,5,2025-04-26,Desktop
14377,205273,11,5767,3,2024-09-12,Desktop
14378,205300,22,3300,5,2024-10-17,Tablet
14379,205320,57,2775,2,2024-10-11,Tablet
14380,205337,45,3539,4,2026-05-18,Mobile
14381,205341,27,3725,2,2024-10-26,Mobile
14382,205353,20,4275,6,2025-04-22,Mobile
14383,205354,56,546,5,2024-12-16,Desktop
14384,205406,1,5583,6,2025-04-16,Desktop
14385,205407,57,5629,2,2024-11-20,Desktop
14386,205416,56,3258,5,2024-12-19,Desktop
14387,205421,36,2625,5,2025-05-01,Mobile
14388,205422,35,1828,6,2025-06-02,Mobile
14389,205431,17,4338,2,2024-12-01,Tablet
14390,205447,6,3487,5,2025-02-20,Desktop
14391,205450,42,949,2,2024-11-30,Desktop
14392,205462,16,2813,6,2025-02-05,Desktop
14393,205466,31,4760,4,2025-01-28,Mobile
14394,205467,34,85,3,2025-06-30,Tablet
14395,205522,32,5924,3,2024-11-06,Desktop
14396,205530,50,1454,1,2025-03-27,Desktop
14397,205535,3,1940,4,2025-12-11,Mobile
14398,205536,30,4912,6,2024-11-25,Desktop
14399,205559,32,5670,3,2024-09-26,Tablet
14400,205588,50,1332,1,2025-03-16,Desktop
14401,205593,54,3319,1,2025-09-12,Desktop
14402,205601,1,5335,6,2025-04-20,Mobile
14403,205602,13,5546,4,2024-09-04,Mobile
14404,205611,53,3869,3,2026-05-20,Mobile
14405,205629,51,5767,6,2025-09-06,Desktop
14406,205638,5,887,1,2024-10-27,Tablet
14407,205642,11,577,3,2024-09-21,Tablet
14408,205643,56,5372,5,2024-12-15,Tablet
14409,205648,26,2798,3,2025-11-08,Mobile
14410,205658,29,467,1,2025-05-30,Mobile
14411,205677,6,1019,5,2025-02-04,Tablet
14412,205680,21,1957,3,2026-01-13,Desktop
14413,205694,27,307,2,2024-11-02,Tablet
14414,205712,43,768,2,2026-01-23,Mobile
14415,205718,39,691,6,2024-12-21,Tablet
14416,205742,21,2293,3,2026-01-12,Tablet
14417,205746,26,3275,3,2025-11-03,Desktop
14418,205756,10,871,1,2026-01-05,Tablet
14419,205789,15,70,6,2026-05-18,Tablet
14420,205794,22,4607,5,2024-10-29,Tablet
14421,205807,26,5769,3,2025-10-29,Tablet
14422,205824,45,5599,4,2026-05-05,Tablet
14423,205825,38,2271,2,2025-11-19,Tablet
14424,205831,19,1185,4,2025-04-02,Mobile
14425,205838,49,3453,5,2025-10-22,Tablet
14426,205870,13,3050,4,2024-09-11,Desktop
14427,205888,60,643,5,2025-04-14,Mobile
14428,205911,8,5437,2,2025-08-10,Mobile
14429,205925,10,4580,1,2026-01-25,Tablet
14430,205936,25,2140,3,2024-12-02,Tablet
14431,205941,10,5076,1,2025-12-15,Tablet
14432,205970,47,3423,3,2024-10-06,Tablet
14433,205982,20,4256,6,2025-05-14,Desktop
14434,205984,56,3705,5,2024-12-11,Desktop
14435,205985,27,3935,2,2024-10-21,Mobile
14436,206004,26,3722,3,2025-11-02,Desktop
14437,206014,27,3561,2,2024-10-29,Desktop
14438,206031,12,3253,1,2024-08-03,Mobile
14439,206042,57,5356,2,2024-11-14,Mobile
14440,206062,24,4512,6,2025-10-18,Desktop
14441,206078,42,406,2,2024-12-01,Tablet
14442,206105,49,2332,5,2025-10-20,Desktop
14443,206107,11,3490,3,2024-08-25,Tablet
14444,206111,13,5597,4,2024-08-29,Tablet
14445,206119,27,1776,2,2024-10-27,Mobile
14446,206129,14,5873,2,2024-12-05,Tablet
14447,206139,26,577,3,2025-11-06,Tablet
14448,206189,3,5874,4,2025-12-05,Mobile
14449,206214,9,1665,2,2024-09-08,Desktop
14450,206236,57,4430,2,2024-10-13,Mobile
14451,206253,59,2424,5,2026-04-20,Desktop
14452,206260,53,5510,3,2026-05-08,Desktop
14453,206271,10,2432,1,2026-01-07,Tablet
14454,206284,47,5810,3,2024-10-15,Desktop
14455,206296,42,3584,2,2025-01-15,Mobile
14456,206311,35,2417,6,2025-05-23,Mobile
14457,206377,1,3415,6,2025-05-03,Mobile
14458,206378,38,1288,2,2025-11-19,Tablet
14459,206390,60,893,5,2025-04-27,Mobile
14460,206395,48,2374,2,2026-02-12,Mobile
14461,206405,46,1192,4,2024-12-25,Desktop
14462,206407,10,79,1,2025-12-30,Tablet
14463,206418,15,2084,6,2026-05-23,Desktop
14464,206437,21,3319,3,2026-01-22,Desktop
14465,206463,40,4160,5,2026-03-10,Tablet
14466,206483,49,3666,5,2025-10-24,Tablet
14467,206498,45,2738,4,2026-05-23,Mobile
14468,206514,3,2796,4,2025-12-06,Mobile
14469,206515,26,5337,3,2025-10-31,Desktop
14470,206536,15,4717,6,2026-05-08,Tablet
14471,206540,9,1192,2,2024-08-29,Tablet
14472,206541,14,2467,2,2024-12-14,Mobile
14473,206550,25,5700,3,2024-11-11,Tablet
14474,206564,29,4592,1,2025-06-05,Desktop
14475,206566,28,2479,6,2025-04-15,Desktop
14476,206591,59,5488,5,2026-04-28,Desktop
14477,206596,59,3367,5,2026-05-03,Desktop
14478,206605,1,2877,6,2025-04-28,Tablet
14479,206610,8,4366,2,2025-07-31,Tablet
14480,206627,44,4663,1,2024-12-29,Desktop
14481,206671,43,553,2,2026-01-13,Desktop
14482,206677,42,772,2,2025-01-15,Tablet
14483,206688,36,4299,5,2025-03-26,Desktop
14484,206699,50,5918,1,2025-05-02,Desktop
14485,206701,11,5585,3,2024-09-10,Desktop
14486,206713,26,4815,3,2025-10-29,Tablet
14487,206727,57,3695,2,2024-11-08,Mobile
14488,206736,1,5313,6,2025-05-02,Desktop
14489,206776,58,2614,1,2025-05-31,Tablet
14490,206780,49,4104,5,2025-09-07,Mobile
14491,206790,57,1900,2,2024-11-19,Desktop
14492,206794,51,2790,6,2025-09-03,Mobile
14493,206807,57,3917,2,2024-10-10,Desktop
14494,206874,25,792,3,2024-12-11,Mobile
14495,206897,20,1627,6,2025-04-20,Tablet
14496,206922,4,2264,1,2024-12-25,Desktop
14497,206932,9,2599,2,2024-08-31,Desktop
14498,206935,53,1886,3,2026-05-06,Tablet
14499,206959,46,4752,4,2024-12-30,Mobile
14500,206962,2,1061,1,2024-11-25,Tablet
14501,206967,52,393,1,2025-02-22,Tablet
14502,206989,25,507,3,2024-11-20,Mobile
14503,207001,8,5909,2,2025-08-12,Desktop
14504,207002,51,3816,6,2025-09-17,Tablet
14505,207050,54,631,1,2025-09-15,Desktop
14506,207055,4,5593,1,2024-12-21,Mobile
14507,207104,9,93,2,2024-08-26,Mobile
14508,207161,40,2836,5,2026-03-10,Mobile
14509,207163,8,3455,2,2025-07-20,Mobile
14510,207180,16,5438,6,2025-02-23,Tablet
14511,207200,9,2483,2,2024-09-15,Mobile
14512,207201,30,3908,6,2024-12-03,Desktop
14513,207227,36,1919,5,2025-05-09,Tablet
14514,207230,21,370,3,2026-01-13,Tablet
14515,207252,29,2606,1,2025-05-21,Tablet
14516,207259,38,3338,2,2025-11-23,Mobile
14517,207280,31,96,4,2025-01-22,Mobile
14518,207298,9,4342,2,2024-09-08,Mobile
14519,207304,6,324,5,2025-03-11,Desktop
14520,207333,10,3429,1,2025-12-19,Mobile
14521,207341,53,4630,3,2026-05-08,Mobile
14522,207350,15,5931,6,2026-05-22,Mobile
14523,207391,29,2912,1,2025-05-10,Desktop
14524,207392,49,3433,5,2025-09-04,Tablet
14525,207407,18,2903,4,2025-03-30,Mobile
14526,207422,31,5386,4,2025-01-23,Desktop
14527,207431,26,4956,3,2025-11-06,Mobile
14528,207439,19,471,4,2025-05-15,Mobile
14529,207441,22,658,5,2024-10-16,Tablet
14530,207449,49,4599,5,2025-09-01,Desktop
14531,207458,18,1421,4,2025-03-30,Desktop
14532,207499,35,220,6,2025-05-22,Mobile
14533,207508,26,2310,3,2025-10-25,Desktop
14534,207519,52,5698,1,2025-04-08,Mobile
14535,207522,43,5400,2,2026-01-30,Mobile
14536,207530,32,3451,3,2024-11-01,Mobile
14537,207543,14,5698,2,2024-12-01,Mobile
14538,207547,39,4059,6,2024-11-25,Tablet
14539,207563,46,244,4,2025-01-27,Tablet
14540,207580,5,1028,1,2024-11-16,Desktop
14541,207581,4,3224,1,2024-12-06,Tablet
14542,207583,39,5412,6,2024-11-26,Mobile
14543,207617,57,4433,2,2024-10-25,Mobile
14544,207625,6,4558,5,2025-03-04,Desktop
14545,207632,18,408,4,2025-04-10,Desktop
14546,207635,17,5842,2,2024-12-05,Tablet
14547,207655,45,4517,4,2026-05-22,Tablet
14548,207666,55,4598,3,2025-08-03,Mobile
14549,207669,36,2751,5,2025-04-27,Tablet
14550,207677,49,689,5,2025-09-08,Tablet
14551,207682,10,998,1,2025-11-27,Tablet
14552,207699,20,4825,6,2025-04-28,Desktop
14553,207724,19,5889,4,2025-04-16,Mobile
14554,207768,50,707,1,2025-03-13,Desktop
14555,207772,14,5374,2,2024-12-11,Desktop
14556,207794,34,4849,3,2025-06-14,Tablet
14557,207796,47,810,3,2024-10-20,Desktop
14558,207799,52,5272,1,2025-02-15,Desktop
14559,207825,36,2980,5,2025-03-26,Mobile
14560,207830,40,2063,5,2026-03-13,Desktop
14561,207831,49,2103,5,2025-09-05,Mobile
14562,207840,22,3388,5,2024-10-14,Mobile
14563,207869,56,2344,5,2024-12-14,Tablet
14564,207886,51,2662,6,2025-09-19,Mobile
14565,207895,8,4818,2,2025-08-10,Mobile
14566,207906,40,3166,5,2026-03-08,Tablet
14567,207926,18,1932,4,2025-04-05,Tablet
14568,207937,59,5952,5,2026-05-07,Tablet
14569,207938,41,387,3,2026-02-19,Tablet
14570,207973,3,1767,4,2025-12-04,Tablet
14571,207998,35,5805,6,2025-05-17,Tablet
14572,208047,18,1523,4,2025-04-11,Mobile
14573,208061,20,3017,6,2025-05-28,Tablet
14574,208071,4,4275,1,2024-12-15,Tablet
14575,208073,5,1242,1,2024-10-28,Desktop
14576,208085,5,3387,1,2024-11-17,Desktop
14577,208114,57,2081,2,2024-11-20,Tablet
14578,208115,56,2336,5,2024-12-19,Desktop
14579,208147,37,3538,5,2025-01-05,Tablet
14580,208162,9,3698,2,2024-09-12,Desktop
14581,208196,12,2904,1,2024-08-04,Desktop
14582,208203,58,3985,1,2025-05-27,Desktop
14583,208228,30,6000,6,2024-12-02,Tablet
14584,208267,1,2411,6,2025-04-05,Tablet
14585,208278,11,505,3,2024-09-16,Tablet
14586,208312,5,3685,1,2024-10-26,Desktop
14587,208323,45,2856,4,2026-04-08,Mobile
14588,208332,6,3758,5,2025-01-17,Mobile
14589,208352,59,4824,5,2026-04-20,Tablet
14590,208378,12,3995,1,2024-08-02,Tablet
14591,208389,57,3138,2,2024-11-13,Mobile
14592,208400,4,1768,1,2025-01-25,Mobile
14593,208406,15,1127,6,2026-05-20,Tablet
14594,208408,3,4431,4,2025-12-11,Mobile
14595,208427,50,4204,1,2025-04-02,Tablet
14596,208430,53,3787,3,2026-05-08,Tablet
14597,208431,34,1249,3,2025-06-21,Desktop
14598,208476,10,863,1,2026-01-24,Desktop
14599,208485,42,2072,2,2024-12-29,Mobile
14600,208486,22,5797,5,2024-10-13,Desktop
14601,208499,4,381,1,2025-01-29,Tablet
14602,208520,22,2304,5,2024-10-22,Desktop
14603,208601,39,879,6,2024-11-24,Tablet
14604,208603,33,4692,3,2026-02-09,Mobile
14605,208607,48,3955,2,2026-01-27,Tablet
14606,208640,19,5797,4,2025-04-19,Desktop
14607,208656,7,3134,5,2026-05-23,Tablet
14608,208662,12,5441,1,2024-07-29,Desktop
14609,208689,42,2909,2,2024-12-19,Tablet
14610,208718,52,4793,1,2025-02-28,Tablet
14611,208726,26,126,3,2025-10-27,Tablet
14612,208727,7,2686,5,2026-06-04,Desktop
14613,208740,29,188,1,2025-04-28,Desktop
14614,208753,19,3746,4,2025-05-10,Tablet
14615,208766,57,4138,2,2024-11-02,Desktop
14616,208769,14,2772,2,2024-12-05,Mobile
14617,208784,30,1884,6,2024-11-16,Tablet
14618,208816,8,5403,2,2025-07-25,Desktop
14619,208820,25,2082,3,2025-01-07,Tablet
14620,208842,2,1783,1,2024-11-11,Mobile
14621,208844,44,5766,1,2024-12-13,Desktop
14622,208877,12,5937,1,2024-08-05,Tablet
14623,208888,30,5405,6,2024-11-23,Mobile
14624,208890,40,2050,5,2026-03-13,Mobile
14625,208913,45,1797,4,2026-04-20,Desktop
14626,208931,10,2731,1,2025-12-18,Tablet
14627,208943,52,915,1,2025-03-31,Mobile
14628,208986,48,5838,2,2026-02-13,Mobile
14629,208999,51,5282,6,2025-09-24,Desktop
14630,209004,36,2165,5,2025-03-18,Mobile
14631,209029,38,2331,2,2025-11-19,Mobile
14632,209030,53,1046,3,2026-05-19,Mobile
14633,209082,14,5166,2,2024-11-24,Desktop
14634,209103,6,1792,5,2025-02-15,Desktop
14635,209133,7,5638,5,2026-05-25,Tablet
14636,209147,32,1413,3,2024-10-30,Desktop
14637,209153,34,2782,3,2025-06-22,Mobile
14638,209166,17,1481,2,2024-12-17,Tablet
14639,209175,57,5797,2,2024-11-08,Tablet
14640,209182,51,4968,6,2025-10-08,Mobile
14641,209183,35,2426,6,2025-06-01,Mobile
14642,209214,28,2946,6,2025-04-20,Mobile
14643,209220,52,4607,1,2025-03-17,Mobile
14644,209226,39,5736,6,2024-12-02,Mobile
14645,209233,27,5800,2,2024-10-25,Desktop
14646,209249,26,3246,3,2025-10-27,Tablet
14647,209255,22,3587,5,2024-10-07,Desktop
14648,209285,48,119,2,2026-02-06,Tablet
14649,209290,26,5971,3,2025-10-30,Tablet
14650,209298,9,552,2,2024-08-27,Desktop
14651,209317,46,4567,4,2025-01-23,Desktop
14652,209334,57,5626,2,2024-10-26,Desktop
14653,209353,52,1676,1,2025-03-08,Desktop
14654,209404,18,4215,4,2025-04-27,Desktop
14655,209406,13,949,4,2024-09-15,Tablet
14656,209408,19,4908,4,2025-05-19,Desktop
14657,209409,46,3504,4,2025-01-25,Mobile
14658,209414,15,4664,6,2026-05-06,Desktop
14659,209424,49,5960,5,2025-09-28,Desktop
14660,209473,45,174,4,2026-04-25,Desktop
14661,209477,33,694,3,2026-01-31,Tablet
14662,209491,20,3850,6,2025-05-24,Desktop
14663,209493,57,2068,2,2024-11-14,Desktop
14664,209495,47,1703,3,2024-11-02,Tablet
14665,209505,31,68,4,2025-01-30,Mobile
14666,209518,23,4144,1,2026-01-18,Mobile
14667,209531,10,5826,1,2026-01-20,Mobile
14668,209532,16,244,6,2025-03-02,Tablet
14669,209550,35,5711,6,2025-05-31,Mobile
14670,209571,51,4513,6,2025-10-07,Desktop
14671,209581,47,1195,3,2024-10-31,Mobile
14672,209591,45,4380,4,2026-04-07,Desktop
14673,209598,44,329,1,2024-12-18,Mobile
14674,209607,2,536,1,2024-11-10,Mobile
14675,209618,37,5195,5,2025-01-17,Tablet
14676,209631,53,1686,3,2026-05-15,Mobile
14677,209661,27,1870,2,2024-10-28,Tablet
14678,209674,52,4688,1,2025-03-13,Desktop
14679,209681,39,1836,6,2024-11-29,Desktop
14680,209683,20,799,6,2025-04-25,Desktop
14681,209720,51,2267,6,2025-10-11,Mobile
14682,209725,23,2335,1,2026-01-07,Tablet
14683,209744,21,3499,3,2026-01-20,Mobile
14684,209756,38,3471,2,2025-11-21,Desktop
14685,209774,49,5214,5,2025-10-13,Tablet
14686,209779,10,2733,1,2026-01-06,Mobile
14687,209784,13,2620,4,2024-09-02,Desktop
14688,209786,11,5971,3,2024-08-20,Tablet
14689,209793,13,3291,4,2024-09-09,Desktop
14690,209796,50,1304,1,2025-04-02,Tablet
14691,209812,9,1200,2,2024-09-03,Tablet
14692,209872,31,876,4,2025-01-22,Desktop
14693,209884,42,840,2,2024-12-06,Mobile
14694,209919,60,3158,5,2025-04-18,Tablet
14695,209955,4,288,1,2024-12-19,Tablet
14696,209965,46,1641,4,2025-01-26,Mobile
14697,209968,30,4939,6,2024-11-26,Desktop
14698,209983,59,4223,5,2026-05-04,Desktop
14699,209984,60,3301,5,2025-04-26,Mobile
14700,209988,1,4011,6,2025-04-02,Tablet
14701,209995,56,1471,5,2024-12-15,Desktop
14702,210036,33,4488,3,2026-03-18,Mobile
14703,210045,37,2721,5,2025-01-07,Mobile
14704,210084,52,1167,1,2025-02-11,Mobile
14705,210135,3,1700,4,2025-12-10,Mobile
14706,210164,28,5953,6,2025-05-02,Mobile
14707,210180,57,3652,2,2024-11-13,Desktop
14708,210230,19,732,4,2025-05-27,Desktop
14709,210252,60,749,5,2025-04-20,Tablet
14710,210253,57,3599,2,2024-10-16,Mobile
14711,210265,44,5798,1,2024-12-13,Desktop
14712,210270,45,4338,4,2026-05-07,Mobile
14713,210276,7,1242,5,2026-05-21,Tablet
14714,210288,50,1276,1,2025-03-15,Desktop
14715,210289,11,5054,3,2024-09-19,Desktop
14716,210314,59,4861,5,2026-04-21,Desktop
14717,210335,19,1163,4,2025-04-26,Mobile
14718,210340,28,2446,6,2025-04-21,Desktop
14719,210341,44,553,1,2024-12-14,Tablet
14720,210342,52,3181,1,2025-03-09,Desktop
14721,210345,32,1105,3,2024-09-19,Desktop
14722,210348,58,1601,1,2025-05-19,Tablet
14723,210361,9,4715,2,2024-09-15,Tablet
14724,210380,46,2892,4,2025-01-09,Mobile
14725,210399,35,461,6,2025-05-24,Tablet
14726,210405,12,5140,1,2024-07-25,Tablet
14727,210412,3,674,4,2025-12-08,Mobile
14728,210445,36,4571,5,2025-04-28,Mobile
14729,210475,50,3050,1,2025-03-28,Mobile
14730,210482,26,2557,3,2025-11-06,Desktop
14731,210517,32,1408,3,2024-09-13,Desktop
14732,210541,21,5836,3,2026-01-19,Desktop
14733,210545,2,2319,1,2024-11-18,Mobile
14734,210552,56,5639,5,2024-12-17,Tablet
14735,210602,43,3705,2,2026-01-29,Tablet
14736,210607,20,5566,6,2025-04-29,Desktop
14737,210611,39,5995,6,2024-11-28,Desktop
14738,210616,6,5724,5,2025-02-06,Desktop
14739,210618,24,1998,6,2025-10-29,Mobile
14740,210623,12,2026,1,2024-08-02,Mobile
14741,210624,21,1419,3,2026-01-17,Desktop
14742,210632,45,5641,4,2026-04-22,Tablet
14743,210644,6,5275,5,2025-02-05,Desktop
14744,210658,1,215,6,2025-04-29,Desktop
14745,210677,46,1461,4,2025-01-05,Desktop
14746,210691,6,2105,5,2025-01-31,Desktop
14747,210707,8,1483,2,2025-08-04,Mobile
14748,210708,56,1431,5,2024-12-18,Desktop
14749,210717,53,3997,3,2026-05-26,Tablet
14750,210718,4,3327,1,2025-02-01,Tablet
14751,210740,12,5646,1,2024-08-02,Mobile
14752,210754,7,1620,5,2026-06-02,Tablet
14753,210782,46,2371,4,2024-12-31,Tablet
14754,210793,36,5868,5,2025-05-14,Tablet
14755,210796,36,5861,5,2025-05-15,Mobile
14756,210816,11,2430,3,2024-08-19,Mobile
14757,210884,32,3434,3,2024-09-20,Mobile
14758,210885,17,690,2,2024-12-23,Tablet
14759,210894,39,5650,6,2024-12-20,Desktop
14760,210906,19,552,4,2025-05-12,Tablet
14761,210912,10,3677,1,2025-12-08,Mobile
14762,210921,49,5143,5,2025-10-19,Mobile
14763,210932,28,287,6,2025-04-30,Mobile
14764,210967,41,4386,3,2026-02-08,Desktop
14765,211021,45,3614,4,2026-05-07,Tablet
14766,211022,38,4672,2,2025-11-12,Mobile
14767,211037,38,3485,2,2025-11-19,Desktop
14768,211041,54,4505,1,2025-09-18,Mobile
14769,211049,57,3764,2,2024-11-11,Tablet
14770,211058,44,5449,1,2024-12-20,Mobile
14771,211070,40,5772,5,2026-02-24,Desktop
14772,211082,54,1890,1,2025-09-06,Tablet
14773,211085,27,3132,2,2024-10-25,Tablet
14774,211107,54,2446,1,2025-09-14,Desktop
14775,211108,11,805,3,2024-09-14,Mobile
14776,211122,5,1761,1,2024-10-27,Tablet
14777,211127,6,3952,5,2025-01-25,Tablet
14778,211177,35,506,6,2025-05-26,Tablet
14779,211179,27,4367,2,2024-10-26,Desktop
14780,211207,32,3088,3,2024-10-23,Tablet
14781,211227,45,5109,4,2026-04-03,Mobile
14782,211235,3,3198,4,2025-12-11,Mobile
14783,211258,45,5670,4,2026-05-14,Tablet
14784,211274,29,2262,1,2025-04-19,Desktop
14785,211293,2,1351,1,2024-10-27,Desktop
14786,211320,59,2978,5,2026-04-27,Desktop
14787,211326,38,2662,2,2025-11-21,Mobile
14788,211335,9,3999,2,2024-08-27,Desktop
14789,211396,24,3285,6,2025-10-17,Tablet
14790,211428,25,5847,3,2025-01-04,Mobile
14791,211432,26,3775,3,2025-11-07,Desktop
14792,211436,57,3560,2,2024-10-12,Tablet
14793,211443,8,1968,2,2025-08-08,Mobile
14794,211460,18,972,4,2025-04-13,Tablet
14795,211463,33,4980,3,2026-01-26,Tablet
14796,211478,44,2495,1,2024-11-30,Desktop
14797,211483,36,3120,5,2025-05-09,Tablet
14798,211484,48,5988,2,2026-02-13,Tablet
14799,211487,35,3107,6,2025-05-18,Desktop
14800,211508,52,674,1,2025-03-22,Tablet
14801,211517,14,2243,2,2024-12-07,Desktop
14802,211546,37,5743,5,2025-01-30,Desktop
14803,211547,56,5629,5,2024-12-19,Mobile
14804,211570,9,2743,2,2024-09-01,Desktop
14805,211603,39,1683,6,2024-12-09,Mobile
14806,211617,18,4184,4,2025-04-27,Mobile
14807,211637,48,5662,2,2026-02-08,Tablet
14808,211640,3,3951,4,2025-12-14,Tablet
14809,211646,51,5679,6,2025-08-27,Tablet
14810,211666,22,2868,5,2024-10-16,Mobile
14811,211672,11,5667,3,2024-08-19,Tablet
14812,211690,46,4359,4,2025-01-25,Mobile
14813,211692,51,5052,6,2025-09-02,Desktop
14814,211695,57,3535,2,2024-10-25,Desktop
14815,211709,20,5200,6,2025-05-26,Tablet
14816,211718,25,4012,3,2024-11-24,Desktop
14817,211730,1,5285,6,2025-03-29,Desktop
14818,211742,40,3521,5,2026-03-12,Tablet
14819,211760,35,5963,6,2025-06-01,Desktop
14820,211781,19,2990,4,2025-04-09,Mobile
14821,211811,3,5435,4,2025-12-17,Desktop
14822,211818,46,2193,4,2024-12-24,Desktop
14823,211850,18,4656,4,2025-04-16,Mobile
14824,211852,36,1146,5,2025-05-10,Tablet
14825,211857,51,659,6,2025-09-16,Desktop
14826,211860,48,972,2,2026-01-30,Mobile
14827,211864,24,5067,6,2025-10-16,Desktop
14828,211870,17,4233,2,2024-12-26,Mobile
14829,211892,39,1291,6,2024-12-10,Mobile
14830,211895,9,2506,2,2024-09-07,Tablet
14831,211898,11,4737,3,2024-08-31,Tablet
14832,211905,15,295,6,2026-05-12,Tablet
14833,211910,11,938,3,2024-09-08,Tablet
14834,211917,5,2173,1,2024-10-29,Desktop
14835,211924,56,5280,5,2024-12-23,Mobile
14836,211938,46,2536,4,2024-12-26,Tablet
14837,211942,28,386,6,2025-05-10,Tablet
14838,211969,5,1685,1,2024-11-04,Desktop
14839,212017,54,517,1,2025-09-22,Tablet
14840,212033,59,1593,5,2026-04-24,Tablet
14841,212063,12,4039,1,2024-07-27,Desktop
14842,212069,26,5533,3,2025-10-30,Tablet
14843,212072,55,720,3,2025-07-29,Desktop
14844,212079,44,4646,1,2024-12-24,Tablet
14845,212116,39,4730,6,2024-11-27,Tablet
14846,212137,18,4121,4,2025-05-01,Desktop
14847,212146,38,1119,2,2025-11-24,Mobile
14848,212147,50,1781,1,2025-04-23,Desktop
14849,212152,58,2959,1,2025-05-15,Desktop
14850,212172,55,3063,3,2025-08-03,Tablet
14851,212176,22,2270,5,2024-10-31,Mobile
14852,212187,10,5991,1,2026-01-04,Mobile
14853,212193,23,151,1,2026-01-14,Mobile
14854,212219,4,5345,1,2024-12-05,Desktop
14855,212242,17,1409,2,2024-12-23,Tablet
14856,212267,45,1334,4,2026-04-30,Desktop
14857,212286,44,3475,1,2025-01-11,Desktop
14858,212314,10,2873,1,2025-12-01,Tablet
14859,212321,21,2744,3,2026-01-17,Mobile
14860,212327,23,5048,1,2026-01-02,Desktop
14861,212330,6,3755,5,2025-03-08,Desktop
14862,212335,53,1549,3,2026-05-11,Mobile
14863,212395,51,4824,6,2025-09-18,Tablet
14864,212411,43,928,2,2026-01-16,Desktop
14865,212417,1,2430,6,2025-04-03,Mobile
14866,212489,1,2215,6,2025-05-06,Desktop
14867,212496,6,5457,5,2025-03-13,Desktop
14868,212497,51,1501,6,2025-10-04,Tablet
14869,212499,43,2934,2,2026-01-15,Mobile
14870,212501,39,5577,6,2024-12-22,Mobile
14871,212515,26,5760,3,2025-11-02,Tablet
14872,212524,34,1229,3,2025-06-29,Mobile
14873,212525,4,257,1,2025-01-01,Mobile
14874,212526,16,3843,6,2025-02-15,Tablet
14875,212548,9,5064,2,2024-08-28,Desktop
14876,212573,23,1329,1,2026-01-01,Tablet
14877,212620,43,5937,2,2026-01-24,Tablet
14878,212630,3,5410,4,2025-12-04,Tablet
14879,212641,3,2064,4,2025-12-05,Desktop
14880,212664,1,2354,6,2025-04-27,Mobile
14881,212679,44,460,1,2025-01-03,Desktop
14882,212686,11,5750,3,2024-08-23,Desktop
14883,212693,14,1638,2,2024-11-25,Mobile
14884,212696,45,2121,4,2026-04-20,Mobile
14885,212703,22,211,5,2024-10-15,Mobile
14886,212706,27,164,2,2024-10-21,Desktop
14887,212725,18,1854,4,2025-03-27,Desktop
14888,212731,17,709,2,2024-12-01,Tablet
14889,212736,31,4936,4,2025-01-31,Desktop
14890,212742,11,2418,3,2024-09-05,Desktop
14891,212761,44,4652,1,2024-12-17,Tablet
14892,212770,43,2773,2,2026-01-11,Mobile
14893,212788,14,427,2,2024-12-04,Mobile
14894,212812,17,545,2,2024-12-18,Mobile
14895,212821,30,4585,6,2024-11-17,Mobile
14896,212833,13,5533,4,2024-09-07,Desktop
14897,212834,18,1682,4,2025-04-23,Tablet
14898,212841,48,1696,2,2026-01-25,Tablet
14899,212869,32,2886,3,2024-10-03,Mobile
14900,212908,41,451,3,2026-02-17,Mobile
14901,212911,52,3576,1,2025-02-28,Mobile
14902,212926,30,391,6,2024-11-23,Mobile
14903,212934,3,2309,4,2025-12-14,Desktop
14904,212954,38,2576,2,2025-11-19,Mobile
14905,212955,34,2548,3,2025-06-14,Desktop
14906,212967,36,1990,5,2025-05-06,Desktop
14907,212968,7,564,5,2026-06-03,Desktop
14908,212972,53,4148,3,2026-05-26,Tablet
14909,212978,3,4327,4,2025-12-13,Desktop
14910,212984,60,2488,5,2025-04-18,Tablet
14911,213001,37,1116,5,2025-01-07,Tablet
14912,213008,43,3516,2,2026-01-14,Tablet
14913,213013,27,2608,2,2024-10-23,Tablet
14914,213021,2,41,1,2024-11-16,Mobile
14915,213032,19,5580,4,2025-05-11,Tablet
14916,213043,1,4986,6,2025-04-05,Desktop
14917,213061,22,2594,5,2024-10-15,Mobile
14918,213115,37,4840,5,2025-01-27,Mobile
14919,213117,15,3896,6,2026-05-07,Desktop
14920,213136,13,3619,4,2024-09-05,Desktop
14921,213151,27,5933,2,2024-10-31,Desktop
14922,213166,50,888,1,2025-04-19,Tablet
14923,213169,51,1043,6,2025-10-12,Desktop
14924,213174,49,4086,5,2025-09-23,Tablet
14925,213189,49,3346,5,2025-08-30,Desktop
14926,213210,25,2186,3,2024-11-15,Mobile
14927,213212,11,1413,3,2024-09-16,Tablet
14928,213218,1,551,6,2025-03-31,Mobile
14929,213231,24,1998,6,2025-10-12,Desktop
14930,213235,40,5414,5,2026-03-03,Mobile
14931,213248,19,48,4,2025-04-30,Desktop
14932,213252,35,3177,6,2025-06-05,Mobile
14933,213254,1,3340,6,2025-04-12,Desktop
14934,213258,33,158,3,2026-03-09,Mobile
14935,213259,13,270,4,2024-09-04,Tablet
14936,213280,35,5971,6,2025-06-04,Tablet
14937,213284,55,2583,3,2025-07-28,Mobile
14938,213292,13,4086,4,2024-09-01,Desktop
14939,213306,21,5314,3,2026-01-24,Desktop
14940,213321,57,5549,2,2024-10-16,Desktop
14941,213330,54,1434,1,2025-09-15,Mobile
14942,213332,26,415,3,2025-10-23,Desktop
14943,213349,30,2049,6,2024-11-27,Tablet
14944,213350,27,5748,2,2024-10-24,Tablet
14945,213359,13,1172,4,2024-09-04,Tablet
14946,213372,43,453,2,2026-01-23,Mobile
14947,213380,47,5830,3,2024-10-09,Tablet
14948,213402,55,4842,3,2025-07-14,Tablet
14949,213432,53,2887,3,2026-05-25,Desktop
14950,213441,31,5376,4,2025-01-17,Tablet
14951,213447,56,3884,5,2024-12-11,Desktop
14952,213452,59,121,5,2026-04-24,Tablet
14953,213456,15,3289,6,2026-05-20,Tablet
14954,213472,10,817,1,2025-12-24,Tablet
14955,213507,48,4097,2,2026-02-02,Tablet
14956,213517,31,2659,4,2025-01-18,Desktop
14957,213547,18,4750,4,2025-04-16,Desktop
14958,213552,47,4598,3,2024-10-30,Tablet
14959,213569,6,5275,5,2025-03-02,Tablet
14960,213588,10,2286,1,2026-01-14,Desktop
14961,213609,17,4265,2,2024-11-29,Desktop
14962,213625,15,5147,6,2026-04-24,Mobile
14963,213627,59,5552,5,2026-05-06,Mobile
14964,213637,13,4912,4,2024-09-10,Mobile
14965,213655,21,5985,3,2026-01-18,Mobile
14966,213657,27,5232,2,2024-10-30,Mobile
14967,213688,17,2973,2,2025-01-02,Mobile
14968,213697,49,2967,5,2025-09-04,Desktop
14969,213705,51,4007,6,2025-08-30,Mobile
14970,213709,26,3007,3,2025-10-29,Desktop
14971,213749,24,5359,6,2025-10-06,Desktop
14972,213759,13,3222,4,2024-09-16,Desktop
14973,213777,45,4654,4,2026-05-22,Tablet
14974,213797,48,2884,2,2026-02-06,Desktop
14975,213799,21,3253,3,2026-01-12,Mobile
14976,213806,26,2844,3,2025-11-04,Desktop
14977,213826,34,3358,3,2025-06-11,Tablet
14978,213830,39,2174,6,2024-11-29,Tablet
14979,213875,5,666,1,2024-11-01,Desktop
14980,213889,3,1068,4,2025-12-16,Desktop
14981,213890,35,2473,6,2025-05-26,Tablet
14982,213908,39,1846,6,2024-12-07,Desktop
14983,213937,56,3391,5,2024-12-13,Mobile
14984,213971,28,1838,6,2025-05-10,Desktop
14985,214003,40,3571,5,2026-03-10,Desktop
14986,214019,15,5097,6,2026-05-12,Desktop
14987,214025,60,1654,5,2025-04-23,Desktop
14988,214051,1,1696,6,2025-05-05,Tablet
14989,214077,51,406,6,2025-09-30,Tablet
14990,214088,18,140,4,2025-04-03,Desktop
14991,214093,60,177,5,2025-04-11,Desktop
14992,214096,6,4278,5,2025-02-16,Mobile
14993,214105,44,2597,1,2024-12-21,Desktop
14994,214109,19,109,4,2025-04-26,Desktop
14995,214112,11,478,3,2024-09-05,Desktop
14996,214113,35,4996,6,2025-05-30,Desktop
14997,214128,25,246,3,2024-12-27,Mobile
14998,214132,13,3963,4,2024-09-06,Mobile
14999,214138,2,2846,1,2024-11-17,Tablet
15000,214147,12,4326,1,2024-07-27,Mobile
15001,214153,20,4676,6,2025-04-18,Tablet
15002,214157,7,2716,5,2026-05-29,Desktop
15003,214158,33,4839,3,2026-03-14,Desktop
15004,214172,10,4164,1,2025-12-25,Mobile
15005,214181,58,4667,1,2025-05-28,Desktop
15006,214186,2,1322,1,2024-11-07,Desktop
15007,214191,27,4265,2,2024-11-02,Mobile
15008,214211,49,2197,5,2025-09-20,Mobile
15009,214219,16,2484,6,2025-03-03,Desktop
15010,214230,20,580,6,2025-04-18,Mobile
15011,214246,39,4921,6,2024-11-27,Tablet
15012,214254,41,486,3,2026-02-05,Tablet
15013,214255,38,4345,2,2025-11-17,Desktop
15014,214261,27,3235,2,2024-10-23,Desktop
15015,214294,23,5847,1,2026-01-03,Desktop
15016,214334,22,739,5,2024-10-04,Mobile
15017,214340,25,4392,3,2024-12-07,Tablet
15018,214352,24,2700,6,2025-10-26,Desktop
15019,214380,56,5335,5,2024-12-14,Desktop
15020,214389,48,5104,2,2026-02-05,Mobile
15021,214392,31,3674,4,2025-01-30,Desktop
15022,214394,58,2141,1,2025-05-15,Tablet
15023,214408,8,4707,2,2025-07-29,Tablet
15024,214412,14,4012,2,2024-12-07,Desktop
15025,214417,6,227,5,2025-01-27,Desktop
15026,214428,2,275,1,2024-11-10,Desktop
15027,214441,37,3910,5,2025-01-30,Desktop
15028,214448,59,5449,5,2026-04-19,Tablet
15029,214493,52,5639,1,2025-03-11,Tablet
15030,214497,28,186,6,2025-04-15,Tablet
15031,214509,6,411,5,2025-02-26,Desktop
15032,214521,22,1150,5,2024-10-12,Mobile
15033,214526,14,403,2,2024-11-21,Desktop
15034,214540,48,4692,2,2026-02-05,Desktop
15035,214542,54,2830,1,2025-09-06,Mobile
15036,214565,36,4434,5,2025-04-06,Mobile
15037,214580,9,5375,2,2024-08-29,Tablet
15038,214587,60,602,5,2025-04-21,Tablet
15039,214605,31,3319,4,2025-01-22,Tablet
15040,214610,5,1229,1,2024-11-15,Mobile
15041,214632,16,5130,6,2025-02-04,Tablet
15042,214636,11,1963,3,2024-08-16,Tablet
15043,214655,33,544,3,2026-03-02,Desktop
15044,214667,50,2630,1,2025-03-13,Mobile
15045,214680,32,515,3,2024-09-23,Tablet
15046,214689,48,4962,2,2026-02-04,Tablet
15047,214714,14,241,2,2024-12-17,Desktop
15048,214720,48,5156,2,2026-01-26,Mobile
15049,214722,31,2750,4,2025-01-23,Desktop
15050,214723,51,4015,6,2025-10-11,Tablet
15051,214758,54,2888,1,2025-09-18,Tablet
15052,214766,23,2924,1,2026-01-01,Desktop
15053,214781,48,5641,2,2026-01-26,Desktop
15054,214785,9,3409,2,2024-09-06,Mobile
15055,214788,43,1577,2,2026-01-14,Desktop
15056,214795,41,441,3,2026-02-18,Tablet
15057,214811,9,985,2,2024-09-14,Tablet
15058,214820,56,4117,5,2024-12-10,Tablet
15059,214850,16,5928,6,2025-02-02,Tablet
15060,214875,39,945,6,2024-12-26,Desktop
15061,214892,40,10,5,2026-03-13,Mobile
15062,214921,41,5008,3,2026-01-31,Mobile
15063,214925,59,3749,5,2026-04-22,Mobile
15064,214950,5,2381,1,2024-11-12,Desktop
15065,214954,21,2922,3,2026-01-15,Desktop
15066,214958,54,5931,1,2025-09-07,Desktop
15067,214973,49,3891,5,2025-09-08,Desktop
15068,214983,7,2096,5,2026-05-18,Mobile
15069,215000,16,4887,6,2025-03-09,Tablet
15070,215016,7,1485,5,2026-05-23,Tablet
15071,215029,39,2725,6,2024-12-09,Tablet
15072,215041,19,5291,4,2025-04-09,Mobile
15073,215042,27,2673,2,2024-10-29,Desktop
15074,215047,4,110,1,2025-01-07,Tablet
15075,215070,29,3453,1,2025-05-07,Tablet
15076,215083,28,3817,6,2025-04-25,Desktop
15077,215098,37,3235,5,2025-01-12,Tablet
15078,215128,53,130,3,2026-05-16,Desktop
15079,215136,42,3958,2,2025-01-23,Mobile
15080,215141,9,2814,2,2024-09-14,Tablet
15081,215142,43,5319,2,2026-01-21,Desktop
15082,215193,57,3334,2,2024-10-10,Desktop
15083,215208,43,4492,2,2026-01-21,Desktop
15084,215209,40,1340,5,2026-03-15,Mobile
15085,215223,25,3567,3,2024-11-23,Tablet
15086,215227,6,2444,5,2025-02-05,Mobile
15087,215230,52,5512,1,2025-03-07,Desktop
15088,215242,42,3045,2,2025-01-21,Desktop
15089,215247,1,1069,6,2025-04-18,Mobile
15090,215259,8,4526,2,2025-08-04,Mobile
15091,215264,45,3090,4,2026-04-19,Tablet
15092,215272,3,2960,4,2025-12-12,Tablet
15093,215283,27,51,2,2024-10-28,Mobile
15094,215306,36,1905,5,2025-05-03,Desktop
15095,215361,29,2345,1,2025-04-15,Desktop
15096,215390,22,36,5,2024-10-15,Tablet
15097,215412,33,3192,3,2026-03-26,Mobile
15098,215414,27,4998,2,2024-10-29,Mobile
15099,215421,57,1113,2,2024-11-19,Tablet
15100,215432,53,3360,3,2026-05-26,Desktop
15101,215433,20,3420,6,2025-05-26,Desktop
15102,215455,17,3076,2,2024-12-16,Desktop
15103,215488,59,5138,5,2026-05-11,Mobile
15104,215521,13,476,4,2024-09-02,Mobile
15105,215534,45,417,4,2026-04-16,Tablet
15106,215548,38,3443,2,2025-11-11,Mobile
15107,215564,38,2617,2,2025-11-23,Mobile
15108,215594,32,3209,3,2024-09-15,Tablet
15109,215598,29,3706,1,2025-05-15,Desktop
15110,215601,43,3445,2,2026-01-09,Tablet
15111,215628,29,4935,1,2025-04-22,Mobile
15112,215634,12,796,1,2024-08-04,Tablet
15113,215662,29,143,1,2025-05-26,Mobile
15114,215696,23,1778,1,2026-01-06,Tablet
15115,215701,32,1542,3,2024-09-16,Mobile
15116,215706,16,4993,6,2025-01-24,Tablet
15117,215716,44,1137,1,2024-12-17,Mobile
15118,215722,4,583,1,2025-02-01,Tablet
15119,215745,31,3573,4,2025-01-31,Tablet
15120,215751,57,1164,2,2024-10-23,Mobile
15121,215755,1,5265,6,2025-03-27,Desktop
15122,215772,31,5531,4,2025-01-31,Tablet
15123,215842,35,5599,6,2025-06-03,Tablet
15124,215852,49,5993,5,2025-09-07,Tablet
15125,215853,59,362,5,2026-05-02,Tablet
15126,215862,50,1062,1,2025-04-18,Tablet
15127,215869,46,2981,4,2025-01-24,Desktop
15128,215882,14,5912,2,2024-11-22,Tablet
15129,215884,19,1418,4,2025-04-29,Desktop
15130,215895,21,5803,3,2026-01-22,Tablet
15131,215896,16,4959,6,2025-01-17,Tablet
15132,215908,33,4703,3,2026-03-18,Tablet
15133,215909,32,2917,3,2024-09-29,Tablet
15134,215917,59,2490,5,2026-04-27,Desktop
15135,215919,6,3152,5,2025-01-19,Desktop
15136,215936,45,5945,4,2026-04-13,Mobile
15137,215944,18,1978,4,2025-04-17,Desktop
15138,215951,30,5974,6,2024-11-12,Mobile
15139,215956,49,4813,5,2025-09-30,Tablet
15140,215962,34,4932,3,2025-06-20,Tablet
15141,215967,9,3126,2,2024-08-28,Mobile
15142,215979,14,2225,2,2024-12-08,Tablet
15143,216014,58,3581,1,2025-05-24,Tablet
15144,216021,56,5214,5,2024-12-24,Tablet
15145,216022,53,4630,3,2026-05-08,Tablet
15146,216036,22,1730,5,2024-10-30,Desktop
15147,216043,19,5802,4,2025-05-15,Tablet
15148,216046,41,4268,3,2026-02-11,Mobile
15149,216049,6,13,5,2025-02-07,Desktop
15150,216062,29,2830,1,2025-05-13,Tablet
15151,216096,20,463,6,2025-04-24,Desktop
15152,216097,22,3680,5,2024-10-10,Mobile
15153,216114,30,533,6,2024-11-29,Mobile
15154,216125,29,2053,1,2025-05-03,Desktop
15155,216146,17,5478,2,2024-12-16,Tablet
15156,216147,14,1426,2,2024-11-20,Mobile
15157,216164,3,5973,4,2025-12-13,Mobile
15158,216173,45,3850,4,2026-05-25,Tablet
15159,216192,27,1954,2,2024-11-01,Tablet
15160,216240,41,3152,3,2026-02-07,Mobile
15161,216273,32,4369,3,2024-09-14,Tablet
15162,216276,43,5029,2,2026-01-10,Desktop
15163,216291,2,5316,1,2024-11-09,Mobile
15164,216322,2,5013,1,2024-11-17,Desktop
15165,216387,5,168,1,2024-11-08,Desktop
15166,216392,31,5848,4,2025-01-29,Desktop
15167,216406,33,4478,3,2026-01-26,Tablet
15168,216414,8,5994,2,2025-07-17,Mobile
15169,216425,2,2677,1,2024-11-02,Tablet
15170,216428,41,2935,3,2026-02-06,Mobile
15171,216462,47,5377,3,2024-11-08,Desktop
15172,216466,56,2734,5,2024-12-16,Mobile
15173,216482,27,1696,2,2024-10-27,Desktop
15174,216488,25,2008,3,2024-12-12,Desktop
15175,216502,10,1328,1,2025-12-30,Tablet
15176,216504,35,5679,6,2025-06-03,Desktop
15177,216514,24,3934,6,2025-10-24,Desktop
15178,216523,17,2733,2,2024-12-23,Mobile
15179,216527,59,5546,5,2026-04-26,Desktop
15180,216531,53,798,3,2026-05-20,Mobile
15181,216535,25,2801,3,2024-11-09,Mobile
15182,216605,25,2924,3,2024-12-28,Mobile
15183,216651,2,4448,1,2024-10-29,Desktop
15184,216653,27,1046,2,2024-11-01,Desktop
15185,216673,30,4206,6,2024-11-15,Tablet
15186,216674,41,2600,3,2026-02-06,Tablet
15187,216677,17,205,2,2025-01-03,Tablet
15188,216681,14,5473,2,2024-12-04,Desktop
15189,216756,48,3596,2,2026-02-06,Mobile
15190,216758,54,1150,1,2025-09-18,Tablet
15191,216774,10,546,1,2025-11-30,Desktop
15192,216779,40,2656,5,2026-03-13,Desktop
15193,216784,44,382,1,2024-12-24,Desktop
15194,216785,47,5435,3,2024-11-14,Desktop
15195,216789,19,4275,4,2025-04-14,Mobile
15196,216809,54,2345,1,2025-09-21,Mobile
15197,216818,58,561,1,2025-05-25,Mobile
15198,216822,59,4633,5,2026-04-30,Tablet
15199,216824,12,5490,1,2024-07-27,Tablet
15200,216837,27,3587,2,2024-10-25,Mobile
15201,216857,10,2389,1,2025-12-04,Mobile
15202,216870,10,5844,1,2025-12-29,Desktop
15203,216894,4,5459,1,2025-01-15,Tablet
15204,216913,34,178,3,2025-06-28,Mobile
15205,216929,38,3052,2,2025-11-21,Desktop
15206,216944,53,880,3,2026-05-11,Desktop
15207,216952,27,3728,2,2024-11-02,Mobile
15208,216957,53,5048,3,2026-05-08,Tablet
15209,216963,20,1423,6,2025-05-24,Tablet
15210,216965,25,571,3,2024-12-03,Mobile
15211,216993,32,2939,3,2024-10-26,Mobile
15212,217049,3,4854,4,2025-12-14,Desktop
15213,217074,22,5564,5,2024-10-05,Desktop
15214,217085,47,2057,3,2024-10-15,Tablet
15215,217110,4,746,1,2025-01-10,Mobile
15216,217136,31,2168,4,2025-01-19,Desktop
15217,217145,43,5712,2,2026-01-26,Tablet
15218,217170,9,1674,2,2024-09-04,Desktop
15219,217180,52,5245,1,2025-03-11,Mobile
15220,217182,46,5788,4,2025-01-07,Desktop
15221,217187,8,4007,2,2025-08-01,Desktop
15222,217265,38,4580,2,2025-11-20,Tablet
15223,217271,48,4282,2,2026-02-07,Desktop
15224,217282,7,3675,5,2026-05-29,Tablet
15225,217292,34,550,3,2025-06-16,Desktop
15226,217330,32,2854,3,2024-10-31,Tablet
15227,217336,44,4087,1,2024-12-24,Tablet
15228,217411,34,2633,3,2025-06-25,Tablet
15229,217425,39,1255,6,2024-11-26,Tablet
15230,217433,26,3319,3,2025-10-25,Desktop
15231,217456,8,4716,2,2025-07-25,Tablet
15232,217474,21,1144,3,2026-01-14,Desktop
15233,217487,43,3161,2,2026-01-21,Desktop
15234,217491,20,336,6,2025-05-10,Desktop
15235,217499,59,5849,5,2026-04-30,Mobile
15236,217521,34,5918,3,2025-06-21,Mobile
15237,217553,57,4797,2,2024-11-13,Desktop
15238,217565,37,1530,5,2025-01-06,Tablet
15239,217599,24,2325,6,2025-10-23,Mobile
15240,217615,30,5827,6,2024-11-27,Desktop
15241,217627,33,599,3,2026-03-02,Tablet
15242,217628,54,1396,1,2025-09-14,Tablet
15243,217637,34,1190,3,2025-07-01,Mobile
15244,217651,29,1317,1,2025-05-09,Tablet
15245,217653,45,2867,4,2026-04-05,Tablet
15246,217662,28,2047,6,2025-04-29,Tablet
15247,217676,12,2150,1,2024-08-05,Tablet
15248,217683,18,5988,4,2025-05-05,Desktop
15249,217695,46,4336,4,2025-01-07,Desktop
15250,217775,23,2,1,2026-01-08,Mobile
15251,217827,25,3944,3,2024-11-30,Desktop
15252,217835,43,2341,2,2026-01-20,Tablet
15253,217846,49,3522,5,2025-10-19,Mobile
15254,217848,19,3769,4,2025-05-29,Mobile
15255,217854,24,459,6,2025-11-15,Desktop
15256,217869,17,3910,2,2024-12-08,Mobile
15257,217914,15,328,6,2026-05-28,Tablet
15258,217950,16,108,6,2025-01-30,Mobile
15259,217951,50,1438,1,2025-03-30,Tablet
15260,217980,46,3842,4,2025-01-03,Desktop
15261,217996,54,275,1,2025-09-15,Desktop
15262,217997,8,5973,2,2025-07-20,Desktop
15263,218001,5,2622,1,2024-10-29,Mobile
15264,218007,29,1063,1,2025-05-09,Mobile
15265,218017,59,2041,5,2026-04-25,Tablet
15266,218063,13,5805,4,2024-09-06,Mobile
15267,218065,35,5905,6,2025-05-25,Mobile
15268,218070,21,5299,3,2026-01-08,Mobile
15269,218080,59,4242,5,2026-05-01,Mobile
15270,218083,26,5027,3,2025-10-26,Desktop
15271,218094,19,4318,4,2025-04-12,Mobile
15272,218130,6,3054,5,2025-01-27,Desktop
15273,218135,36,4015,5,2025-05-10,Tablet
15274,218136,43,3199,2,2026-01-23,Mobile
15275,218143,56,5927,5,2024-12-11,Mobile
15276,218144,1,4202,6,2025-04-16,Tablet
15277,218151,43,683,2,2026-01-26,Tablet
15278,218165,9,1236,2,2024-09-16,Mobile
15279,218188,36,5018,5,2025-04-02,Tablet
15280,218190,37,2580,5,2025-01-18,Desktop
15281,218219,6,5311,5,2025-01-18,Tablet
15282,218229,58,2580,1,2025-05-04,Mobile
15283,218236,24,3050,6,2025-10-08,Mobile
15284,218240,22,5432,5,2024-10-12,Tablet
15285,218252,49,4297,5,2025-10-11,Desktop
15286,218274,54,1498,1,2025-09-12,Mobile
15287,218287,10,5543,1,2025-11-30,Desktop
15288,218300,8,4078,2,2025-07-29,Desktop
15289,218304,45,55,4,2026-05-09,Desktop
15290,218316,2,4302,1,2024-11-21,Desktop
15291,218338,49,1229,5,2025-09-24,Tablet
15292,218363,20,1979,6,2025-05-02,Mobile
15293,218367,53,4211,3,2026-05-07,Mobile
15294,218376,26,3773,3,2025-10-23,Desktop
15295,218414,39,1226,6,2024-12-13,Desktop
15296,218432,6,951,5,2025-03-01,Desktop
15297,218446,51,277,6,2025-09-17,Mobile
15298,218459,46,3649,4,2025-01-17,Tablet
15299,218469,22,5369,5,2024-10-14,Desktop
15300,218470,46,2381,4,2025-01-14,Mobile
15301,218473,27,1862,2,2024-10-22,Desktop
15302,218481,21,1604,3,2026-01-09,Mobile
15303,218485,33,792,3,2026-03-11,Desktop
15304,218491,1,2100,6,2025-04-03,Tablet
15305,218496,58,2196,1,2025-05-31,Tablet
15306,218515,25,3099,3,2024-12-18,Mobile
15307,218516,22,5793,5,2024-10-19,Tablet
15308,218519,46,1786,4,2025-02-03,Mobile
15309,218520,15,2345,6,2026-05-22,Tablet
15310,218528,50,4314,1,2025-03-13,Tablet
15311,218540,34,5641,3,2025-06-25,Mobile
15312,218541,9,1934,2,2024-09-13,Mobile
15313,218543,45,3917,4,2026-05-13,Desktop
15314,218554,39,1915,6,2024-12-20,Tablet
15315,218558,8,2912,2,2025-08-11,Tablet
15316,218561,45,3253,4,2026-05-21,Mobile
15317,218579,50,3831,1,2025-03-24,Mobile
15318,218589,17,2617,2,2024-12-10,Mobile
15319,218605,32,1798,3,2024-10-07,Mobile
15320,218627,38,5471,2,2025-11-15,Desktop
15321,218643,52,3203,1,2025-03-21,Tablet
15322,218657,46,3510,4,2025-01-22,Desktop
15323,218661,33,2804,3,2026-02-26,Mobile
15324,218692,25,2988,3,2024-12-13,Tablet
15325,218711,33,462,3,2026-02-12,Tablet
15326,218715,43,1533,2,2026-01-24,Desktop
15327,218716,60,3211,5,2025-04-18,Mobile
15328,218719,24,3808,6,2025-10-12,Tablet
15329,218722,54,5045,1,2025-09-09,Tablet
15330,218740,20,3226,6,2025-06-01,Desktop
15331,218787,51,385,6,2025-09-01,Desktop
15332,218826,2,151,1,2024-11-07,Mobile
15333,218836,20,1664,6,2025-05-14,Tablet
15334,218855,27,5200,2,2024-10-30,Desktop
15335,218895,4,2666,1,2025-01-10,Tablet
15336,218919,16,157,6,2025-03-11,Mobile
15337,218926,40,4934,5,2026-03-09,Tablet
15338,218956,14,2758,2,2024-12-04,Desktop
15339,218961,15,3212,6,2026-05-12,Mobile
15340,218966,26,4337,3,2025-10-27,Tablet
15341,218980,25,4887,3,2024-11-29,Tablet
15342,219031,52,4366,1,2025-02-19,Desktop
15343,219032,21,3415,3,2026-01-17,Desktop
15344,219054,35,5546,6,2025-05-24,Desktop
15345,219065,50,543,1,2025-04-24,Mobile
15346,219073,7,4256,5,2026-06-07,Desktop
15347,219080,19,3823,4,2025-05-09,Mobile
15348,219082,7,4840,5,2026-05-23,Desktop
15349,219085,34,2478,3,2025-06-28,Mobile
15350,219099,18,3388,4,2025-04-01,Desktop
15351,219112,13,4938,4,2024-09-07,Desktop
15352,219143,14,4967,2,2024-11-17,Desktop
15353,219205,56,925,5,2024-12-18,Tablet
15354,219253,1,3591,6,2025-04-11,Mobile
15355,219302,53,196,3,2026-05-06,Mobile
15356,219305,18,3943,4,2025-04-20,Desktop
15357,219311,57,3356,2,2024-10-10,Mobile
15358,219312,20,4733,6,2025-05-05,Desktop
15359,219314,59,4648,5,2026-04-29,Desktop
15360,219335,60,1483,5,2025-04-17,Tablet
15361,219348,50,5085,1,2025-03-24,Mobile
15362,219399,45,5538,4,2026-05-15,Tablet
15363,219400,48,1643,2,2026-02-11,Tablet
15364,219417,36,1935,5,2025-04-16,Tablet
15365,219423,6,1102,5,2025-01-25,Mobile
15366,219427,30,1606,6,2024-11-29,Mobile
15367,219435,34,75,3,2025-06-22,Desktop
15368,219442,14,4316,2,2024-11-23,Desktop
15369,219447,18,600,4,2025-04-05,Desktop
15370,219460,10,2789,1,2026-01-01,Tablet
15371,219465,5,1760,1,2024-10-26,Tablet
15372,219468,14,4086,2,2024-12-05,Tablet
15373,219479,19,3300,4,2025-05-16,Mobile
15374,219503,13,3506,4,2024-09-08,Tablet
15375,219516,7,153,5,2026-06-06,Tablet
15376,219518,46,4710,4,2025-01-09,Mobile
15377,219553,9,2511,2,2024-09-13,Mobile
15378,219563,10,4330,1,2025-12-15,Tablet
15379,219565,37,253,5,2025-01-21,Desktop
15380,219566,31,2381,4,2025-01-31,Tablet
15381,219583,37,2647,5,2025-01-21,Mobile
15382,219679,54,2713,1,2025-09-08,Desktop
15383,219688,12,2287,1,2024-08-05,Tablet
15384,219691,8,3263,2,2025-07-24,Tablet
15385,219694,38,5025,2,2025-11-14,Tablet
15386,219696,22,551,5,2024-11-04,Desktop
15387,219728,2,1363,1,2024-11-23,Desktop
15388,219740,52,980,1,2025-02-26,Desktop
15389,219742,39,4343,6,2024-12-14,Tablet
15390,219747,35,2105,6,2025-05-15,Tablet
15391,219775,33,5567,3,2026-02-05,Desktop
15392,219792,49,4326,5,2025-10-06,Tablet
15393,219813,50,2177,1,2025-04-21,Mobile
15394,219816,28,5922,6,2025-04-15,Tablet
15395,219822,41,307,3,2026-02-13,Mobile
15396,219839,21,708,3,2026-01-14,Mobile
15397,219842,7,1483,5,2026-05-22,Desktop
15398,219850,13,4919,4,2024-09-16,Desktop
15399,219871,55,3235,3,2025-07-20,Tablet
15400,219873,36,642,5,2025-05-08,Tablet
15401,219902,6,2988,5,2025-01-31,Tablet
15402,219904,37,3144,5,2025-01-21,Mobile
15403,219924,45,4621,4,2026-05-15,Desktop
15404,219964,56,3272,5,2024-12-18,Mobile
15405,219967,4,3055,1,2024-12-16,Desktop
15406,219994,23,5048,1,2026-01-13,Desktop
