customer_id,first_name,last_name,email,gender,age,city,country,signup_date,acquisition_channel
1,Ashley,Miller,wcabrera@example.net,M,56,New Jamesside,USA,2025-11-03,Affiliate
2,David,Alvarez,josephbrennan@example.com,F,69,Jacquelineland,USA,2026-06-08,Instagram Ads
3,Sarah,Campos,jenniferross@example.net,M,46,North Noahstad,USA,2025-06-29,Affiliate
4,Samuel,Holmes,wrightcaleb@example.org,M,32,New Mariotown,USA,2025-04-22,Google Display
5,Jerry,Robinson,zimmermanbrian@example.org,M,60,New Jamesside,USA,2026-04-05,Facebook Ads
6,Michele,Jones,joshuawashington@example.net,M,25,West Michael,USA,2023-12-10,Email
7,Selena,Duncan,esanchez@example.com,M,38,East Nathaniel,USA,2024-02-11,Instagram Ads
8,Collin,Jordan,ujenkins@example.org,F,56,West Michael,USA,2025-07-25,Google Display
9,Tracey,Garcia,zchandler@example.org,F,36,East William,USA,2024-04-15,Instagram Ads
10,James,West,dwhite@example.org,F,40,Jasonfort,USA,2026-03-02,Google Search
11,Charles,Morton,williamsyvette@example.org,M,28,Ramirezstad,USA,2026-06-14,Google Search
12,Sara,Allison,richardolson@example.com,M,28,Ericmouth,USA,2026-04-02,Google Display
13,Franklin,Smith,ybaker@example.com,M,41,Wilkersonmouth,USA,2024-05-25,Google Search
14,Heather,Cross,smoore@example.org,F,53,Robinsonshire,USA,2026-06-13,Affiliate
15,Beth,Daniels,brian97@example.net,F,57,Port Colleenhaven,USA,2026-04-20,Facebook Ads
16,Amanda,Brown,yorkcasey@example.org,F,41,Ericmouth,USA,2025-07-27,Email
17,Joe,Wilson,bethwilliams@example.org,F,20,North John,USA,2024-10-19,Google Search
18,Brandy,Mills,james53@example.com,M,39,Lake Roberto,USA,2024-09-23,Facebook Ads
19,Emily,Evans,sarah10@example.com,M,19,Lake Mark,USA,2025-05-28,Facebook Ads
20,Anna,Garcia,williamanderson@example.com,M,41,North Noahstad,USA,2026-03-09,Google Display
21,Natasha,Wood,samueldaniels@example.com,F,61,Tashatown,USA,2025-05-18,Affiliate
22,Vanessa,Valdez,contrerasangela@example.net,F,47,Lake Chad,USA,2023-11-08,Google Search
23,Natalie,Baker,newtoneric@example.com,F,55,Ramirezstad,USA,2025-05-10,Affiliate
24,Jennifer,Harris,william40@example.org,F,19,Lake Roberto,USA,2025-06-12,Email
25,Maria,Williams,kellie42@example.net,M,38,Port Colleenhaven,USA,2024-11-13,Affiliate
26,Janice,Hoffman,jonesnicole@example.org,M,50,Lake Chad,USA,2025-03-06,Google Display
27,Mary,Aguilar,russellwilliams@example.com,F,29,South Noah,USA,2026-03-29,Affiliate
28,Laura,Valencia,jason31@example.com,M,39,Adamsborough,USA,2025-11-19,Facebook Ads
29,Nicole,Russell,sarayoung@example.org,M,61,Robinsonshire,USA,2026-06-21,Google Search
30,Lisa,Keith,whitesandra@example.com,F,42,South Noah,USA,2025-12-13,Facebook Ads
31,Michelle,Cochran,erik16@example.org,M,66,New Stephanie,USA,2026-02-13,Affiliate
32,Jeffrey,Velasquez,ybailey@example.org,F,44,Ramirezstad,USA,2024-03-18,Affiliate
33,Donna,Ross,michelle45@example.net,F,59,Coxberg,USA,2025-01-26,Affiliate
34,Erin,Anthony,sheila14@example.org,F,45,New Kellystad,USA,2025-04-14,Google Search
35,Tonya,Johnson,yreed@example.com,M,33,Jacquelineland,USA,2024-11-07,Affiliate
36,Tracey,Wilson,jonathanfletcher@example.org,F,32,New Mariotown,USA,2025-02-06,Google Display
37,Lindsay,Mcdaniel,michaeljones@example.net,F,64,West Donald,USA,2026-04-22,Instagram Ads
38,Cindy,Alvarado,cortezkevin@example.com,M,68,South Aaron,USA,2025-07-17,Google Display
39,Mark,Terry,jamesortega@example.com,M,61,Lisatown,USA,2025-07-29,Facebook Ads
40,Raven,Gilbert,richard04@example.com,M,69,Lake Chad,USA,2024-03-04,Affiliate
41,Kristi,Lawson,steven73@example.net,F,20,West Natashaport,USA,2024-12-17,Facebook Ads
42,Rachel,Flynn,donnacampbell@example.net,F,54,Juliechester,USA,2025-06-10,Email
43,Matthew,Cardenas,emilywalker@example.org,F,68,Teresaburgh,USA,2023-12-26,Google Search
44,Brandon,Riggs,gibsonolivia@example.net,M,24,Cassandraton,USA,2024-02-16,Affiliate
45,Heather,Snyder,dylanwatts@example.org,F,38,Jasonfort,USA,2025-11-17,Facebook Ads
46,Jeffery,Brock,pwilliams@example.org,F,26,East Courtneychester,USA,2024-11-29,Instagram Ads
47,Laurie,Contreras,stephanie79@example.net,F,56,East William,USA,2026-03-21,Affiliate
48,Ronald,Meadows,vmerritt@example.com,F,35,South Aaron,USA,2024-11-22,Instagram Ads
49,Karen,Larsen,katie87@example.net,M,21,East Lydiamouth,USA,2024-04-05,Affiliate
50,Scott,Reeves,josephflores@example.net,M,42,New Kellystad,USA,2023-10-14,Google Search
51,Edward,Reyes,jasminebrown@example.com,M,31,Port Colleenhaven,USA,2024-07-14,Email
52,Steven,Brown,xprice@example.net,M,67,West Natashaport,USA,2026-05-19,Google Search
53,Andrew,Gilmore,wwoods@example.com,F,26,New Jamesside,USA,2025-10-20,Facebook Ads
54,Melissa,Ashley,vmedina@example.net,F,43,East Lydiamouth,USA,2025-12-10,Instagram Ads
55,Rachael,Freeman,ryan06@example.com,M,19,Jacquelineland,USA,2025-07-20,Email
56,Lauren,Ramsey,ncalhoun@example.net,M,37,Ericmouth,USA,2023-08-16,Affiliate
57,Phillip,Elliott,millerroy@example.com,F,45,Lake Roberto,USA,2024-02-02,Email
58,Jorge,Murphy,wmurphy@example.com,M,64,Herrerafurt,USA,2024-05-17,Affiliate
59,Stephanie,Fisher,ruizkaitlyn@example.org,F,24,East Nathaniel,USA,2026-07-17,Instagram Ads
60,Michael,Santos,websterstefanie@example.org,F,61,Teresaburgh,USA,2026-01-22,Email
61,Christine,Allen,kcaldwell@example.org,F,25,Ramirezstad,USA,2024-12-08,Email
62,Jonathan,Wood,stricklandfrank@example.com,M,64,East Lydiamouth,USA,2023-11-13,Google Display
63,Anthony,Collins,tsanders@example.org,F,52,South Patrickmouth,USA,2023-10-09,Email
64,Hannah,Burton,terrykevin@example.net,F,31,Cassandraton,USA,2025-05-06,Instagram Ads
65,David,Riggs,reedross@example.com,M,34,Lake Roberto,USA,2023-10-01,Google Search
66,Deborah,Smith,gshort@example.com,M,53,New Mariotown,USA,2026-06-05,Email
67,Cynthia,Poole,ryangross@example.net,M,67,New Mariotown,USA,2024-05-09,Instagram Ads
68,Lindsey,Medina,umarshall@example.net,M,57,Lake Roberto,USA,2024-05-07,Affiliate
69,Melissa,Rivas,ramirezshannon@example.com,M,21,West Michael,USA,2025-04-02,Facebook Ads
70,Elizabeth,Rogers,lrosales@example.com,M,19,Jasonfort,USA,2024-03-06,Facebook Ads
71,Lauren,Peterson,angela83@example.org,M,23,South Noah,USA,2024-04-07,Affiliate
72,Richard,Peters,hannahbrewer@example.com,F,59,Ramirezstad,USA,2024-11-20,Email
73,Andre,Phillips,tholt@example.net,M,21,New Stephanie,USA,2025-04-15,Email
74,Thomas,Schmidt,jbarajas@example.com,F,46,Jacquelineland,USA,2024-08-06,Google Display
75,Shawn,Parker,davidlee@example.org,F,35,Port Jesseville,USA,2025-10-09,Facebook Ads
76,Stephanie,Vaughn,javierwashington@example.net,M,43,East Courtneychester,USA,2025-04-24,Google Search
77,Kathleen,Carlson,wallkenneth@example.com,F,61,Daviston,USA,2024-01-30,Google Display
78,Alexis,Ferguson,brandon08@example.com,M,51,North Noahstad,USA,2025-08-20,Facebook Ads
79,David,Oneill,agarcia@example.net,F,27,Jasonfort,USA,2024-05-24,Facebook Ads
80,Timothy,Peterson,kingmichelle@example.org,M,53,Port Jesseville,USA,2026-01-04,Instagram Ads
81,Richard,Jones,hernandezlisa@example.com,F,31,Herrerafurt,USA,2023-10-19,Google Display
82,John,Grant,yobrien@example.net,M,48,South Noah,USA,2024-03-21,Google Display
83,Alexandra,Hayes,levans@example.com,M,65,Lake Roberto,USA,2024-06-16,Google Display
84,Christine,Lynch,mezajared@example.org,M,32,Lisatown,USA,2024-05-03,Affiliate
85,Christopher,Allen,moorericky@example.net,M,25,Ericmouth,USA,2025-04-28,Instagram Ads
86,Kelly,Hall,jacqueline71@example.net,M,31,Daviston,USA,2024-03-29,Google Display
87,Joseph,Moody,ronaldstephens@example.net,F,40,Ramirezstad,USA,2023-12-28,Google Display
88,Joseph,Thomas,martinkyle@example.net,M,57,Lake Chad,USA,2026-01-06,Google Display
89,Samantha,Gonzales,sbarker@example.com,M,38,Juliechester,USA,2026-05-16,Google Search
90,Vincent,Snyder,georgepamela@example.net,F,33,Lake Mark,USA,2024-07-05,Google Display
91,John,Davis,keyemily@example.com,F,62,New Kellystad,USA,2025-04-09,Instagram Ads
92,Kathryn,Thompson,lmoon@example.net,F,35,Ramirezstad,USA,2024-11-06,Facebook Ads
93,Lisa,Costa,vbailey@example.com,M,64,Adamsborough,USA,2025-07-21,Facebook Ads
94,Mia,Rivera,zroberts@example.net,M,41,New Mariotown,USA,2023-08-27,Google Display
95,Christopher,King,cordovarichard@example.net,M,43,Lisatown,USA,2026-01-07,Email
96,Aaron,Booth,mgutierrez@example.net,M,42,Port Keith,USA,2024-08-17,Facebook Ads
97,Katherine,Garrett,harrisandrea@example.com,M,62,Jacquelineland,USA,2024-11-09,Google Display
98,Helen,Martinez,jennifercollins@example.org,M,58,New Stephanie,USA,2025-03-14,Instagram Ads
99,Christopher,Gay,murraydavid@example.org,M,46,North John,USA,2025-01-14,Facebook Ads
100,Jennifer,Hicks,robert77@example.org,F,32,New Mariotown,USA,2024-11-29,Email
101,Duane,Lee,michellehill@example.com,F,62,New Jessica,USA,2024-07-24,Instagram Ads
102,Kristin,Adams,campbellkenneth@example.net,F,18,Jacquelineland,USA,2025-04-13,Google Search
103,Donna,Grimes,wryan@example.com,F,42,Herrerafurt,USA,2025-03-13,Affiliate
104,Amy,Gibson,molly39@example.com,F,24,Tashatown,USA,2024-03-29,Google Search
105,Kimberly,Williams,zthornton@example.com,M,26,East William,USA,2024-09-13,Google Display
106,Elizabeth,Hoover,tylerjohnson@example.net,M,41,Lake Roberto,USA,2026-06-10,Email
107,Martin,Garcia,dgarcia@example.org,M,18,South Aaron,USA,2025-09-16,Google Search
108,Robert,Pena,charlesharrington@example.com,M,61,Wilkersonmouth,USA,2024-07-23,Facebook Ads
109,Heather,Santos,melissa86@example.com,M,25,West Donald,USA,2025-06-03,Google Search
110,Paige,Freeman,williamsonjimmy@example.net,M,41,South Patrickmouth,USA,2026-04-22,Email
111,Wendy,Francis,wgood@example.net,F,28,North John,USA,2025-08-27,Affiliate
112,Craig,Jackson,rebecca05@example.org,M,68,East Nathaniel,USA,2024-06-03,Google Search
113,Nicholas,Thomas,yknight@example.org,M,34,Herrerafurt,USA,2024-01-20,Google Search
114,Christian,Pitts,tyleraguilar@example.org,M,25,North Noahstad,USA,2024-12-04,Affiliate
115,Jonathan,Scott,nolansteven@example.com,M,52,South Noah,USA,2025-07-29,Google Search
116,Eric,Alexander,vanessa46@example.net,M,52,Jasonfort,USA,2024-04-17,Instagram Ads
117,Megan,Gonzalez,gcastaneda@example.org,F,50,South Aaron,USA,2024-09-07,Google Display
118,Michael,Phillips,andrew64@example.org,F,22,Lisatown,USA,2025-03-29,Facebook Ads
119,Gina,Garner,lozanojulie@example.com,F,59,South Noah,USA,2025-11-14,Facebook Ads
120,Jerry,Pham,danaoliver@example.net,M,56,Jasonfort,USA,2025-10-23,Instagram Ads
121,Katrina,Becker,courtneyberger@example.net,F,58,Lake Chad,USA,2023-08-30,Affiliate
122,Kristina,Johnson,jessica14@example.com,F,45,East Nathaniel,USA,2025-10-14,Affiliate
123,Gregory,Anderson,alyssa42@example.com,F,24,East Nathaniel,USA,2026-04-14,Facebook Ads
124,Sherry,Coffey,julie51@example.com,M,26,Lake Roberto,USA,2026-06-07,Affiliate
125,Donald,Levy,zcoffey@example.net,M,25,Port Colleenhaven,USA,2024-08-21,Facebook Ads
126,Krystal,Smith,gibsonemily@example.net,F,29,New Mariotown,USA,2024-04-30,Email
127,Parker,Little,daniel37@example.org,M,51,East Courtneychester,USA,2025-05-27,Instagram Ads
128,Sherry,Murphy,deborahreid@example.com,M,50,East Lydiamouth,USA,2026-04-09,Google Search
129,Kevin,Ortiz,brandonjohnson@example.com,M,65,Wilkersonmouth,USA,2023-11-22,Instagram Ads
130,Jimmy,Medina,qchavez@example.net,M,40,North Noahstad,USA,2025-08-19,Google Search
131,Amber,Matthews,nicolepena@example.com,F,41,North John,USA,2025-05-22,Affiliate
132,Sheila,Ramirez,jeff73@example.com,M,54,Jacquelineland,USA,2023-11-03,Instagram Ads
133,Gina,Stephens,bruce43@example.org,M,52,Daviston,USA,2026-05-23,Facebook Ads
134,Madison,Davis,darleneharper@example.org,M,61,Jasonfort,USA,2023-09-11,Google Display
135,Matthew,Zhang,caseyhubbard@example.org,M,57,South Noah,USA,2025-04-20,Instagram Ads
136,Lisa,Hall,kristinacarlson@example.com,M,39,Juliechester,USA,2026-02-12,Facebook Ads
137,Duane,Anderson,lauren10@example.org,F,44,West Michael,USA,2023-08-03,Instagram Ads
138,Kristy,Young,alfred40@example.org,F,52,Wilkersonmouth,USA,2025-10-07,Google Search
139,Alicia,Reese,xwest@example.net,M,18,West Michael,USA,2025-04-28,Facebook Ads
140,Shannon,Walker,acostaregina@example.net,M,52,Coxberg,USA,2025-02-08,Google Search
141,Stephen,Maynard,lutzmelanie@example.com,F,54,Lake Roberto,USA,2025-08-07,Google Search
142,Tracy,Browning,lammarc@example.org,F,64,South Aaron,USA,2023-09-27,Google Display
143,Joshua,Schultz,oscar98@example.com,F,31,New Jamesside,USA,2024-11-26,Facebook Ads
144,Catherine,Garcia,farrelldebra@example.net,F,20,Port Keith,USA,2025-09-15,Email
145,Jason,Hayes,robertwilcox@example.com,F,18,Robinsonshire,USA,2024-10-15,Facebook Ads
146,Cody,Simmons,nicholas27@example.org,F,22,Wilkersonmouth,USA,2023-10-25,Affiliate
147,Christopher,Reynolds,lisa80@example.net,F,43,East Courtneychester,USA,2026-05-31,Email
148,Anna,Santiago,qgomez@example.com,M,31,Juliechester,USA,2026-02-23,Email
149,Jennifer,Schmitt,michael98@example.org,M,56,New Jessica,USA,2024-01-03,Facebook Ads
150,Timothy,Boone,megan51@example.com,F,44,East William,USA,2025-04-07,Email
151,Lindsay,Bruce,lynchdiane@example.net,M,26,West Donald,USA,2024-05-06,Google Display
152,Henry,Park,sandra50@example.org,M,32,Jasonfort,USA,2026-02-25,Email
153,Ashley,Morales,joycebonilla@example.org,F,32,Cassandraton,USA,2025-10-12,Affiliate
154,Jason,Barnes,eric45@example.net,F,43,South Aaron,USA,2025-05-01,Google Search
155,Nicole,Moore,craigjoseph@example.net,F,59,Adamsborough,USA,2024-10-24,Google Display
156,Catherine,Perry,kariwilson@example.com,F,30,East Nathaniel,USA,2023-11-16,Instagram Ads
157,Erika,Watkins,brandon69@example.org,M,68,Daviston,USA,2023-07-26,Affiliate
158,Kevin,Clark,kathrynroberts@example.org,F,49,Port Keith,USA,2023-07-26,Email
159,Julie,Thompson,opatel@example.net,F,56,Coxberg,USA,2025-03-21,Email
160,Elizabeth,Gomez,chensley@example.com,M,66,East Lydiamouth,USA,2023-08-07,Google Search
161,Samantha,Atkins,tberry@example.net,M,69,East Courtneychester,USA,2024-10-17,Email
162,Darius,Smith,george97@example.net,F,49,Tashatown,USA,2026-04-21,Google Display
163,Christopher,Richard,ryanmorales@example.org,F,21,Ramirezstad,USA,2024-09-23,Email
164,Kyle,Morgan,kimberly18@example.net,F,47,Lake Chad,USA,2023-11-19,Affiliate
165,William,Bullock,michael23@example.org,M,54,Lake Mark,USA,2023-12-25,Email
166,James,Morrison,thompsonkendra@example.com,F,40,Ericmouth,USA,2024-12-07,Instagram Ads
167,Anne,Riley,michelle52@example.com,F,56,West Michael,USA,2023-09-30,Instagram Ads
168,Scott,Turner,brittany58@example.org,M,62,New Jamesside,USA,2024-06-22,Facebook Ads
169,Shannon,Brown,chase19@example.net,M,32,Lake Nicoleview,USA,2025-01-23,Email
170,Steven,Spencer,colelisa@example.net,M,60,Tashatown,USA,2024-02-09,Google Display
171,Cassidy,Mason,hayeslisa@example.com,M,46,Juliechester,USA,2026-06-28,Google Display
172,Christopher,Lucas,wrightsamuel@example.com,F,53,Jacquelineland,USA,2025-02-11,Instagram Ads
173,Chelsea,Cox,paul59@example.org,M,30,North Noahstad,USA,2025-11-28,Google Display
174,Deborah,Jones,grantpaul@example.com,M,49,Port Keith,USA,2025-09-18,Affiliate
175,Diane,Escobar,mathewaguilar@example.org,F,24,Lisatown,USA,2026-04-17,Email
176,Kyle,Douglas,tanderson@example.org,M,68,Cassandraton,USA,2024-06-21,Google Display
177,Nicholas,Conner,elizabethcalderon@example.net,M,39,Tashatown,USA,2026-07-14,Affiliate
178,Rita,Davis,bromero@example.com,F,45,South Patrickmouth,USA,2024-06-20,Email
179,Stephanie,Peterson,ilee@example.org,F,19,East Nathaniel,USA,2023-10-10,Google Display
180,Megan,Garcia,stanleynancy@example.net,M,59,Lake Nicoleview,USA,2023-12-08,Google Display
181,Nicholas,Martin,jenniferwilliams@example.com,F,62,Jacquelineland,USA,2025-07-28,Affiliate
182,John,Wallace,karen73@example.net,F,23,Teresaburgh,USA,2024-04-05,Google Display
183,Tammy,Mueller,michealvalentine@example.com,M,45,South Noah,USA,2024-12-05,Google Display
184,Juan,Reyes,mburch@example.net,M,45,Lake Mark,USA,2023-12-16,Instagram Ads
185,John,Davidson,angela18@example.org,F,61,Jasonfort,USA,2024-05-25,Google Search
186,Kathryn,Nelson,mariahdavis@example.org,M,61,Herrerafurt,USA,2025-12-29,Instagram Ads
187,Nicole,Arias,gbrown@example.com,M,37,Juliechester,USA,2024-04-01,Affiliate
188,Virginia,Brooks,florescory@example.net,M,47,Ramirezstad,USA,2025-06-29,Facebook Ads
189,Lacey,Taylor,samantha72@example.net,F,28,Daviston,USA,2024-12-13,Google Search
190,Christina,Bullock,scottmary@example.net,F,45,Daviston,USA,2026-05-13,Facebook Ads
191,Chelsea,Henderson,john10@example.org,M,42,Daviston,USA,2024-10-20,Google Display
192,Laura,Bryant,copelandvincent@example.net,M,56,New Stephanie,USA,2023-08-05,Google Display
193,Zachary,Allen,kellysmith@example.com,F,50,East William,USA,2024-04-06,Google Search
194,Robert,Beck,millsmichael@example.net,F,18,Juliechester,USA,2025-03-05,Google Display
195,Kristin,Romero,myerstheodore@example.net,M,44,Danielchester,USA,2024-09-14,Instagram Ads
196,Nathaniel,Burgess,kristina53@example.net,F,69,East Courtneychester,USA,2025-07-07,Google Display
197,Dale,Perkins,dennis58@example.com,M,30,Juliechester,USA,2025-12-25,Google Search
198,Gregory,Maxwell,epollard@example.net,F,58,Lake Chad,USA,2024-02-02,Google Display
199,Dennis,Baldwin,mjohnson@example.org,M,20,North John,USA,2025-12-01,Email
200,Nina,Stewart,zachary87@example.com,M,56,Coxberg,USA,2023-08-27,Email
201,Deborah,Mitchell,glennmartin@example.org,M,23,Ericmouth,USA,2025-12-10,Affiliate
202,Samuel,Ross,ykline@example.com,F,25,Herrerafurt,USA,2026-06-19,Google Display
203,Tyler,Jimenez,laurie61@example.com,M,44,Lisatown,USA,2025-05-08,Google Search
204,Lynn,Gardner,curtis54@example.com,F,26,Adamsborough,USA,2024-11-17,Instagram Ads
205,Jennifer,Jackson,cbell@example.net,F,54,Adamsborough,USA,2026-02-25,Google Search
206,Michael,Bolton,danielle01@example.net,F,50,South Noah,USA,2025-06-15,Google Display
207,Michael,Owen,stephaniethomas@example.net,F,68,Ericmouth,USA,2025-07-30,Google Display
208,Samuel,Martinez,kimberlydiaz@example.com,M,59,Port Colleenhaven,USA,2026-05-23,Facebook Ads
209,Antonio,Hernandez,xrush@example.com,F,61,West Michael,USA,2025-10-31,Affiliate
210,Audrey,Moreno,redwards@example.org,M,41,Robinsonshire,USA,2026-06-04,Facebook Ads
211,Anthony,Lopez,hmcintyre@example.com,M,32,Port Jesseville,USA,2025-11-13,Facebook Ads
212,Jane,Lewis,heather73@example.org,M,49,Jacquelineland,USA,2023-12-13,Instagram Ads
213,Charles,Thompson,zosborn@example.net,F,49,Cassandraton,USA,2026-06-12,Email
214,Valerie,Contreras,piercekelly@example.com,M,41,Tashatown,USA,2026-02-05,Affiliate
215,Jennifer,Ho,laurahicks@example.org,F,58,West Donald,USA,2026-07-01,Instagram Ads
216,Laura,Young,jjohnson@example.net,M,69,Lake Chad,USA,2024-08-25,Google Search
217,Linda,Arnold,jonesraymond@example.net,M,66,New Mariotown,USA,2025-09-12,Facebook Ads
218,Alicia,Hammond,martinezlogan@example.org,F,66,New Stephanie,USA,2024-11-22,Affiliate
219,Erin,Cooper,katrinaanderson@example.net,F,69,Coxberg,USA,2026-04-11,Affiliate
220,Brian,Martinez,kevinmartin@example.net,M,29,Lake Roberto,USA,2024-03-21,Email
221,Stacey,Stone,meghan43@example.net,M,56,North Noahstad,USA,2026-05-31,Affiliate
222,Joshua,Weber,shawgary@example.net,F,19,West Natashaport,USA,2024-01-02,Facebook Ads
223,Donna,Le,megan90@example.org,M,20,Wilkersonmouth,USA,2023-10-15,Email
224,Stacy,Wise,debra96@example.net,F,66,West Donald,USA,2025-06-17,Facebook Ads
225,Tyler,Burton,dawn47@example.org,F,54,East William,USA,2025-12-15,Google Display
226,Gail,Evans,barkereric@example.com,F,66,North Noahstad,USA,2024-12-29,Google Display
227,James,Lawson,michelle55@example.com,F,34,Tashatown,USA,2023-12-08,Affiliate
228,Mitchell,Hoffman,john14@example.com,M,66,East Courtneychester,USA,2024-04-14,Instagram Ads
229,Colin,Roberts,alin@example.org,F,19,North John,USA,2026-06-07,Email
230,Rachel,Li,james27@example.net,F,19,Tashatown,USA,2024-12-10,Google Display
231,Natasha,Jimenez,landrywilliam@example.org,F,45,Adamsborough,USA,2024-03-09,Instagram Ads
232,Michael,Williams,pharper@example.net,M,40,South Noah,USA,2024-12-14,Google Display
233,Amanda,Boone,qanderson@example.net,M,54,Tashatown,USA,2024-08-21,Email
234,Richard,Williams,hudsonjames@example.net,F,49,Jasonfort,USA,2024-05-29,Facebook Ads
235,Paul,Cole,marcia99@example.org,F,50,Adamsborough,USA,2023-12-06,Instagram Ads
236,Colin,Brooks,angela52@example.org,F,18,Ramirezstad,USA,2025-05-08,Google Search
237,Richard,Williams,taylormason@example.com,F,36,Jasonfort,USA,2025-02-06,Google Search
238,Eduardo,Barry,markaustin@example.org,F,19,East Nathaniel,USA,2024-09-20,Facebook Ads
239,Christina,Kirby,william88@example.com,M,61,Ericmouth,USA,2025-09-01,Instagram Ads
240,Kevin,Cabrera,mark16@example.net,F,43,Danielchester,USA,2024-06-19,Email
241,Rachel,Wiggins,carlsonjoseph@example.net,M,49,Lake Nicoleview,USA,2025-11-22,Affiliate
242,Kimberly,Lane,silvageorge@example.net,F,23,South Patrickmouth,USA,2025-09-15,Facebook Ads
243,Kim,James,anthonyvaughan@example.org,M,49,Lake Mark,USA,2024-02-12,Instagram Ads
244,Scott,Barnes,avaughn@example.net,F,21,Jacquelineland,USA,2025-11-13,Google Search
245,Samantha,Salas,thorntonapril@example.net,F,28,Lake Nicoleview,USA,2024-07-08,Email
246,Eileen,Fox,sue78@example.com,F,34,East Courtneychester,USA,2025-03-07,Affiliate
247,Erica,Dillon,chelsea33@example.com,F,55,Wilkersonmouth,USA,2025-03-20,Affiliate
248,Jeffrey,Dudley,kellie37@example.com,F,41,South Noah,USA,2024-12-24,Google Search
249,Ann,Michael,keith98@example.com,F,22,West Michael,USA,2026-03-25,Facebook Ads
250,Ralph,Reed,kellyroberts@example.net,M,69,Adamsborough,USA,2023-10-12,Facebook Ads
251,Sandra,Douglas,ilewis@example.com,M,51,Port Jesseville,USA,2026-05-05,Instagram Ads
252,Heather,Taylor,johnsantiago@example.net,F,23,South Noah,USA,2024-03-21,Affiliate
253,Jesse,Garcia,jennifer12@example.org,F,39,North Noahstad,USA,2026-06-09,Instagram Ads
254,Tiffany,Moore,mwoods@example.com,F,28,West Michael,USA,2024-07-03,Google Search
255,Debbie,Velez,pearsonjesse@example.net,M,65,East Lydiamouth,USA,2025-09-17,Facebook Ads
256,Sharon,Gentry,robertmonroe@example.org,M,33,South Noah,USA,2026-07-14,Facebook Ads
257,Randy,Simpson,nancy04@example.net,M,50,East Nathaniel,USA,2025-05-08,Google Search
258,Sarah,Rogers,ihays@example.net,M,26,Danielchester,USA,2025-01-09,Facebook Ads
259,Sheena,Rosales,znelson@example.org,M,23,New Stephanie,USA,2024-07-14,Google Search
260,Jessica,Wong,alexisrogers@example.com,F,33,Lake Nicoleview,USA,2025-03-31,Google Display
261,Katherine,Thompson,gwilcox@example.com,F,46,Port Keith,USA,2023-10-21,Facebook Ads
262,Elizabeth,Lopez,thomasboyle@example.org,F,20,Lake Nicoleview,USA,2024-04-28,Facebook Ads
263,Joe,Molina,kevin90@example.com,M,37,Coxberg,USA,2025-07-03,Google Display
264,Heather,Brown,marshallerik@example.net,M,53,New Stephanie,USA,2025-01-18,Affiliate
265,Paula,Padilla,hannah45@example.net,M,36,New Kellystad,USA,2024-03-16,Instagram Ads
266,Susan,Mendoza,madkins@example.com,F,43,Ericmouth,USA,2024-10-15,Instagram Ads
267,Andrea,Ruiz,kathleenbecker@example.net,M,20,East Nathaniel,USA,2026-02-28,Google Display
268,Christopher,Griffin,christian91@example.org,M,36,Teresaburgh,USA,2026-01-11,Google Display
269,Rebecca,Harris,franklinbond@example.com,F,37,South Patrickmouth,USA,2023-11-22,Google Search
270,Jamie,Aguilar,nolansean@example.org,F,49,East Lydiamouth,USA,2024-11-25,Email
271,William,Bryant,hansenemily@example.com,M,24,North John,USA,2025-09-17,Affiliate
272,Randy,Velasquez,bethwilliams@example.com,M,69,Ramirezstad,USA,2025-08-23,Affiliate
273,Amber,Brown,andersenthomas@example.com,M,58,New Jessica,USA,2024-10-08,Affiliate
274,Kayla,Cannon,ybrooks@example.com,M,50,Lake Chad,USA,2026-02-25,Instagram Ads
275,Rebecca,Bennett,desireebailey@example.org,M,57,East Nathaniel,USA,2026-07-10,Facebook Ads
276,Phillip,Anderson,maryavila@example.com,M,56,East William,USA,2024-12-06,Google Display
277,Jennifer,Coleman,pmorrow@example.com,F,35,West Natashaport,USA,2024-07-31,Google Display
278,Joshua,Pineda,johnsondonna@example.net,F,57,Robinsonshire,USA,2025-11-03,Instagram Ads
279,Nicole,Smith,carloswheeler@example.com,F,18,Lake Mark,USA,2025-05-03,Affiliate
280,Jacqueline,Williams,moralesjimmy@example.org,F,28,Lake Roberto,USA,2025-10-21,Affiliate
281,Kimberly,Taylor,jim95@example.net,M,45,New Jessica,USA,2025-05-03,Affiliate
282,Emily,Flores,nancy83@example.com,M,42,East Courtneychester,USA,2024-06-11,Facebook Ads
283,Bruce,Fry,conniesimmons@example.com,M,67,New Kellystad,USA,2023-09-07,Google Search
284,Maxwell,Schneider,ufloyd@example.net,M,40,Lake Roberto,USA,2024-10-16,Facebook Ads
285,Edward,Bennett,oallen@example.com,M,48,East Lydiamouth,USA,2026-02-11,Email
286,Drew,Ford,harttammy@example.net,F,47,South Patrickmouth,USA,2025-02-17,Facebook Ads
287,Paul,Scott,deborah75@example.org,F,59,East Lydiamouth,USA,2025-02-24,Affiliate
288,Maria,Williams,mnunez@example.org,F,52,South Noah,USA,2026-03-01,Email
289,Jacob,Gill,timothybooth@example.com,F,24,South Patrickmouth,USA,2024-06-14,Facebook Ads
290,Regina,Lewis,suzannewilson@example.com,M,33,East Courtneychester,USA,2026-04-15,Affiliate
291,Heather,Padilla,jherman@example.com,F,43,West Natashaport,USA,2025-11-13,Google Search
292,Oscar,Ferguson,kyle58@example.com,M,65,Ericmouth,USA,2024-12-09,Instagram Ads
293,Leah,Bowen,robin55@example.com,M,69,South Noah,USA,2023-09-06,Email
294,Michelle,Figueroa,greensarah@example.net,M,66,Port Keith,USA,2025-09-14,Google Display
295,Kenneth,Gonzalez,noahwhitaker@example.com,F,19,South Noah,USA,2025-03-12,Instagram Ads
296,Sherry,Morgan,plevy@example.net,F,18,Danielchester,USA,2025-01-05,Facebook Ads
297,Gary,Norton,donaldpayne@example.org,F,65,Wilkersonmouth,USA,2026-04-17,Google Display
298,Amber,May,warrenmary@example.org,F,29,Adamsborough,USA,2026-05-18,Affiliate
299,Elizabeth,Duran,otaylor@example.org,M,22,Lake Chad,USA,2023-09-30,Google Search
300,Edward,Robinson,nbrooks@example.net,F,54,Danielchester,USA,2025-07-17,Google Search
301,Christina,Webb,ismith@example.net,F,49,East Nathaniel,USA,2024-10-10,Facebook Ads
302,Alvin,Bowen,andre62@example.org,F,26,Ericmouth,USA,2026-04-19,Google Search
303,Alice,Allen,lisa46@example.org,F,58,Adamsborough,USA,2024-08-29,Facebook Ads
304,Richard,Cunningham,kevinclayton@example.org,F,52,South Aaron,USA,2025-07-03,Facebook Ads
305,Michele,Malone,sullivannicholas@example.com,F,36,Daviston,USA,2023-09-17,Facebook Ads
306,Albert,Jackson,pbruce@example.com,M,65,Teresaburgh,USA,2025-03-29,Google Search
307,Michaela,Davis,hallrachel@example.net,F,33,South Patrickmouth,USA,2026-03-16,Facebook Ads
308,Thomas,Williams,cohenjuan@example.net,M,20,South Noah,USA,2025-03-26,Email
309,Antonio,Mcfarland,alexis39@example.org,M,37,Lake Mark,USA,2025-10-19,Google Display
310,Jennifer,Sanders,evansanne@example.net,F,41,Cassandraton,USA,2026-01-17,Facebook Ads
311,Paul,Mosley,patrick21@example.net,M,50,Lake Chad,USA,2025-10-12,Google Search
312,Michael,Davis,marypeterson@example.net,M,41,East Nathaniel,USA,2026-05-29,Google Display
313,Randy,Ayala,walterskristen@example.com,M,69,West Michael,USA,2025-01-05,Facebook Ads
314,Michael,Pugh,llopez@example.net,F,28,Cassandraton,USA,2024-09-06,Affiliate
315,Kelsey,Phillips,jennifermiller@example.org,M,66,Danielchester,USA,2024-09-06,Affiliate
316,Kristen,Moore,gstewart@example.org,F,25,South Aaron,USA,2023-07-23,Affiliate
317,Kyle,Ward,curtis12@example.com,F,53,Daviston,USA,2024-11-20,Google Display
318,Angela,Russell,davisangela@example.net,F,55,Jacquelineland,USA,2025-05-03,Google Display
319,Mark,Cruz,robert18@example.org,M,57,Juliechester,USA,2025-04-04,Instagram Ads
320,Gavin,James,josephadams@example.org,M,37,Lake Roberto,USA,2023-09-25,Google Search
321,Ryan,Fisher,xpatton@example.com,F,52,Jasonfort,USA,2026-05-17,Email
322,Jennifer,Simpson,stephentaylor@example.org,F,65,East William,USA,2026-05-22,Google Search
323,Martin,Oliver,scott69@example.org,F,42,New Mariotown,USA,2024-06-11,Email
324,Carrie,Dominguez,zedwards@example.com,F,52,New Kellystad,USA,2024-06-01,Google Display
325,Heather,Henry,markramirez@example.com,F,42,Wilkersonmouth,USA,2024-08-21,Google Search
326,Sarah,Gonzalez,erinpierce@example.net,F,46,Tashatown,USA,2024-12-04,Google Search
327,Jeanette,Gonzales,marie16@example.net,M,35,Jacquelineland,USA,2025-01-15,Email
328,Cynthia,Allen,jennifermccormick@example.org,F,63,West Michael,USA,2024-11-21,Google Display
329,Carla,Aguilar,ystephens@example.com,M,35,Adamsborough,USA,2025-08-24,Affiliate
330,Lisa,Wheeler,rodriguezjohn@example.net,F,19,Juliechester,USA,2024-08-10,Google Display
331,Deborah,Williams,vrasmussen@example.com,M,52,Danielchester,USA,2023-11-11,Facebook Ads
332,Corey,Walker,seanmyers@example.net,M,33,South Aaron,USA,2025-04-23,Email
333,Vincent,Cooper,webbkenneth@example.org,F,58,North Noahstad,USA,2023-11-22,Google Display
334,Shelia,Thomas,matthew38@example.com,M,53,Teresaburgh,USA,2024-08-02,Google Display
335,Connor,Bowen,tflores@example.org,M,50,New Kellystad,USA,2025-12-21,Google Display
336,Darin,Sweeney,byrdfrank@example.net,M,21,Lake Roberto,USA,2024-04-10,Google Display
337,Greg,Moore,omullen@example.com,F,50,Jasonfort,USA,2025-06-07,Email
338,Jacob,Sandoval,njohnson@example.org,F,31,Ericmouth,USA,2024-11-21,Google Search
339,Russell,Smith,jamiegoodwin@example.org,F,38,Adamsborough,USA,2025-04-10,Affiliate
340,Lauren,Herrera,mark71@example.com,F,65,Port Colleenhaven,USA,2025-07-22,Facebook Ads
341,Tracy,Church,candice96@example.net,M,37,Jacquelineland,USA,2023-11-20,Affiliate
342,Michael,Ellis,lisamccarthy@example.com,F,25,West Michael,USA,2026-04-19,Affiliate
343,Brittany,Powers,david41@example.org,M,24,East Courtneychester,USA,2024-08-30,Facebook Ads
344,Donald,Price,baileyhenderson@example.com,M,20,South Patrickmouth,USA,2025-06-13,Instagram Ads
345,Heather,Brewer,angelaburns@example.org,F,34,New Jamesside,USA,2024-02-08,Facebook Ads
346,Megan,Harvey,stephanie72@example.org,F,50,Lisatown,USA,2025-12-27,Google Search
347,Tamara,Wagner,fortiz@example.com,F,65,West Donald,USA,2025-09-03,Google Display
348,Scott,Jackson,flynnjeffrey@example.org,M,29,Jacquelineland,USA,2024-05-14,Email
349,Amanda,Jackson,xcunningham@example.com,F,68,New Stephanie,USA,2025-03-11,Affiliate
350,Daniel,Wilson,amber07@example.net,M,39,Lake Chad,USA,2024-03-13,Instagram Ads
351,Ronald,Fitzgerald,kennethkidd@example.com,M,39,North John,USA,2024-05-01,Google Display
352,Michelle,Miller,rowejoel@example.net,M,63,Danielchester,USA,2025-04-22,Email
353,Michael,Page,imartin@example.org,M,47,West Michael,USA,2025-12-25,Google Display
354,Linda,Hudson,candice25@example.net,F,55,Tashatown,USA,2024-06-02,Google Search
355,Ashley,Farley,taylorkaren@example.com,M,55,Tashatown,USA,2026-04-19,Google Search
356,Victoria,Camacho,jacquelineanderson@example.org,M,62,Lake Roberto,USA,2025-09-04,Google Display
357,Maria,Juarez,kburns@example.net,F,68,New Mariotown,USA,2024-05-07,Google Search
358,Robert,Hayes,powellkara@example.net,F,25,New Jessica,USA,2026-05-09,Google Display
359,Miguel,Clements,brandi17@example.net,F,44,Port Jesseville,USA,2025-07-14,Google Display
360,Michael,Brown,brobinson@example.org,F,44,North Noahstad,USA,2025-01-10,Instagram Ads
361,Marcus,Campbell,ashleewashington@example.com,F,51,New Stephanie,USA,2026-03-23,Google Search
362,Kathryn,Williams,ksmith@example.com,F,38,Lake Mark,USA,2024-11-29,Facebook Ads
363,Victoria,Patterson,nicoleturner@example.com,F,47,South Noah,USA,2023-10-28,Facebook Ads
364,Michael,Miller,brettgarrett@example.net,M,50,West Natashaport,USA,2025-08-22,Affiliate
365,Jim,Rios,smiththomas@example.org,F,45,Lake Mark,USA,2025-04-28,Instagram Ads
366,April,Wallace,dominguezlisa@example.com,F,64,West Michael,USA,2025-08-16,Affiliate
367,Tim,Perez,crosscurtis@example.com,M,50,North John,USA,2024-08-23,Google Search
368,Kevin,Reyes,darlenebyrd@example.org,M,22,North Noahstad,USA,2025-02-18,Affiliate
369,Alan,Santos,nbell@example.net,M,65,East Lydiamouth,USA,2025-10-15,Google Display
370,Samantha,Jensen,fheath@example.org,M,36,New Mariotown,USA,2023-12-18,Google Search
371,David,Blair,sylvia52@example.org,M,21,Ericmouth,USA,2024-05-16,Google Search
372,Christopher,Tran,kimberly04@example.org,F,52,Daviston,USA,2025-02-04,Instagram Ads
373,William,Adkins,debbie37@example.com,M,66,Herrerafurt,USA,2023-11-18,Email
374,Victor,Wheeler,hatfieldsarah@example.org,F,34,Teresaburgh,USA,2024-09-13,Email
375,Mary,Fisher,kathrynbest@example.org,F,61,Lake Chad,USA,2023-08-05,Google Search
376,Carlos,Baker,livingstonstacy@example.com,F,45,Lake Mark,USA,2025-01-23,Affiliate
377,Courtney,Mason,zhenderson@example.org,F,47,Cassandraton,USA,2025-06-19,Google Display
378,Amanda,Hernandez,collinswilliam@example.org,M,46,New Kellystad,USA,2026-06-19,Instagram Ads
379,Eric,Murphy,collinssamuel@example.org,F,63,East Nathaniel,USA,2023-09-19,Google Search
380,Christopher,Hamilton,dsalazar@example.com,M,23,Coxberg,USA,2025-07-17,Facebook Ads
381,Diane,Thompson,zimmermanjacqueline@example.org,F,52,Port Colleenhaven,USA,2025-01-12,Facebook Ads
382,Michael,Holmes,gary24@example.net,F,58,West Donald,USA,2026-03-15,Affiliate
383,Kelsey,Johnson,enelson@example.com,F,54,New Mariotown,USA,2025-09-05,Google Display
384,Barbara,Jones,ddixon@example.com,F,41,North Noahstad,USA,2026-02-13,Affiliate
385,Garrett,Moore,shannonemily@example.org,M,46,Lake Nicoleview,USA,2024-03-24,Facebook Ads
386,William,Williams,sanchezthomas@example.com,F,66,North John,USA,2026-04-21,Instagram Ads
387,Harold,Horne,tranrobin@example.net,M,63,Tashatown,USA,2025-07-05,Affiliate
388,Jeffrey,Wright,joseph19@example.com,F,48,Daviston,USA,2023-11-25,Facebook Ads
389,Emily,Williams,lindajarvis@example.com,M,52,Robinsonshire,USA,2023-10-01,Facebook Ads
390,Steven,Campbell,mark87@example.org,F,50,Danielchester,USA,2024-08-25,Facebook Ads
391,Kelly,Mueller,stevenvargas@example.com,M,69,Jacquelineland,USA,2026-07-15,Email
392,Kimberly,Oconnor,edwardrandolph@example.org,M,38,Juliechester,USA,2024-03-29,Google Display
393,Michael,Franco,tapiaaaron@example.net,F,49,Port Colleenhaven,USA,2024-09-02,Google Display
394,Joann,Parker,alyssaallen@example.com,M,40,Daviston,USA,2026-06-05,Affiliate
395,Teresa,Thomas,christopher38@example.com,M,50,Danielchester,USA,2025-08-24,Email
396,Nathan,Villegas,carpenterwilliam@example.net,F,20,South Noah,USA,2026-01-01,Facebook Ads
397,Charles,Bradley,ibates@example.org,F,35,Ramirezstad,USA,2024-06-01,Google Display
398,Melissa,Howe,vhaynes@example.com,F,42,Jacquelineland,USA,2024-06-30,Google Search
399,Joseph,Jones,derekcarrillo@example.org,M,59,West Donald,USA,2024-01-04,Email
400,Frank,Owens,wmartinez@example.org,F,48,Lisatown,USA,2024-11-24,Google Display
401,Steven,Phelps,mooregina@example.net,F,20,Port Jesseville,USA,2025-08-19,Facebook Ads
402,Billy,Huff,eddie35@example.com,F,57,Ericmouth,USA,2025-01-30,Affiliate
403,Erica,Green,anthonysullivan@example.com,M,63,West Natashaport,USA,2025-03-18,Facebook Ads
404,Andrea,Davis,laradonald@example.org,M,41,Jasonfort,USA,2023-09-23,Instagram Ads
405,Kimberly,Walker,madisonwatson@example.net,M,67,New Stephanie,USA,2026-05-10,Instagram Ads
406,Christopher,Willis,johnsoncaleb@example.net,M,49,East Nathaniel,USA,2024-11-15,Instagram Ads
407,David,Stein,david70@example.org,M,64,West Michael,USA,2026-04-25,Google Search
408,Ryan,Ramsey,rjohnson@example.com,M,39,West Natashaport,USA,2024-01-23,Facebook Ads
409,Jason,Lopez,sean20@example.net,F,40,New Kellystad,USA,2025-05-26,Instagram Ads
410,John,Phillips,eandrade@example.org,F,19,Port Keith,USA,2023-10-22,Facebook Ads
411,Patrick,Barnes,crystalpham@example.org,M,44,Herrerafurt,USA,2026-07-06,Facebook Ads
412,Kimberly,Howard,kcooper@example.net,F,59,Jacquelineland,USA,2024-07-04,Email
413,Joseph,Johnson,anthonycochran@example.com,F,19,New Jamesside,USA,2023-09-20,Instagram Ads
414,Victoria,Moreno,terrigarcia@example.net,F,43,Lisatown,USA,2024-04-07,Instagram Ads
415,Amanda,Moody,gallagherstacie@example.net,F,34,Teresaburgh,USA,2026-01-30,Facebook Ads
416,Laura,Kelly,gregorywatkins@example.net,M,57,Lake Nicoleview,USA,2025-08-20,Google Display
417,Robin,Johnson,stacey92@example.net,F,50,South Aaron,USA,2026-05-22,Email
418,Mary,Cochran,lweaver@example.com,M,26,South Patrickmouth,USA,2023-08-28,Email
419,Brian,Guzman,foxaaron@example.net,M,60,North John,USA,2024-02-23,Facebook Ads
420,David,Love,brian29@example.net,F,65,Tashatown,USA,2026-04-18,Affiliate
421,Kim,Mathis,susan56@example.net,M,56,Lisatown,USA,2023-11-05,Google Display
422,Kevin,Taylor,jessicakim@example.net,F,46,East Courtneychester,USA,2026-06-04,Affiliate
423,Debra,Thompson,jeffrey92@example.com,M,59,Danielchester,USA,2024-06-18,Affiliate
424,Haley,Anderson,rushstacy@example.com,F,43,Lake Roberto,USA,2026-02-04,Facebook Ads
425,Kelli,Bradley,carriemccall@example.net,F,52,West Natashaport,USA,2024-03-16,Instagram Ads
426,Ariana,Zuniga,markmiller@example.com,M,67,Herrerafurt,USA,2026-06-28,Google Search
427,Gary,Mcclure,underwoodelizabeth@example.net,F,42,Juliechester,USA,2026-03-15,Email
428,Sean,Baker,heatherbell@example.org,F,41,Tashatown,USA,2025-09-14,Email
429,Brandon,Kim,acosta@example.com,F,30,North Noahstad,USA,2026-03-10,Affiliate
430,Michael,Bennett,kkramer@example.net,M,24,East Nathaniel,USA,2025-10-26,Affiliate
431,Jeremiah,Hayes,phillipslucas@example.org,M,53,East Courtneychester,USA,2023-10-07,Google Display
432,George,Bennett,paynerachael@example.org,M,62,Daviston,USA,2024-07-22,Google Search
433,Tricia,Barry,reynoldsdesiree@example.net,F,37,Coxberg,USA,2026-03-19,Google Display
434,Eric,Garcia,terriortiz@example.net,M,18,Adamsborough,USA,2025-09-16,Google Display
435,Jessica,Baker,kenneth10@example.com,F,25,New Jessica,USA,2025-04-04,Google Search
436,Mary,Hernandez,adam14@example.net,M,63,Lake Nicoleview,USA,2025-06-02,Facebook Ads
437,Timothy,Davis,georgecarter@example.org,M,33,Ericmouth,USA,2024-12-18,Facebook Ads
438,Darrell,Glover,qburns@example.com,F,31,North Noahstad,USA,2023-10-25,Affiliate
439,Amy,Lopez,cwood@example.org,F,29,Herrerafurt,USA,2024-05-01,Email
440,Steven,Perez,anne21@example.org,M,68,New Mariotown,USA,2025-07-19,Email
441,Lindsey,Gutierrez,angelarandall@example.net,F,40,Cassandraton,USA,2024-10-18,Google Display
442,Amanda,Camacho,parmstrong@example.com,F,32,East Courtneychester,USA,2024-06-09,Affiliate
443,Ralph,Nash,shawrachel@example.net,M,45,Lake Mark,USA,2025-07-29,Email
444,Christine,Martinez,kthompson@example.org,F,51,Wilkersonmouth,USA,2025-12-20,Facebook Ads
445,David,Henderson,oharris@example.org,M,19,New Kellystad,USA,2026-01-17,Affiliate
446,Jonathan,Bartlett,millerangela@example.net,F,49,West Michael,USA,2024-07-09,Facebook Ads
447,Joshua,Ellis,buchanancindy@example.net,F,40,East Nathaniel,USA,2025-11-20,Google Search
448,Daniel,Hernandez,buckleyanna@example.org,M,39,South Noah,USA,2025-11-25,Email
449,Mikayla,Beard,pbaker@example.com,M,68,East Courtneychester,USA,2025-04-04,Email
450,Thomas,Jackson,mthomas@example.net,M,42,West Natashaport,USA,2025-08-16,Affiliate
451,Benjamin,Preston,hannah07@example.com,F,39,New Jamesside,USA,2026-03-27,Instagram Ads
452,Andrew,Roth,larry71@example.org,F,39,East Lydiamouth,USA,2023-12-12,Google Search
453,Terri,Ramos,joseph69@example.net,F,66,East William,USA,2023-10-23,Instagram Ads
454,Scott,Mcintyre,wfigueroa@example.net,M,69,New Stephanie,USA,2026-02-22,Affiliate
455,Lori,Robertson,cameronmckinney@example.com,F,59,Lake Roberto,USA,2023-12-13,Instagram Ads
456,Melissa,Suarez,thompsonnancy@example.org,M,23,Ericmouth,USA,2026-01-20,Affiliate
457,John,Bryant,janet45@example.com,M,32,Juliechester,USA,2025-01-21,Google Display
458,Cynthia,Martinez,allentracy@example.com,F,60,Jasonfort,USA,2024-01-28,Instagram Ads
459,Monica,Matthews,max41@example.com,F,54,East Lydiamouth,USA,2023-08-17,Affiliate
460,Brandon,Nash,mercedesholland@example.net,F,50,New Stephanie,USA,2024-02-29,Email
461,Denise,Palmer,wellsdavid@example.org,M,25,Lisatown,USA,2025-05-06,Instagram Ads
462,Alan,King,jennifer46@example.com,M,61,North John,USA,2026-02-05,Facebook Ads
463,Stephen,Robinson,erica96@example.net,M,61,South Noah,USA,2023-11-07,Google Display
464,William,Bates,anna99@example.com,F,22,Danielchester,USA,2024-06-09,Email
465,Daniel,Brown,danielle44@example.net,F,56,Daviston,USA,2025-09-04,Google Search
466,Patricia,Evans,zacharyallen@example.org,M,21,South Aaron,USA,2025-12-16,Facebook Ads
467,Leah,Greene,erin07@example.com,F,23,East Courtneychester,USA,2024-04-27,Facebook Ads
468,Robert,Price,aguilarwanda@example.org,F,62,New Mariotown,USA,2024-07-28,Google Display
469,Jennifer,Parks,qknox@example.com,F,49,Robinsonshire,USA,2025-01-24,Instagram Ads
470,Megan,Pittman,kellyruiz@example.net,F,69,West Natashaport,USA,2024-04-26,Facebook Ads
471,Lindsey,Hines,staceylam@example.net,M,47,Ramirezstad,USA,2023-10-23,Google Search
472,Michael,Garner,robert55@example.com,M,64,Herrerafurt,USA,2025-04-19,Google Search
473,Steven,Wilson,delacruzbrandy@example.net,F,52,Adamsborough,USA,2023-10-04,Facebook Ads
474,Pamela,Mason,amoreno@example.org,M,57,Danielchester,USA,2026-02-26,Affiliate
475,Edward,Gay,robert97@example.org,F,69,Port Keith,USA,2024-06-28,Instagram Ads
476,Jennifer,Maxwell,lcook@example.com,F,33,Port Colleenhaven,USA,2025-06-12,Affiliate
477,Adam,Hill,barbaramoore@example.org,M,30,South Aaron,USA,2023-12-06,Email
478,Ryan,Jordan,ysanford@example.org,F,67,Lake Roberto,USA,2023-08-28,Google Display
479,James,Watson,mcclainkatherine@example.net,M,59,East Courtneychester,USA,2024-02-11,Facebook Ads
480,Erica,Sims,jeremywiley@example.com,F,47,Lake Roberto,USA,2023-12-06,Google Search
481,Patrick,Chapman,cameronwilliams@example.com,F,36,New Stephanie,USA,2024-11-28,Google Display
482,Abigail,Warren,ibarron@example.com,F,34,Lake Mark,USA,2026-07-13,Facebook Ads
483,Tracy,Christensen,stacyhull@example.com,F,36,New Jamesside,USA,2023-08-07,Google Search
484,Jeffrey,Mercer,jessicalawrence@example.org,M,45,North John,USA,2023-11-29,Google Display
485,Jennifer,Conner,qmcdowell@example.net,F,43,Ericmouth,USA,2025-05-30,Google Display
486,Brittney,Williams,valdezandrew@example.net,M,54,Jacquelineland,USA,2023-11-21,Google Display
487,Sean,Martinez,thomas23@example.net,F,43,Teresaburgh,USA,2025-08-07,Facebook Ads
488,Albert,Fisher,batesjoseph@example.net,F,40,East Lydiamouth,USA,2025-08-23,Affiliate
489,Robert,Roach,campbellkristen@example.com,F,26,West Michael,USA,2024-02-20,Google Search
490,James,Baker,michaelortiz@example.org,M,29,Lake Roberto,USA,2023-08-30,Email
491,Tyler,Clark,arivera@example.org,M,18,Teresaburgh,USA,2025-07-23,Email
492,Rebecca,Conley,fhernandez@example.net,M,18,Wilkersonmouth,USA,2023-10-08,Google Search
493,Jennifer,Conway,stephenmadden@example.com,M,64,Jacquelineland,USA,2024-12-07,Facebook Ads
494,Cory,Thompson,phelpsmichael@example.net,M,51,New Jessica,USA,2024-06-24,Instagram Ads
495,Joanna,Davis,smithdevon@example.net,M,49,West Natashaport,USA,2024-01-20,Instagram Ads
496,Michael,Kim,natalie15@example.com,M,65,Port Keith,USA,2024-02-03,Affiliate
497,Richard,Rivers,mary76@example.net,F,42,Tashatown,USA,2026-03-15,Email
498,Garrett,Anderson,jarvismegan@example.org,F,57,New Stephanie,USA,2024-10-15,Affiliate
499,Brittany,Pham,ywhite@example.com,F,62,Adamsborough,USA,2025-05-18,Instagram Ads
500,Michelle,Hobbs,timothyfreeman@example.com,F,18,Lake Roberto,USA,2024-11-11,Google Display
501,Bryan,Pena,busherica@example.net,F,33,East Lydiamouth,USA,2025-04-10,Google Search
502,Annette,Levine,april91@example.com,M,56,Wilkersonmouth,USA,2025-07-12,Email
503,John,Reed,jhernandez@example.net,M,22,East Lydiamouth,USA,2023-09-15,Google Display
504,Dawn,Moore,kchristian@example.org,F,39,Robinsonshire,USA,2025-10-18,Facebook Ads
505,Malik,Rivera,brent38@example.net,F,46,Lake Mark,USA,2024-09-04,Facebook Ads
506,Lisa,Miller,csolis@example.org,M,20,North John,USA,2026-02-10,Email
507,Sergio,Wilson,bmcgee@example.org,F,29,Tashatown,USA,2024-10-02,Email
508,Barry,Dunn,connersylvia@example.net,M,43,South Patrickmouth,USA,2024-06-15,Email
509,William,Clark,xclements@example.org,M,33,Adamsborough,USA,2025-12-28,Email
510,Megan,Rivera,xmoran@example.net,F,68,South Aaron,USA,2024-11-24,Instagram Ads
511,Connor,Hopkins,petersonmaria@example.com,M,54,South Patrickmouth,USA,2025-03-09,Facebook Ads
512,Nathaniel,Rodriguez,travisunderwood@example.net,F,39,Ericmouth,USA,2025-09-15,Email
513,Daniel,Carr,davidphelps@example.org,M,46,Robinsonshire,USA,2024-11-29,Instagram Ads
514,Kimberly,Love,shermanbrandon@example.net,F,31,South Patrickmouth,USA,2026-01-20,Email
515,Brianna,Barton,lellis@example.net,M,45,West Donald,USA,2023-12-12,Google Search
516,Victor,Moreno,tranryan@example.net,F,22,Juliechester,USA,2024-12-28,Google Display
517,William,Morse,heatherthompson@example.org,F,64,West Natashaport,USA,2023-11-08,Facebook Ads
518,Diane,Obrien,william66@example.net,F,66,Lake Roberto,USA,2026-04-16,Google Search
519,Kathryn,Hill,tara72@example.org,M,47,East Nathaniel,USA,2024-10-12,Affiliate
520,Holly,Goodman,megan85@example.net,F,63,Lake Mark,USA,2025-10-02,Google Search
521,Angela,Robinson,claudiaroberts@example.com,M,69,Jasonfort,USA,2026-04-22,Facebook Ads
522,David,Page,williambenson@example.com,M,22,Wilkersonmouth,USA,2025-09-03,Google Search
523,Kathleen,Hart,icraig@example.com,F,29,Herrerafurt,USA,2026-03-05,Email
524,Robert,Smith,johnsondustin@example.net,M,33,East Lydiamouth,USA,2023-09-18,Email
525,Joseph,Floyd,frances20@example.net,F,43,Jasonfort,USA,2025-11-23,Instagram Ads
526,James,Weaver,lisa19@example.net,M,43,East Courtneychester,USA,2025-10-05,Email
527,Michelle,Newton,yyoung@example.net,F,65,New Jamesside,USA,2024-05-28,Google Search
528,Elizabeth,House,ybutler@example.net,F,38,Port Keith,USA,2024-06-24,Instagram Ads
529,Andrea,Smith,james73@example.net,F,56,Danielchester,USA,2025-08-28,Instagram Ads
530,Deborah,Fischer,kimberlybrandt@example.com,M,53,Herrerafurt,USA,2024-11-20,Instagram Ads
531,Tonya,Jones,jillwilson@example.org,M,50,Lake Mark,USA,2024-10-29,Facebook Ads
532,Angela,Anderson,adam72@example.org,M,47,Jasonfort,USA,2024-01-02,Email
533,Marcus,Williams,tracy98@example.com,M,54,West Natashaport,USA,2023-10-05,Google Display
534,Jasmine,Fox,abigailhartman@example.org,M,40,Lake Chad,USA,2024-10-15,Instagram Ads
535,Amanda,Davis,nicolealvarado@example.com,M,27,South Patrickmouth,USA,2024-08-16,Facebook Ads
536,Jeffery,Goodwin,wbarajas@example.net,F,22,West Donald,USA,2023-07-27,Affiliate
537,Elizabeth,Griffin,susanfleming@example.com,M,53,South Patrickmouth,USA,2024-09-07,Email
538,Laura,Wilson,amber40@example.net,F,51,South Patrickmouth,USA,2026-01-04,Instagram Ads
539,Nicholas,Lang,stucker@example.net,M,69,East Lydiamouth,USA,2024-02-13,Google Display
540,Willie,Vaughan,teresaayala@example.net,M,48,West Donald,USA,2023-07-26,Affiliate
541,Cameron,Santiago,michellecoleman@example.org,F,27,Tashatown,USA,2024-02-28,Google Search
542,Maria,Johns,elucas@example.net,F,36,South Aaron,USA,2025-08-07,Email
543,Andrew,Love,millerbrian@example.com,F,49,Lake Chad,USA,2025-03-20,Instagram Ads
544,Bailey,Perez,rickey76@example.com,M,18,New Jessica,USA,2024-06-28,Facebook Ads
545,Perry,Wilson,maychristine@example.net,F,22,West Donald,USA,2025-04-19,Email
546,Jaclyn,Jones,robertsgina@example.net,M,62,Teresaburgh,USA,2023-10-20,Facebook Ads
547,Kathy,Kim,bshort@example.com,F,21,Ericmouth,USA,2024-01-05,Instagram Ads
548,Jeffrey,Francis,susan24@example.net,F,33,South Patrickmouth,USA,2026-03-16,Email
549,Tammy,Camacho,susan08@example.net,M,41,East Courtneychester,USA,2023-12-19,Facebook Ads
550,Bobby,Armstrong,fmedina@example.com,M,33,South Patrickmouth,USA,2024-03-04,Google Search
551,Judith,Swanson,robertbrewer@example.net,M,19,Daviston,USA,2023-12-21,Facebook Ads
552,Jack,Jensen,james29@example.org,F,66,South Aaron,USA,2026-02-05,Google Search
553,Sarah,Gamble,enewman@example.com,M,45,Juliechester,USA,2025-07-23,Facebook Ads
554,John,Gonzalez,wlynn@example.org,F,49,West Michael,USA,2025-07-22,Facebook Ads
555,Jimmy,Mitchell,mcculloughlouis@example.com,F,44,North Noahstad,USA,2024-07-11,Affiliate
556,Donna,Steele,arianadiaz@example.com,F,37,New Kellystad,USA,2026-06-02,Instagram Ads
557,Gary,Edwards,jenniferdavidson@example.com,M,41,Lake Mark,USA,2026-01-23,Google Display
558,Dennis,Quinn,wford@example.com,M,29,Lake Nicoleview,USA,2025-01-01,Google Display
559,Daniel,Brewer,wilkinsonmichele@example.org,M,67,Ericmouth,USA,2026-03-20,Facebook Ads
560,James,Gross,lunapatricia@example.net,F,52,Ramirezstad,USA,2025-06-09,Instagram Ads
561,Lisa,Riley,rebeccaarnold@example.net,F,50,Cassandraton,USA,2026-03-23,Google Search
562,Amber,Valdez,michaelwalker@example.net,M,50,East Lydiamouth,USA,2025-09-28,Facebook Ads
563,Kelly,Marshall,sanderswayne@example.net,M,68,Jacquelineland,USA,2024-04-04,Google Display
564,Tamara,Holden,katherinetaylor@example.org,F,60,Lake Roberto,USA,2024-01-30,Facebook Ads
565,Stacy,Hopkins,jillwebb@example.com,F,54,West Natashaport,USA,2023-08-31,Email
566,Kathleen,Hall,mike03@example.net,M,29,South Aaron,USA,2026-04-07,Email
567,Michael,Harrison,ckeith@example.net,M,20,New Kellystad,USA,2024-07-07,Google Search
568,Jane,Boyd,mary49@example.net,F,18,East William,USA,2025-04-02,Email
569,Nicholas,Gray,blacknicholas@example.org,F,50,Jacquelineland,USA,2025-02-02,Email
570,Michael,Parrish,msparks@example.org,F,57,Port Keith,USA,2025-01-18,Affiliate
571,Don,Martin,robertsonjuan@example.org,M,27,Teresaburgh,USA,2024-02-07,Google Search
572,Michael,Love,guerrerorobert@example.com,M,60,Teresaburgh,USA,2025-09-14,Email
573,Timothy,Mendoza,brittanyholland@example.com,M,61,Juliechester,USA,2023-08-11,Google Display
574,Bradley,Berry,dennishunt@example.net,M,46,Juliechester,USA,2023-12-25,Google Search
575,Gabriel,Nielsen,kgreene@example.net,F,30,New Jamesside,USA,2023-08-07,Google Search
576,Jennifer,Stanley,stacey37@example.net,M,29,Wilkersonmouth,USA,2026-07-10,Instagram Ads
577,Michelle,Jackson,yburke@example.net,M,48,New Mariotown,USA,2026-01-02,Affiliate
578,Hunter,Keller,gary57@example.net,F,63,Herrerafurt,USA,2025-04-25,Facebook Ads
579,Jerry,Cruz,smithalexandra@example.net,F,19,Port Colleenhaven,USA,2025-08-06,Google Search
580,Margaret,Jacobs,thomasmendez@example.org,M,68,Tashatown,USA,2026-03-06,Affiliate
581,Amanda,Goodwin,olsondavid@example.net,F,67,Port Keith,USA,2025-02-28,Instagram Ads
582,Aaron,Pace,xboyd@example.org,M,52,Tashatown,USA,2025-08-20,Facebook Ads
583,Roy,Mays,yclarke@example.com,F,40,Port Jesseville,USA,2025-04-23,Facebook Ads
584,Judith,Juarez,colemanjonathan@example.org,M,34,Robinsonshire,USA,2026-04-10,Google Search
585,Christopher,George,ascott@example.net,F,43,South Aaron,USA,2025-10-10,Google Display
586,Adrian,Mills,brooksjamie@example.com,F,25,New Jessica,USA,2024-10-08,Facebook Ads
587,Daniel,Simmons,jose86@example.net,M,46,Lake Mark,USA,2024-08-21,Google Search
588,Joshua,Becker,robertbowers@example.com,M,43,Jasonfort,USA,2024-01-29,Google Search
589,Angie,Webb,becky62@example.net,M,27,West Donald,USA,2023-11-25,Google Display
590,Jerry,Logan,craigromero@example.com,F,43,South Patrickmouth,USA,2025-12-11,Google Display
591,Christina,Cohen,martintamara@example.org,F,51,Port Keith,USA,2025-12-15,Google Display
592,Madeline,Ruiz,qdavis@example.org,F,68,West Donald,USA,2024-08-27,Email
593,Chelsea,Ramsey,hmendez@example.com,F,58,Ericmouth,USA,2025-09-04,Affiliate
594,Carla,Bautista,daniellegonzales@example.org,F,24,Ericmouth,USA,2026-02-04,Google Display
595,Sarah,Holmes,arthurgreene@example.net,M,21,Port Colleenhaven,USA,2025-08-21,Google Search
596,Christina,Craig,john02@example.org,F,67,North Noahstad,USA,2026-07-14,Facebook Ads
597,Kimberly,Gomez,msullivan@example.net,F,62,Lake Mark,USA,2023-08-03,Google Search
598,Jane,Calhoun,jessica89@example.com,F,28,West Natashaport,USA,2024-08-01,Affiliate
599,Lisa,Perez,shawnpowell@example.org,F,46,Lake Chad,USA,2024-04-29,Affiliate
600,Richard,Rodriguez,gordonmatthew@example.org,F,53,Wilkersonmouth,USA,2025-12-14,Google Display
601,Sue,Walter,heather69@example.com,M,42,Wilkersonmouth,USA,2025-11-07,Email
602,Katherine,Ali,lmaldonado@example.org,F,38,South Noah,USA,2024-12-27,Affiliate
603,Jonathan,Reyes,ericahall@example.com,M,53,Lake Roberto,USA,2024-10-12,Affiliate
604,Michael,Nichols,john16@example.net,F,27,West Donald,USA,2025-10-15,Email
605,Matthew,Spencer,thomasgomez@example.net,M,54,New Jamesside,USA,2024-05-07,Instagram Ads
606,Stacey,Vega,victorgonzalez@example.net,F,26,Robinsonshire,USA,2024-04-08,Instagram Ads
607,Joseph,Perez,marykelly@example.org,M,41,Jacquelineland,USA,2023-11-26,Affiliate
608,Christian,Sosa,waustin@example.net,F,52,West Donald,USA,2026-06-01,Google Display
609,Melanie,Watson,travis94@example.com,M,66,West Natashaport,USA,2024-02-03,Instagram Ads
610,Kathryn,Dixon,kwalker@example.org,F,52,West Donald,USA,2023-09-15,Google Search
611,Lauren,Mendoza,shawphillip@example.net,F,65,Lake Roberto,USA,2025-11-14,Email
612,Stephen,Martinez,astewart@example.org,M,53,Teresaburgh,USA,2025-07-25,Google Search
613,Nicolas,Garcia,chloe42@example.net,F,35,Adamsborough,USA,2024-05-01,Affiliate
614,Joseph,Mullen,michael76@example.org,F,66,Jacquelineland,USA,2024-10-19,Facebook Ads
615,Karen,Diaz,lramirez@example.net,M,56,Port Keith,USA,2023-12-08,Google Display
616,Barbara,Perez,lelinda@example.net,F,49,East Nathaniel,USA,2024-11-02,Facebook Ads
617,Oscar,Thomas,thomassmith@example.com,F,41,New Jessica,USA,2025-01-15,Affiliate
618,Wendy,Atkinson,kristen44@example.net,F,40,Ramirezstad,USA,2026-02-12,Email
619,Brandon,Garcia,briancervantes@example.com,F,49,Danielchester,USA,2026-01-22,Instagram Ads
620,Cole,Garner,michael88@example.com,M,54,Herrerafurt,USA,2024-07-29,Facebook Ads
621,Robert,Bell,barbarasantos@example.net,F,29,Port Keith,USA,2024-01-25,Affiliate
622,Kimberly,Kelly,champton@example.org,F,66,Ericmouth,USA,2024-09-07,Affiliate
623,Justin,Welch,mirandadavidson@example.com,F,30,Wilkersonmouth,USA,2024-10-22,Affiliate
624,Cheryl,Sullivan,millermatthew@example.com,M,40,East Nathaniel,USA,2024-06-29,Email
625,Kelly,Adams,cnelson@example.com,F,42,East Lydiamouth,USA,2025-10-14,Instagram Ads
626,Abigail,Cole,ivanjohnson@example.net,M,52,West Donald,USA,2024-03-31,Email
627,Johnathan,Manning,clarkrandy@example.org,M,58,Cassandraton,USA,2023-09-25,Instagram Ads
628,Natasha,Kelley,wisealexandria@example.org,M,47,Jacquelineland,USA,2023-11-08,Google Display
629,Christine,Miller,pparker@example.net,M,34,West Donald,USA,2024-05-24,Email
630,Courtney,Anderson,anthonyalvarado@example.com,F,66,Tashatown,USA,2026-02-19,Email
631,Tanner,Pitts,amy28@example.org,M,37,North John,USA,2025-04-25,Facebook Ads
632,Stephen,Curry,omills@example.net,M,65,East Lydiamouth,USA,2024-06-21,Google Display
633,Michael,Fernandez,ramosmichael@example.com,F,42,Teresaburgh,USA,2024-01-04,Google Display
634,Alex,Mills,mauriceharrison@example.org,F,39,New Stephanie,USA,2025-08-09,Facebook Ads
635,Travis,Campos,albert64@example.net,M,30,Adamsborough,USA,2024-03-27,Affiliate
636,Adrian,Brooks,bkhan@example.com,M,36,South Patrickmouth,USA,2024-04-16,Google Display
637,Jennifer,Brewer,fwalker@example.com,F,66,Herrerafurt,USA,2025-06-02,Email
638,Zachary,Marsh,justin84@example.com,M,53,Herrerafurt,USA,2024-02-09,Google Display
639,Casey,Taylor,walshchristine@example.com,M,29,Cassandraton,USA,2025-08-23,Email
640,Travis,Flores,brandonnichols@example.org,M,58,East Lydiamouth,USA,2026-06-17,Instagram Ads
641,Julian,Martinez,oacosta@example.org,M,36,Adamsborough,USA,2023-12-30,Affiliate
642,Tristan,Peterson,kristi75@example.com,M,29,Wilkersonmouth,USA,2025-08-19,Email
643,Anthony,Miller,brianrowe@example.org,F,26,Ericmouth,USA,2025-03-04,Google Search
644,Hunter,Huang,lisa01@example.net,M,24,East Nathaniel,USA,2024-04-15,Google Search
645,Kelsey,Ramos,gonzalezjill@example.org,M,45,East Lydiamouth,USA,2025-02-08,Email
646,Tina,Kennedy,sharon20@example.net,M,31,South Aaron,USA,2026-05-10,Affiliate
647,Abigail,King,james03@example.org,M,48,New Mariotown,USA,2024-04-01,Email
648,Ryan,Smith,brenda63@example.org,M,69,Lake Chad,USA,2026-06-13,Affiliate
649,Bianca,Vazquez,nathandavis@example.org,F,36,New Stephanie,USA,2025-01-15,Facebook Ads
650,Gina,Morgan,browndeanna@example.net,M,64,Ericmouth,USA,2025-02-24,Facebook Ads
651,Daniel,Freeman,tina57@example.net,F,33,Ramirezstad,USA,2024-02-14,Email
652,Hannah,Howard,johnwilliams@example.net,F,22,North John,USA,2024-11-08,Affiliate
653,Kenneth,Terry,ashleystephens@example.com,M,52,Danielchester,USA,2025-09-27,Affiliate
654,Joshua,Guerra,caseymoore@example.com,F,29,East Lydiamouth,USA,2026-01-01,Google Display
655,Amber,Gibson,bgross@example.net,M,42,Coxberg,USA,2026-02-11,Google Search
656,Kimberly,Allen,barrettamber@example.com,F,69,Lake Roberto,USA,2024-02-11,Affiliate
657,Felicia,Cannon,chloemorris@example.net,M,38,Lake Chad,USA,2024-07-04,Google Display
658,Cole,Hopkins,conleydavid@example.org,F,53,Lake Nicoleview,USA,2024-02-24,Google Display
659,Todd,Garcia,hbarrett@example.net,M,40,Jasonfort,USA,2025-08-24,Email
660,Jonathan,Diaz,smithsamantha@example.net,M,33,Adamsborough,USA,2025-01-06,Affiliate
661,Pamela,Miller,wardjulia@example.com,F,56,Wilkersonmouth,USA,2026-01-03,Google Display
662,Laura,Brown,allison14@example.org,M,62,West Donald,USA,2026-05-18,Email
663,Susan,Davis,amandalopez@example.net,M,59,Adamsborough,USA,2025-07-06,Instagram Ads
664,Ashley,Meza,xreese@example.net,F,56,Cassandraton,USA,2025-04-09,Google Search
665,Emily,Park,kandrade@example.org,F,31,Jacquelineland,USA,2025-03-11,Instagram Ads
666,William,Sandoval,umahoney@example.net,M,48,Lisatown,USA,2026-07-08,Google Search
667,Mark,Watson,umckenzie@example.net,F,22,North John,USA,2024-04-06,Google Display
668,Amy,Brooks,michael77@example.com,M,52,Lake Chad,USA,2023-07-18,Google Search
669,Austin,Mitchell,holmesvictoria@example.com,F,40,Port Jesseville,USA,2023-07-25,Instagram Ads
670,Tracey,Lewis,andrew48@example.net,F,46,South Aaron,USA,2025-03-18,Google Display
671,Sara,Moore,stevenseric@example.com,F,60,East Lydiamouth,USA,2024-08-23,Google Display
672,Brandi,Hall,christopher69@example.org,M,28,Ericmouth,USA,2025-09-29,Google Display
673,Jennifer,Mcguire,tracynolan@example.net,F,35,Jacquelineland,USA,2025-04-09,Instagram Ads
674,Rebecca,Larson,benjamin96@example.org,F,64,Lisatown,USA,2025-11-19,Facebook Ads
675,Sandra,Cook,hbutler@example.org,F,29,Danielchester,USA,2025-10-14,Email
676,Melissa,Mcfarland,hbrown@example.org,F,26,Lake Mark,USA,2024-07-01,Email
677,Annette,Murphy,ericnunez@example.com,M,27,North Noahstad,USA,2026-06-16,Google Display
678,Karen,Johnston,walkerkeith@example.com,M,61,New Jessica,USA,2023-12-27,Affiliate
679,Matthew,Alvarez,kelleyjose@example.com,F,34,Coxberg,USA,2025-01-17,Google Search
680,Kim,Anderson,timothygonzalez@example.com,M,55,Coxberg,USA,2025-07-01,Facebook Ads
681,James,Gilbert,johnadams@example.com,M,24,West Donald,USA,2024-07-06,Email
682,Sandra,Davis,whenderson@example.org,F,63,Lake Roberto,USA,2024-07-03,Google Display
683,Brittney,Johnson,gary59@example.com,F,30,East Nathaniel,USA,2025-05-31,Google Search
684,Scott,Glass,jamesbrooks@example.net,M,57,Herrerafurt,USA,2026-02-06,Facebook Ads
685,Daniel,Brown,mistywilkins@example.org,F,59,West Donald,USA,2024-07-28,Google Search
686,Linda,Torres,njohnson@example.net,F,26,New Kellystad,USA,2025-02-26,Instagram Ads
687,James,Mills,ana92@example.net,F,67,South Aaron,USA,2025-08-21,Facebook Ads
688,Andrew,Aguilar,scottbrian@example.org,M,44,Robinsonshire,USA,2025-11-28,Instagram Ads
689,Christine,Brown,jonesdonna@example.net,F,19,Lake Nicoleview,USA,2026-02-05,Email
690,Donna,Lin,carternicole@example.com,F,22,New Kellystad,USA,2024-03-27,Email
691,Oscar,Bray,mckeetodd@example.net,M,46,Adamsborough,USA,2025-02-19,Email
692,Jacob,Mason,tcastro@example.org,F,54,Lake Chad,USA,2023-08-30,Google Display
693,Sandra,Torres,klong@example.org,F,55,New Mariotown,USA,2024-08-01,Google Search
694,Michael,Garrett,wendyirwin@example.com,F,36,New Stephanie,USA,2025-12-23,Google Search
695,Connie,Johns,raymondstacy@example.org,F,25,New Jamesside,USA,2023-12-31,Google Search
696,Penny,Sandoval,blairabigail@example.net,F,65,Cassandraton,USA,2025-05-19,Google Display
697,Connie,Perez,ashleysimmons@example.com,F,62,New Jamesside,USA,2026-04-10,Email
698,Mark,Daniels,denisecarpenter@example.net,F,18,New Jessica,USA,2025-12-10,Affiliate
699,Michelle,Parker,russellstout@example.org,M,39,Lisatown,USA,2025-07-06,Email
700,Annette,Moore,grantstacy@example.org,F,69,Lake Chad,USA,2024-02-04,Email
701,Mary,Thomas,cannonnicole@example.com,F,34,New Kellystad,USA,2026-06-05,Affiliate
702,Kevin,Reese,edwin31@example.org,M,24,Robinsonshire,USA,2024-02-05,Email
703,Kathryn,Salazar,catherine93@example.net,M,42,Port Jesseville,USA,2024-03-28,Facebook Ads
704,Grace,Howard,manderson@example.com,F,62,Adamsborough,USA,2025-09-05,Google Display
705,Nathaniel,Christian,kwells@example.org,M,21,Daviston,USA,2024-03-21,Affiliate
706,Ricky,Novak,stephanie33@example.org,M,53,Daviston,USA,2023-09-28,Email
707,Sara,Duke,dwatts@example.org,F,23,Lisatown,USA,2024-10-28,Affiliate
708,Kimberly,Franklin,zcortez@example.net,M,48,Teresaburgh,USA,2026-05-12,Instagram Ads
709,Ashley,Herrera,meyershannon@example.org,F,36,Lake Nicoleview,USA,2026-03-06,Email
710,John,Medina,grantzachary@example.net,F,61,Adamsborough,USA,2026-06-07,Instagram Ads
711,James,Gonzales,kim47@example.org,F,56,Port Colleenhaven,USA,2024-10-23,Google Search
712,Christie,Brown,stevenlucas@example.org,F,44,New Jessica,USA,2025-09-17,Email
713,Daniel,Osborne,phillipmorris@example.org,F,27,Port Jesseville,USA,2024-01-30,Instagram Ads
714,Brittany,Marquez,nicoledavis@example.com,F,43,East Nathaniel,USA,2025-08-14,Google Search
715,Rebecca,Hogan,davisjasmin@example.net,M,36,East Lydiamouth,USA,2024-08-18,Google Search
716,Alexandria,Cruz,nicholasjames@example.org,M,56,Danielchester,USA,2026-04-12,Google Search
717,Ariana,Keller,fernandothomas@example.net,F,20,Wilkersonmouth,USA,2023-09-12,Email
718,Kyle,Cross,lroberts@example.org,F,62,Lake Mark,USA,2026-03-28,Facebook Ads
719,Susan,Smith,alexander77@example.net,F,30,Coxberg,USA,2025-12-18,Google Search
720,Cathy,Snyder,briannaalvarez@example.com,M,67,Lake Mark,USA,2024-11-13,Facebook Ads
721,Carolyn,Smith,christine83@example.org,F,45,Ericmouth,USA,2024-02-05,Google Search
722,Brian,Bailey,melissaestrada@example.net,F,37,New Jessica,USA,2024-06-09,Affiliate
723,Samantha,Williams,kchaney@example.net,F,45,Ramirezstad,USA,2024-05-24,Instagram Ads
724,Donna,Graves,tammycurry@example.com,F,25,East Nathaniel,USA,2026-05-03,Affiliate
725,Christopher,Evans,priscilla16@example.net,F,58,Herrerafurt,USA,2023-09-27,Facebook Ads
726,Thomas,Martinez,mark68@example.org,M,56,Jacquelineland,USA,2025-08-18,Facebook Ads
727,Cheryl,Rodriguez,webbhaley@example.net,M,18,West Michael,USA,2024-05-27,Facebook Ads
728,Chelsea,Stewart,sara99@example.com,M,20,Daviston,USA,2025-02-06,Google Search
729,Crystal,Vasquez,nicolehall@example.com,F,30,North Noahstad,USA,2026-06-25,Affiliate
730,Aaron,Johnson,mclaughlinjared@example.net,M,45,East William,USA,2026-07-16,Email
731,Robert,Cook,alexharris@example.com,M,66,Daviston,USA,2024-04-21,Affiliate
732,Carlos,Evans,katie15@example.com,F,42,Lake Nicoleview,USA,2024-09-24,Affiliate
733,Ashley,Choi,jamesbass@example.net,M,50,Lake Mark,USA,2024-12-24,Google Search
734,Thomas,Johnson,timothyburton@example.net,F,55,Lisatown,USA,2026-03-25,Facebook Ads
735,Steven,Olsen,conleykevin@example.net,M,23,Port Colleenhaven,USA,2025-07-30,Affiliate
736,Angela,Smith,lauren51@example.org,M,61,Port Keith,USA,2024-05-20,Google Display
737,Anthony,Terrell,ashleyprice@example.net,M,62,Robinsonshire,USA,2023-11-23,Google Display
738,Kimberly,Parker,jennifer46@example.org,F,49,Port Keith,USA,2025-01-12,Affiliate
739,John,Hayes,javier42@example.org,F,62,Robinsonshire,USA,2024-08-31,Facebook Ads
740,Benjamin,Harris,wallaceangel@example.com,F,64,New Stephanie,USA,2026-04-04,Email
741,Eric,Peterson,hoconnor@example.com,M,38,Jasonfort,USA,2025-11-13,Google Search
742,Douglas,Wiggins,jamiejohnson@example.com,F,33,Port Colleenhaven,USA,2025-09-07,Email
743,Alexandra,Smith,mcdanielbrooke@example.org,F,38,Herrerafurt,USA,2024-07-17,Email
744,Pamela,Garcia,andrew43@example.com,F,28,South Noah,USA,2024-02-22,Instagram Ads
745,Justin,Patel,rlambert@example.org,M,54,Jasonfort,USA,2024-01-06,Instagram Ads
746,Danny,Mullen,clarkmichael@example.com,F,53,New Jessica,USA,2024-05-10,Affiliate
747,Sherry,Brock,georgecollins@example.com,M,52,East William,USA,2025-03-01,Affiliate
748,Brent,Johnson,rodriguezbrian@example.com,F,36,Lake Mark,USA,2024-09-19,Email
749,Janet,Vance,tjensen@example.com,M,37,Port Keith,USA,2025-12-29,Email
750,Jennifer,Lambert,beltrankatelyn@example.com,F,35,East Courtneychester,USA,2025-03-31,Email
751,Christopher,Lang,tdavis@example.net,F,64,Ericmouth,USA,2025-06-23,Google Display
752,Katie,Ruiz,douglashuang@example.com,M,58,Port Keith,USA,2026-04-13,Instagram Ads
753,Philip,Lyons,kristina57@example.com,F,66,Adamsborough,USA,2023-08-20,Instagram Ads
754,Thomas,Bell,ssingleton@example.com,M,31,New Jessica,USA,2025-05-10,Google Display
755,David,Garcia,nguyendebra@example.com,M,32,South Patrickmouth,USA,2025-02-20,Google Search
756,Richard,Gutierrez,amydickson@example.com,F,48,East Lydiamouth,USA,2023-09-28,Email
757,Jared,Benson,bmueller@example.net,M,18,New Jessica,USA,2025-11-26,Affiliate
758,Amy,Young,stevensonjennifer@example.com,F,20,Jacquelineland,USA,2023-11-20,Facebook Ads
759,Caitlin,Nguyen,shortgregory@example.com,M,33,Tashatown,USA,2023-10-02,Google Search
760,Daniel,Cervantes,pmurphy@example.net,M,40,Coxberg,USA,2023-09-23,Affiliate
761,Jeff,Taylor,shermandonna@example.com,F,28,Cassandraton,USA,2025-02-19,Affiliate
762,Peter,Lane,jamierich@example.com,F,29,West Donald,USA,2025-04-03,Email
763,Robin,Torres,wrobbins@example.org,M,27,West Michael,USA,2025-04-16,Instagram Ads
764,Cheryl,Dixon,melissabrown@example.net,F,49,New Kellystad,USA,2026-06-12,Google Display
765,Aaron,Castro,daniel40@example.org,F,33,Daviston,USA,2024-11-02,Affiliate
766,Brittany,Garrett,bsullivan@example.net,F,25,Port Colleenhaven,USA,2024-03-05,Affiliate
767,Glenn,Taylor,xbridges@example.com,M,55,Jacquelineland,USA,2024-01-03,Affiliate
768,Whitney,Santiago,alexanderwong@example.org,M,29,Teresaburgh,USA,2025-09-15,Google Display
769,Tommy,Kim,christophermay@example.com,F,41,Lake Roberto,USA,2026-02-14,Email
770,Patricia,Dominguez,dhanson@example.net,M,45,Lisatown,USA,2024-10-24,Email
771,Lori,Cruz,jacobjacobs@example.net,M,25,New Stephanie,USA,2025-01-13,Email
772,Jessica,Joseph,robert89@example.com,M,45,Lake Chad,USA,2023-08-23,Google Search
773,Benjamin,Webb,daniel71@example.org,F,53,Cassandraton,USA,2025-09-25,Affiliate
774,Alicia,Villarreal,steven18@example.net,M,43,New Mariotown,USA,2023-10-22,Google Display
775,Thomas,Harmon,suttonamber@example.net,M,25,South Aaron,USA,2024-06-24,Google Display
776,Brian,Cooper,harrisonwilliam@example.com,M,67,Tashatown,USA,2025-04-07,Instagram Ads
777,Martin,Gomez,keith09@example.net,F,45,Tashatown,USA,2024-06-15,Email
778,Kristen,Green,klane@example.org,M,45,East Nathaniel,USA,2025-07-06,Google Display
779,Kelly,Mclaughlin,mitchellchristopher@example.net,F,54,New Jamesside,USA,2023-10-10,Google Display
780,Kristen,King,joshua40@example.net,F,58,East William,USA,2023-11-17,Affiliate
781,Greg,Vargas,donnawood@example.org,M,53,New Mariotown,USA,2024-04-29,Facebook Ads
782,Jaclyn,Washington,cooperchristopher@example.org,M,44,East Courtneychester,USA,2025-04-30,Google Search
783,Lydia,Monroe,ptownsend@example.net,M,34,Port Colleenhaven,USA,2024-11-11,Facebook Ads
784,Dana,Clark,brian41@example.org,M,26,Lake Nicoleview,USA,2024-01-17,Facebook Ads
785,Raymond,Turner,noahthornton@example.com,F,50,Daviston,USA,2024-04-30,Instagram Ads
786,Alyssa,Graham,sara76@example.net,M,37,Daviston,USA,2024-06-27,Google Search
787,Alyssa,Blanchard,hardindana@example.com,F,30,South Patrickmouth,USA,2025-05-17,Google Display
788,Denise,Nelson,joseph14@example.net,F,45,Ericmouth,USA,2025-04-18,Affiliate
789,Steven,Leonard,jessicachapman@example.org,M,65,Wilkersonmouth,USA,2025-02-06,Facebook Ads
790,Erica,Kaiser,amy01@example.org,M,46,Port Colleenhaven,USA,2024-10-10,Google Display
791,Alicia,Jennings,jeffrey44@example.org,M,30,West Michael,USA,2023-08-24,Facebook Ads
792,Christine,Brown,stephanielittle@example.net,M,63,East Lydiamouth,USA,2026-06-01,Google Display
793,Christopher,Jacobs,pdouglas@example.net,F,52,Port Colleenhaven,USA,2025-12-14,Google Display
794,Jack,Rodriguez,jonowens@example.org,M,23,Jacquelineland,USA,2025-06-17,Google Display
795,Sandra,Hill,qschwartz@example.com,F,35,New Kellystad,USA,2024-04-25,Google Search
796,Kimberly,Ramirez,reyesmarvin@example.org,M,68,Cassandraton,USA,2024-04-26,Facebook Ads
797,Lisa,Thompson,vasquezsarah@example.net,F,22,North John,USA,2024-09-20,Facebook Ads
798,Debbie,Rodriguez,probinson@example.org,M,64,Ramirezstad,USA,2026-04-13,Facebook Ads
799,Jennifer,Garcia,jonesjessica@example.com,M,42,West Natashaport,USA,2023-08-07,Facebook Ads
800,Tyler,Delgado,fitzpatrickelizabeth@example.com,F,19,West Natashaport,USA,2023-12-31,Affiliate
801,Mark,Myers,robertsonshelby@example.com,M,27,Jacquelineland,USA,2024-12-23,Affiliate
802,Richard,Luna,fernandezaaron@example.net,M,47,Coxberg,USA,2025-12-30,Google Display
803,Timothy,Bradley,mathew46@example.org,M,67,Port Colleenhaven,USA,2025-06-09,Instagram Ads
804,Susan,Davis,christopher74@example.net,M,62,Herrerafurt,USA,2024-02-25,Email
805,Angela,Ponce,kentprice@example.org,F,22,West Michael,USA,2025-06-08,Affiliate
806,Michael,Miller,imoss@example.org,F,50,New Stephanie,USA,2024-02-14,Email
807,Jennifer,Watkins,yprice@example.net,F,18,Jacquelineland,USA,2025-06-22,Google Search
808,Victor,Hanna,blevy@example.org,M,35,Teresaburgh,USA,2024-07-23,Instagram Ads
809,Matthew,Le,zwilson@example.net,F,49,East Lydiamouth,USA,2025-07-18,Google Search
810,Stephen,Gregory,joycehall@example.org,M,64,East Nathaniel,USA,2023-08-27,Email
811,Donald,Valdez,nmeadows@example.org,M,66,East Courtneychester,USA,2024-04-08,Email
812,Deborah,Smith,conwaylori@example.org,F,28,Lisatown,USA,2024-11-28,Google Search
813,George,Garza,wilsonbrooke@example.net,F,38,Teresaburgh,USA,2024-03-15,Google Search
814,Linda,Simmons,rnguyen@example.net,F,43,Daviston,USA,2025-03-07,Instagram Ads
815,Marc,Oconnell,kathrynwatkins@example.com,F,42,Juliechester,USA,2023-09-25,Instagram Ads
816,Joshua,Todd,heathertran@example.com,F,39,Jacquelineland,USA,2024-04-10,Instagram Ads
817,Brandi,Anderson,bstrickland@example.com,F,44,New Kellystad,USA,2023-10-14,Google Display
818,Adrian,Howe,robert72@example.org,M,66,East Nathaniel,USA,2023-12-21,Google Display
819,Joseph,Cole,sharonbishop@example.org,F,30,East Nathaniel,USA,2025-05-01,Email
820,Jennifer,Salazar,burtonkimberly@example.com,M,50,Juliechester,USA,2024-10-18,Instagram Ads
821,Angela,Lee,montgomerymichelle@example.net,F,51,Ramirezstad,USA,2025-01-24,Google Search
822,Steven,Sims,joshualee@example.org,M,58,South Patrickmouth,USA,2025-08-07,Google Search
823,Tanya,Wells,ernestlivingston@example.org,M,52,Port Colleenhaven,USA,2025-06-23,Affiliate
824,Justin,Hamilton,christina70@example.org,M,18,Lisatown,USA,2025-10-06,Google Search
825,Sara,Thompson,washingtondarren@example.org,F,38,West Natashaport,USA,2025-09-15,Email
826,Brittany,Nguyen,julievillanueva@example.org,M,65,Lake Roberto,USA,2025-11-17,Instagram Ads
827,Mark,Garcia,ykane@example.org,M,23,Lake Nicoleview,USA,2023-10-06,Instagram Ads
828,Brenda,Brown,nthomas@example.com,F,45,East Lydiamouth,USA,2024-01-29,Facebook Ads
829,Nathaniel,Ellis,crystalcantrell@example.org,M,34,Port Jesseville,USA,2024-07-20,Affiliate
830,Antonio,Carroll,derek77@example.com,M,22,Lake Nicoleview,USA,2024-01-21,Instagram Ads
831,Matthew,Tanner,kristinelittle@example.net,M,48,Coxberg,USA,2026-04-05,Instagram Ads
832,Belinda,Tran,christophervincent@example.com,F,22,Lake Mark,USA,2026-02-16,Google Display
833,Javier,Wells,uramirez@example.com,F,55,Port Colleenhaven,USA,2025-10-01,Affiliate
834,John,Murphy,patriciavargas@example.org,F,20,East Lydiamouth,USA,2026-04-14,Google Search
835,Rachel,Butler,williamsthomas@example.net,F,40,South Aaron,USA,2023-08-23,Google Display
836,Amanda,Mendoza,chavezjohn@example.net,F,54,North Noahstad,USA,2025-10-20,Affiliate
837,Heather,Russell,davidphillips@example.net,F,54,Adamsborough,USA,2026-07-16,Instagram Ads
838,Allen,Caldwell,jacquelinehodge@example.net,F,27,Adamsborough,USA,2025-04-17,Google Display
839,Tiffany,Ford,morgansullivan@example.com,M,27,New Stephanie,USA,2025-06-03,Instagram Ads
840,Jane,Smith,cruzhannah@example.net,M,36,New Jamesside,USA,2023-08-22,Google Search
841,Ronald,Nelson,kristinmiller@example.com,F,34,Lake Mark,USA,2025-10-01,Instagram Ads
842,Brian,Dougherty,pamela16@example.com,M,38,Jasonfort,USA,2024-12-09,Instagram Ads
843,Blake,Richardson,castrokim@example.org,F,31,New Stephanie,USA,2026-06-27,Instagram Ads
844,John,Wilson,wmclaughlin@example.net,F,26,East Nathaniel,USA,2026-02-26,Affiliate
845,Jacqueline,Mullins,lukehurst@example.net,F,63,New Jessica,USA,2025-08-01,Google Display
846,Joshua,Brown,shaun88@example.org,F,18,Tashatown,USA,2024-12-14,Instagram Ads
847,Amanda,Bryan,shannon51@example.org,F,68,Lake Chad,USA,2026-03-21,Instagram Ads
848,Stephen,Miller,keithfrye@example.org,F,62,Port Keith,USA,2024-01-14,Email
849,Daniel,Hernandez,nancymeyer@example.net,M,30,Teresaburgh,USA,2023-08-11,Facebook Ads
850,Robert,Fleming,thomasfisher@example.net,M,21,Lisatown,USA,2025-06-23,Facebook Ads
851,Kelly,Brown,marystone@example.com,F,18,Herrerafurt,USA,2024-10-11,Affiliate
852,Matthew,Lucas,todd88@example.com,M,66,Lake Roberto,USA,2024-11-30,Affiliate
853,Ashley,Villanueva,george43@example.com,M,57,East William,USA,2024-08-28,Instagram Ads
854,Keith,Bruce,michaelbryant@example.org,F,49,West Donald,USA,2025-05-26,Facebook Ads
855,Eugene,Nichols,teresafranco@example.net,F,51,Danielchester,USA,2026-04-04,Facebook Ads
856,Laura,Martin,williamsleslie@example.org,M,45,Port Colleenhaven,USA,2024-11-12,Email
857,Mike,Harris,wadetiffany@example.org,F,48,East William,USA,2024-08-29,Facebook Ads
858,Amber,Martin,david06@example.com,F,25,Port Colleenhaven,USA,2025-11-06,Google Search
859,Stacie,Reilly,adamrodgers@example.net,M,56,South Aaron,USA,2024-07-15,Affiliate
860,Janice,Wells,tara92@example.net,F,43,Port Keith,USA,2025-09-23,Facebook Ads
861,Sandra,Morgan,dennisrachel@example.org,M,51,Teresaburgh,USA,2025-07-30,Instagram Ads
862,Darryl,Johnson,seandavis@example.org,M,20,Port Jesseville,USA,2025-05-14,Email
863,James,Fox,james18@example.com,F,67,Wilkersonmouth,USA,2025-07-29,Google Search
864,Susan,Daugherty,ulee@example.net,F,29,Ericmouth,USA,2025-05-11,Google Search
865,Sherry,Kerr,raymond65@example.com,F,18,Tashatown,USA,2024-08-29,Email
866,Justin,Bell,fsawyer@example.org,M,61,West Michael,USA,2025-09-22,Google Search
867,Sean,Riddle,achandler@example.org,M,22,Robinsonshire,USA,2026-01-18,Facebook Ads
868,Carla,Thomas,thomas85@example.org,F,47,Juliechester,USA,2026-05-05,Google Display
869,Brittany,Bennett,ortizrobin@example.com,F,47,Lisatown,USA,2024-01-25,Affiliate
870,Steven,Bradley,jamescollier@example.com,M,34,Lake Chad,USA,2025-03-16,Facebook Ads
871,Bobby,Mckenzie,troy73@example.org,F,65,East Courtneychester,USA,2025-12-01,Affiliate
872,Eric,Evans,qmartinez@example.com,F,64,New Stephanie,USA,2024-10-17,Facebook Ads
873,Travis,Watts,anthonyhubbard@example.com,M,40,West Michael,USA,2026-07-11,Instagram Ads
874,Carl,Reese,qcunningham@example.net,F,32,South Noah,USA,2025-08-07,Facebook Ads
875,Terri,Cardenas,william90@example.com,M,54,South Noah,USA,2024-01-12,Email
876,Brian,Flores,michaelbrown@example.com,M,38,Port Keith,USA,2024-10-19,Google Search
877,Rhonda,Kelly,kelly18@example.org,M,31,Ramirezstad,USA,2025-11-04,Email
878,Isaac,Davis,amybrennan@example.net,M,19,Coxberg,USA,2025-12-10,Facebook Ads
879,Joseph,Wolfe,cody95@example.org,F,28,Lake Chad,USA,2023-08-01,Email
880,April,Watson,kjenkins@example.org,M,68,New Stephanie,USA,2024-03-12,Google Display
881,Wesley,Decker,butlersabrina@example.org,F,56,Juliechester,USA,2025-12-31,Affiliate
882,Sandra,Mendoza,hannah27@example.net,M,55,Ericmouth,USA,2025-02-10,Email
883,Tara,Jackson,anthony13@example.org,F,51,Lisatown,USA,2026-02-11,Facebook Ads
884,Douglas,Perez,jasonzavala@example.com,F,55,West Michael,USA,2025-08-13,Facebook Ads
885,Kristen,Jones,ctodd@example.org,F,67,West Natashaport,USA,2023-11-13,Email
886,Laura,Palmer,harrisonrebekah@example.org,F,51,Adamsborough,USA,2023-09-28,Facebook Ads
887,Elizabeth,Webster,morajamie@example.org,F,35,South Patrickmouth,USA,2024-02-05,Google Display
888,Michael,Davis,stacy55@example.org,M,47,Wilkersonmouth,USA,2026-02-09,Email
889,Kimberly,Austin,garciabelinda@example.org,F,32,East Courtneychester,USA,2025-02-16,Instagram Ads
890,Jennifer,Brandt,rachelmedina@example.net,F,44,Ericmouth,USA,2023-11-03,Email
891,Jason,Gordon,lrichardson@example.org,F,68,Jacquelineland,USA,2024-11-10,Affiliate
892,Susan,White,tina63@example.net,M,51,Ericmouth,USA,2024-03-23,Google Search
893,Daniel,Rollins,owensapril@example.com,M,69,Juliechester,USA,2025-10-30,Affiliate
894,Janet,Hawkins,millertristan@example.com,M,55,Juliechester,USA,2024-05-23,Google Search
895,Caroline,Collins,aperez@example.com,F,50,North Noahstad,USA,2026-07-01,Facebook Ads
896,Ronnie,Gates,xcrosby@example.org,M,41,East Lydiamouth,USA,2023-08-01,Google Display
897,Emily,Powers,qkim@example.net,F,32,South Noah,USA,2023-10-19,Facebook Ads
898,Douglas,Morales,figueroapatricia@example.org,M,47,Ericmouth,USA,2023-09-26,Instagram Ads
899,Theresa,Morgan,bmartinez@example.net,F,59,South Patrickmouth,USA,2025-01-15,Email
900,Kathy,Miranda,katelyn65@example.com,F,68,North Noahstad,USA,2025-07-17,Facebook Ads
901,Stephanie,Archer,dylan71@example.org,M,34,Wilkersonmouth,USA,2024-04-17,Email
902,Tyler,Fuller,anthonyrojas@example.org,M,22,West Natashaport,USA,2025-01-13,Email
903,Anthony,White,eric99@example.org,F,46,Juliechester,USA,2025-10-28,Facebook Ads
904,Donna,Meyer,msparks@example.com,F,21,Daviston,USA,2025-07-12,Google Display
905,Tracy,Green,lisa88@example.org,M,27,East Nathaniel,USA,2026-05-27,Instagram Ads
906,Anthony,Jordan,reyesleonard@example.com,M,34,Juliechester,USA,2024-11-14,Instagram Ads
907,Barry,Thompson,nicole27@example.com,M,27,South Noah,USA,2023-12-12,Google Search
908,Jennifer,Freeman,carrolltracy@example.net,F,34,Danielchester,USA,2025-08-07,Instagram Ads
909,Ashley,Alvarez,williammyers@example.com,M,37,Lake Chad,USA,2025-04-25,Google Display
910,Nicholas,Rhodes,luke09@example.org,F,41,Daviston,USA,2023-12-05,Google Search
911,Michael,Pacheco,hubbardcolleen@example.com,F,22,Lake Roberto,USA,2023-11-01,Google Search
912,Michael,Howard,brian33@example.org,F,51,Jacquelineland,USA,2025-06-27,Affiliate
913,Brittany,Lozano,meltondanny@example.org,F,23,West Natashaport,USA,2023-08-08,Email
914,Mark,Murray,abradley@example.com,M,19,Tashatown,USA,2023-08-09,Facebook Ads
915,Terry,Johnson,nicholas65@example.net,M,30,East Lydiamouth,USA,2023-11-02,Facebook Ads
916,Tracy,Vazquez,matthewshaw@example.net,F,60,Jasonfort,USA,2024-07-24,Email
917,Christina,Cox,karlwilliams@example.net,F,60,Jasonfort,USA,2024-09-30,Google Display
918,Jeremiah,Newton,robbinsbelinda@example.net,F,65,East Courtneychester,USA,2024-07-21,Affiliate
919,Carlos,Solis,wsimmons@example.org,M,28,East Lydiamouth,USA,2025-07-01,Google Search
920,Kevin,Brock,ualvarado@example.org,M,68,Lake Nicoleview,USA,2024-10-14,Google Search
921,John,Robertson,nicoleburton@example.net,M,64,Coxberg,USA,2026-02-17,Google Search
922,Barbara,Lewis,oadams@example.net,F,40,Danielchester,USA,2025-12-20,Email
923,Melissa,Meadows,boydmichael@example.org,M,33,Adamsborough,USA,2024-04-06,Google Display
924,Julie,Cannon,ejenkins@example.net,F,48,Coxberg,USA,2024-02-26,Google Search
925,Robert,Colon,jonathanburke@example.com,M,28,New Stephanie,USA,2024-04-04,Instagram Ads
926,Edward,Johnson,steven86@example.com,M,33,East Nathaniel,USA,2025-06-26,Facebook Ads
927,Benjamin,Moore,anthonyclarke@example.com,F,25,Ramirezstad,USA,2025-07-08,Google Display
928,Gregory,Phelps,dcasey@example.org,F,21,Lake Roberto,USA,2024-06-26,Google Display
929,Kenneth,Brown,qmosley@example.net,F,57,Herrerafurt,USA,2026-03-14,Affiliate
930,Randy,Larsen,joelduncan@example.net,F,21,Jacquelineland,USA,2026-05-05,Google Search
931,Alejandra,Calderon,tyler13@example.net,M,42,East Courtneychester,USA,2023-11-29,Google Display
932,Lindsay,Murphy,vshaffer@example.org,M,20,South Patrickmouth,USA,2026-05-08,Email
933,Jeffery,Rodriguez,taragonzales@example.com,F,49,New Mariotown,USA,2026-02-17,Google Display
934,Brian,Ferguson,stewartrodney@example.net,F,20,Port Colleenhaven,USA,2024-04-12,Facebook Ads
935,Joshua,Mueller,michaelbaldwin@example.com,F,44,Port Colleenhaven,USA,2023-08-10,Email
936,Tammy,Obrien,vazquezkristina@example.org,M,46,North Noahstad,USA,2024-04-20,Instagram Ads
937,Paul,Fowler,rebecca18@example.org,F,49,Lake Chad,USA,2026-02-11,Affiliate
938,Paul,Browning,qpennington@example.com,M,67,New Stephanie,USA,2023-10-24,Affiliate
939,Mackenzie,Young,michelemartin@example.com,F,68,Jasonfort,USA,2025-06-08,Google Display
940,Natasha,Wang,rmccormick@example.org,M,36,East William,USA,2026-01-05,Facebook Ads
941,Shelby,Ruiz,vhouse@example.net,F,38,West Michael,USA,2024-10-22,Email
942,Samantha,Garcia,hollyhunter@example.com,M,22,South Patrickmouth,USA,2024-10-21,Google Search
943,Jessica,Kelley,shawn00@example.net,F,35,Tashatown,USA,2025-06-20,Affiliate
944,Crystal,Gibbs,aarongonzalez@example.com,M,45,Wilkersonmouth,USA,2024-06-25,Facebook Ads
945,Christopher,Moore,melaniejennings@example.com,F,59,North Noahstad,USA,2024-11-23,Google Search
946,Morgan,Anderson,graceserrano@example.com,F,39,Ericmouth,USA,2024-02-20,Facebook Ads
947,Robert,White,kduffy@example.org,M,38,Wilkersonmouth,USA,2023-08-09,Google Search
948,Andrew,Hansen,rebeccamccann@example.org,F,23,Tashatown,USA,2024-04-29,Instagram Ads
949,Melissa,Williams,jburke@example.org,F,18,Wilkersonmouth,USA,2026-06-02,Google Display
950,George,Bradley,higginsryan@example.com,M,22,South Patrickmouth,USA,2026-01-09,Affiliate
951,Troy,Walker,jamesatkins@example.com,F,58,Adamsborough,USA,2024-05-28,Facebook Ads
952,Troy,Anderson,carolcarney@example.com,F,29,Robinsonshire,USA,2025-09-21,Affiliate
953,Jaime,White,anthonycherry@example.org,M,43,New Jamesside,USA,2025-05-24,Google Search
954,Rebecca,Wood,emiller@example.org,M,63,Lake Chad,USA,2026-02-27,Affiliate
955,Terri,Sanders,jennifererickson@example.net,M,51,Teresaburgh,USA,2025-05-02,Instagram Ads
956,Charles,Hawkins,cookjimmy@example.com,M,66,Jasonfort,USA,2026-07-14,Email
957,Sheila,Coffey,smithwilliam@example.com,F,31,Tashatown,USA,2024-06-13,Instagram Ads
958,Ralph,Wood,carpenterjorge@example.net,F,43,Port Keith,USA,2025-01-08,Instagram Ads
959,Matthew,Mcdonald,stewartalyssa@example.org,F,62,Coxberg,USA,2024-04-28,Facebook Ads
960,Lawrence,Good,rsavage@example.net,M,44,South Patrickmouth,USA,2024-08-16,Email
961,Russell,Orr,chloe48@example.com,F,26,Juliechester,USA,2024-11-06,Facebook Ads
962,Frederick,Doyle,jgallagher@example.net,M,43,Ramirezstad,USA,2026-02-06,Google Search
963,Diane,Yates,lopezbrian@example.org,M,64,New Stephanie,USA,2023-08-26,Facebook Ads
964,Jorge,Mccarthy,fwilson@example.org,M,39,West Donald,USA,2024-11-12,Google Search
965,Vanessa,Hoffman,uvasquez@example.org,M,64,Tashatown,USA,2023-11-30,Facebook Ads
966,Clayton,Oneill,marybrady@example.com,F,47,Danielchester,USA,2025-03-26,Email
967,Elizabeth,Lewis,foxashley@example.com,F,60,West Natashaport,USA,2026-04-21,Google Display
968,John,Jimenez,clayanthony@example.net,F,65,New Mariotown,USA,2026-06-27,Facebook Ads
969,David,Brooks,hooderic@example.org,F,34,Wilkersonmouth,USA,2024-12-03,Google Display
970,Jasmine,Castillo,brooke05@example.org,M,43,East Lydiamouth,USA,2025-07-06,Email
971,Stephanie,Nguyen,jasonwilliams@example.net,M,53,Herrerafurt,USA,2024-05-23,Google Search
972,Lauren,Manning,tammyglenn@example.org,M,18,Jacquelineland,USA,2023-08-09,Google Search
973,Jared,Price,wmitchell@example.net,M,25,Port Keith,USA,2024-01-02,Google Search
974,Kenneth,Owen,rebecca92@example.com,M,66,South Aaron,USA,2025-07-16,Google Display
975,Marilyn,Hunt,ygriffin@example.com,F,52,West Natashaport,USA,2024-05-07,Instagram Ads
976,Caroline,Davis,nshepherd@example.org,F,69,East Courtneychester,USA,2024-11-04,Instagram Ads
977,Ronald,Williams,teresa32@example.com,F,32,Port Colleenhaven,USA,2025-02-14,Affiliate
978,Deborah,Miller,zkim@example.com,M,64,East Nathaniel,USA,2024-06-11,Instagram Ads
979,Tracey,Sutton,mckenzie86@example.com,F,39,Lake Mark,USA,2025-04-01,Instagram Ads
980,Andrea,Lowery,dixonrobert@example.com,M,31,Adamsborough,USA,2025-07-11,Google Display
981,Ashley,King,brenda80@example.org,M,43,Wilkersonmouth,USA,2025-10-06,Facebook Ads
982,Steven,Hartman,awilliams@example.net,F,45,Herrerafurt,USA,2024-06-08,Instagram Ads
983,Brenda,Gibson,qhanson@example.com,F,40,East Nathaniel,USA,2026-06-11,Email
984,Monica,Lopez,christianhendrix@example.com,F,31,Daviston,USA,2026-02-27,Affiliate
985,Daniel,Ferguson,fosteralexander@example.net,F,41,Daviston,USA,2024-12-21,Affiliate
986,Heather,Melton,nturner@example.com,F,19,Danielchester,USA,2025-08-12,Instagram Ads
987,Sylvia,Leonard,christopher20@example.org,M,62,New Stephanie,USA,2023-11-17,Facebook Ads
988,Allen,Waller,clarkdeborah@example.net,M,43,Lake Mark,USA,2024-04-07,Facebook Ads
989,Megan,Garrison,christophercarrillo@example.org,F,31,West Michael,USA,2024-12-18,Email
990,Andrew,Martin,joannewallace@example.com,F,68,Lake Chad,USA,2024-12-15,Google Display
991,Michelle,Richards,kennethgallegos@example.com,F,24,East Nathaniel,USA,2023-09-11,Email
992,Alan,Mccoy,fpetty@example.net,M,20,New Stephanie,USA,2025-04-12,Facebook Ads
993,Jessica,Duarte,freemantodd@example.net,F,64,Port Colleenhaven,USA,2025-09-19,Google Search
994,Savannah,Stein,dhall@example.net,M,40,South Patrickmouth,USA,2023-08-07,Email
995,Barbara,Tran,patricia67@example.org,M,63,East Courtneychester,USA,2025-01-10,Facebook Ads
996,Sheila,Reed,ssmith@example.net,M,60,East Lydiamouth,USA,2024-02-13,Facebook Ads
997,Maurice,Hall,brianacohen@example.net,F,64,New Jessica,USA,2026-02-07,Google Search
998,Jennifer,Mcdonald,jennifer66@example.net,M,62,South Patrickmouth,USA,2025-07-02,Facebook Ads
999,Michael,Kennedy,christycampbell@example.net,M,35,Ramirezstad,USA,2023-10-20,Affiliate
1000,Timothy,Thompson,catherinegarcia@example.com,F,55,North John,USA,2026-05-16,Affiliate
1001,Tristan,Young,kiddmichael@example.com,F,52,Lake Chad,USA,2024-08-12,Email
1002,Eric,Clayton,romanmatthew@example.org,M,68,Ramirezstad,USA,2025-05-24,Instagram Ads
1003,David,Walker,victoria50@example.net,M,32,New Stephanie,USA,2024-05-06,Google Search
1004,Edward,Vaughn,mccarthysara@example.com,F,42,West Natashaport,USA,2025-12-09,Email
1005,Sydney,Campos,harringtonchelsea@example.org,M,54,Adamsborough,USA,2026-01-05,Affiliate
1006,Bobby,Garcia,pittsrhonda@example.org,F,45,Lake Mark,USA,2025-09-23,Email
1007,Jean,Gill,goconnor@example.org,F,27,South Aaron,USA,2025-06-26,Affiliate
1008,Matthew,Taylor,scottperry@example.org,M,56,Herrerafurt,USA,2024-04-11,Google Display
1009,Lisa,Peterson,christopherwatson@example.com,M,34,South Noah,USA,2024-08-16,Affiliate
1010,Elizabeth,Hernandez,icobb@example.com,M,56,Herrerafurt,USA,2024-10-13,Instagram Ads
1011,Robert,Ellis,sherry72@example.org,M,39,Adamsborough,USA,2025-09-11,Instagram Ads
1012,Zachary,Jones,leroy26@example.org,F,43,Danielchester,USA,2024-09-21,Instagram Ads
1013,Benjamin,Nielsen,rachelbrown@example.net,F,61,Daviston,USA,2026-06-26,Google Display
1014,Lauren,Liu,robert84@example.net,F,42,Lake Roberto,USA,2025-10-08,Affiliate
1015,Regina,Smith,rachel92@example.net,M,34,Coxberg,USA,2024-10-02,Email
1016,Dawn,Clay,zterry@example.net,F,30,West Donald,USA,2024-10-03,Google Display
1017,James,Turner,medinapeter@example.net,F,37,Adamsborough,USA,2025-10-06,Email
1018,David,Braun,jason88@example.com,M,42,Ericmouth,USA,2025-02-08,Affiliate
1019,Katherine,Moore,zamoraamber@example.com,F,21,Wilkersonmouth,USA,2024-04-07,Facebook Ads
1020,Kim,Barber,dennismckenzie@example.com,F,27,Ramirezstad,USA,2025-06-04,Google Display
1021,Michael,Williams,westashley@example.org,M,20,Danielchester,USA,2024-11-25,Google Search
1022,Tonya,Trujillo,michaelmitchell@example.net,F,58,Lake Mark,USA,2025-04-05,Google Search
1023,Donald,Gray,danielblack@example.org,M,62,New Stephanie,USA,2026-01-04,Google Display
1024,Michael,Garcia,fpoole@example.org,F,35,Lisatown,USA,2023-09-24,Facebook Ads
1025,Pamela,Alvarez,rmiller@example.net,M,64,Tashatown,USA,2024-10-01,Facebook Ads
1026,Angelica,Maxwell,breanna67@example.net,M,53,Lake Chad,USA,2026-05-03,Google Display
1027,Tracy,Mcpherson,drewmartinez@example.net,F,64,East William,USA,2024-11-30,Google Display
1028,Tammy,Palmer,bensonstanley@example.org,M,39,Herrerafurt,USA,2025-10-13,Affiliate
1029,Sherry,Wood,guzmanricky@example.org,F,51,Lake Chad,USA,2024-08-26,Google Search
1030,Keith,Mills,watsonvickie@example.com,M,64,West Donald,USA,2024-06-04,Google Search
1031,Anthony,Thomas,twilliams@example.com,M,25,West Donald,USA,2024-03-10,Affiliate
1032,Lori,Burns,kelleycarlos@example.org,M,57,Lisatown,USA,2024-10-17,Google Display
1033,Ashley,Knight,kimberly79@example.org,F,66,West Michael,USA,2025-10-30,Google Display
1034,William,Murray,jcontreras@example.net,M,61,North Noahstad,USA,2024-07-08,Facebook Ads
1035,Lauren,Beck,zhughes@example.com,M,36,Lake Nicoleview,USA,2025-03-01,Facebook Ads
1036,Susan,Wu,debbie20@example.net,M,59,New Mariotown,USA,2025-06-07,Instagram Ads
1037,Kelsey,Parker,schneiderchristopher@example.net,F,58,East William,USA,2025-03-02,Facebook Ads
1038,Katherine,Bernard,karenshaw@example.org,F,54,Cassandraton,USA,2023-11-26,Google Display
1039,Sharon,White,hilljamie@example.net,M,23,Lake Nicoleview,USA,2026-01-22,Facebook Ads
1040,Bethany,Miller,richard07@example.org,M,69,Juliechester,USA,2024-07-24,Facebook Ads
1041,Henry,Johnson,patrick11@example.org,M,43,North Noahstad,USA,2025-03-02,Google Search
1042,Justin,White,moorestephanie@example.net,F,51,East Lydiamouth,USA,2024-01-19,Instagram Ads
1043,Christina,Nguyen,reeveskenneth@example.org,F,62,Herrerafurt,USA,2024-07-02,Affiliate
1044,Robert,Nguyen,hdavid@example.org,M,23,Lake Roberto,USA,2024-02-25,Email
1045,Karen,Willis,gromero@example.com,M,54,North John,USA,2026-05-23,Affiliate
1046,Joseph,Flores,bjones@example.com,M,50,South Patrickmouth,USA,2025-06-11,Google Search
1047,Robin,Smith,sanchezangela@example.org,M,39,New Kellystad,USA,2024-06-15,Google Display
1048,Richard,Miller,kristathomas@example.net,F,38,Ramirezstad,USA,2026-07-01,Facebook Ads
1049,Kimberly,Medina,jali@example.com,M,23,Herrerafurt,USA,2023-09-01,Facebook Ads
1050,Lisa,Woodward,denise20@example.org,F,23,Wilkersonmouth,USA,2026-05-06,Google Display
1051,Timothy,Harper,okidd@example.org,F,65,Herrerafurt,USA,2025-04-19,Instagram Ads
1052,William,Williams,turnerrandall@example.org,F,21,Ericmouth,USA,2026-01-13,Instagram Ads
1053,Jessica,Lutz,gclark@example.com,F,47,New Jamesside,USA,2026-03-12,Affiliate
1054,Sonia,Reid,qnelson@example.com,F,28,Ramirezstad,USA,2024-07-26,Email
1055,Steve,Greene,sloandennis@example.org,M,47,Coxberg,USA,2025-05-15,Google Search
1056,Adam,Smith,robertwoodard@example.net,M,48,Jacquelineland,USA,2025-01-03,Google Display
1057,Philip,Miller,ryanpatricia@example.net,F,41,Cassandraton,USA,2024-11-16,Instagram Ads
1058,David,Stanton,wcarey@example.com,F,26,West Natashaport,USA,2024-01-28,Facebook Ads
1059,Katrina,Terry,martinezmitchell@example.org,M,20,West Donald,USA,2024-11-16,Google Search
1060,Jeffrey,Smith,erin53@example.org,M,68,Juliechester,USA,2025-12-28,Email
1061,Colleen,Stokes,jimsnyder@example.com,F,48,West Donald,USA,2023-08-27,Email
1062,Trevor,Padilla,adrianjoyce@example.net,M,57,Lake Nicoleview,USA,2024-09-24,Facebook Ads
1063,Molly,Carroll,mjackson@example.net,M,54,New Mariotown,USA,2025-10-04,Facebook Ads
1064,Emily,Morrison,cameronanderson@example.org,M,53,New Jessica,USA,2023-12-04,Instagram Ads
1065,Sarah,Foley,james08@example.net,M,41,Lisatown,USA,2024-04-20,Google Display
1066,Ann,Gibson,pdavidson@example.org,F,48,South Aaron,USA,2026-02-07,Google Display
1067,Marcus,Richard,rhill@example.net,F,23,Coxberg,USA,2024-12-10,Facebook Ads
1068,Michael,Blake,brandonhull@example.net,M,19,South Noah,USA,2024-11-20,Facebook Ads
1069,Adam,Lee,beardlindsey@example.net,F,37,Ericmouth,USA,2024-03-21,Email
1070,Hannah,Rosario,jamesmurphy@example.org,M,45,New Kellystad,USA,2025-06-03,Email
1071,Colin,Castillo,watkinsconnie@example.com,F,28,Coxberg,USA,2026-01-24,Email
1072,John,Wells,marissa58@example.org,M,21,East Lydiamouth,USA,2026-05-17,Affiliate
1073,Kimberly,Harvey,garrettbeth@example.org,F,32,Jacquelineland,USA,2026-06-20,Facebook Ads
1074,Sabrina,Bennett,pattonbryan@example.com,M,23,Ericmouth,USA,2023-09-16,Google Display
1075,Cheryl,Reynolds,byrdanita@example.com,M,66,Tashatown,USA,2026-02-03,Email
1076,Richard,Williamson,mhall@example.net,M,47,East Lydiamouth,USA,2025-05-31,Affiliate
1077,Shawn,Marshall,nhobbs@example.org,M,55,Cassandraton,USA,2024-07-24,Facebook Ads
1078,Sharon,Logan,lholmes@example.org,M,68,East William,USA,2023-11-13,Instagram Ads
1079,Alexander,Reeves,rebeccamartinez@example.net,F,19,Wilkersonmouth,USA,2024-04-23,Email
1080,Robert,Hardy,ilopez@example.org,F,32,Lake Chad,USA,2023-09-22,Google Search
1081,Larry,Graham,larry82@example.org,M,28,South Noah,USA,2024-12-13,Affiliate
1082,Carrie,Carter,holmesdiane@example.org,M,25,New Jamesside,USA,2023-09-18,Google Search
1083,William,Conley,hendersonjames@example.org,F,43,South Noah,USA,2025-06-19,Email
1084,James,Jones,elizabethneal@example.com,M,68,New Jessica,USA,2025-05-05,Affiliate
1085,Mark,Lane,christina65@example.org,M,62,Danielchester,USA,2023-11-09,Google Display
1086,Nancy,Lozano,arobinson@example.net,F,61,Lisatown,USA,2024-03-18,Google Display
1087,Jerry,Hanson,timothytate@example.com,M,22,West Donald,USA,2025-12-18,Instagram Ads
1088,Nicholas,Ross,coxcharles@example.org,F,23,North Noahstad,USA,2025-03-16,Email
1089,Douglas,Alexander,bradley03@example.org,M,43,West Michael,USA,2024-05-24,Affiliate
1090,Jeffery,Green,matthewspencer@example.org,M,21,Robinsonshire,USA,2024-02-17,Facebook Ads
1091,Gregory,Green,smitherica@example.com,M,36,Robinsonshire,USA,2025-07-04,Google Display
1092,Nicole,Morgan,kevinallen@example.com,F,37,Juliechester,USA,2025-07-11,Instagram Ads
1093,Shelley,Rowland,ejohns@example.org,M,50,Robinsonshire,USA,2023-12-23,Email
1094,Sandra,Norton,amandabenson@example.com,F,37,West Michael,USA,2025-05-05,Google Search
1095,Tiffany,Sanchez,hinesbrenda@example.net,M,66,Daviston,USA,2024-06-04,Affiliate
1096,Edgar,Wright,monique89@example.com,F,29,South Noah,USA,2024-03-03,Facebook Ads
1097,Christopher,Ruiz,jacksonpaul@example.net,F,64,Cassandraton,USA,2025-10-18,Email
1098,Nicholas,Stone,marcbrooks@example.net,M,18,Port Keith,USA,2024-12-28,Instagram Ads
1099,Stephanie,Wells,ylittle@example.net,M,43,Coxberg,USA,2025-06-29,Facebook Ads
1100,Jamie,Jacobson,zroy@example.org,F,31,Lake Mark,USA,2024-06-17,Google Search
1101,Pamela,Duncan,jonathan12@example.org,F,55,Ericmouth,USA,2024-06-05,Email
1102,April,Hall,marshallchristine@example.com,F,54,East William,USA,2024-11-23,Google Search
1103,Ryan,Richardson,ystewart@example.org,M,28,Lake Mark,USA,2024-01-30,Email
1104,Jesus,Brewer,rachel48@example.net,F,53,North John,USA,2025-03-08,Instagram Ads
1105,Christian,Hill,coreyjones@example.org,F,30,West Donald,USA,2025-03-07,Email
1106,Matthew,Leonard,kevin43@example.net,F,60,Port Jesseville,USA,2025-05-10,Affiliate
1107,Devin,Wyatt,alan44@example.com,M,20,New Kellystad,USA,2025-11-22,Facebook Ads
1108,Richard,Sullivan,kennedywilliam@example.org,F,50,New Jamesside,USA,2026-02-20,Instagram Ads
1109,Jeremy,Cummings,thomasblack@example.net,F,23,East William,USA,2025-10-25,Google Search
1110,Jennifer,Murray,edwardsjacob@example.net,M,67,Juliechester,USA,2024-10-17,Affiliate
1111,Samuel,Farrell,brooksbarbara@example.org,F,27,North Noahstad,USA,2024-06-16,Instagram Ads
1112,Joan,Porter,matthew66@example.net,M,22,Daviston,USA,2025-10-19,Google Display
1113,Kathryn,Vaughn,mark09@example.org,M,40,New Kellystad,USA,2026-04-23,Affiliate
1114,Eric,Cisneros,ashley99@example.net,F,27,Ericmouth,USA,2026-02-22,Facebook Ads
1115,Tina,Harris,ybrown@example.org,M,61,Teresaburgh,USA,2024-12-19,Google Display
1116,Mark,Hayden,christopher18@example.org,F,19,Tashatown,USA,2023-08-22,Affiliate
1117,Hannah,Burns,jamespruitt@example.com,M,30,New Mariotown,USA,2024-05-24,Facebook Ads
1118,Jesse,Keller,gibsonmiguel@example.org,M,57,Coxberg,USA,2024-01-22,Facebook Ads
1119,Michele,Jenkins,veronicaanderson@example.com,M,19,East Courtneychester,USA,2024-12-23,Affiliate
1120,Casey,Friedman,davidharris@example.com,M,37,Jacquelineland,USA,2025-12-30,Google Search
1121,Elizabeth,Moore,briana87@example.com,F,18,Adamsborough,USA,2024-02-24,Google Display
1122,Vickie,Griffin,pjacobs@example.net,F,54,Adamsborough,USA,2024-07-12,Google Display
1123,Ashley,Henry,vjohnston@example.org,F,26,West Michael,USA,2024-05-28,Facebook Ads
1124,Nicole,Bryant,peter26@example.org,M,34,Herrerafurt,USA,2024-01-30,Email
1125,Christine,Reynolds,lbartlett@example.net,M,26,New Kellystad,USA,2025-04-01,Facebook Ads
1126,Phillip,Bautista,nicolemoore@example.net,M,28,South Patrickmouth,USA,2025-02-26,Google Display
1127,Elizabeth,Jones,reginajenkins@example.net,F,32,Daviston,USA,2023-11-27,Facebook Ads
1128,Miguel,Campos,robert24@example.org,F,41,Ramirezstad,USA,2025-01-22,Google Display
1129,Steven,Jones,vjames@example.com,F,55,Tashatown,USA,2026-02-09,Google Search
1130,Randy,Smith,fletcherderek@example.net,M,52,Ericmouth,USA,2025-10-15,Instagram Ads
1131,Todd,Jones,jenniferkim@example.com,F,47,West Natashaport,USA,2026-01-02,Facebook Ads
1132,Mckenzie,Jackson,lawsongregory@example.org,M,48,Adamsborough,USA,2025-02-22,Instagram Ads
1133,Peter,Jones,byrderic@example.com,M,66,Jacquelineland,USA,2024-01-29,Google Search
1134,Jennifer,Stafford,scottwilliams@example.net,F,22,South Aaron,USA,2025-12-23,Facebook Ads
1135,Danielle,Moran,myerskyle@example.org,F,61,New Jessica,USA,2025-05-03,Instagram Ads
1136,Brandon,Bennett,sarahbrooks@example.org,M,67,Coxberg,USA,2024-02-22,Google Display
1137,Allen,Johnson,rogersjames@example.net,M,31,North Noahstad,USA,2023-09-25,Google Display
1138,Susan,Davis,jenniferwilliams@example.net,M,28,Herrerafurt,USA,2023-11-13,Facebook Ads
1139,Mark,Hart,colleenvilla@example.com,M,26,Lisatown,USA,2026-05-12,Instagram Ads
1140,David,Lewis,marcus06@example.net,M,51,Port Jesseville,USA,2024-06-28,Google Display
1141,Paul,Ellis,barrettjoshua@example.net,F,29,Ericmouth,USA,2024-08-25,Email
1142,Carlos,Robinson,katrina71@example.net,F,52,Lake Roberto,USA,2025-02-24,Facebook Ads
1143,Veronica,Jefferson,johnathandavis@example.com,M,52,Port Jesseville,USA,2026-06-27,Affiliate
1144,Heather,Gregory,martinreid@example.net,F,18,Herrerafurt,USA,2024-06-30,Facebook Ads
1145,Melissa,Olson,andres97@example.com,F,57,Cassandraton,USA,2025-01-28,Facebook Ads
1146,Judy,Gordon,hallchristina@example.org,F,39,Lisatown,USA,2024-06-20,Instagram Ads
1147,Joann,Todd,brownnicholas@example.com,F,46,Coxberg,USA,2024-02-24,Google Display
1148,Nicholas,May,sandrageorge@example.com,M,25,Juliechester,USA,2025-10-05,Affiliate
1149,Mark,Ramirez,meyertiffany@example.net,F,28,Port Keith,USA,2025-12-24,Google Search
1150,Karen,Perez,matthew38@example.org,M,58,Port Keith,USA,2026-04-06,Google Search
1151,Elizabeth,Wright,cathyjames@example.com,F,54,South Patrickmouth,USA,2024-02-04,Instagram Ads
1152,Crystal,Brown,mjones@example.org,M,31,North John,USA,2025-06-12,Email
1153,Donald,Harris,thompsonana@example.org,M,47,Lake Mark,USA,2024-04-01,Google Display
1154,Christian,Hardy,frank33@example.com,F,52,East Nathaniel,USA,2024-01-27,Google Display
1155,John,Mitchell,mfaulkner@example.com,M,38,Ericmouth,USA,2026-02-17,Google Search
1156,Timothy,Tapia,raymond27@example.com,F,54,Herrerafurt,USA,2024-10-23,Google Display
1157,Chelsea,Hamilton,lorileon@example.org,M,22,Teresaburgh,USA,2025-10-30,Instagram Ads
1158,Ronald,Miller,brooke28@example.net,M,36,Juliechester,USA,2024-01-26,Affiliate
1159,Oscar,Torres,nicholas97@example.org,F,31,Lake Nicoleview,USA,2024-07-17,Email
1160,Jennifer,Gonzalez,adamhensley@example.net,F,43,Wilkersonmouth,USA,2025-09-19,Email
1161,Travis,Frost,xwaller@example.com,F,21,Juliechester,USA,2025-01-04,Google Search
1162,Danielle,Chapman,hdyer@example.com,M,42,New Jamesside,USA,2026-05-04,Google Search
1163,Francisco,Hines,kelsey58@example.net,M,62,New Jamesside,USA,2025-01-03,Google Search
1164,Haley,Horton,vhouse@example.org,M,59,Lake Nicoleview,USA,2024-04-08,Email
1165,Austin,Li,terrydeanna@example.com,F,42,New Mariotown,USA,2025-05-11,Instagram Ads
1166,Sheryl,Hernandez,carrielynn@example.org,M,35,North Noahstad,USA,2023-07-31,Instagram Ads
1167,Kelli,Newman,lsanders@example.org,M,57,South Noah,USA,2025-02-05,Email
1168,Jacob,Henderson,tking@example.net,M,25,West Michael,USA,2026-06-12,Email
1169,Dominique,Reyes,jessica11@example.net,F,56,Wilkersonmouth,USA,2025-04-05,Instagram Ads
1170,Lauren,Olsen,kaitlyn64@example.org,M,57,Jacquelineland,USA,2026-07-03,Email
1171,Lisa,Smith,ayalarobert@example.com,F,31,Wilkersonmouth,USA,2025-07-04,Email
1172,Jessica,Jackson,jacob23@example.com,M,49,Wilkersonmouth,USA,2024-02-02,Email
1173,Stacy,Hayes,jacobbrown@example.org,M,68,New Stephanie,USA,2025-12-20,Instagram Ads
1174,James,Bird,nalexander@example.org,F,55,Port Colleenhaven,USA,2026-02-23,Google Search
1175,Gabriel,Carter,emartinez@example.com,M,50,Danielchester,USA,2023-08-19,Facebook Ads
1176,Jimmy,Washington,smithjoseph@example.org,M,40,Lisatown,USA,2025-07-16,Instagram Ads
1177,Kristina,Williams,alexasmith@example.net,M,32,New Jamesside,USA,2025-02-07,Email
1178,Suzanne,Adams,vkennedy@example.net,F,50,East William,USA,2024-10-30,Google Search
1179,Nathan,Wu,lisa56@example.com,M,42,Herrerafurt,USA,2025-05-17,Google Search
1180,Theresa,Marks,smithmonica@example.com,M,34,Adamsborough,USA,2025-09-19,Facebook Ads
1181,Pamela,Taylor,meltonjoshua@example.net,M,50,New Kellystad,USA,2025-10-18,Email
1182,John,Hayes,qrobertson@example.org,M,64,Cassandraton,USA,2023-07-21,Email
1183,Danielle,Mcmahon,allen50@example.net,F,19,Lake Roberto,USA,2024-07-08,Google Search
1184,Sean,Lawson,ystevenson@example.org,F,31,New Mariotown,USA,2024-08-02,Facebook Ads
1185,Sheila,David,shatfield@example.org,F,57,East Lydiamouth,USA,2025-09-29,Google Search
1186,Kelly,Lee,mollywalter@example.net,M,57,Lake Chad,USA,2025-01-21,Affiliate
1187,David,Robles,marisa87@example.org,F,68,Danielchester,USA,2026-03-26,Affiliate
1188,Stephanie,Olson,johnjackson@example.net,F,56,Port Keith,USA,2025-08-23,Affiliate
1189,Daniel,Holder,martinsarah@example.com,F,68,West Michael,USA,2025-11-03,Affiliate
1190,Jeffrey,Scott,qlynn@example.org,M,23,Juliechester,USA,2025-07-16,Google Search
1191,Sandra,Schultz,sdavis@example.com,F,23,Herrerafurt,USA,2026-02-27,Instagram Ads
1192,Sarah,Miranda,schneidernicholas@example.net,M,20,New Stephanie,USA,2025-10-09,Google Display
1193,Jessica,Valdez,ostokes@example.com,M,24,Port Keith,USA,2023-11-21,Email
1194,Christopher,Davis,juliewilson@example.com,F,68,North John,USA,2023-12-04,Instagram Ads
1195,Lawrence,James,collinsbrittany@example.org,M,25,Danielchester,USA,2026-01-31,Instagram Ads
1196,Tina,Flores,lauren28@example.net,F,59,Lake Roberto,USA,2025-05-07,Instagram Ads
1197,Jeffrey,Foster,sstewart@example.org,F,69,Adamsborough,USA,2025-01-15,Instagram Ads
1198,Stephen,Guzman,juliesweeney@example.net,M,32,Jasonfort,USA,2023-08-24,Google Display
1199,Luke,Shaw,hillmelanie@example.net,M,64,New Jessica,USA,2024-12-23,Instagram Ads
1200,Maria,Simpson,zbrown@example.com,M,46,Lake Roberto,USA,2024-01-01,Google Search
1201,Jennifer,Charles,isabellawilliams@example.org,F,50,North Noahstad,USA,2026-02-11,Affiliate
1202,Jessica,Evans,vickiekelley@example.com,M,69,Lisatown,USA,2024-10-22,Google Display
1203,Thomas,Bailey,hmyers@example.net,F,47,Daviston,USA,2024-05-23,Instagram Ads
1204,Heather,Lee,udavis@example.net,F,56,Danielchester,USA,2026-02-20,Google Display
1205,Brian,Michael,stephen29@example.org,F,44,Port Colleenhaven,USA,2024-11-13,Google Display
1206,Timothy,Merritt,jefferygoodman@example.net,M,53,Lake Nicoleview,USA,2025-06-30,Email
1207,Michael,Chase,gregoryvanessa@example.org,M,46,Lake Chad,USA,2024-09-02,Google Display
1208,Toni,Shelton,saradavis@example.com,M,55,Robinsonshire,USA,2024-01-30,Google Search
1209,Brian,Baird,brittney26@example.org,M,50,Adamsborough,USA,2023-08-24,Google Search
1210,John,Burns,denisebennett@example.net,M,54,Lake Roberto,USA,2026-07-08,Google Search
1211,Emily,Davis,phancock@example.com,M,44,Juliechester,USA,2024-05-14,Instagram Ads
1212,Denise,Richardson,wilsondavid@example.net,M,50,East Nathaniel,USA,2025-07-19,Facebook Ads
1213,William,Johnson,vhill@example.org,F,21,West Natashaport,USA,2025-12-04,Email
1214,Herbert,Washington,ievans@example.org,F,39,New Jamesside,USA,2024-07-08,Google Display
1215,Jennifer,Atkins,richardhaynes@example.com,M,19,West Natashaport,USA,2025-03-18,Google Display
1216,Amanda,Burnett,lbrown@example.net,M,27,Lisatown,USA,2025-09-07,Facebook Ads
1217,Kristy,Martinez,tammymerritt@example.org,F,22,Ramirezstad,USA,2026-02-16,Instagram Ads
1218,Heather,Smith,hmcbride@example.org,F,27,East Nathaniel,USA,2023-12-06,Affiliate
1219,Jamie,Martin,melissa01@example.org,F,50,Lake Mark,USA,2025-01-22,Google Search
1220,Michael,Stephens,qrowland@example.org,M,55,North Noahstad,USA,2024-04-15,Facebook Ads
1221,Brandon,Bautista,donna72@example.net,F,30,New Stephanie,USA,2025-01-05,Email
1222,Lawrence,Bartlett,catherine83@example.net,F,48,New Kellystad,USA,2023-11-03,Facebook Ads
1223,Lori,Young,donaldchase@example.org,F,64,East William,USA,2026-06-01,Google Display
1224,Carrie,Robinson,joshua96@example.org,M,53,Lake Mark,USA,2025-03-11,Affiliate
1225,Jorge,Santos,ricardomiller@example.com,F,62,Port Jesseville,USA,2025-07-28,Facebook Ads
1226,Shelby,Thomas,chadoconnor@example.net,M,41,Ramirezstad,USA,2025-08-19,Instagram Ads
1227,James,Watson,roberthernandez@example.com,F,69,Ericmouth,USA,2024-09-05,Google Display
1228,Tamara,Wright,david18@example.com,M,32,East Lydiamouth,USA,2023-09-28,Google Display
1229,Danielle,Cox,kimberly23@example.com,F,46,Danielchester,USA,2023-07-28,Affiliate
1230,Nicholas,Novak,ylynn@example.org,F,25,Ericmouth,USA,2024-01-26,Affiliate
1231,Jessica,Parker,wdavis@example.net,F,22,Port Keith,USA,2025-04-05,Google Search
1232,Julian,Nelson,mosleygeorge@example.com,F,46,West Donald,USA,2024-02-01,Instagram Ads
1233,Linda,Byrd,iwoods@example.com,F,64,Robinsonshire,USA,2023-07-28,Google Search
1234,William,Moore,douglasbradley@example.com,F,21,Tashatown,USA,2023-09-13,Google Search
1235,Jessica,Villegas,erikabarnes@example.com,M,29,South Noah,USA,2024-02-03,Email
1236,Valerie,Lindsey,joshua68@example.net,M,62,New Kellystad,USA,2026-03-10,Affiliate
1237,Lisa,Torres,mezarichard@example.com,M,19,Ericmouth,USA,2026-01-29,Affiliate
1238,Cynthia,Jones,shirleymartin@example.org,F,44,Port Colleenhaven,USA,2023-10-18,Google Display
1239,Justin,Noble,haydenroger@example.net,M,48,East Nathaniel,USA,2026-05-04,Facebook Ads
1240,Derek,Jimenez,sullivanchristina@example.net,F,68,Teresaburgh,USA,2023-07-25,Google Display
1241,Ronald,Ferguson,john89@example.org,F,68,New Stephanie,USA,2025-05-13,Instagram Ads
1242,Tami,Craig,gregoryrichardson@example.org,F,53,East Lydiamouth,USA,2025-01-30,Facebook Ads
1243,Stephanie,Henderson,hjackson@example.com,F,53,Robinsonshire,USA,2026-04-14,Email
1244,John,Ryan,robertstimothy@example.com,M,43,Cassandraton,USA,2024-03-07,Google Display
1245,Joann,Carroll,sandrahickman@example.net,M,60,Lake Chad,USA,2025-02-02,Instagram Ads
1246,Patricia,Walls,abrown@example.net,M,44,Herrerafurt,USA,2024-12-03,Facebook Ads
1247,Kenneth,Rodriguez,pamela26@example.com,F,22,Ericmouth,USA,2023-07-27,Affiliate
1248,Ryan,Gonzalez,robertgentry@example.org,F,37,Port Jesseville,USA,2024-01-04,Affiliate
1249,Diane,Perez,xbrooks@example.com,M,28,West Natashaport,USA,2026-03-21,Google Search
1250,Amanda,Adams,cdouglas@example.org,F,27,Lake Roberto,USA,2023-12-18,Facebook Ads
1251,Julie,Smith,danielmitchell@example.org,F,57,East Nathaniel,USA,2024-09-22,Google Display
1252,Julie,Santana,elizabethvaughan@example.net,F,55,South Noah,USA,2026-06-29,Email
1253,David,Burns,tmarsh@example.org,F,23,East William,USA,2024-07-08,Affiliate
1254,Kathy,Macias,ganderson@example.org,F,25,Cassandraton,USA,2023-12-03,Google Display
1255,Maurice,Smith,brettgallegos@example.com,M,40,New Kellystad,USA,2026-06-22,Email
1256,Joan,Hamilton,justin16@example.org,M,64,North Noahstad,USA,2025-05-24,Email
1257,Jessica,Lopez,katie43@example.net,M,43,Lake Mark,USA,2026-01-02,Email
1258,James,Mccarthy,hayneswayne@example.org,F,63,Daviston,USA,2024-02-09,Google Search
1259,Melissa,Fuller,jeromeanderson@example.org,F,60,Danielchester,USA,2024-05-13,Email
1260,James,Thomas,jensenchristopher@example.org,F,29,Robinsonshire,USA,2024-09-06,Instagram Ads
1261,Alicia,Graves,jeffreysimmons@example.org,F,43,Coxberg,USA,2025-01-26,Instagram Ads
1262,Dawn,Torres,michael56@example.org,F,30,Robinsonshire,USA,2024-07-02,Google Display
1263,Brandon,Williams,guerreromarc@example.com,F,57,Jacquelineland,USA,2024-12-16,Facebook Ads
1264,Rebekah,Garcia,johnnyhenry@example.com,F,35,South Noah,USA,2024-06-15,Google Search
1265,Collin,Smith,markfigueroa@example.com,M,42,Jasonfort,USA,2025-10-09,Google Search
1266,Brianna,Jacobs,debraclark@example.com,F,50,South Noah,USA,2023-10-21,Google Display
1267,Daniel,Soto,williamstanya@example.net,M,64,West Michael,USA,2025-12-29,Instagram Ads
1268,James,Griffin,jonesamy@example.com,F,57,South Patrickmouth,USA,2024-06-12,Google Search
1269,Thomas,Juarez,bradleylee@example.net,F,60,Daviston,USA,2025-09-04,Email
1270,Patricia,Malone,patricia71@example.com,M,29,Port Jesseville,USA,2023-09-30,Google Display
1271,Robert,Velazquez,jacksonjoshua@example.org,M,61,Daviston,USA,2024-05-30,Affiliate
1272,Stephanie,Brown,joysanders@example.net,F,53,Teresaburgh,USA,2025-02-20,Google Search
1273,William,Jones,ychristensen@example.net,M,65,South Aaron,USA,2025-11-18,Instagram Ads
1274,Richard,Nelson,adamarmstrong@example.net,M,21,East Lydiamouth,USA,2025-08-19,Affiliate
1275,Natasha,Gibbs,ugordon@example.net,F,22,Herrerafurt,USA,2024-04-26,Email
1276,Melissa,Phillips,andrea23@example.org,M,54,Port Keith,USA,2025-02-21,Instagram Ads
1277,Kelly,Bowman,sara40@example.net,M,25,Lisatown,USA,2026-06-26,Instagram Ads
1278,Veronica,Clark,smithmichael@example.net,M,59,Tashatown,USA,2026-06-17,Facebook Ads
1279,Mark,Potts,jennifer69@example.com,F,66,Port Jesseville,USA,2024-07-07,Google Search
1280,Brian,Cabrera,jeffrey42@example.com,F,45,Tashatown,USA,2026-06-16,Email
1281,Amanda,Irwin,sharphailey@example.net,F,48,Cassandraton,USA,2024-04-25,Affiliate
1282,Connie,Munoz,lisawalker@example.com,M,26,Jacquelineland,USA,2024-02-26,Google Search
1283,Crystal,Garrison,omoore@example.net,F,68,West Natashaport,USA,2025-09-21,Google Display
1284,Miguel,Barrera,crawfordstephen@example.org,M,46,Lake Nicoleview,USA,2024-02-09,Email
1285,Tracy,Blair,andrew22@example.com,F,31,Wilkersonmouth,USA,2025-08-09,Instagram Ads
1286,Jacob,Thomas,psanchez@example.com,F,57,Ericmouth,USA,2023-11-04,Google Search
1287,Alison,Acosta,morrisonnicholas@example.org,M,58,Juliechester,USA,2023-11-15,Facebook Ads
1288,Alexander,Rivas,andersonkayla@example.com,M,39,New Stephanie,USA,2023-12-21,Instagram Ads
1289,Courtney,Smith,rosariodaniel@example.net,M,28,West Michael,USA,2025-12-30,Affiliate
1290,Melissa,Miller,timothyhart@example.com,M,40,South Noah,USA,2025-12-27,Affiliate
1291,Kyle,Mendoza,brianholt@example.net,F,18,South Aaron,USA,2025-03-04,Facebook Ads
1292,Andrew,Williams,curtis62@example.org,M,63,Lake Nicoleview,USA,2026-04-12,Instagram Ads
1293,Andrew,Simmons,tmcdaniel@example.org,M,54,West Natashaport,USA,2025-01-07,Facebook Ads
1294,Vicki,Walker,michael95@example.org,M,38,New Jessica,USA,2024-08-16,Email
1295,Sandy,Miller,munozgregory@example.net,F,43,South Noah,USA,2024-07-18,Google Display
1296,Howard,Coleman,colleen45@example.org,F,63,Wilkersonmouth,USA,2024-05-10,Google Display
1297,Victor,Wood,lisa10@example.org,F,53,Ramirezstad,USA,2025-11-16,Google Display
1298,Dwayne,Hernandez,ygriffith@example.com,F,40,Teresaburgh,USA,2025-12-26,Email
1299,Daniel,Simmons,duane52@example.org,F,18,New Mariotown,USA,2025-11-05,Facebook Ads
1300,Michael,Snyder,asteele@example.net,M,68,South Aaron,USA,2025-12-03,Affiliate
1301,Mathew,Pham,patrickdunn@example.net,F,57,East Nathaniel,USA,2025-02-22,Affiliate
1302,Amanda,Underwood,tmiller@example.com,F,32,East Lydiamouth,USA,2025-02-14,Affiliate
1303,Kimberly,Shepherd,jacquelineyoung@example.org,M,38,Lake Nicoleview,USA,2024-02-25,Facebook Ads
1304,Melissa,Cox,hrosario@example.org,F,64,South Noah,USA,2026-04-11,Affiliate
1305,Michael,Atkinson,kenneththomas@example.net,F,26,South Noah,USA,2026-06-17,Google Search
1306,Robin,Sanchez,briantaylor@example.net,F,26,Port Jesseville,USA,2025-08-27,Instagram Ads
1307,Nicholas,Johnson,swatson@example.org,M,27,Lisatown,USA,2025-07-13,Email
1308,Charles,Monroe,anthonydiaz@example.org,F,69,Adamsborough,USA,2024-04-11,Affiliate
1309,Alexander,Guerra,lhernandez@example.com,M,43,New Jamesside,USA,2025-10-09,Affiliate
1310,Kaitlin,Hale,theodore57@example.net,F,58,Lake Mark,USA,2025-08-17,Google Search
1311,Justin,Moore,munozglenn@example.org,F,52,Coxberg,USA,2023-07-29,Google Display
1312,Marissa,Frazier,qspencer@example.net,M,69,New Mariotown,USA,2025-01-18,Affiliate
1313,Jenna,Henderson,josephdavis@example.com,M,42,Jasonfort,USA,2026-06-23,Affiliate
1314,David,Lewis,robinsonisaiah@example.net,M,43,Port Colleenhaven,USA,2026-06-21,Affiliate
1315,Cassie,Jones,pwoods@example.net,F,28,Wilkersonmouth,USA,2024-10-03,Email
1316,Oscar,Brown,deborah34@example.org,F,55,Lake Chad,USA,2023-11-09,Affiliate
1317,Michael,Maxwell,anthony42@example.net,M,19,Lake Mark,USA,2023-11-11,Facebook Ads
1318,Jason,Smith,jacob30@example.org,F,24,Herrerafurt,USA,2024-05-08,Affiliate
1319,Tiffany,Cunningham,uwilliams@example.org,F,35,East Nathaniel,USA,2026-05-17,Instagram Ads
1320,Alan,Kelly,susan83@example.com,F,44,Ericmouth,USA,2025-10-19,Instagram Ads
1321,Jessica,Dickson,riverapeggy@example.net,F,51,West Michael,USA,2023-11-05,Affiliate
1322,Lindsey,Hernandez,cwoods@example.com,F,44,Daviston,USA,2024-01-10,Google Search
1323,Faith,Miller,cisnerosjesse@example.org,F,34,New Jessica,USA,2025-12-18,Email
1324,Destiny,Mack,victoriamason@example.net,F,60,Tashatown,USA,2025-05-15,Facebook Ads
1325,Alexandra,Mack,vfloyd@example.com,F,61,Lisatown,USA,2024-08-15,Affiliate
1326,Melissa,Jordan,nallen@example.net,M,68,Lake Nicoleview,USA,2023-10-08,Instagram Ads
1327,Elijah,Burton,adavis@example.org,M,41,Juliechester,USA,2025-11-03,Email
1328,Kyle,Dillon,portershawn@example.org,F,42,Daviston,USA,2026-05-06,Facebook Ads
1329,Evan,Ramirez,michael12@example.net,M,24,Herrerafurt,USA,2025-11-10,Instagram Ads
1330,Jonathan,Kennedy,kathryn72@example.org,F,69,Daviston,USA,2026-06-16,Email
1331,Tracy,Cox,richard92@example.com,F,23,New Kellystad,USA,2024-08-22,Google Search
1332,Megan,Crane,christopher68@example.com,M,41,Ericmouth,USA,2024-05-01,Google Display
1333,Nancy,Fleming,figueroajohn@example.net,F,50,Port Keith,USA,2023-07-26,Google Search
1334,Melissa,Roberts,ashleynash@example.org,M,66,East William,USA,2024-09-15,Google Display
1335,Steven,Davis,imcdonald@example.com,F,46,Ramirezstad,USA,2023-11-14,Instagram Ads
1336,Henry,Rodriguez,mtate@example.com,M,60,Danielchester,USA,2024-07-12,Facebook Ads
1337,Logan,Davies,vlewis@example.com,M,39,North John,USA,2023-11-20,Google Display
1338,Shawn,Gardner,huertakim@example.org,F,43,Coxberg,USA,2026-05-09,Google Display
1339,Michael,Jordan,nlewis@example.org,F,45,Juliechester,USA,2026-05-27,Facebook Ads
1340,Gabriela,Nelson,christopherjones@example.com,M,67,Port Colleenhaven,USA,2023-10-15,Instagram Ads
1341,Morgan,Hayes,qwarren@example.com,F,38,East William,USA,2024-02-04,Google Search
1342,Brian,Jacobson,wpeterson@example.com,M,66,New Jamesside,USA,2024-01-14,Affiliate
1343,Michael,Barnes,ynichols@example.org,M,24,Jacquelineland,USA,2026-06-10,Instagram Ads
1344,Samuel,Gaines,jmorrow@example.net,F,34,East Lydiamouth,USA,2024-02-20,Instagram Ads
1345,Jennifer,Lane,mariodowns@example.net,M,37,Juliechester,USA,2025-10-09,Email
1346,Jillian,Stewart,peggypeck@example.com,F,58,Lake Chad,USA,2026-02-19,Facebook Ads
1347,Daniel,Cordova,ubaker@example.org,M,66,East Lydiamouth,USA,2026-07-05,Google Search
1348,Sherry,Mathews,lfowler@example.org,F,37,Teresaburgh,USA,2023-08-26,Email
1349,Julie,Lopez,carolynrobinson@example.org,F,39,East Courtneychester,USA,2026-05-26,Affiliate
1350,Teresa,Ray,woodmichael@example.com,M,45,Jasonfort,USA,2026-03-26,Google Display
1351,Wayne,Parrish,dbanks@example.com,F,57,Port Jesseville,USA,2024-10-09,Instagram Ads
1352,Michael,Daniels,daniel27@example.com,F,66,New Jamesside,USA,2024-08-29,Instagram Ads
1353,Angela,Martin,qjames@example.net,M,24,Herrerafurt,USA,2025-08-01,Instagram Ads
1354,Cynthia,Park,cowanlinda@example.org,M,18,New Mariotown,USA,2023-10-24,Email
1355,Allen,Randolph,crawfordkaren@example.net,M,49,Cassandraton,USA,2023-11-04,Google Search
1356,Sean,Perkins,contrerasmelissa@example.org,M,30,Juliechester,USA,2024-03-18,Affiliate
1357,Shawn,James,melissasampson@example.com,F,47,Port Colleenhaven,USA,2026-06-12,Email
1358,Robin,Gutierrez,xsmith@example.org,M,40,West Natashaport,USA,2025-01-24,Facebook Ads
1359,Joseph,Hopkins,mary63@example.org,M,68,New Jamesside,USA,2026-03-30,Facebook Ads
1360,Robert,Smith,krystalrandall@example.net,M,36,Daviston,USA,2026-01-01,Google Display
1361,Carol,Rogers,zallen@example.org,F,49,Cassandraton,USA,2025-05-23,Email
1362,Phillip,Williams,oanderson@example.com,F,47,Lake Nicoleview,USA,2026-06-23,Affiliate
1363,Glenn,Strong,samuelgarcia@example.org,M,46,Ramirezstad,USA,2025-01-20,Affiliate
1364,Crystal,Mueller,mary25@example.org,M,66,East Lydiamouth,USA,2023-10-28,Google Display
1365,Anthony,Smith,anthonyzimmerman@example.org,M,62,Teresaburgh,USA,2025-04-04,Google Search
1366,Anthony,Gross,xwalters@example.com,M,46,Daviston,USA,2024-02-07,Facebook Ads
1367,Denise,Walker,amandasanchez@example.com,M,47,Lake Mark,USA,2025-11-08,Facebook Ads
1368,Donna,Hill,courtneylittle@example.net,M,33,Danielchester,USA,2026-02-22,Instagram Ads
1369,Daniel,Ho,rodriguezjustin@example.org,M,57,New Jessica,USA,2023-10-27,Email
1370,Troy,Ward,peterhenry@example.org,M,36,Wilkersonmouth,USA,2024-10-13,Affiliate
1371,Tommy,Garrett,gracebrooks@example.com,F,35,Lake Mark,USA,2025-06-11,Instagram Ads
1372,Shannon,Martin,alejandro29@example.net,M,18,East Nathaniel,USA,2025-05-12,Google Display
1373,Anthony,Daugherty,timothy99@example.net,M,31,Lake Nicoleview,USA,2023-07-23,Google Search
1374,Aimee,Scott,leeanthony@example.org,M,68,East William,USA,2025-02-04,Facebook Ads
1375,Kathleen,Robinson,danny30@example.com,M,64,Cassandraton,USA,2023-12-16,Email
1376,Christopher,Holt,josepholson@example.org,F,67,New Kellystad,USA,2024-08-03,Facebook Ads
1377,Andrea,Phillips,zgraham@example.org,M,19,North Noahstad,USA,2024-04-17,Google Search
1378,James,Mathis,suzanne19@example.net,M,45,Tashatown,USA,2024-06-23,Google Search
1379,Laura,Mckay,chamilton@example.com,F,66,Tashatown,USA,2025-05-01,Facebook Ads
1380,Joseph,Flores,lawsonruben@example.net,M,67,Port Keith,USA,2024-08-07,Facebook Ads
1381,Rachael,Weiss,cjackson@example.net,F,47,West Donald,USA,2024-04-20,Affiliate
1382,Robert,Munoz,raymond12@example.com,F,55,East Courtneychester,USA,2024-10-30,Affiliate
1383,Jacob,Sanchez,dianewatson@example.com,M,68,North Noahstad,USA,2023-11-29,Facebook Ads
1384,Lucas,Smith,jason95@example.org,M,21,Herrerafurt,USA,2025-03-24,Affiliate
1385,Paul,Guzman,dakotaramirez@example.net,M,18,Jasonfort,USA,2026-05-20,Google Search
1386,Lindsay,Powers,bfleming@example.com,F,25,North John,USA,2025-12-25,Google Search
1387,James,Williams,rjimenez@example.com,M,46,West Donald,USA,2023-11-25,Google Search
1388,Shawn,Guzman,byoung@example.com,M,56,Cassandraton,USA,2023-08-06,Google Display
1389,Krista,Johnston,buckjustin@example.com,F,20,Tashatown,USA,2023-08-27,Google Search
1390,Amanda,Rose,deanna17@example.org,F,49,Lake Nicoleview,USA,2026-01-12,Google Display
1391,Robert,Turner,karen61@example.net,M,27,Cassandraton,USA,2025-11-12,Instagram Ads
1392,Troy,Williams,heather77@example.net,M,27,Lake Chad,USA,2026-06-11,Facebook Ads
1393,David,Brooks,johnsonbrandon@example.org,F,36,New Mariotown,USA,2023-12-17,Google Display
1394,Victoria,Callahan,fperez@example.org,F,63,Port Keith,USA,2025-09-18,Email
1395,Lisa,Cabrera,villamiranda@example.com,F,51,Wilkersonmouth,USA,2026-03-12,Email
1396,Bradley,Williams,charles59@example.com,M,50,Herrerafurt,USA,2024-05-08,Google Display
1397,George,Taylor,uwilson@example.org,F,40,Cassandraton,USA,2025-10-20,Google Display
1398,Pamela,Church,qwalsh@example.org,F,45,Robinsonshire,USA,2025-02-08,Facebook Ads
1399,John,Woods,ubray@example.net,F,49,Adamsborough,USA,2024-12-28,Facebook Ads
1400,Christopher,Miranda,gomezmary@example.org,M,67,Jasonfort,USA,2025-07-09,Email
1401,Jill,Harris,jonestroy@example.org,M,24,East Courtneychester,USA,2023-08-01,Affiliate
1402,Jason,Cardenas,tonypeterson@example.net,M,46,Lake Nicoleview,USA,2025-10-29,Google Search
1403,Willie,Edwards,jeanette28@example.org,F,25,New Kellystad,USA,2026-04-14,Email
1404,Jeffery,Cox,gparrish@example.org,M,18,East William,USA,2025-11-18,Affiliate
1405,Jacob,Ramirez,ginalynn@example.net,M,20,South Aaron,USA,2025-06-27,Google Display
1406,Dylan,Walter,allenpatricia@example.org,F,41,Lake Chad,USA,2024-05-05,Facebook Ads
1407,Thomas,Schmidt,joseph81@example.com,F,40,Adamsborough,USA,2024-11-01,Instagram Ads
1408,Edward,Shaw,brian45@example.org,F,25,South Noah,USA,2023-09-09,Facebook Ads
1409,Patrick,Reilly,kellypowell@example.net,M,64,East Nathaniel,USA,2024-05-15,Affiliate
1410,Catherine,Stone,maldonadodebbie@example.org,F,54,Coxberg,USA,2024-03-14,Instagram Ads
1411,Brian,Johnson,john81@example.com,M,20,Tashatown,USA,2024-03-22,Google Display
1412,Christine,Baldwin,olong@example.net,F,68,Ericmouth,USA,2026-01-06,Google Display
1413,Heather,Simpson,kristibailey@example.com,F,50,Adamsborough,USA,2025-08-29,Facebook Ads
1414,Keith,Smith,wesleygraves@example.com,F,45,New Jamesside,USA,2025-10-05,Facebook Ads
1415,Melissa,Watts,lesliejones@example.org,F,64,Daviston,USA,2024-07-16,Facebook Ads
1416,Spencer,Rivers,bpatterson@example.org,M,25,Ericmouth,USA,2026-06-19,Email
1417,Nicole,Jackson,wheelertara@example.net,F,51,South Aaron,USA,2023-07-19,Email
1418,Morgan,Kennedy,fuentesashley@example.com,M,52,Tashatown,USA,2026-01-18,Google Search
1419,Alicia,Jackson,kimberlygarcia@example.net,F,49,Lisatown,USA,2024-07-19,Instagram Ads
1420,Tracy,Bell,elizabeth45@example.com,F,41,Jasonfort,USA,2023-08-01,Email
1421,Michael,Mckinney,rrodriguez@example.net,F,31,West Donald,USA,2025-09-23,Affiliate
1422,Andrew,Irwin,donnathomas@example.com,F,49,Cassandraton,USA,2023-08-20,Facebook Ads
1423,Becky,Dominguez,vhoward@example.org,M,63,East William,USA,2024-02-15,Google Search
1424,Stephanie,Fowler,natalie87@example.net,F,60,Lake Mark,USA,2024-01-25,Email
1425,Renee,Bailey,peter64@example.com,F,33,North Noahstad,USA,2024-02-11,Facebook Ads
1426,Bethany,Miles,hamiltonspencer@example.com,M,21,Danielchester,USA,2024-05-29,Instagram Ads
1427,Tara,Porter,stevenhernandez@example.com,F,69,North Noahstad,USA,2025-05-31,Google Search
1428,Elizabeth,Torres,calvin40@example.com,M,54,Port Jesseville,USA,2023-08-31,Facebook Ads
1429,Justin,Watkins,freemanadam@example.com,F,38,Ramirezstad,USA,2025-07-10,Google Display
1430,Aaron,King,natasha88@example.org,M,31,Jasonfort,USA,2026-05-28,Facebook Ads
1431,Jennifer,Thomas,ryanhull@example.com,F,48,Robinsonshire,USA,2024-03-13,Affiliate
1432,Thomas,Gomez,ghenderson@example.com,M,65,South Patrickmouth,USA,2026-04-21,Google Display
1433,Carla,Thompson,ushelton@example.net,M,35,Danielchester,USA,2023-12-17,Facebook Ads
1434,Katrina,Wright,tspencer@example.com,M,24,East Nathaniel,USA,2023-10-19,Google Display
1435,Ashley,Fuller,nicholasliu@example.com,F,27,South Aaron,USA,2023-10-31,Instagram Ads
1436,Alisha,Benson,taylor67@example.com,M,24,Herrerafurt,USA,2026-06-05,Facebook Ads
1437,Steven,Gaines,bernardrobert@example.org,F,50,West Natashaport,USA,2025-05-22,Email
1438,Kevin,Sanchez,david89@example.com,F,40,South Aaron,USA,2023-09-14,Google Display
1439,Megan,Martinez,fordkathryn@example.net,F,38,West Natashaport,USA,2024-12-03,Affiliate
1440,Brian,Brown,cookconnor@example.com,M,36,South Noah,USA,2025-03-28,Google Display
1441,Hannah,Lin,yangemily@example.net,F,65,Lake Mark,USA,2025-09-10,Google Display
1442,Jacqueline,Black,rtaylor@example.net,M,36,Herrerafurt,USA,2026-02-06,Google Display
1443,Kevin,Collins,shaffercindy@example.org,F,53,East Nathaniel,USA,2023-11-20,Google Search
1444,Aaron,Munoz,meyerjohn@example.org,M,46,Port Jesseville,USA,2024-12-18,Instagram Ads
1445,Marissa,Wallace,howekevin@example.com,F,35,Wilkersonmouth,USA,2026-06-29,Affiliate
1446,Lori,Skinner,lorraine79@example.org,M,19,Port Keith,USA,2024-11-02,Email
1447,Daisy,Lopez,georgeharmon@example.net,F,18,Cassandraton,USA,2024-02-22,Google Search
1448,Timothy,Roberts,haleytrevor@example.net,F,64,New Mariotown,USA,2024-05-14,Email
1449,Paul,Marsh,bbutler@example.org,F,22,Port Colleenhaven,USA,2023-08-17,Google Search
1450,Stephen,Elliott,carpenteraustin@example.net,F,37,East William,USA,2026-03-22,Email
1451,Christine,Williams,sydney77@example.com,M,28,New Jamesside,USA,2023-07-27,Google Display
1452,Eric,Mason,michaelmccarthy@example.com,M,59,Lisatown,USA,2025-01-30,Affiliate
1453,Greg,Hernandez,stephen24@example.net,M,19,Port Jesseville,USA,2024-06-14,Google Search
1454,Phillip,Hendricks,ebennett@example.net,M,20,Lake Mark,USA,2025-07-09,Affiliate
1455,Barbara,Pennington,david59@example.net,F,40,New Kellystad,USA,2024-08-02,Facebook Ads
1456,Christina,Powell,johnsonjessica@example.org,F,29,Ramirezstad,USA,2023-10-31,Email
1457,Daniel,Villa,omorris@example.net,M,37,Wilkersonmouth,USA,2025-12-05,Google Display
1458,Daniel,Gilmore,acampos@example.org,M,22,North John,USA,2023-09-23,Affiliate
1459,John,Johnson,alexandernicholas@example.net,M,54,East Nathaniel,USA,2026-01-24,Google Display
1460,Sandra,Morris,ogray@example.net,M,55,South Aaron,USA,2025-03-18,Affiliate
1461,James,Henry,jeremiah26@example.net,F,47,Lisatown,USA,2025-12-20,Google Display
1462,James,Perkins,harrislisa@example.org,F,26,Daviston,USA,2024-08-15,Affiliate
1463,Ricky,Payne,petersonfaith@example.net,F,51,East Nathaniel,USA,2025-06-20,Facebook Ads
1464,Tyler,Collier,wmason@example.net,M,61,New Jessica,USA,2026-03-30,Instagram Ads
1465,Melissa,Solis,ypatterson@example.org,F,52,West Michael,USA,2025-04-01,Affiliate
1466,David,Holmes,wilsonjerry@example.net,F,69,New Mariotown,USA,2025-03-01,Email
1467,Andrew,Nicholson,sandra46@example.net,M,39,Port Jesseville,USA,2024-08-13,Google Search
1468,Monique,Moore,charles93@example.net,F,61,Port Keith,USA,2026-05-04,Affiliate
1469,Vincent,Ross,gardnerpatricia@example.net,M,41,Port Keith,USA,2024-12-15,Instagram Ads
1470,Samantha,Baker,johnsonrobert@example.org,M,34,Juliechester,USA,2024-07-18,Facebook Ads
1471,Kathy,Taylor,sandra03@example.com,F,27,South Noah,USA,2023-10-05,Email
1472,Stacy,Strong,reedchad@example.com,F,47,Herrerafurt,USA,2025-05-03,Instagram Ads
1473,Cheyenne,Miller,rpotts@example.net,F,63,East William,USA,2023-09-01,Google Search
1474,Austin,Romero,ryan43@example.org,F,40,New Kellystad,USA,2026-05-03,Facebook Ads
1475,Anthony,Casey,amandadalton@example.net,M,49,Adamsborough,USA,2025-08-05,Email
1476,Andrew,Olson,scannon@example.org,M,34,North John,USA,2024-10-30,Affiliate
1477,Ronald,Taylor,nwilson@example.com,F,67,Danielchester,USA,2024-08-06,Email
1478,Matthew,Hull,jessechapman@example.org,F,68,Lake Roberto,USA,2024-10-12,Affiliate
1479,Karen,Morton,ritteralexis@example.net,F,34,Teresaburgh,USA,2024-04-16,Instagram Ads
1480,Brian,Brown,cwhite@example.com,M,31,Teresaburgh,USA,2024-08-04,Facebook Ads
1481,Diana,Sanchez,david67@example.net,M,26,Daviston,USA,2023-11-29,Email
1482,Chase,Wright,troymoss@example.com,F,57,Ericmouth,USA,2026-03-27,Google Search
1483,Michele,Wallace,shelly84@example.net,M,19,Ramirezstad,USA,2024-04-10,Affiliate
1484,Patricia,Flores,brownrachel@example.net,F,62,Jasonfort,USA,2026-05-24,Google Search
1485,Todd,Miller,maureenmeyer@example.com,F,42,Ramirezstad,USA,2025-10-08,Email
1486,Jason,Watson,barryyoung@example.com,F,56,East Nathaniel,USA,2025-06-29,Affiliate
1487,Shawn,Wilson,rhuff@example.com,M,26,Cassandraton,USA,2025-04-22,Affiliate
1488,Kevin,Hanna,ramirezchelsea@example.com,F,39,South Patrickmouth,USA,2023-08-07,Instagram Ads
1489,Patrick,Wallace,jamielopez@example.com,M,60,Robinsonshire,USA,2025-02-20,Affiliate
1490,Donna,Johnson,sharon95@example.com,F,63,Juliechester,USA,2025-12-22,Facebook Ads
1491,Brittany,Todd,jessica96@example.com,F,21,New Jessica,USA,2025-11-21,Email
1492,Sarah,Goodwin,transtephanie@example.net,F,43,New Jamesside,USA,2024-05-28,Email
1493,Vicki,Nichols,karmstrong@example.net,F,46,South Aaron,USA,2024-04-28,Email
1494,Susan,Mcdonald,davidsmith@example.net,F,62,Danielchester,USA,2026-05-25,Facebook Ads
1495,Christopher,Wright,matthew60@example.net,F,51,Port Jesseville,USA,2024-05-13,Google Search
1496,Joseph,King,martinezashley@example.com,M,40,North Noahstad,USA,2026-01-19,Instagram Ads
1497,Melanie,Wallace,gonzalessteven@example.com,M,54,Lake Roberto,USA,2024-12-25,Instagram Ads
1498,Megan,Robinson,rileychristopher@example.net,M,28,East Courtneychester,USA,2025-03-13,Facebook Ads
1499,Stephanie,Alexander,katie44@example.com,M,23,Port Colleenhaven,USA,2023-12-04,Affiliate
1500,Crystal,Thomas,halldiamond@example.org,F,35,Lake Roberto,USA,2025-08-06,Affiliate
1501,Michelle,Riley,tranjeremy@example.net,M,38,New Jamesside,USA,2026-07-09,Google Display
1502,Theresa,Smith,amber09@example.org,F,59,Robinsonshire,USA,2024-08-04,Facebook Ads
1503,Chris,Wallace,youngmark@example.com,M,53,Lisatown,USA,2026-01-11,Instagram Ads
1504,Erin,Jones,jliu@example.org,F,58,East Nathaniel,USA,2024-07-09,Facebook Ads
1505,Kristin,Rogers,xmerritt@example.com,M,55,New Jessica,USA,2026-05-15,Google Display
1506,Kelly,Johnson,bradley29@example.org,F,51,South Patrickmouth,USA,2023-11-11,Affiliate
1507,Jason,Edwards,shelby69@example.org,F,34,East Courtneychester,USA,2025-07-07,Google Search
1508,Edward,Farmer,friedmansusan@example.org,M,54,Juliechester,USA,2025-03-28,Affiliate
1509,Whitney,Mccoy,hryan@example.net,M,42,Port Colleenhaven,USA,2025-12-08,Facebook Ads
1510,Catherine,Hopkins,mstewart@example.net,M,55,New Mariotown,USA,2024-06-03,Facebook Ads
1511,John,Sanchez,jerry51@example.net,M,29,Wilkersonmouth,USA,2024-04-07,Email
1512,Jessica,Beard,christopher88@example.org,M,40,Lake Mark,USA,2026-04-15,Affiliate
1513,Denise,Jacobs,ohartman@example.net,F,59,West Natashaport,USA,2026-01-10,Facebook Ads
1514,Valerie,Frost,kimberlyrussell@example.net,F,39,South Patrickmouth,USA,2025-07-16,Google Display
1515,Catherine,Flynn,lee16@example.com,F,38,New Jamesside,USA,2025-01-21,Google Display
1516,Eddie,Snyder,rachelwalter@example.org,M,44,Port Colleenhaven,USA,2024-01-16,Instagram Ads
1517,Robert,Cannon,inewton@example.org,M,48,Coxberg,USA,2026-01-16,Email
1518,Andrew,Jackson,andersonmichelle@example.com,F,23,New Kellystad,USA,2026-04-04,Google Search
1519,Michael,Morales,jenniferwilson@example.com,F,44,East William,USA,2025-04-26,Email
1520,Christina,Mcknight,jonessamantha@example.com,M,57,Cassandraton,USA,2026-04-11,Facebook Ads
1521,Crystal,Yang,eroberts@example.net,M,51,New Stephanie,USA,2023-12-12,Email
1522,Isaac,Cannon,hernandezalan@example.net,F,29,Port Colleenhaven,USA,2024-08-26,Email
1523,Debra,Gray,uthompson@example.net,M,62,East Lydiamouth,USA,2024-05-19,Instagram Ads
1524,Kendra,Hall,kpeterson@example.net,F,24,Ramirezstad,USA,2026-03-27,Google Display
1525,Bethany,Anthony,ymitchell@example.com,M,27,Lake Chad,USA,2025-10-25,Instagram Ads
1526,Stephanie,Williams,russellramirez@example.net,M,62,North John,USA,2024-06-26,Google Search
1527,Michael,Martin,joshua73@example.org,M,34,Cassandraton,USA,2024-05-29,Instagram Ads
1528,Samantha,Zhang,middletonelizabeth@example.org,M,43,East Nathaniel,USA,2023-10-31,Google Display
1529,Andrea,Romero,anthonyorr@example.net,M,38,Lake Mark,USA,2025-02-26,Affiliate
1530,James,Freeman,woodjuan@example.net,M,45,New Jessica,USA,2024-10-27,Facebook Ads
1531,Sean,Martinez,hphillips@example.net,M,63,New Mariotown,USA,2025-08-30,Google Display
1532,Megan,Wallace,fsnyder@example.org,F,19,Wilkersonmouth,USA,2026-07-10,Instagram Ads
1533,Jessica,Wilson,linda31@example.com,M,60,North Noahstad,USA,2024-01-05,Google Search
1534,Matthew,Chavez,mannleroy@example.org,M,18,Port Jesseville,USA,2024-11-03,Google Search
1535,Sarah,Bauer,james80@example.net,F,68,South Patrickmouth,USA,2025-06-04,Google Search
1536,John,Willis,emilybaker@example.org,F,53,New Mariotown,USA,2024-12-30,Instagram Ads
1537,Jacob,Crawford,jamesliu@example.net,F,68,Adamsborough,USA,2026-02-11,Google Display
1538,Kara,Smith,henrycheryl@example.net,M,43,East William,USA,2024-01-29,Google Search
1539,Robert,Baker,pwelch@example.net,M,46,West Michael,USA,2024-08-03,Affiliate
1540,Alyssa,Best,mary47@example.com,F,38,South Noah,USA,2025-12-07,Google Search
1541,Philip,Howard,ophillips@example.org,M,28,Jasonfort,USA,2026-06-07,Google Display
1542,Penny,Gallagher,umontes@example.org,F,57,South Patrickmouth,USA,2025-07-13,Google Search
1543,Darrell,Marshall,donna56@example.net,F,28,Danielchester,USA,2023-12-05,Email
1544,Nicole,Larsen,rburke@example.org,M,53,Port Keith,USA,2023-08-18,Affiliate
1545,Joseph,Lewis,xbrown@example.com,M,66,South Noah,USA,2024-04-29,Instagram Ads
1546,Louis,Myers,qcoleman@example.org,M,56,New Jessica,USA,2024-05-07,Affiliate
1547,Jessica,Morgan,parkerrobert@example.net,M,57,Lake Roberto,USA,2026-03-03,Facebook Ads
1548,Amanda,Chan,gouldchristina@example.com,M,52,New Mariotown,USA,2023-12-06,Email
1549,Amber,Clements,langchristopher@example.net,F,51,New Mariotown,USA,2024-07-17,Instagram Ads
1550,Michael,Miranda,penaapril@example.com,M,64,East Nathaniel,USA,2025-02-23,Google Search
1551,Tracie,Massey,oheath@example.com,F,41,New Kellystad,USA,2025-12-12,Google Search
1552,Renee,Rivera,angelawright@example.org,F,39,West Michael,USA,2023-08-26,Email
1553,Andrew,Bentley,masonlacey@example.org,F,22,Herrerafurt,USA,2024-01-06,Google Display
1554,Kevin,Hall,arthurbrady@example.com,M,50,Coxberg,USA,2025-07-05,Google Search
1555,David,Yang,michelle11@example.net,M,53,Jacquelineland,USA,2025-09-16,Email
1556,Kathryn,Perry,newtonamber@example.org,M,64,South Aaron,USA,2023-10-30,Instagram Ads
1557,Brianna,Myers,kristen68@example.net,F,37,Lake Chad,USA,2023-08-12,Instagram Ads
1558,Joshua,Harris,tanya97@example.com,M,36,Lake Nicoleview,USA,2024-06-01,Google Search
1559,Christopher,Rasmussen,timothy88@example.org,M,52,West Michael,USA,2024-09-09,Google Display
1560,Victoria,Luna,kathryn17@example.org,M,69,Lake Roberto,USA,2025-04-11,Google Search
1561,Angel,Wise,kwood@example.org,F,60,West Michael,USA,2025-06-21,Facebook Ads
1562,Martin,Pacheco,davisgary@example.com,M,34,Teresaburgh,USA,2025-04-28,Google Search
1563,Christopher,Powell,kmills@example.org,F,62,Lake Nicoleview,USA,2023-09-20,Google Display
1564,Trevor,Jenkins,mary05@example.net,M,60,Robinsonshire,USA,2025-03-28,Affiliate
1565,Richard,Smith,karinorton@example.net,F,51,North Noahstad,USA,2025-01-15,Affiliate
1566,Susan,Young,gfletcher@example.net,F,26,New Jessica,USA,2026-02-13,Email
1567,Victoria,Miller,simmonschris@example.org,M,43,Juliechester,USA,2025-10-24,Affiliate
1568,Fernando,Goodman,jameskane@example.org,F,19,West Donald,USA,2023-08-29,Email
1569,Roger,Jackson,jtaylor@example.com,M,26,Teresaburgh,USA,2024-09-27,Google Search
1570,Kenneth,Graham,jennifer48@example.com,F,26,West Michael,USA,2025-05-22,Email
1571,Nathan,Santos,kellycohen@example.net,F,57,Wilkersonmouth,USA,2026-05-26,Google Search
1572,Nathan,Munoz,vford@example.net,F,34,Lake Nicoleview,USA,2025-09-14,Email
1573,Melissa,Taylor,asmith@example.org,M,18,South Aaron,USA,2023-12-29,Instagram Ads
1574,Carlos,Rowland,jacqueline31@example.net,F,42,Lake Chad,USA,2024-12-01,Instagram Ads
1575,Cody,Weber,carlfields@example.org,M,60,South Aaron,USA,2024-07-30,Affiliate
1576,Alexis,Lee,lori69@example.net,F,57,Ramirezstad,USA,2024-06-17,Instagram Ads
1577,Claudia,Powell,ann31@example.net,M,59,Lake Chad,USA,2024-01-01,Google Search
1578,Jessica,Ramirez,anne28@example.net,M,42,West Michael,USA,2025-06-23,Google Display
1579,Patrick,Johnston,tammy97@example.org,F,56,Cassandraton,USA,2024-01-18,Google Display
1580,Krista,Hays,noblechristina@example.org,F,52,Lake Nicoleview,USA,2024-01-14,Instagram Ads
1581,Nancy,Morris,taylorlindsay@example.com,M,20,Daviston,USA,2025-07-15,Facebook Ads
1582,Mark,Mason,allenphillip@example.com,M,67,Robinsonshire,USA,2025-08-30,Instagram Ads
1583,Michael,Roberson,alyssa93@example.org,M,54,Herrerafurt,USA,2026-05-19,Affiliate
1584,Martha,Dawson,fcastro@example.net,M,61,New Stephanie,USA,2025-11-28,Instagram Ads
1585,Gina,Grant,lpearson@example.org,M,61,Lake Chad,USA,2026-02-21,Google Search
1586,Melissa,Townsend,jessica39@example.net,M,68,Teresaburgh,USA,2026-03-04,Google Display
1587,Samantha,Lee,harold03@example.com,M,47,Lake Mark,USA,2024-08-16,Facebook Ads
1588,James,Willis,clinton54@example.net,M,55,South Patrickmouth,USA,2026-04-23,Email
1589,Catherine,Johnson,darlene60@example.net,F,51,Lake Nicoleview,USA,2025-08-27,Instagram Ads
1590,Joshua,Brown,roysara@example.net,M,29,Daviston,USA,2025-06-09,Email
1591,Tracy,Wells,johnsonanthony@example.net,M,36,New Mariotown,USA,2024-01-01,Instagram Ads
1592,Jill,Pitts,christopherflowers@example.org,F,54,Lake Chad,USA,2023-09-17,Affiliate
1593,Dana,Brown,hodgejoshua@example.org,F,61,Tashatown,USA,2025-07-04,Email
1594,Joan,Cook,rachael29@example.net,M,66,West Michael,USA,2026-05-17,Google Display
1595,Zachary,Shepard,qbutler@example.net,F,34,Herrerafurt,USA,2023-09-23,Facebook Ads
1596,James,Juarez,jessicamiller@example.com,M,27,Port Jesseville,USA,2023-09-04,Email
1597,Charlotte,Barker,vthompson@example.org,F,66,New Kellystad,USA,2024-06-23,Email
1598,Ann,Wilson,scarroll@example.org,M,64,Port Keith,USA,2025-03-29,Google Display
1599,Steven,Wilson,whitechristopher@example.com,M,29,Port Colleenhaven,USA,2025-04-25,Email
1600,Tammy,Wang,robinsonnicholas@example.org,M,33,Ericmouth,USA,2026-03-05,Google Display
1601,Sherry,Parker,julierojas@example.com,M,41,West Natashaport,USA,2023-09-14,Email
1602,Janice,Thompson,annettegutierrez@example.org,M,36,East Courtneychester,USA,2024-05-11,Email
1603,James,Krause,heidi41@example.com,F,25,West Donald,USA,2024-08-10,Facebook Ads
1604,Michael,Barton,rgallegos@example.org,F,48,West Michael,USA,2023-08-27,Google Display
1605,Mary,Cruz,victoriahamilton@example.net,F,38,Wilkersonmouth,USA,2025-12-22,Email
1606,Laura,Clark,christopher34@example.org,M,34,East Courtneychester,USA,2024-12-11,Instagram Ads
1607,Anthony,Wilson,thomasmcdonald@example.com,F,40,Lake Nicoleview,USA,2024-08-29,Instagram Ads
1608,Nicholas,Chapman,morrisdaniel@example.com,M,54,Lake Mark,USA,2026-02-24,Email
1609,Alan,Fisher,matthew12@example.com,F,33,New Jessica,USA,2024-06-17,Instagram Ads
1610,Steven,Lopez,gonzaleschristina@example.net,M,23,East William,USA,2025-04-09,Email
1611,Ryan,Ross,johnnybrooks@example.com,M,25,Teresaburgh,USA,2024-12-27,Facebook Ads
1612,Richard,Williams,kathrynsantana@example.net,F,42,Ramirezstad,USA,2023-11-13,Affiliate
1613,Ronald,Adams,kwatkins@example.net,F,35,Daviston,USA,2024-01-16,Google Search
1614,Kevin,Carlson,stephaniebradley@example.org,M,42,New Kellystad,USA,2023-12-07,Google Display
1615,Mason,Choi,parkerkatie@example.com,F,29,New Jessica,USA,2024-12-01,Email
1616,Frederick,Smith,jamesjackson@example.com,F,32,New Stephanie,USA,2023-10-14,Google Search
1617,Joel,Harris,ramseyeric@example.net,F,43,Coxberg,USA,2026-01-29,Instagram Ads
1618,Nicholas,Woods,cory86@example.net,F,58,East Nathaniel,USA,2024-03-06,Email
1619,Thomas,Bennett,wmccarthy@example.org,F,62,Port Keith,USA,2024-09-14,Google Search
1620,Lucas,Mcconnell,smejia@example.net,F,43,New Jessica,USA,2025-09-25,Google Search
1621,Roger,Long,reedelizabeth@example.net,F,64,Coxberg,USA,2023-08-16,Affiliate
1622,Nicole,Thompson,mikemorgan@example.org,M,49,Cassandraton,USA,2025-05-17,Affiliate
1623,Karen,Melendez,devinlopez@example.org,M,27,South Patrickmouth,USA,2024-06-12,Affiliate
1624,Christopher,Cruz,ronaldmitchell@example.com,M,33,North Noahstad,USA,2025-07-27,Instagram Ads
1625,Timothy,Green,zwhite@example.net,F,24,Jasonfort,USA,2025-02-04,Email
1626,Daniel,Drake,gina16@example.org,M,34,Lake Chad,USA,2024-01-10,Google Display
1627,David,Hunter,psmith@example.net,M,40,Ericmouth,USA,2024-09-30,Instagram Ads
1628,Kelsey,Turner,judy19@example.com,F,43,West Natashaport,USA,2025-01-18,Google Display
1629,Kimberly,Joseph,daniel26@example.net,M,38,Lake Roberto,USA,2025-10-27,Google Search
1630,Monica,Miller,rogerssarah@example.net,M,39,West Donald,USA,2024-04-25,Facebook Ads
1631,Zachary,Mendez,dgraham@example.com,M,24,Juliechester,USA,2023-08-30,Google Display
1632,Miranda,Stevens,smallgina@example.com,F,31,West Natashaport,USA,2024-10-26,Facebook Ads
1633,Emily,Wang,danielsguy@example.com,M,32,Danielchester,USA,2024-10-17,Google Display
1634,Sean,Evans,larsonmichael@example.org,M,24,Port Jesseville,USA,2025-02-19,Affiliate
1635,Randy,Thompson,martinezduane@example.com,F,26,Port Jesseville,USA,2024-11-01,Facebook Ads
1636,Joshua,Bonilla,samanthaberger@example.net,M,68,North John,USA,2026-01-02,Instagram Ads
1637,Ashley,Williams,nathan29@example.net,M,65,West Donald,USA,2025-06-16,Instagram Ads
1638,Nicole,Reyes,morgandana@example.com,M,25,Lake Chad,USA,2024-10-23,Facebook Ads
1639,Andrew,Clements,jennifer16@example.org,F,67,Coxberg,USA,2025-12-03,Google Search
1640,Ashley,Cooley,heatherwilliams@example.net,F,40,Coxberg,USA,2024-12-17,Email
1641,Kathleen,Kim,joshuapowers@example.net,M,46,Teresaburgh,USA,2024-09-26,Facebook Ads
1642,Howard,Mitchell,russellandrew@example.com,M,35,Ericmouth,USA,2025-07-07,Email
1643,Joshua,Ford,colton30@example.net,F,48,East Nathaniel,USA,2024-07-07,Email
1644,Bryce,Roberts,omatthews@example.net,F,47,Wilkersonmouth,USA,2024-07-12,Google Search
1645,Paul,Spears,cooperluis@example.com,M,69,West Natashaport,USA,2023-12-31,Instagram Ads
1646,Melissa,Porter,emilyscott@example.org,F,56,Coxberg,USA,2025-07-11,Email
1647,Ashley,Miller,whoffman@example.org,M,52,New Jessica,USA,2024-03-01,Instagram Ads
1648,Traci,Wood,karen77@example.org,F,35,South Aaron,USA,2024-01-04,Facebook Ads
1649,Brenda,Weber,wperry@example.org,M,59,South Aaron,USA,2025-10-18,Google Search
1650,Justin,Manning,nicholasmedina@example.com,F,56,Cassandraton,USA,2025-05-13,Email
1651,Melissa,Davis,jasonrodriguez@example.com,F,34,Port Colleenhaven,USA,2024-01-29,Email
1652,Erik,Waters,wpierce@example.org,F,31,South Patrickmouth,USA,2024-10-18,Google Display
1653,Carol,Flores,crystal58@example.net,F,48,Jacquelineland,USA,2025-02-20,Google Search
1654,Jeffrey,Powell,cmitchell@example.org,F,41,Tashatown,USA,2026-04-25,Email
1655,Gregory,Roberts,kathryn21@example.com,M,52,Lake Nicoleview,USA,2025-04-13,Facebook Ads
1656,Robert,Barnes,danamontgomery@example.org,F,61,Lake Roberto,USA,2025-05-16,Google Display
1657,Wesley,Miller,udougherty@example.net,M,62,West Michael,USA,2024-04-16,Google Search
1658,Ashley,Kennedy,craneandrew@example.net,F,51,Wilkersonmouth,USA,2026-03-12,Email
1659,Destiny,Arnold,melissamartin@example.com,M,20,New Jessica,USA,2025-09-17,Instagram Ads
1660,John,Kennedy,marcuscarter@example.org,F,54,Ericmouth,USA,2024-02-29,Google Display
1661,Steven,Sanchez,yfritz@example.org,F,60,Lake Roberto,USA,2026-06-18,Email
1662,Vincent,Rodriguez,monica23@example.com,M,57,Lake Nicoleview,USA,2025-09-16,Google Search
1663,Chad,Goodman,ecamacho@example.com,F,43,Ramirezstad,USA,2023-10-03,Email
1664,Robert,Green,baldwincatherine@example.net,F,40,Port Keith,USA,2025-09-08,Affiliate
1665,Samuel,Carey,carterraymond@example.net,M,61,Danielchester,USA,2025-11-06,Affiliate
1666,Michael,Moran,hpatterson@example.org,M,56,Jacquelineland,USA,2023-12-24,Affiliate
1667,Jose,Bryan,bowenmichael@example.net,M,32,New Jessica,USA,2024-07-24,Instagram Ads
1668,Robin,Pope,josephrivera@example.net,M,66,Port Jesseville,USA,2023-10-07,Instagram Ads
1669,Rachel,Vasquez,katherinepeterson@example.net,F,21,New Kellystad,USA,2024-11-16,Facebook Ads
1670,Kristin,Lyons,brooke22@example.net,M,46,Ericmouth,USA,2024-05-29,Affiliate
1671,Jeffrey,Wood,jennifer42@example.net,F,39,North John,USA,2025-06-11,Facebook Ads
1672,Thomas,Gonzales,eric22@example.net,M,42,Lake Nicoleview,USA,2024-06-02,Google Search
1673,Patrick,Walsh,rosalesbrandy@example.org,F,30,Danielchester,USA,2025-04-18,Email
1674,Jordan,Griffith,kwoods@example.com,F,35,Danielchester,USA,2025-06-22,Instagram Ads
1675,Brenda,Mason,nicholas72@example.net,F,50,Coxberg,USA,2024-12-27,Instagram Ads
1676,Timothy,James,petersonkyle@example.org,M,33,Lisatown,USA,2023-12-29,Email
1677,Charlotte,Daniel,santosmichael@example.com,F,62,Lake Nicoleview,USA,2025-04-02,Email
1678,Danielle,Smith,judithcox@example.org,M,59,South Aaron,USA,2024-09-26,Google Search
1679,Corey,Rivera,nelsonsuzanne@example.net,F,61,Port Keith,USA,2025-02-26,Google Display
1680,Christopher,Yates,pknight@example.org,M,19,Teresaburgh,USA,2024-04-23,Google Display
1681,Jodi,Norris,jeremylove@example.org,F,52,East William,USA,2023-08-31,Facebook Ads
1682,Chelsea,Arnold,pauljessica@example.org,M,59,Juliechester,USA,2026-04-06,Email
1683,David,Turner,jeremywillis@example.net,M,51,Adamsborough,USA,2024-12-22,Google Search
1684,Corey,Keith,florescynthia@example.org,F,47,Port Keith,USA,2024-12-23,Email
1685,Scott,Alvarez,danielsjason@example.com,F,30,Jacquelineland,USA,2024-06-10,Google Search
1686,Alec,Jordan,cortezscott@example.net,F,30,North John,USA,2024-02-16,Google Search
1687,Linda,Mendez,qgay@example.com,F,35,Port Keith,USA,2025-05-07,Google Display
1688,Travis,Thompson,ppalmer@example.com,F,49,Ramirezstad,USA,2024-05-02,Google Display
1689,Amanda,Peterson,connie12@example.com,F,49,West Donald,USA,2023-07-25,Google Display
1690,Patricia,Hicks,emartin@example.com,F,52,South Patrickmouth,USA,2025-07-24,Instagram Ads
1691,Cody,Atkins,dana82@example.org,M,56,New Stephanie,USA,2025-11-17,Affiliate
1692,Kathryn,Lewis,luke87@example.org,M,63,North Noahstad,USA,2025-08-06,Affiliate
1693,Sara,Clark,mariolee@example.com,F,69,Jacquelineland,USA,2025-11-25,Email
1694,Melissa,Bishop,markblack@example.com,F,46,Juliechester,USA,2025-07-03,Instagram Ads
1695,Kristina,Chan,jeremy47@example.com,M,66,New Kellystad,USA,2024-08-27,Google Display
1696,Kevin,Acosta,shannon69@example.com,M,46,Port Keith,USA,2025-10-30,Google Display
1697,Adam,Case,schmittmichael@example.org,F,61,Herrerafurt,USA,2026-06-20,Affiliate
1698,Katie,Smith,jasonmoran@example.com,F,33,Danielchester,USA,2026-01-15,Google Search
1699,Andrew,Simmons,jnguyen@example.net,F,61,East Nathaniel,USA,2024-02-21,Email
1700,Jason,Shaw,daniel32@example.com,M,64,Coxberg,USA,2025-09-17,Facebook Ads
1701,Shelly,Watkins,harringtonpeter@example.net,M,27,Lisatown,USA,2025-01-01,Instagram Ads
1702,Joshua,Lawson,dbrown@example.net,F,47,Lake Nicoleview,USA,2024-07-27,Affiliate
1703,Amanda,Kim,daniel21@example.com,M,42,South Patrickmouth,USA,2026-06-22,Affiliate
1704,Jessica,Holloway,brittanyandrews@example.net,F,56,New Jessica,USA,2023-10-22,Google Search
1705,John,Armstrong,angela40@example.org,F,37,East Nathaniel,USA,2025-11-10,Email
1706,Carlos,Hartman,susan57@example.net,F,22,Wilkersonmouth,USA,2026-03-13,Facebook Ads
1707,Jack,Mcdonald,mcox@example.net,F,18,Cassandraton,USA,2026-06-16,Google Search
1708,Jonathon,Munoz,taylordawn@example.com,M,47,New Stephanie,USA,2024-09-24,Email
1709,Tom,Williams,durhamwilliam@example.org,M,66,Lake Mark,USA,2025-03-29,Google Search
1710,Wendy,Moyer,kristy74@example.net,F,20,South Aaron,USA,2024-07-17,Google Display
1711,Carlos,Jones,mccannkimberly@example.net,F,62,Ericmouth,USA,2024-01-07,Google Display
1712,William,York,mbishop@example.org,F,31,Tashatown,USA,2025-11-04,Affiliate
1713,Ryan,Hill,vpreston@example.org,M,47,Lake Chad,USA,2025-06-29,Affiliate
1714,Charles,Holland,shawn60@example.com,F,67,Daviston,USA,2025-04-07,Affiliate
1715,Adam,Clayton,smithmarcus@example.org,F,21,Lake Roberto,USA,2024-04-26,Facebook Ads
1716,Jeffrey,Craig,amanda39@example.com,M,35,Jasonfort,USA,2026-03-22,Instagram Ads
1717,Jennifer,Ray,kendraharris@example.org,F,54,Adamsborough,USA,2023-11-05,Affiliate
1718,Amanda,Blackburn,chanamber@example.org,F,42,South Noah,USA,2024-07-10,Email
1719,Leslie,Hall,jamesmartin@example.com,F,65,South Noah,USA,2024-03-29,Google Display
1720,Samantha,Barton,taylorrachel@example.com,F,18,New Mariotown,USA,2023-11-29,Email
1721,Stacy,Johnson,omargriffin@example.com,F,63,Daviston,USA,2024-02-20,Instagram Ads
1722,Kelli,Lawrence,davisgregory@example.net,M,32,New Jamesside,USA,2025-09-19,Instagram Ads
1723,David,Sherman,shepardjoy@example.com,M,26,New Jessica,USA,2025-10-16,Affiliate
1724,Logan,Lee,marshmichael@example.com,M,32,Ramirezstad,USA,2025-01-25,Instagram Ads
1725,Sierra,Smith,zlara@example.org,F,66,North Noahstad,USA,2024-08-09,Facebook Ads
1726,Sonya,Copeland,pbautista@example.com,M,41,Lake Nicoleview,USA,2024-03-25,Email
1727,Jacqueline,Santos,bliu@example.com,M,21,New Jamesside,USA,2025-09-24,Google Display
1728,Phyllis,Williams,gregorysmith@example.net,M,29,North Noahstad,USA,2024-01-04,Google Search
1729,Heather,Farmer,carlsonjason@example.net,M,54,Ericmouth,USA,2025-07-11,Affiliate
1730,Nathan,Perry,robertthompson@example.net,F,54,East Lydiamouth,USA,2026-06-09,Instagram Ads
1731,Judy,Patrick,michaelbuckley@example.org,M,60,Lake Mark,USA,2023-08-19,Google Display
1732,James,Powell,regina49@example.com,M,23,Herrerafurt,USA,2023-08-18,Email
1733,Anthony,Johnson,jjohnson@example.com,M,56,New Jamesside,USA,2023-09-06,Facebook Ads
1734,Nicholas,George,ericsmith@example.org,F,63,Adamsborough,USA,2023-10-26,Google Display
1735,Vanessa,Rodriguez,amarshall@example.net,F,41,Port Colleenhaven,USA,2024-11-11,Google Search
1736,Melody,Pacheco,collinsterrance@example.com,F,28,Herrerafurt,USA,2023-12-05,Affiliate
1737,Diana,Diaz,woodskaitlyn@example.net,M,30,New Mariotown,USA,2024-02-18,Email
1738,Jeffrey,Anderson,jeremiahmiller@example.org,F,51,New Stephanie,USA,2025-09-11,Google Display
1739,Justin,Gilbert,jeremylopez@example.net,F,42,Wilkersonmouth,USA,2024-06-12,Google Display
1740,Jennifer,Murray,kathleen25@example.com,M,24,Ericmouth,USA,2024-08-31,Google Display
1741,Dustin,Doyle,adkinslauren@example.net,F,69,West Donald,USA,2023-09-08,Google Display
1742,James,White,cynthiaconley@example.org,F,21,New Kellystad,USA,2024-01-11,Google Search
1743,Marcus,Armstrong,mmathews@example.net,M,25,East William,USA,2026-02-25,Email
1744,Tara,Sullivan,shawnbaker@example.com,M,37,Wilkersonmouth,USA,2023-11-24,Google Search
1745,Joshua,Mack,matthew24@example.com,F,46,Port Colleenhaven,USA,2025-12-18,Facebook Ads
1746,Tony,Dunn,barnettmatthew@example.net,F,68,Lake Nicoleview,USA,2024-05-01,Google Search
1747,Kimberly,Simmons,oconnelldavid@example.org,M,62,East Courtneychester,USA,2026-06-20,Google Search
1748,Maria,Martinez,david54@example.com,M,63,East William,USA,2024-11-07,Email
1749,Tracey,Miller,raymondpugh@example.net,F,27,Port Jesseville,USA,2024-02-16,Google Display
1750,Mary,Walker,gonzalezjulie@example.net,F,60,Coxberg,USA,2025-05-06,Instagram Ads
1751,Edward,Heath,mcbridemichael@example.org,M,51,Juliechester,USA,2025-08-16,Google Display
1752,Wendy,Jackson,craigmartin@example.net,M,43,New Jessica,USA,2026-02-13,Facebook Ads
1753,Jeremy,Arias,amberfriedman@example.com,F,58,Jacquelineland,USA,2026-02-12,Email
1754,Joshua,Haley,hphillips@example.com,F,66,Lake Mark,USA,2026-03-23,Affiliate
1755,Taylor,Taylor,aaron48@example.net,F,20,Daviston,USA,2024-06-23,Instagram Ads
1756,Sandra,Austin,brownrobert@example.org,M,23,Port Keith,USA,2024-12-26,Instagram Ads
1757,Ethan,Stanton,petermoore@example.com,F,22,Cassandraton,USA,2024-09-18,Affiliate
1758,James,Flowers,perezstacy@example.org,F,22,North John,USA,2026-03-22,Google Display
1759,David,Singh,jamiethomas@example.com,F,64,North John,USA,2025-10-28,Google Display
1760,Alex,Wilson,alexandria97@example.org,M,40,Adamsborough,USA,2025-07-10,Facebook Ads
1761,Kent,Martinez,whernandez@example.net,M,66,Lisatown,USA,2024-07-26,Email
1762,Joseph,Travis,qmassey@example.org,M,26,Port Keith,USA,2025-06-04,Facebook Ads
1763,Ronald,Jackson,oblake@example.net,F,52,South Noah,USA,2023-11-07,Instagram Ads
1764,Whitney,Morrison,john76@example.com,F,37,East William,USA,2023-09-18,Instagram Ads
1765,Daniel,Carrillo,rebecca85@example.com,M,66,New Kellystad,USA,2025-07-18,Facebook Ads
1766,John,Kelly,garcialinda@example.org,F,59,Ramirezstad,USA,2025-04-20,Google Search
1767,Jeffrey,Hamilton,dalton78@example.net,F,52,East Lydiamouth,USA,2026-01-20,Google Display
1768,Nicholas,Stone,gwilliams@example.net,F,67,Tashatown,USA,2026-01-21,Affiliate
1769,Dawn,Garcia,wilsonkathryn@example.com,M,35,Jasonfort,USA,2025-04-13,Facebook Ads
1770,Jenna,Munoz,chiggins@example.com,M,34,Lisatown,USA,2025-06-26,Google Search
1771,Scott,Murray,bentleylisa@example.net,F,41,Lake Roberto,USA,2025-10-10,Email
1772,Ryan,Odonnell,ashleyjohnson@example.com,F,20,Port Keith,USA,2023-11-03,Instagram Ads
1773,Samantha,Pham,qatkinson@example.com,F,49,Juliechester,USA,2025-12-30,Facebook Ads
1774,Maurice,Beltran,joshuabowers@example.com,M,52,Jacquelineland,USA,2024-12-01,Google Display
1775,Vicki,Baker,jasontownsend@example.net,F,55,Jacquelineland,USA,2025-06-27,Affiliate
1776,Joy,Mullins,megangates@example.com,M,30,Port Jesseville,USA,2024-08-06,Google Display
1777,Amanda,Trujillo,leslietorres@example.net,M,64,Teresaburgh,USA,2023-10-25,Affiliate
1778,Richard,Howell,katherineharris@example.net,M,42,Lake Nicoleview,USA,2024-12-31,Google Display
1779,Matthew,Kim,kari25@example.org,F,26,Adamsborough,USA,2023-11-17,Instagram Ads
1780,Bonnie,Stout,katherine82@example.com,M,21,East Nathaniel,USA,2025-05-25,Email
1781,Charles,Davis,jphelps@example.net,M,31,New Jessica,USA,2024-07-24,Google Display
1782,Michael,Anderson,vgarcia@example.com,F,54,Port Jesseville,USA,2025-05-20,Google Search
1783,Tara,Nguyen,elizabethhill@example.com,M,51,Ramirezstad,USA,2024-03-20,Facebook Ads
1784,Heather,Robinson,scottcain@example.org,M,28,East Courtneychester,USA,2023-07-31,Google Search
1785,John,Smith,amassey@example.net,M,58,Lake Chad,USA,2025-03-13,Google Search
1786,Ashley,Gutierrez,yburton@example.net,M,20,Coxberg,USA,2024-04-29,Instagram Ads
1787,Laura,Cox,ryan53@example.com,M,45,Robinsonshire,USA,2025-03-01,Email
1788,Chase,Steele,michelle38@example.net,F,46,West Natashaport,USA,2023-12-06,Instagram Ads
1789,Tina,Mueller,gnichols@example.net,F,26,Ericmouth,USA,2024-03-23,Instagram Ads
1790,Michael,Park,stevenandrews@example.org,M,20,Danielchester,USA,2024-12-03,Facebook Ads
1791,Samuel,Garza,bentongeorge@example.net,F,42,Lisatown,USA,2024-11-20,Facebook Ads
1792,Debra,Huang,jdillon@example.org,F,51,New Kellystad,USA,2025-08-03,Affiliate
1793,Cameron,Higgins,stacey09@example.com,M,29,Herrerafurt,USA,2024-11-01,Google Display
1794,Kathy,Anderson,clewis@example.com,M,59,Adamsborough,USA,2025-02-27,Email
1795,Emily,Rivera,ithomas@example.net,F,26,South Patrickmouth,USA,2025-04-21,Affiliate
1796,Michelle,Arellano,josephmichael@example.org,M,32,New Jamesside,USA,2025-11-12,Affiliate
1797,Chad,Brown,ucross@example.org,F,57,Wilkersonmouth,USA,2024-04-15,Affiliate
1798,Carolyn,Blake,maryjohnson@example.com,M,42,New Jessica,USA,2025-09-23,Facebook Ads
1799,Martin,Davis,rberry@example.com,F,22,South Patrickmouth,USA,2025-12-16,Email
1800,Patrick,Wells,isaac45@example.org,F,28,Port Colleenhaven,USA,2025-08-31,Affiliate
1801,Natasha,Porter,jorgegonzalez@example.com,F,51,Port Jesseville,USA,2026-07-02,Email
1802,Cynthia,Morgan,warrenandrew@example.net,M,41,Port Colleenhaven,USA,2023-09-22,Google Search
1803,Angela,Fleming,jacksontamara@example.net,F,32,Tashatown,USA,2023-07-31,Google Search
1804,Mark,Torres,michele23@example.net,M,55,Lake Roberto,USA,2025-05-28,Email
1805,Hunter,Robinson,collin29@example.com,M,25,South Patrickmouth,USA,2025-04-07,Google Search
1806,Patricia,Mccarthy,williamolsen@example.com,F,22,Port Colleenhaven,USA,2023-08-20,Google Search
1807,Benjamin,Medina,aguirrelarry@example.com,F,65,East William,USA,2023-11-13,Affiliate
1808,Felicia,Lawrence,racheljimenez@example.net,F,43,Port Keith,USA,2024-01-04,Facebook Ads
1809,Christie,Rogers,jmcfarland@example.com,F,35,North John,USA,2025-11-23,Instagram Ads
1810,Sherry,Barnett,morganmichael@example.org,F,23,Lake Roberto,USA,2026-06-04,Affiliate
1811,Travis,Bauer,howardsabrina@example.com,F,54,Port Jesseville,USA,2025-12-22,Email
1812,Renee,Zimmerman,abbottchristopher@example.net,F,65,East Nathaniel,USA,2024-07-03,Instagram Ads
1813,Alison,Andrews,psherman@example.org,F,30,Adamsborough,USA,2024-05-22,Google Display
1814,Derek,Gallagher,sheryl66@example.com,F,45,Cassandraton,USA,2024-09-03,Facebook Ads
1815,Tracy,Henry,anna96@example.com,M,22,Robinsonshire,USA,2025-01-13,Instagram Ads
1816,Kristie,Mitchell,rosebobby@example.org,M,30,Robinsonshire,USA,2024-06-18,Instagram Ads
1817,Briana,Mccullough,daniellestevenson@example.net,M,34,Danielchester,USA,2023-08-17,Instagram Ads
1818,Tammy,Cruz,tamara06@example.net,M,67,Robinsonshire,USA,2025-01-25,Email
1819,Melinda,Hicks,lozanocorey@example.org,F,57,Danielchester,USA,2026-03-22,Email
1820,Jennifer,Jones,tylerduncan@example.net,F,62,Lisatown,USA,2023-08-04,Google Search
1821,Sandra,Harris,glassadam@example.org,M,49,West Natashaport,USA,2025-07-09,Affiliate
1822,Rose,Rivera,valerieserrano@example.com,M,46,East William,USA,2026-04-18,Instagram Ads
1823,Richard,Moore,christyscott@example.com,F,68,Ericmouth,USA,2025-08-01,Google Display
1824,Jennifer,Barrera,jamie46@example.net,M,20,West Donald,USA,2023-07-29,Email
1825,Madison,Bennett,lisafreeman@example.net,F,57,West Donald,USA,2023-07-29,Affiliate
1826,Heather,Williams,sanderson@example.org,M,51,North John,USA,2023-10-03,Google Search
1827,Danny,Moore,ijones@example.com,M,57,Lake Roberto,USA,2024-01-17,Google Search
1828,Jody,Moses,smitchell@example.com,M,44,Ramirezstad,USA,2026-02-09,Email
1829,Jose,Juarez,mcarson@example.org,M,30,North Noahstad,USA,2025-03-17,Affiliate
1830,Tyler,Martinez,harrisondaniel@example.org,M,62,Port Colleenhaven,USA,2023-08-28,Google Display
1831,Paul,Miller,allenchristina@example.com,M,50,Port Jesseville,USA,2025-10-04,Email
1832,Scott,Hammond,kaylahardy@example.org,M,23,New Stephanie,USA,2025-04-01,Affiliate
1833,Stacy,Peterson,sandra57@example.org,M,41,East Nathaniel,USA,2026-04-01,Affiliate
1834,Brian,James,william32@example.net,F,36,North Noahstad,USA,2024-02-15,Affiliate
1835,Diane,Gonzales,pjones@example.net,F,33,Tashatown,USA,2025-02-16,Affiliate
1836,Angela,Thomas,brian16@example.net,F,57,North Noahstad,USA,2025-02-22,Instagram Ads
1837,Christine,Jackson,mitchell21@example.net,M,45,East Nathaniel,USA,2024-03-30,Google Display
1838,Patrick,Hart,hmack@example.org,F,50,Lake Chad,USA,2025-10-30,Email
1839,Austin,Gardner,banksrenee@example.net,F,65,Wilkersonmouth,USA,2025-06-23,Google Search
1840,Justin,Jensen,pkent@example.net,F,58,West Donald,USA,2025-01-05,Google Display
1841,John,Baird,jmendoza@example.com,F,30,Adamsborough,USA,2025-02-24,Email
1842,Michael,Thomas,sylviaprice@example.com,M,60,New Stephanie,USA,2026-03-10,Email
1843,Micheal,Smith,douglas76@example.net,M,62,Juliechester,USA,2026-03-08,Email
1844,Melissa,Archer,marygomez@example.com,F,42,West Donald,USA,2024-10-21,Google Display
1845,Robert,Quinn,dfarley@example.com,F,59,Coxberg,USA,2024-07-22,Facebook Ads
1846,Elizabeth,Anderson,johnmarquez@example.net,M,53,Lake Mark,USA,2024-02-16,Email
1847,Morgan,Hopkins,rachel86@example.com,M,44,Teresaburgh,USA,2025-06-22,Instagram Ads
1848,Jason,Thomas,danielsshaun@example.net,F,55,East William,USA,2024-10-11,Google Search
1849,James,Morgan,donnagiles@example.com,M,24,Ramirezstad,USA,2024-01-31,Google Search
1850,Scott,Benson,lbradley@example.com,M,22,South Noah,USA,2026-06-30,Email
1851,Erin,Hammond,zandrews@example.org,M,60,North Noahstad,USA,2023-12-30,Facebook Ads
1852,Leslie,Sanchez,kathryntucker@example.net,F,62,Wilkersonmouth,USA,2026-05-05,Instagram Ads
1853,Cheryl,Moss,lowekristin@example.org,M,68,New Jessica,USA,2023-08-10,Google Search
1854,Samantha,Booth,melissa55@example.org,M,48,West Michael,USA,2025-10-09,Google Search
1855,Susan,Parker,coxregina@example.net,F,40,Ericmouth,USA,2026-04-04,Email
1856,Sean,Morgan,keithgarcia@example.net,F,59,New Stephanie,USA,2024-01-09,Instagram Ads
1857,Nicole,Martin,patelchristine@example.org,M,27,Adamsborough,USA,2025-03-24,Google Display
1858,Courtney,Graves,hannah31@example.net,M,49,Danielchester,USA,2026-05-19,Affiliate
1859,Regina,Davis,taylorparker@example.com,M,60,West Natashaport,USA,2024-12-21,Affiliate
1860,Katie,Willis,sarah99@example.org,F,47,Robinsonshire,USA,2024-11-19,Affiliate
1861,Andrew,Vasquez,nicole15@example.org,F,56,Ericmouth,USA,2024-01-28,Facebook Ads
1862,Claire,Byrd,danieldonovan@example.net,F,48,Wilkersonmouth,USA,2024-02-19,Google Display
1863,Cynthia,Carter,gomeztonya@example.com,F,35,Cassandraton,USA,2023-08-04,Instagram Ads
1864,Patricia,Butler,michaelking@example.net,M,53,Juliechester,USA,2024-05-20,Facebook Ads
1865,Abigail,Moon,kflores@example.org,F,19,Teresaburgh,USA,2025-06-28,Facebook Ads
1866,Jackie,Baker,rmorgan@example.net,F,31,Port Colleenhaven,USA,2026-07-12,Email
1867,Diane,Hopkins,andrea29@example.org,M,30,Adamsborough,USA,2025-09-30,Email
1868,Andrew,James,cjames@example.net,M,46,New Kellystad,USA,2025-07-23,Facebook Ads
1869,Heidi,Rogers,vrussell@example.org,F,29,South Patrickmouth,USA,2026-05-16,Email
1870,Jennifer,Tran,fcampbell@example.com,M,56,West Michael,USA,2026-04-19,Google Display
1871,Christopher,Wade,michelle10@example.org,F,19,Coxberg,USA,2025-12-17,Instagram Ads
1872,Daniel,Jones,calvin93@example.org,M,49,Jasonfort,USA,2026-02-18,Facebook Ads
1873,Alec,Smith,molly91@example.org,F,30,New Stephanie,USA,2025-04-16,Affiliate
1874,Tammy,Costa,kristi19@example.org,M,63,East Nathaniel,USA,2023-09-17,Google Display
1875,Dominic,Hardin,lopezjennifer@example.org,F,44,Ericmouth,USA,2023-07-22,Google Display
1876,Latasha,Hall,lovepaul@example.net,F,66,Herrerafurt,USA,2025-02-17,Instagram Ads
1877,Thomas,Gonzalez,ljacobs@example.com,F,58,East Nathaniel,USA,2024-05-28,Instagram Ads
1878,Erica,Hancock,ramoswilliam@example.org,F,34,Coxberg,USA,2024-01-26,Affiliate
1879,James,Thomas,hollywarner@example.org,M,57,East Nathaniel,USA,2024-02-09,Email
1880,Melinda,Avila,franciscoreid@example.net,M,48,Jacquelineland,USA,2024-06-07,Facebook Ads
1881,Robert,Davidson,ronaldsummers@example.net,F,51,East Courtneychester,USA,2024-04-06,Google Search
1882,Adrian,Zamora,juan21@example.org,M,41,Cassandraton,USA,2023-09-24,Affiliate
1883,Max,Quinn,wmiller@example.net,F,62,East Courtneychester,USA,2024-11-17,Google Search
1884,Tiffany,Craig,brianna59@example.net,F,52,Port Jesseville,USA,2026-06-03,Google Search
1885,Ashley,Acosta,shannon75@example.com,F,65,West Natashaport,USA,2024-06-11,Affiliate
1886,Tracy,Gardner,jeremyjackson@example.net,M,23,East Lydiamouth,USA,2024-08-07,Instagram Ads
1887,Steven,Murray,dford@example.com,F,36,North John,USA,2024-01-01,Google Display
1888,Joann,Cruz,markskristina@example.com,M,47,South Patrickmouth,USA,2026-07-06,Facebook Ads
1889,Crystal,Ross,hamiltonlisa@example.org,M,24,Port Jesseville,USA,2023-12-30,Affiliate
1890,Sophia,Robinson,myersedward@example.com,F,27,New Kellystad,USA,2024-02-19,Affiliate
1891,Tyler,Moore,jeremy79@example.net,M,58,Cassandraton,USA,2025-01-15,Affiliate
1892,Ryan,York,dcosta@example.com,M,49,Jacquelineland,USA,2026-06-05,Email
1893,Carl,Morris,jfranklin@example.org,M,51,Lake Mark,USA,2025-02-05,Facebook Ads
1894,Troy,Robinson,tsmith@example.net,F,45,Cassandraton,USA,2024-01-07,Google Search
1895,Crystal,Sutton,mcarr@example.org,F,32,Lake Nicoleview,USA,2025-02-17,Facebook Ads
1896,Matthew,Brooks,mikewaller@example.org,F,47,Ramirezstad,USA,2023-08-06,Affiliate
1897,Mitchell,Sanchez,haley57@example.com,M,54,Ramirezstad,USA,2025-03-17,Email
1898,Barbara,Rivera,rachelsheppard@example.net,F,46,East Nathaniel,USA,2025-04-05,Google Display
1899,Rhonda,Erickson,lisawright@example.net,M,39,New Jamesside,USA,2024-12-13,Google Display
1900,Andrew,Dixon,cruzeddie@example.com,M,21,New Jessica,USA,2023-10-15,Instagram Ads
1901,Travis,Morrison,carl63@example.com,M,37,Lake Mark,USA,2025-09-05,Instagram Ads
1902,Michael,Strickland,owright@example.org,F,49,Lisatown,USA,2024-07-10,Google Display
1903,Mallory,Olson,kristenfrye@example.com,M,53,Lake Roberto,USA,2026-07-01,Google Display
1904,Cassandra,Herrera,susanharper@example.org,F,67,West Donald,USA,2024-06-05,Facebook Ads
1905,Bruce,Dyer,john66@example.net,M,21,Lake Mark,USA,2025-12-31,Affiliate
1906,Alex,Green,kennethjohnson@example.net,F,44,West Michael,USA,2025-10-30,Google Display
1907,Christian,Marshall,seanreyes@example.org,M,34,Adamsborough,USA,2025-04-28,Google Display
1908,Katherine,Rodriguez,stephen39@example.com,M,29,Port Keith,USA,2024-05-25,Instagram Ads
1909,Brenda,Morris,martinezmindy@example.net,F,39,East Nathaniel,USA,2024-12-21,Affiliate
1910,Donald,Decker,opierce@example.com,M,34,Robinsonshire,USA,2025-06-25,Instagram Ads
1911,Randall,Nguyen,schneidermario@example.net,F,27,Jasonfort,USA,2023-08-30,Google Display
1912,William,Sharp,tylermcintosh@example.org,F,18,Lake Chad,USA,2023-12-31,Facebook Ads
1913,Alexandra,Bentley,christopherward@example.com,F,39,Wilkersonmouth,USA,2024-07-22,Google Search
1914,Robert,Potter,dmorales@example.net,F,43,Jacquelineland,USA,2024-10-16,Email
1915,Kristine,Neal,olsenshane@example.org,F,35,Lisatown,USA,2025-10-30,Affiliate
1916,Misty,Perez,newmanangela@example.org,F,67,Juliechester,USA,2025-06-21,Facebook Ads
1917,Heidi,Mendoza,robinsonjesse@example.org,F,31,West Michael,USA,2026-05-29,Instagram Ads
1918,Devin,Flores,qavila@example.com,F,64,Coxberg,USA,2023-08-08,Affiliate
1919,Kathy,Vasquez,cpierce@example.org,M,46,Ericmouth,USA,2025-04-24,Affiliate
1920,Jason,Aguilar,baileychristopher@example.com,F,29,Teresaburgh,USA,2025-01-26,Affiliate
1921,Maria,Sanders,amandaherman@example.net,M,53,Daviston,USA,2025-05-30,Instagram Ads
1922,Joseph,Brooks,mmoore@example.net,M,52,East Courtneychester,USA,2024-04-23,Google Search
1923,James,Hurst,swilson@example.com,F,69,South Patrickmouth,USA,2023-08-18,Email
1924,Carrie,Curtis,hharris@example.org,M,29,Ramirezstad,USA,2024-09-14,Affiliate
1925,Daniel,Fitzpatrick,jameshudson@example.net,M,24,New Mariotown,USA,2024-06-09,Email
1926,Hannah,Lewis,michael03@example.net,M,46,Herrerafurt,USA,2026-03-19,Google Search
1927,Megan,Robinson,collinsjavier@example.org,M,28,East Courtneychester,USA,2026-02-14,Instagram Ads
1928,Jamie,Arroyo,dcortez@example.com,M,50,Adamsborough,USA,2025-05-07,Facebook Ads
1929,Frederick,Vasquez,laura31@example.net,M,23,Port Keith,USA,2023-11-12,Google Search
1930,Aaron,Johnson,vincentstacey@example.org,M,64,New Jamesside,USA,2024-06-14,Google Search
1931,Patrick,Carroll,coltonrichardson@example.net,F,32,Daviston,USA,2024-02-12,Google Search
1932,Rodney,Walter,ramirezdesiree@example.com,F,49,South Noah,USA,2025-11-08,Instagram Ads
1933,Rachel,Turner,stephen31@example.net,M,68,North Noahstad,USA,2025-10-10,Instagram Ads
1934,Evelyn,Johnson,hthompson@example.org,M,28,New Jamesside,USA,2025-09-19,Email
1935,Spencer,Tanner,joseph97@example.org,F,40,West Natashaport,USA,2025-09-26,Email
1936,Eric,Brown,fjohnson@example.com,M,43,West Natashaport,USA,2026-01-13,Instagram Ads
1937,Robert,Dudley,douglassusan@example.com,M,51,New Jamesside,USA,2025-09-03,Google Search
1938,Jennifer,Harris,andrew43@example.org,M,63,Lake Nicoleview,USA,2025-08-11,Instagram Ads
1939,Lisa,Forbes,russomary@example.com,F,51,West Donald,USA,2025-03-21,Instagram Ads
1940,Jacqueline,Conner,mitchellchristopher@example.com,F,46,Danielchester,USA,2024-11-29,Google Display
1941,Thomas,Martin,jessica82@example.com,M,21,Lake Chad,USA,2025-09-30,Instagram Ads
1942,Michael,Thompson,wwatson@example.com,M,34,Robinsonshire,USA,2023-12-26,Google Display
1943,Emily,Preston,bward@example.org,M,52,South Noah,USA,2025-05-07,Google Display
1944,Nicole,Cook,debbie78@example.net,M,30,Port Jesseville,USA,2024-01-14,Instagram Ads
1945,Brad,Hunter,carolfernandez@example.net,M,58,Port Keith,USA,2024-01-08,Google Display
1946,Lauren,Taylor,makaylasanders@example.com,F,56,Adamsborough,USA,2026-03-09,Google Display
1947,Veronica,Stephens,johnstonjonathan@example.net,M,32,East Courtneychester,USA,2025-07-15,Google Display
1948,Fred,Perez,tracy55@example.net,M,46,West Natashaport,USA,2026-05-09,Affiliate
1949,Alexandra,Weiss,barbarabrady@example.net,F,46,Adamsborough,USA,2025-10-18,Google Display
1950,Daniel,Bowman,barrytanya@example.org,M,28,Teresaburgh,USA,2025-01-10,Facebook Ads
1951,Ruth,Neal,john64@example.org,F,69,Tashatown,USA,2025-03-02,Facebook Ads
1952,Colin,Olsen,smithkenneth@example.org,M,49,Teresaburgh,USA,2024-02-06,Email
1953,Kimberly,Jones,shaun16@example.com,F,19,Robinsonshire,USA,2025-07-12,Email
1954,Alex,Harper,paul34@example.com,F,64,Teresaburgh,USA,2025-05-26,Affiliate
1955,Samantha,Reid,sheltontiffany@example.com,M,31,Port Jesseville,USA,2024-07-02,Google Search
1956,Anthony,Haynes,xmullins@example.org,F,37,Coxberg,USA,2024-10-23,Google Search
1957,Brenda,Gilmore,yvang@example.org,F,39,Tashatown,USA,2026-06-07,Instagram Ads
1958,Katherine,Miller,amy13@example.net,F,28,Lake Mark,USA,2026-01-13,Email
1959,Crystal,Davis,pcurry@example.net,M,44,Teresaburgh,USA,2026-06-30,Instagram Ads
1960,Austin,Collins,arobinson@example.org,F,20,South Patrickmouth,USA,2023-07-29,Facebook Ads
1961,David,Huffman,wallssean@example.net,M,34,Port Keith,USA,2024-02-01,Email
1962,Joshua,Cunningham,kingdavid@example.net,M,61,Coxberg,USA,2025-01-06,Google Display
1963,Rachel,Carter,billburke@example.com,F,45,South Patrickmouth,USA,2023-11-15,Facebook Ads
1964,Eric,Monroe,timothywright@example.com,M,46,Tashatown,USA,2025-11-14,Email
1965,Lindsay,Whitehead,lwilliams@example.org,M,38,Tashatown,USA,2024-07-24,Facebook Ads
1966,Felicia,Bruce,jenniferstokes@example.org,F,64,Adamsborough,USA,2023-11-06,Affiliate
1967,Donald,Yang,kimmichael@example.net,M,33,Cassandraton,USA,2024-10-31,Facebook Ads
1968,Jeanette,Hurst,cynthia16@example.com,M,54,South Patrickmouth,USA,2023-08-23,Affiliate
1969,Samuel,Miles,brownjose@example.net,F,37,Ericmouth,USA,2024-08-12,Email
1970,Richard,Calhoun,davidmartin@example.net,F,23,South Aaron,USA,2024-02-07,Email
1971,James,Keller,angela71@example.net,M,36,Juliechester,USA,2024-02-06,Email
1972,Robert,Castro,jamesevans@example.net,F,22,Robinsonshire,USA,2025-08-24,Instagram Ads
1973,Alex,Brown,rodriguezelizabeth@example.net,F,20,New Stephanie,USA,2025-02-18,Affiliate
1974,Kevin,Cain,samantha73@example.org,M,18,Lake Chad,USA,2025-07-14,Instagram Ads
1975,Timothy,Lewis,paulschultz@example.net,M,55,Lisatown,USA,2026-02-13,Google Display
1976,Chad,Estrada,michellejones@example.net,F,32,East Lydiamouth,USA,2026-07-06,Affiliate
1977,Charles,Martin,xfranco@example.org,F,51,Lake Mark,USA,2026-01-10,Affiliate
1978,Richard,Goodwin,harrellkimberly@example.org,M,52,Cassandraton,USA,2024-02-14,Instagram Ads
1979,Jessica,Brooks,oobrien@example.net,M,66,East William,USA,2026-04-07,Email
1980,Timothy,Avery,wlucas@example.net,F,42,East William,USA,2024-01-06,Google Display
1981,Carol,Roberts,reynoldsanthony@example.org,F,41,Danielchester,USA,2025-03-24,Email
1982,Janet,Waters,woodphillip@example.com,M,29,West Natashaport,USA,2025-06-29,Google Display
1983,Valerie,Peterson,samantha78@example.com,M,35,Ramirezstad,USA,2024-09-13,Email
1984,Monica,Barker,taylordavis@example.com,F,32,Tashatown,USA,2026-06-20,Google Display
1985,Amanda,Jensen,kingjoseph@example.com,F,61,Ericmouth,USA,2026-03-02,Email
1986,Brooke,Perez,rebecca93@example.com,M,33,Jacquelineland,USA,2026-06-17,Email
1987,James,Rogers,mramirez@example.com,F,44,North John,USA,2025-07-20,Affiliate
1988,Jacob,Austin,leahbarker@example.org,M,25,Lisatown,USA,2025-08-09,Instagram Ads
1989,Michael,Daniels,james79@example.net,M,63,Lisatown,USA,2024-01-24,Affiliate
1990,Jenny,Walter,jamietyler@example.com,F,42,Robinsonshire,USA,2024-02-03,Instagram Ads
1991,Deborah,Crawford,peterlove@example.net,M,34,New Stephanie,USA,2024-12-02,Email
1992,Matthew,Scott,kingtammy@example.net,F,46,Jasonfort,USA,2026-06-30,Facebook Ads
1993,Aaron,Lopez,sarah78@example.net,M,25,North Noahstad,USA,2026-01-02,Google Display
1994,William,Fisher,brent67@example.net,M,32,Lake Chad,USA,2023-11-13,Affiliate
1995,Samuel,Edwards,herbertward@example.org,F,44,North John,USA,2023-08-31,Affiliate
1996,Chad,Rodriguez,david16@example.org,M,63,Tashatown,USA,2023-08-30,Affiliate
1997,Donna,Brown,morganclaudia@example.com,F,67,Robinsonshire,USA,2024-05-24,Facebook Ads
1998,John,Robinson,sarah53@example.org,F,69,Adamsborough,USA,2023-08-12,Google Search
1999,Breanna,Farmer,lindabryan@example.org,F,24,Lake Roberto,USA,2025-03-02,Google Display
2000,Andre,Martin,lisa11@example.org,M,20,Lake Mark,USA,2026-01-29,Google Display
2001,Jeffrey,Stevens,patricialowery@example.com,M,46,Cassandraton,USA,2023-11-12,Affiliate
2002,John,Parker,ogriffin@example.org,F,61,Jasonfort,USA,2026-01-31,Email
2003,Ricky,Wallace,jocelyncruz@example.net,F,41,Teresaburgh,USA,2025-10-17,Instagram Ads
2004,Andrew,Hubbard,nicolehenry@example.net,M,20,North John,USA,2024-07-27,Facebook Ads
2005,Andrew,Romero,mmassey@example.org,M,37,New Stephanie,USA,2024-08-29,Affiliate
2006,Jade,Burke,zjackson@example.org,M,63,Lake Nicoleview,USA,2024-03-12,Affiliate
2007,Michael,Hill,rachel69@example.com,F,32,East Courtneychester,USA,2026-06-04,Email
2008,Glenda,Elliott,chavezlauren@example.com,F,42,New Jessica,USA,2025-04-04,Email
2009,Michael,Smith,bramsey@example.org,F,47,Herrerafurt,USA,2024-11-08,Email
2010,Michael,Adams,timothy23@example.net,F,31,Teresaburgh,USA,2025-06-23,Affiliate
2011,Carol,Patrick,wernermichael@example.org,F,24,Danielchester,USA,2023-10-24,Instagram Ads
2012,Ruth,Davis,wrightalicia@example.com,M,34,Lake Mark,USA,2024-11-25,Instagram Ads
2013,Kelly,Garrison,garrett13@example.org,M,61,Cassandraton,USA,2025-05-28,Facebook Ads
2014,Ashley,Logan,keithharrison@example.com,F,37,Cassandraton,USA,2026-03-24,Affiliate
2015,Joel,Morton,carriejones@example.org,M,53,North John,USA,2024-05-07,Google Display
2016,Krista,Ferguson,xtran@example.net,F,26,Robinsonshire,USA,2024-01-30,Google Search
2017,Amanda,Lopez,nguyengeorge@example.com,F,55,East Nathaniel,USA,2025-01-30,Affiliate
2018,Andrew,Wagner,longgary@example.com,M,65,East William,USA,2024-01-04,Affiliate
2019,David,Hensley,audrey47@example.org,M,39,Lake Mark,USA,2024-11-27,Google Search
2020,Jennifer,Reeves,daniellewebster@example.org,M,19,East Lydiamouth,USA,2026-06-29,Google Search
2021,Derek,Mitchell,zbyrd@example.net,F,41,East William,USA,2025-03-02,Facebook Ads
2022,Richard,Warren,kristin96@example.com,F,25,Jasonfort,USA,2025-02-10,Google Display
2023,Rickey,Gordon,cmartinez@example.org,M,28,Port Keith,USA,2023-10-06,Instagram Ads
2024,Virginia,Wilkinson,munozrobert@example.com,F,30,Jasonfort,USA,2024-06-10,Affiliate
2025,Andrew,Freeman,lewiskimberly@example.org,F,34,Lake Nicoleview,USA,2024-11-22,Facebook Ads
2026,Brittany,Blake,deborahturner@example.org,M,25,Lake Nicoleview,USA,2023-12-20,Instagram Ads
2027,Rachel,Mckee,tommy77@example.com,F,38,Port Colleenhaven,USA,2026-03-11,Google Search
2028,Steven,Perry,sanchezdustin@example.net,F,35,Daviston,USA,2026-04-24,Affiliate
2029,Kenneth,Brown,pblankenship@example.com,M,47,Teresaburgh,USA,2023-10-11,Google Search
2030,Kelly,Nicholson,ewilliams@example.org,F,35,East Nathaniel,USA,2024-08-07,Email
2031,James,Weeks,alexgarcia@example.net,M,63,Ramirezstad,USA,2025-09-04,Email
2032,Joseph,Johnson,crystalwatson@example.com,F,64,Wilkersonmouth,USA,2024-10-02,Facebook Ads
2033,Lauren,Stevens,justin08@example.net,M,48,South Noah,USA,2023-11-30,Facebook Ads
2034,Samuel,Freeman,estradaamy@example.net,F,55,Juliechester,USA,2025-03-29,Affiliate
2035,Carlos,Donaldson,trivera@example.com,M,49,New Stephanie,USA,2025-09-26,Email
2036,Cynthia,Thomas,christopherreyes@example.com,F,28,Port Keith,USA,2024-03-15,Email
2037,Bradley,Smith,jameshudson@example.com,M,62,East Lydiamouth,USA,2025-12-10,Affiliate
2038,Nicole,Simmons,veronica30@example.org,F,42,Robinsonshire,USA,2024-01-13,Google Search
2039,Benjamin,Acosta,robinsonrose@example.org,F,50,Ericmouth,USA,2026-04-26,Google Display
2040,Trevor,Miller,vcain@example.net,M,55,West Donald,USA,2025-09-22,Google Display
2041,Nathan,Harrison,barbara85@example.net,F,58,Ramirezstad,USA,2025-07-15,Email
2042,Alison,Contreras,linda33@example.org,F,25,Port Keith,USA,2024-11-04,Facebook Ads
2043,Joseph,Case,victor60@example.net,F,28,Robinsonshire,USA,2024-06-11,Instagram Ads
2044,Michelle,Rodriguez,angelarichard@example.org,M,39,South Patrickmouth,USA,2026-03-09,Email
2045,John,Stein,terrywilliam@example.com,M,68,Lake Nicoleview,USA,2025-10-08,Email
2046,Robert,Rivera,sanchezcindy@example.net,M,41,Port Jesseville,USA,2023-09-28,Google Search
2047,Lee,Small,bsullivan@example.org,F,58,Teresaburgh,USA,2024-10-13,Google Search
2048,Tiffany,Cook,david37@example.com,F,34,New Kellystad,USA,2026-04-29,Facebook Ads
2049,Randy,Lewis,satkinson@example.org,M,29,Ramirezstad,USA,2025-05-17,Affiliate
2050,Frederick,Moore,brittney11@example.org,M,63,Tashatown,USA,2023-10-16,Google Display
2051,Joan,Hernandez,fvasquez@example.net,M,49,East William,USA,2025-06-27,Google Search
2052,Victoria,Smith,antoniocarter@example.com,M,32,West Natashaport,USA,2025-07-30,Facebook Ads
2053,Samantha,Graves,williamspatricia@example.com,F,33,Tashatown,USA,2023-11-04,Facebook Ads
2054,Wendy,Miller,mendezlori@example.org,M,39,Teresaburgh,USA,2025-11-29,Affiliate
2055,Penny,Holloway,lrodriguez@example.com,F,45,New Jamesside,USA,2025-05-22,Email
2056,Alicia,Decker,dillon79@example.com,F,37,Ramirezstad,USA,2024-01-06,Google Search
2057,Kimberly,Robertson,sobrien@example.com,M,50,Port Jesseville,USA,2023-08-22,Google Search
2058,Melissa,Ortega,wpatrick@example.net,F,27,Port Colleenhaven,USA,2024-06-17,Google Search
2059,Desiree,Briggs,proman@example.com,F,57,Cassandraton,USA,2025-07-17,Google Search
2060,Jason,Murray,benjaminbrown@example.org,M,49,Lake Chad,USA,2023-12-26,Google Search
2061,Whitney,Martinez,campbellmarvin@example.com,M,67,East William,USA,2025-04-12,Email
2062,Jennifer,Graham,spearselizabeth@example.net,M,50,Ramirezstad,USA,2025-03-14,Email
2063,Briana,Pineda,pauladouglas@example.com,F,19,East Nathaniel,USA,2024-01-05,Google Search
2064,James,Jones,randalllinda@example.com,F,50,New Kellystad,USA,2024-02-07,Affiliate
2065,Tyler,Barrett,ubowers@example.com,F,50,New Stephanie,USA,2023-12-10,Instagram Ads
2066,Mark,Levy,wbarrett@example.net,M,58,Lake Roberto,USA,2026-02-23,Google Search
2067,Jack,Booth,stephanieperry@example.com,F,30,Port Colleenhaven,USA,2026-03-03,Google Display
2068,Matthew,Williams,johnmunoz@example.com,M,47,Herrerafurt,USA,2026-04-07,Facebook Ads
2069,Jennifer,Butler,welchjennifer@example.net,F,50,Lisatown,USA,2024-08-29,Facebook Ads
2070,Aaron,Webb,jasoncook@example.net,F,30,Lisatown,USA,2026-02-12,Facebook Ads
2071,Julie,Hill,lpreston@example.net,F,69,Coxberg,USA,2026-04-28,Instagram Ads
2072,James,Carrillo,gibsonjennifer@example.net,F,43,North John,USA,2024-05-31,Google Search
2073,Wendy,Bryant,marvin69@example.net,F,39,Jasonfort,USA,2026-06-09,Instagram Ads
2074,Bryan,Gallegos,mhickman@example.net,M,56,Tashatown,USA,2024-03-27,Email
2075,Leslie,Garza,pbaker@example.org,M,19,Ericmouth,USA,2025-12-29,Affiliate
2076,Elizabeth,Riley,hbaker@example.org,F,55,North Noahstad,USA,2023-08-31,Google Display
2077,Stephanie,Cole,dsmith@example.org,F,56,Tashatown,USA,2025-12-13,Google Display
2078,Joshua,Olsen,usmith@example.net,M,43,West Michael,USA,2025-11-27,Instagram Ads
2079,Kayla,Alvarado,nzhang@example.net,F,63,West Donald,USA,2025-07-11,Google Display
2080,Keith,Wilson,saraprice@example.net,M,67,Jasonfort,USA,2024-07-12,Google Search
2081,Amy,Gonzalez,pmiller@example.org,F,32,Danielchester,USA,2026-05-20,Facebook Ads
2082,Andrew,Anderson,gary44@example.com,M,51,Lake Nicoleview,USA,2024-01-11,Facebook Ads
2083,Ronald,Daniel,connor44@example.net,F,59,Lake Nicoleview,USA,2025-08-13,Google Display
2084,Danielle,Jones,morganfarrell@example.org,M,61,Lake Mark,USA,2026-05-28,Google Search
2085,Cameron,Townsend,tammy17@example.com,M,66,South Aaron,USA,2023-11-28,Facebook Ads
2086,Katie,Chan,edixon@example.net,F,57,North Noahstad,USA,2025-05-21,Google Search
2087,Kristen,Kelly,gomezpaul@example.org,M,28,East Lydiamouth,USA,2025-03-06,Email
2088,John,Smith,gayfrancis@example.com,F,20,Coxberg,USA,2024-01-09,Email
2089,Lisa,Nichols,writter@example.net,F,23,Jacquelineland,USA,2024-08-06,Email
2090,Matthew,Price,ggarcia@example.com,M,26,East Nathaniel,USA,2024-03-06,Instagram Ads
2091,James,Walsh,cherryjulie@example.net,F,23,Juliechester,USA,2026-05-06,Facebook Ads
2092,Kimberly,Grant,phughes@example.com,F,26,Ramirezstad,USA,2024-02-21,Affiliate
2093,Bobby,Chavez,duncanandre@example.net,F,56,East Courtneychester,USA,2026-05-06,Email
2094,Deborah,Perry,montesmichelle@example.org,F,48,Port Colleenhaven,USA,2023-12-11,Affiliate
2095,Cody,Meyer,watkinsthomas@example.net,M,49,Port Keith,USA,2026-07-13,Affiliate
2096,Jessica,Peterson,hartmandanielle@example.org,M,58,New Stephanie,USA,2024-06-24,Google Display
2097,Lynn,Carter,brownkevin@example.org,M,67,New Mariotown,USA,2025-08-18,Email
2098,Lisa,Kidd,matthew61@example.net,F,29,Adamsborough,USA,2024-08-19,Email
2099,Tyrone,Rodgers,sjohnson@example.com,M,25,South Patrickmouth,USA,2024-02-05,Instagram Ads
2100,Christopher,Taylor,coxcody@example.com,F,25,Coxberg,USA,2025-11-05,Facebook Ads
2101,Lucas,Martinez,brandimiller@example.org,M,67,West Natashaport,USA,2024-05-16,Google Display
2102,Mckenzie,Pierce,cainana@example.net,F,45,Danielchester,USA,2026-02-25,Affiliate
2103,Amy,Escobar,craig60@example.com,M,37,Ericmouth,USA,2026-04-20,Instagram Ads
2104,Robert,Barrett,joyce21@example.org,M,64,New Mariotown,USA,2026-05-23,Affiliate
2105,Brianna,Rodriguez,zwilliams@example.com,M,24,New Kellystad,USA,2024-10-04,Affiliate
2106,Daniel,Moore,christopherjackson@example.net,M,28,South Patrickmouth,USA,2026-04-19,Email
2107,Jackie,Garcia,ruizjessica@example.org,F,37,Juliechester,USA,2024-01-19,Email
2108,Susan,Shields,veronicasmith@example.net,F,33,Port Jesseville,USA,2026-03-03,Instagram Ads
2109,Barbara,Blair,travisyoung@example.com,F,21,East Lydiamouth,USA,2024-03-05,Email
2110,Elizabeth,Lee,max69@example.com,F,23,East Courtneychester,USA,2026-04-11,Affiliate
2111,Keith,Wright,mannjonathan@example.net,F,39,Ericmouth,USA,2025-01-13,Email
2112,Tiffany,Sullivan,julievazquez@example.net,M,43,North John,USA,2024-02-05,Email
2113,Danielle,Wilson,davidwilliams@example.org,F,20,Herrerafurt,USA,2025-10-11,Google Search
2114,Jessica,Sutton,tammyhill@example.org,M,58,West Donald,USA,2025-04-07,Email
2115,Denise,Love,gutierrezmatthew@example.com,M,59,East William,USA,2023-12-23,Affiliate
2116,Jennifer,Floyd,mark66@example.net,F,31,Cassandraton,USA,2025-02-05,Google Search
2117,Joshua,Alvarado,jamiegomez@example.net,M,28,Jacquelineland,USA,2026-02-12,Google Display
2118,Eileen,Burns,samuel40@example.com,F,35,Adamsborough,USA,2024-12-07,Affiliate
2119,Bryan,Small,goodmanalice@example.org,F,29,Coxberg,USA,2024-10-13,Google Display
2120,Nicole,Taylor,gregory07@example.net,F,40,Port Colleenhaven,USA,2023-09-27,Instagram Ads
2121,Shawn,Turner,shannonbarker@example.com,M,29,Lake Nicoleview,USA,2026-01-23,Instagram Ads
2122,Tabitha,Nelson,iwalker@example.org,M,30,East Nathaniel,USA,2025-11-19,Google Display
2123,Deanna,Cruz,danielgriffith@example.net,F,42,Daviston,USA,2024-04-22,Instagram Ads
2124,Corey,Atkins,julie01@example.net,F,62,Herrerafurt,USA,2026-06-01,Instagram Ads
2125,Daniel,Roach,lisa89@example.net,M,68,Lake Roberto,USA,2025-12-09,Affiliate
2126,Alyssa,White,amadden@example.org,M,36,New Kellystad,USA,2026-06-02,Affiliate
2127,Mark,Norris,jacoboconnor@example.net,F,63,East Courtneychester,USA,2025-11-01,Instagram Ads
2128,John,Ballard,courtneysantiago@example.net,M,53,Herrerafurt,USA,2025-03-28,Affiliate
2129,Michael,James,pamelanguyen@example.com,F,62,Tashatown,USA,2024-08-12,Affiliate
2130,Katherine,Patel,jperez@example.org,F,25,North John,USA,2025-08-11,Instagram Ads
2131,Dakota,Huang,robertwilliams@example.com,F,46,South Aaron,USA,2024-10-11,Google Display
2132,Wendy,Jones,ohiggins@example.net,F,49,Juliechester,USA,2024-03-09,Google Search
2133,Nathan,Johnson,hullrobert@example.com,M,68,Port Keith,USA,2025-06-21,Google Display
2134,Pamela,Orozco,petersonjoel@example.org,M,61,New Stephanie,USA,2023-10-28,Google Display
2135,John,George,bradleybarker@example.net,M,35,South Aaron,USA,2024-01-17,Google Search
2136,Katherine,Chandler,nmontoya@example.com,F,23,Port Colleenhaven,USA,2026-03-16,Email
2137,Craig,Gordon,sandyramirez@example.com,F,35,Robinsonshire,USA,2025-08-19,Facebook Ads
2138,Sarah,Mullins,anthonydavis@example.net,F,36,West Donald,USA,2025-04-04,Facebook Ads
2139,Elizabeth,Lee,jimwilliams@example.org,F,39,Ericmouth,USA,2024-02-17,Instagram Ads
2140,Jason,Anderson,cbrown@example.org,F,54,Tashatown,USA,2025-05-26,Email
2141,Anthony,Swanson,michaelsherman@example.com,M,49,Teresaburgh,USA,2026-01-17,Email
2142,Ryan,Watts,patelgabrielle@example.com,M,58,Jacquelineland,USA,2023-11-13,Google Display
2143,Kathy,Lewis,roberthamilton@example.net,M,20,Port Colleenhaven,USA,2025-12-24,Email
2144,Joseph,Meyer,olivia29@example.net,F,45,North John,USA,2025-07-10,Facebook Ads
2145,Jason,Cole,cherylnorton@example.com,F,27,Port Colleenhaven,USA,2024-06-28,Facebook Ads
2146,Catherine,Howe,gonzalezkenneth@example.net,F,68,Tashatown,USA,2024-12-08,Email
2147,Christopher,Perkins,rachelhall@example.net,F,52,New Stephanie,USA,2025-02-21,Affiliate
2148,Mercedes,Castro,lblankenship@example.net,F,46,Daviston,USA,2025-10-03,Google Search
2149,Derek,Holmes,laurenallen@example.org,F,32,Lake Mark,USA,2025-01-25,Instagram Ads
2150,Catherine,Wilkerson,ambermiller@example.net,M,50,West Natashaport,USA,2025-02-26,Affiliate
2151,Jordan,Rivera,mariawilliams@example.com,F,24,New Stephanie,USA,2026-02-03,Google Search
2152,Jamie,Pratt,hollydavis@example.org,M,29,Lake Nicoleview,USA,2025-06-01,Email
2153,Charles,Le,rojasmarc@example.org,M,66,New Stephanie,USA,2025-08-02,Facebook Ads
2154,Victoria,Morgan,cannonkimberly@example.net,F,47,North John,USA,2025-08-13,Facebook Ads
2155,Michelle,Sharp,morriskatherine@example.net,F,38,Danielchester,USA,2025-04-20,Facebook Ads
2156,Christopher,Lee,gonzalespatricia@example.net,M,48,South Aaron,USA,2024-08-28,Facebook Ads
2157,Kristin,Goodman,ballvanessa@example.com,F,41,New Jessica,USA,2024-09-05,Instagram Ads
2158,Darius,Rocha,karen42@example.org,F,37,South Noah,USA,2025-03-07,Google Search
2159,Dylan,Barnett,hmitchell@example.org,M,54,Cassandraton,USA,2023-12-30,Email
2160,Madison,Roberts,edwardstaylor@example.net,M,21,New Mariotown,USA,2024-11-05,Affiliate
2161,Anthony,Greene,stanleynina@example.com,M,45,South Patrickmouth,USA,2024-07-30,Google Search
2162,Matthew,Ward,alyssa66@example.net,M,61,New Jessica,USA,2023-11-29,Affiliate
2163,Robert,Salinas,vickiwood@example.org,M,37,Danielchester,USA,2024-08-22,Instagram Ads
2164,Lorraine,Glover,jblair@example.net,M,41,Jasonfort,USA,2023-08-30,Facebook Ads
2165,Terry,Russell,robertchase@example.net,M,67,West Natashaport,USA,2024-12-03,Instagram Ads
2166,Michael,Lutz,davidbrown@example.org,F,66,Daviston,USA,2026-04-30,Google Display
2167,Michelle,King,zamorarose@example.net,M,68,South Patrickmouth,USA,2023-07-23,Affiliate
2168,Connie,Green,amywells@example.org,M,49,Ramirezstad,USA,2025-02-02,Email
2169,Nicholas,Gallagher,rossjohn@example.net,F,58,Lisatown,USA,2023-09-27,Affiliate
2170,Heather,Montgomery,jessica89@example.net,F,53,Cassandraton,USA,2025-07-20,Facebook Ads
2171,Jessica,Russell,andrewsuarez@example.net,M,51,Tashatown,USA,2023-12-08,Google Display
2172,Jennifer,Kirk,tlewis@example.com,F,53,East Lydiamouth,USA,2023-10-16,Google Display
2173,Morgan,Short,sonia62@example.com,M,19,Juliechester,USA,2026-05-19,Affiliate
2174,Nathaniel,Roberts,lopezkristina@example.net,F,32,Lake Nicoleview,USA,2025-07-27,Google Search
2175,Matthew,Vega,james01@example.com,M,51,Teresaburgh,USA,2024-09-03,Google Display
2176,Robert,Ramirez,william88@example.org,M,53,Lake Mark,USA,2025-11-10,Google Display
2177,Jessica,Richardson,mariahill@example.net,F,23,Adamsborough,USA,2026-06-17,Email
2178,Steven,Decker,nunezmatthew@example.com,M,56,North Noahstad,USA,2025-08-08,Email
2179,Brian,Farrell,jamesrobinson@example.com,F,59,East Courtneychester,USA,2024-02-15,Email
2180,Alicia,Matthews,fosterjeffrey@example.org,F,68,Jasonfort,USA,2025-12-17,Google Search
2181,Christopher,Dawson,ufox@example.org,F,68,North Noahstad,USA,2025-03-05,Google Search
2182,Catherine,Gonzalez,mccoyjames@example.org,F,29,Tashatown,USA,2023-12-12,Affiliate
2183,Dawn,Key,khanmelissa@example.net,M,20,New Mariotown,USA,2023-10-10,Instagram Ads
2184,Christopher,Brady,uchang@example.com,F,62,Port Keith,USA,2023-10-30,Google Search
2185,Susan,Garrison,smithjack@example.org,M,35,East William,USA,2026-07-15,Facebook Ads
2186,Anthony,Rodriguez,irodriguez@example.net,M,57,Daviston,USA,2025-02-11,Facebook Ads
2187,Alexander,Barker,thomas74@example.net,M,38,South Patrickmouth,USA,2024-05-23,Google Search
2188,Tiffany,Wilson,nrangel@example.net,M,32,Lake Mark,USA,2024-03-08,Google Search
2189,Micheal,Conner,normajones@example.net,M,50,Robinsonshire,USA,2023-10-03,Facebook Ads
2190,David,Fox,daniel43@example.org,M,52,Lisatown,USA,2024-09-25,Email
2191,Thomas,Massey,katherinerussell@example.org,M,43,West Natashaport,USA,2025-12-27,Affiliate
2192,Eric,Lewis,charleshayes@example.com,M,25,Cassandraton,USA,2024-07-22,Facebook Ads
2193,Chase,Scott,dominguezmeredith@example.com,M,53,Juliechester,USA,2023-12-07,Affiliate
2194,Amanda,Shepard,gallegoscrystal@example.com,M,65,Cassandraton,USA,2024-04-03,Affiliate
2195,Selena,Patterson,stonecody@example.net,M,47,New Jessica,USA,2023-12-06,Google Search
2196,Kimberly,Smith,acevedonancy@example.org,F,40,Lake Roberto,USA,2025-02-07,Affiliate
2197,James,Myers,meyerskathryn@example.com,F,59,South Noah,USA,2024-01-02,Google Display
2198,Stanley,Flores,corythompson@example.org,F,61,New Jessica,USA,2024-04-21,Instagram Ads
2199,Matthew,Williams,lhicks@example.com,M,31,South Noah,USA,2025-04-04,Facebook Ads
2200,Todd,Boone,phines@example.org,F,31,Juliechester,USA,2025-05-28,Google Search
2201,Tracey,Guerra,kara01@example.org,M,19,New Jessica,USA,2024-06-15,Google Search
2202,Angela,Leon,vdeleon@example.com,M,54,South Patrickmouth,USA,2024-04-03,Facebook Ads
2203,Michelle,Durham,ricklewis@example.net,F,22,Port Jesseville,USA,2024-08-31,Email
2204,Jennifer,Brown,shannon09@example.org,F,55,Port Keith,USA,2025-01-24,Affiliate
2205,Victoria,Carpenter,prattjustin@example.org,F,62,North Noahstad,USA,2026-05-07,Instagram Ads
2206,Jennifer,Chavez,brandi26@example.net,F,58,Ramirezstad,USA,2025-08-29,Email
2207,Cindy,Garrett,qkane@example.com,M,64,South Patrickmouth,USA,2026-01-12,Affiliate
2208,Darlene,Malone,hdavis@example.com,F,31,North Noahstad,USA,2023-12-24,Facebook Ads
2209,Kristen,Riley,dylancunningham@example.com,M,56,Lake Roberto,USA,2023-08-10,Email
2210,Vincent,Collins,stephaniezamora@example.org,F,42,South Patrickmouth,USA,2024-02-05,Facebook Ads
2211,Kimberly,Weiss,kimberly66@example.net,F,37,New Kellystad,USA,2025-03-22,Affiliate
2212,Sharon,Russell,branchthomas@example.com,M,19,Robinsonshire,USA,2025-06-18,Affiliate
2213,Stephen,Butler,maygordon@example.org,F,56,South Noah,USA,2024-06-21,Instagram Ads
2214,Sherry,Ramsey,markbates@example.com,F,23,Coxberg,USA,2025-06-29,Email
2215,Rachel,Meyer,hufftina@example.org,M,34,South Aaron,USA,2026-03-27,Affiliate
2216,Susan,Clay,jarvisrachel@example.net,F,42,Lake Nicoleview,USA,2025-05-16,Google Display
2217,Matthew,Dunn,richardhines@example.net,F,45,Lake Roberto,USA,2025-07-28,Email
2218,Ryan,Adams,wberry@example.com,M,19,East William,USA,2025-06-07,Google Display
2219,Sandra,Robinson,gstokes@example.net,F,52,Cassandraton,USA,2026-01-13,Email
2220,Nicole,Miranda,ashley14@example.org,F,54,Jasonfort,USA,2025-11-15,Affiliate
2221,Raymond,Hernandez,melissa40@example.org,F,22,Coxberg,USA,2026-01-15,Facebook Ads
2222,Frank,Goodwin,smithmelissa@example.com,M,18,West Donald,USA,2025-05-06,Email
2223,Rebecca,Price,wilsontina@example.com,F,57,Ericmouth,USA,2025-01-20,Google Display
2224,Charles,Barnett,madison00@example.org,F,29,Port Jesseville,USA,2024-09-01,Instagram Ads
2225,Brian,Wong,cartercatherine@example.net,M,53,Juliechester,USA,2024-07-04,Affiliate
2226,Shawn,Ayala,monicaavery@example.net,M,62,East Lydiamouth,USA,2024-10-10,Affiliate
2227,Douglas,Blair,dananelson@example.com,F,40,North Noahstad,USA,2024-11-11,Affiliate
2228,Carol,Myers,kleinshane@example.org,F,64,Danielchester,USA,2025-09-20,Facebook Ads
2229,Kathryn,Jenkins,caitlyncooper@example.net,F,48,Port Jesseville,USA,2025-12-09,Instagram Ads
2230,Julie,Vasquez,dlivingston@example.org,M,28,Port Jesseville,USA,2025-03-28,Facebook Ads
2231,Sarah,Jones,andrew88@example.com,M,27,Danielchester,USA,2023-09-29,Google Display
2232,James,Harris,christopheranderson@example.com,M,20,Port Colleenhaven,USA,2024-08-13,Affiliate
2233,Sarah,Harris,irodriguez@example.org,F,31,Danielchester,USA,2024-12-07,Email
2234,Jamie,Ferrell,erikamiller@example.org,F,33,New Jamesside,USA,2023-07-18,Facebook Ads
2235,Daniel,Christensen,mandypetty@example.com,F,27,Lisatown,USA,2023-12-10,Google Search
2236,Tyler,Berry,nicholas33@example.com,M,46,Coxberg,USA,2023-10-07,Facebook Ads
2237,Elizabeth,Phillips,brittany29@example.com,M,27,Teresaburgh,USA,2023-09-08,Google Display
2238,Michelle,Carter,dudleycody@example.com,M,29,New Mariotown,USA,2024-05-25,Instagram Ads
2239,Brian,Hayes,marilyn67@example.net,M,47,Robinsonshire,USA,2023-11-13,Affiliate
2240,Donald,Ford,kcontreras@example.org,M,58,Danielchester,USA,2023-10-08,Affiliate
2241,Mary,Fowler,lshannon@example.net,M,18,Lake Nicoleview,USA,2026-01-09,Email
2242,Curtis,Lee,ijackson@example.com,M,22,Jacquelineland,USA,2025-09-30,Affiliate
2243,Travis,Simon,bhall@example.org,M,37,East William,USA,2026-03-02,Instagram Ads
2244,Amber,Mcdowell,amyferrell@example.com,M,25,East Lydiamouth,USA,2023-08-18,Facebook Ads
2245,Jeremy,Christensen,vasquezjacqueline@example.net,F,60,North John,USA,2025-09-13,Instagram Ads
2246,Roy,Becker,chavezisabel@example.com,M,29,North Noahstad,USA,2026-02-15,Facebook Ads
2247,Tyler,Mccullough,michellesmith@example.org,F,18,West Natashaport,USA,2024-09-02,Email
2248,Douglas,Hopkins,henrysoto@example.com,M,37,Lake Roberto,USA,2025-07-25,Instagram Ads
2249,Christopher,Long,alexis58@example.com,F,45,Jasonfort,USA,2026-05-10,Affiliate
2250,Gloria,Sullivan,jessicamills@example.org,F,60,Adamsborough,USA,2023-10-05,Facebook Ads
2251,Ashley,Murphy,wnovak@example.net,M,54,Adamsborough,USA,2026-05-29,Instagram Ads
2252,Angela,Ferguson,joe99@example.net,M,64,New Mariotown,USA,2024-05-29,Instagram Ads
2253,Amy,Smith,davidsellers@example.com,F,54,Lake Roberto,USA,2025-12-09,Facebook Ads
2254,Stephanie,Holt,eileendaniels@example.net,F,29,New Kellystad,USA,2025-05-03,Google Display
2255,Heather,Romero,deborah49@example.com,M,54,West Donald,USA,2026-01-30,Email
2256,Chelsea,Spencer,hollandjustin@example.com,M,66,South Patrickmouth,USA,2025-06-03,Instagram Ads
2257,William,Rivers,dominguezscott@example.com,M,66,Herrerafurt,USA,2026-04-25,Facebook Ads
2258,Joe,Stephens,mmyers@example.net,F,61,Lake Chad,USA,2025-11-06,Facebook Ads
2259,Diane,Johnson,xhill@example.org,F,45,Ericmouth,USA,2026-06-08,Facebook Ads
2260,Bryan,Burton,isimpson@example.com,M,64,Port Keith,USA,2024-09-11,Facebook Ads
2261,Edward,Hanson,twagner@example.org,F,32,Daviston,USA,2026-01-20,Affiliate
2262,David,Black,troybrady@example.net,F,23,Herrerafurt,USA,2025-02-20,Instagram Ads
2263,Erin,Smith,faithsparks@example.com,M,61,South Noah,USA,2023-09-12,Email
2264,Joseph,Johnson,karla66@example.net,F,37,Daviston,USA,2025-05-27,Instagram Ads
2265,Gina,Carroll,nunezgary@example.net,M,67,North John,USA,2024-01-26,Affiliate
2266,Julie,Phelps,john86@example.com,M,31,West Natashaport,USA,2025-04-28,Instagram Ads
2267,James,Gomez,jacob32@example.net,F,19,North John,USA,2025-02-20,Facebook Ads
2268,Barbara,Adams,ogreer@example.org,F,26,Wilkersonmouth,USA,2025-03-07,Google Display
2269,Rachel,Armstrong,petersonfrank@example.org,M,54,East Nathaniel,USA,2025-08-06,Instagram Ads
2270,Sabrina,Lopez,jennifer72@example.com,M,37,Cassandraton,USA,2024-09-16,Email
2271,Tanya,Jackson,mirandawalker@example.net,M,43,North John,USA,2025-05-14,Google Search
2272,Glenda,Garcia,castropeter@example.com,M,46,Tashatown,USA,2023-08-15,Affiliate
2273,Debbie,Stone,jherring@example.com,M,18,South Noah,USA,2023-08-04,Facebook Ads
2274,Luke,Freeman,mallory30@example.org,M,52,Cassandraton,USA,2024-06-18,Instagram Ads
2275,Cindy,Rich,housedaniel@example.com,F,23,Danielchester,USA,2025-05-04,Instagram Ads
2276,Fred,Gonzalez,brandi40@example.org,M,54,Robinsonshire,USA,2026-01-22,Facebook Ads
2277,Jason,Parker,kelly15@example.com,F,22,Lake Mark,USA,2024-02-24,Instagram Ads
2278,Jay,Thompson,lisaalvarez@example.net,F,50,New Jessica,USA,2023-11-01,Google Search
2279,Lauren,West,brandon94@example.org,F,66,Robinsonshire,USA,2025-08-20,Facebook Ads
2280,Dawn,Rodriguez,johnsonmichael@example.com,M,68,Port Colleenhaven,USA,2024-09-09,Instagram Ads
2281,Allison,Bright,mhoffman@example.net,M,31,New Jamesside,USA,2026-01-18,Google Display
2282,Katherine,Smith,david88@example.net,M,29,Lake Roberto,USA,2026-02-10,Instagram Ads
2283,Michael,Martin,savannahgrant@example.com,F,59,New Mariotown,USA,2024-10-16,Email
2284,Stephanie,Shields,csparks@example.net,F,37,Daviston,USA,2024-11-13,Instagram Ads
2285,Kenneth,Jackson,gmccarthy@example.com,F,67,West Michael,USA,2026-06-29,Facebook Ads
2286,Patricia,Ramirez,jessica65@example.com,F,41,West Michael,USA,2025-11-27,Facebook Ads
2287,Mckenzie,Roberts,kevinmendez@example.org,M,60,Daviston,USA,2026-06-12,Instagram Ads
2288,Lisa,Patterson,anthony00@example.org,F,51,West Michael,USA,2024-01-04,Facebook Ads
2289,Kurt,Fowler,charlesyoung@example.net,F,42,New Mariotown,USA,2026-03-05,Google Display
2290,Nicole,Wilcox,miranda13@example.org,M,67,East Courtneychester,USA,2024-07-07,Instagram Ads
2291,Timothy,Boyd,lpeters@example.net,M,46,North John,USA,2023-11-05,Google Display
2292,Kevin,Rosales,ncruz@example.net,M,56,Juliechester,USA,2025-01-05,Google Search
2293,Victor,Jefferson,rodneynolan@example.com,M,48,Tashatown,USA,2025-09-13,Affiliate
2294,Kelly,Gutierrez,andersonmeghan@example.net,M,64,Wilkersonmouth,USA,2025-08-27,Google Search
2295,Samantha,Roberts,foxlinda@example.org,M,60,Jasonfort,USA,2025-08-31,Instagram Ads
2296,Lindsey,Rodriguez,jamesbrown@example.org,M,67,New Stephanie,USA,2025-05-12,Facebook Ads
2297,Natasha,Brewer,claire06@example.net,F,40,Herrerafurt,USA,2023-07-26,Facebook Ads
2298,Christopher,Sanchez,tracy38@example.com,F,61,Tashatown,USA,2024-07-30,Google Display
2299,Amanda,Wang,fstone@example.net,M,55,Jasonfort,USA,2024-11-28,Instagram Ads
2300,Kristin,Yoder,qmarshall@example.net,F,37,West Natashaport,USA,2026-06-18,Instagram Ads
2301,Anna,Baker,nicholashuffman@example.org,M,40,New Stephanie,USA,2024-07-08,Email
2302,Christine,Dixon,qreyes@example.net,M,62,Ericmouth,USA,2024-04-07,Google Display
2303,Curtis,Brown,jenniferhorne@example.net,F,69,Ramirezstad,USA,2024-12-12,Email
2304,Bryan,Mcdaniel,scottlove@example.org,F,33,Tashatown,USA,2026-04-27,Google Search
2305,Diana,Levy,nguyengerald@example.net,M,67,East Courtneychester,USA,2026-05-29,Affiliate
2306,Renee,Lewis,gkeith@example.net,M,59,Jacquelineland,USA,2024-10-28,Google Search
2307,Mark,Nash,bowmanjoel@example.net,F,25,New Mariotown,USA,2023-12-22,Instagram Ads
2308,Peggy,Nguyen,jacqueline39@example.net,M,67,New Stephanie,USA,2024-02-25,Facebook Ads
2309,Angela,Parker,umartinez@example.net,F,38,Robinsonshire,USA,2024-12-06,Facebook Ads
2310,Julia,Snyder,lindseyroberts@example.org,F,18,South Aaron,USA,2025-04-03,Facebook Ads
2311,Jose,King,ucarr@example.org,F,25,Teresaburgh,USA,2024-01-31,Google Display
2312,Sean,Summers,ksmith@example.org,F,46,North Noahstad,USA,2024-11-11,Google Display
2313,Fernando,Rivera,fwolf@example.net,F,49,Jacquelineland,USA,2023-11-18,Facebook Ads
2314,Tracy,Woodard,devon88@example.org,M,55,Daviston,USA,2023-12-08,Instagram Ads
2315,Anthony,Leonard,taylormichael@example.net,M,22,Wilkersonmouth,USA,2025-11-30,Google Search
2316,Michelle,Kelley,benjaminwilliams@example.net,M,64,Ericmouth,USA,2025-01-03,Facebook Ads
2317,Lisa,Parks,gstone@example.net,F,39,East Lydiamouth,USA,2024-11-09,Instagram Ads
2318,Frances,Steele,elizabeth52@example.org,F,64,New Stephanie,USA,2025-06-15,Affiliate
2319,Preston,Brown,harrisjoshua@example.com,M,51,Tashatown,USA,2024-04-01,Google Display
2320,Paul,Miller,daniel15@example.org,M,18,Coxberg,USA,2026-05-28,Instagram Ads
2321,Monica,Duncan,johnsonedward@example.net,F,43,Tashatown,USA,2024-01-17,Affiliate
2322,Sara,Mcmahon,elizabeth14@example.org,M,60,Lake Roberto,USA,2024-12-22,Google Display
2323,Desiree,Moss,brianmorrow@example.org,F,27,Teresaburgh,USA,2025-04-09,Facebook Ads
2324,Victoria,Miller,hdavis@example.org,F,47,East Courtneychester,USA,2024-09-26,Google Search
2325,Cynthia,Dennis,clarkdavid@example.net,M,67,Ericmouth,USA,2026-04-25,Email
2326,Susan,Ortiz,brianobrien@example.net,F,35,Lisatown,USA,2025-07-25,Email
2327,Darren,Reyes,andersonhenry@example.org,F,34,Lisatown,USA,2025-05-24,Facebook Ads
2328,Anthony,Taylor,dorothy87@example.org,F,43,West Donald,USA,2024-02-19,Google Display
2329,Cindy,Blair,carterjames@example.com,M,25,West Donald,USA,2024-07-21,Google Search
2330,Amanda,Guerrero,qcurtis@example.com,M,64,East Nathaniel,USA,2025-11-15,Affiliate
2331,Dale,Duran,gregory14@example.org,M,57,East Nathaniel,USA,2025-11-29,Affiliate
2332,Felicia,Garrett,sandraheath@example.net,M,66,Herrerafurt,USA,2025-07-15,Google Search
2333,Tina,Hernandez,nicholas09@example.org,M,29,Port Colleenhaven,USA,2025-08-23,Facebook Ads
2334,Michael,Ponce,efranco@example.net,F,44,New Mariotown,USA,2025-10-01,Affiliate
2335,Aaron,Galvan,david97@example.org,M,25,West Michael,USA,2025-11-14,Google Search
2336,Jeremy,Chavez,joshuacoleman@example.com,F,42,South Noah,USA,2025-03-11,Email
2337,Amber,Hughes,jasonjohnson@example.org,F,63,South Noah,USA,2026-03-17,Facebook Ads
2338,Kimberly,Johnson,bconrad@example.org,M,21,West Donald,USA,2024-08-17,Google Search
2339,Fernando,Hall,kramirez@example.net,F,50,Danielchester,USA,2025-05-26,Email
2340,Scott,Griffith,reynoldsmichelle@example.org,M,18,Lake Nicoleview,USA,2024-10-11,Affiliate
2341,David,Heath,petersonjose@example.org,F,36,South Patrickmouth,USA,2026-01-10,Email
2342,Gabrielle,May,jacquelinedelacruz@example.org,F,48,Lake Roberto,USA,2024-04-16,Instagram Ads
2343,David,Jensen,kfrye@example.net,F,33,Ericmouth,USA,2024-11-23,Facebook Ads
2344,Rodney,Buchanan,woodbrittany@example.com,F,31,Port Keith,USA,2024-08-28,Google Search
2345,Ronald,Thompson,johnskinner@example.org,M,65,North Noahstad,USA,2026-01-20,Instagram Ads
2346,John,Hamilton,williamsbrian@example.org,F,22,Cassandraton,USA,2025-12-07,Affiliate
2347,Willie,Williams,shafferjill@example.com,M,58,Danielchester,USA,2025-03-16,Instagram Ads
2348,Craig,Ross,burnsrodney@example.org,M,43,Teresaburgh,USA,2025-03-05,Affiliate
2349,Zachary,Burnett,seth29@example.org,M,45,Lake Mark,USA,2026-02-23,Google Display
2350,Daniel,Cooper,fordjames@example.org,M,19,Lake Nicoleview,USA,2024-10-07,Google Search
2351,Cristian,Brown,martinnovak@example.com,F,67,South Patrickmouth,USA,2024-08-16,Affiliate
2352,Alyssa,Hill,james62@example.org,M,23,Lake Mark,USA,2025-08-27,Instagram Ads
2353,Angel,Cunningham,michaelvillarreal@example.net,M,26,New Jamesside,USA,2024-08-10,Instagram Ads
2354,Ronald,Jordan,tyler31@example.net,F,50,Daviston,USA,2023-07-23,Email
2355,James,Lambert,catherinemoore@example.com,F,58,Adamsborough,USA,2026-04-23,Google Display
2356,Mary,Preston,fmorrow@example.com,F,42,Tashatown,USA,2025-04-19,Google Search
2357,Alicia,Rivas,dsmith@example.com,M,65,East Lydiamouth,USA,2024-10-01,Instagram Ads
2358,Ronald,Collins,courtney01@example.org,F,30,West Michael,USA,2023-09-11,Google Display
2359,Brianna,Estrada,sloanbenjamin@example.net,F,26,Lake Mark,USA,2025-07-04,Facebook Ads
2360,Brenda,Stephens,hooveranna@example.net,M,30,Wilkersonmouth,USA,2026-02-12,Google Search
2361,Crystal,Adams,edwardselizabeth@example.net,F,48,Lake Chad,USA,2023-09-28,Email
2362,Kristen,Williams,mortonkenneth@example.net,M,58,Port Colleenhaven,USA,2026-01-03,Google Search
2363,Sarah,Foster,pfowler@example.org,M,28,Port Keith,USA,2024-02-20,Affiliate
2364,Brittany,Jennings,jreyes@example.net,M,21,Lake Chad,USA,2024-06-02,Instagram Ads
2365,Robert,Reyes,hernandeztodd@example.org,M,51,Robinsonshire,USA,2024-12-30,Google Search
2366,Ashley,Wright,kathleenkim@example.org,M,55,South Patrickmouth,USA,2025-10-02,Google Search
2367,Tammy,Santiago,brandi19@example.com,F,63,Port Keith,USA,2025-12-18,Instagram Ads
2368,Carl,Carson,frederick62@example.org,M,21,Adamsborough,USA,2024-03-08,Google Search
2369,Brent,Murray,danieljenkins@example.org,M,55,West Donald,USA,2025-07-11,Google Display
2370,Donna,Mccoy,cody81@example.org,M,36,Port Colleenhaven,USA,2024-08-25,Google Search
2371,Jacqueline,Gilbert,hlester@example.org,M,23,New Jamesside,USA,2026-06-21,Google Display
2372,Sydney,Simon,sarah80@example.org,F,51,New Kellystad,USA,2026-06-15,Google Display
2373,Sarah,Shannon,amanda21@example.com,F,35,New Kellystad,USA,2026-05-20,Facebook Ads
2374,Nicole,Boyd,ashleyalexander@example.net,F,30,Lake Mark,USA,2024-08-30,Google Display
2375,Sarah,Ryan,cainjordan@example.org,F,58,New Stephanie,USA,2024-10-18,Affiliate
2376,Luke,Estrada,meganjames@example.org,M,40,New Stephanie,USA,2024-06-10,Affiliate
2377,Richard,Duran,villawilliam@example.com,F,36,Jasonfort,USA,2025-07-26,Affiliate
2378,Brittany,Moody,gcastro@example.org,M,62,Lake Nicoleview,USA,2024-12-06,Facebook Ads
2379,Karen,Lane,dbeck@example.com,M,28,East Nathaniel,USA,2023-09-03,Facebook Ads
2380,Michael,Reeves,rebecca19@example.com,F,18,New Jamesside,USA,2023-11-18,Google Display
2381,Ronald,Snyder,gregorymitchell@example.net,M,41,South Patrickmouth,USA,2025-03-15,Google Search
2382,Jeffrey,Sharp,daniel79@example.net,M,24,Adamsborough,USA,2025-07-21,Facebook Ads
2383,Raymond,Carter,dyersara@example.net,M,42,New Mariotown,USA,2025-06-18,Email
2384,Mary,Bennett,jenniferwalls@example.com,M,38,South Noah,USA,2023-08-15,Instagram Ads
2385,Shawn,Edwards,wallaceeric@example.com,M,32,Ericmouth,USA,2023-11-07,Email
2386,Douglas,Zavala,bethany36@example.com,F,18,Ericmouth,USA,2025-03-03,Email
2387,David,Shaw,josephross@example.net,F,29,Port Jesseville,USA,2025-01-17,Google Display
2388,Christina,Beard,tracifoster@example.org,F,24,West Natashaport,USA,2026-07-07,Email
2389,Karen,Wallace,colemancindy@example.org,M,32,West Donald,USA,2023-10-23,Google Display
2390,Charles,Lutz,williskatherine@example.net,M,38,East Courtneychester,USA,2024-04-15,Google Search
2391,Donna,Benitez,yolandamarks@example.net,F,36,West Donald,USA,2024-10-06,Facebook Ads
2392,Jesse,Alvarez,vkline@example.org,F,46,Wilkersonmouth,USA,2026-06-27,Google Search
2393,Bradley,Scott,moraleskimberly@example.net,F,42,South Patrickmouth,USA,2023-08-11,Email
2394,Gabriel,Knox,karen72@example.com,M,50,Ramirezstad,USA,2023-12-01,Affiliate
2395,Connor,Stewart,marksheidi@example.com,F,66,Daviston,USA,2023-08-17,Google Display
2396,Ashley,Morales,harrisonjoy@example.net,F,49,Lake Chad,USA,2023-09-27,Affiliate
2397,Zachary,Graves,paynestephanie@example.net,F,66,Daviston,USA,2023-07-21,Instagram Ads
2398,Richard,Whitaker,collinmiller@example.com,M,52,New Kellystad,USA,2024-10-13,Instagram Ads
2399,Melanie,Garcia,marydean@example.com,F,61,Lake Nicoleview,USA,2025-06-03,Email
2400,Stacey,Gardner,hollyperkins@example.net,F,55,Lake Roberto,USA,2025-05-25,Email
2401,Scott,Conrad,sbradley@example.org,F,43,Ericmouth,USA,2024-07-10,Facebook Ads
2402,Brianna,Werner,rodriguezchristina@example.net,F,28,South Noah,USA,2025-05-04,Google Display
2403,Henry,Kirk,pvang@example.net,M,52,East Nathaniel,USA,2026-04-30,Google Display
2404,Pamela,Williams,joneschristian@example.net,M,25,Port Jesseville,USA,2025-09-23,Instagram Ads
2405,Jeremy,Carlson,uclark@example.org,F,63,Lake Mark,USA,2024-10-10,Email
2406,Jenna,Martinez,mark90@example.com,F,31,Robinsonshire,USA,2024-12-31,Google Search
2407,Brandon,Wheeler,lindsay48@example.net,F,27,Danielchester,USA,2024-04-17,Email
2408,Brandon,Knapp,rfleming@example.net,F,19,West Michael,USA,2026-02-16,Facebook Ads
2409,Christina,Reynolds,ywilliams@example.com,M,63,New Kellystad,USA,2024-04-30,Google Search
2410,Alexis,Gibbs,leroy57@example.com,F,26,Lake Nicoleview,USA,2024-07-24,Facebook Ads
2411,Patricia,Duncan,kayla33@example.net,F,20,Daviston,USA,2025-12-16,Instagram Ads
2412,Anthony,Anderson,jonathan66@example.org,F,38,Jacquelineland,USA,2026-02-08,Facebook Ads
2413,Jack,Barnes,brian65@example.net,M,43,South Noah,USA,2025-05-14,Google Display
2414,Jeremy,Brown,lmartin@example.org,M,25,West Natashaport,USA,2024-01-25,Affiliate
2415,Kelly,Richmond,epatterson@example.net,F,65,New Mariotown,USA,2025-07-06,Google Display
2416,Lance,Taylor,christina60@example.org,F,19,New Jessica,USA,2023-10-12,Affiliate
2417,Juan,Lucero,watsonteresa@example.net,F,23,Cassandraton,USA,2025-12-27,Google Search
2418,John,Robles,aholder@example.net,M,45,New Jessica,USA,2023-08-03,Instagram Ads
2419,Thomas,Black,folson@example.net,M,46,New Kellystad,USA,2023-12-05,Google Search
2420,Nancy,Thompson,scott04@example.com,F,43,Herrerafurt,USA,2023-12-12,Google Search
2421,Jennifer,Sparks,daniellecoleman@example.org,M,42,Lisatown,USA,2025-09-25,Google Search
2422,Samantha,Brown,jeremy75@example.org,F,29,Daviston,USA,2024-10-31,Affiliate
2423,Heather,Blair,murraymichael@example.net,F,22,Lisatown,USA,2024-01-19,Google Search
2424,Tonya,Gould,kylemartinez@example.net,F,51,Teresaburgh,USA,2025-08-17,Affiliate
2425,Jesse,Nguyen,michael40@example.org,M,65,South Aaron,USA,2025-07-27,Instagram Ads
2426,Ruben,Torres,justin75@example.net,M,54,North Noahstad,USA,2023-12-24,Email
2427,James,Beard,taylorjames@example.net,M,32,Port Colleenhaven,USA,2026-07-01,Google Search
2428,Justin,Medina,nfleming@example.net,F,61,East Lydiamouth,USA,2025-12-27,Google Search
2429,Christopher,Gonzales,pduran@example.net,F,53,North Noahstad,USA,2024-06-03,Email
2430,Darlene,Newton,ecohen@example.com,F,32,New Kellystad,USA,2024-08-08,Facebook Ads
2431,Alexander,Daniels,lawsonpaul@example.org,M,60,Teresaburgh,USA,2026-01-09,Google Search
2432,Jonathan,Espinoza,arthurlynch@example.org,F,65,Danielchester,USA,2024-07-08,Google Display
2433,Amy,Gallegos,claudia35@example.org,F,40,Lake Chad,USA,2026-03-09,Facebook Ads
2434,Alexander,Hodge,robertsonjennifer@example.com,M,23,New Kellystad,USA,2024-11-11,Email
2435,William,Palmer,kirbymichael@example.org,M,63,Port Jesseville,USA,2024-05-18,Email
2436,Jonathan,Santiago,jose60@example.net,M,67,Daviston,USA,2024-03-04,Google Display
2437,Amanda,Ward,alvarezchristine@example.com,M,61,Cassandraton,USA,2025-08-28,Instagram Ads
2438,Andrea,Smith,john91@example.org,M,60,Lake Nicoleview,USA,2025-02-25,Google Search
2439,Susan,Hunt,morgan69@example.net,F,62,West Donald,USA,2025-04-12,Instagram Ads
2440,Vanessa,Rose,nicoleduran@example.net,F,38,West Natashaport,USA,2023-09-22,Email
2441,Victoria,Edwards,marygarcia@example.com,F,40,Port Keith,USA,2025-08-02,Affiliate
2442,Jon,Hall,hensleyvalerie@example.net,F,60,New Jamesside,USA,2025-10-14,Affiliate
2443,Patrick,King,david38@example.net,M,33,West Michael,USA,2024-03-22,Instagram Ads
2444,Shannon,Boyd,ashleygarcia@example.org,M,64,West Michael,USA,2026-07-01,Google Search
2445,Donna,Porter,kmora@example.net,M,32,Ramirezstad,USA,2024-03-04,Instagram Ads
2446,Gerald,Camacho,josephangela@example.org,M,42,East Courtneychester,USA,2024-01-17,Affiliate
2447,David,Velasquez,lopezgregory@example.org,M,53,Lake Roberto,USA,2023-08-04,Facebook Ads
2448,Heather,Cruz,cgray@example.org,F,28,East Courtneychester,USA,2025-01-24,Facebook Ads
2449,Crystal,Powers,hespinoza@example.org,M,68,North Noahstad,USA,2025-03-09,Facebook Ads
2450,Lisa,Lopez,srobles@example.org,M,32,Lake Nicoleview,USA,2026-04-18,Facebook Ads
2451,Joe,Tran,debra19@example.net,F,21,Robinsonshire,USA,2025-10-22,Facebook Ads
2452,Kristi,Hill,jamesparker@example.net,F,38,East William,USA,2024-06-28,Facebook Ads
2453,Erica,Davis,gonzalezkendra@example.org,M,30,West Natashaport,USA,2024-11-29,Instagram Ads
2454,Karen,Moon,woodlisa@example.com,M,39,Port Keith,USA,2026-05-26,Affiliate
2455,Brianna,Kim,riverarebecca@example.org,F,36,New Jamesside,USA,2024-11-06,Facebook Ads
2456,Teresa,Barnett,eadams@example.org,M,51,South Noah,USA,2026-04-04,Email
2457,Phillip,Watson,fletcherjanet@example.org,F,31,Wilkersonmouth,USA,2026-07-03,Instagram Ads
2458,Aaron,Griffin,craig99@example.com,M,21,South Aaron,USA,2025-11-10,Email
2459,Terrance,Mills,richardsonanna@example.org,M,65,North Noahstad,USA,2024-10-31,Email
2460,Amy,Phillips,nicholasswanson@example.net,M,69,Teresaburgh,USA,2025-05-29,Instagram Ads
2461,Erik,Lawson,riceamber@example.net,M,63,Lake Mark,USA,2025-03-17,Instagram Ads
2462,Rachael,Knight,rrice@example.net,M,44,North Noahstad,USA,2025-06-19,Instagram Ads
2463,Kimberly,Jones,watsonbrittany@example.org,F,46,West Donald,USA,2024-08-18,Affiliate
2464,Megan,Hudson,andrewmiller@example.com,M,64,South Patrickmouth,USA,2026-03-09,Affiliate
2465,Kathryn,Howard,omarturner@example.org,M,45,Port Keith,USA,2025-03-15,Google Search
2466,Adam,Acevedo,sarah17@example.com,F,52,East Courtneychester,USA,2024-07-19,Instagram Ads
2467,Leonard,Bernard,lambertdevin@example.com,M,25,Daviston,USA,2024-09-12,Facebook Ads
2468,Jackson,Jones,juanfranklin@example.net,F,33,Cassandraton,USA,2024-10-01,Google Display
2469,Devin,Adams,donaldhahn@example.com,M,59,Teresaburgh,USA,2025-01-29,Instagram Ads
2470,Charles,Brown,jennifer54@example.org,F,53,West Donald,USA,2023-11-10,Affiliate
2471,Angela,Becker,todd05@example.com,F,47,East Nathaniel,USA,2025-11-18,Affiliate
2472,David,Kirk,davidkane@example.com,M,35,Ericmouth,USA,2026-01-13,Google Search
2473,Jennifer,Smith,brownreginald@example.net,F,19,Cassandraton,USA,2026-03-28,Google Display
2474,Robert,Sampson,gbraun@example.org,F,66,Tashatown,USA,2026-04-20,Email
2475,Cheryl,Clay,adam17@example.net,F,30,South Patrickmouth,USA,2025-07-01,Instagram Ads
2476,Rita,Black,haleylove@example.org,F,21,Lake Mark,USA,2023-10-24,Google Display
2477,Victoria,Jones,adam10@example.com,M,43,Lake Roberto,USA,2026-05-16,Google Display
2478,Darlene,Mullins,davisautumn@example.org,F,42,Port Keith,USA,2025-05-17,Facebook Ads
2479,Megan,Blackwell,zavaladiane@example.com,F,47,North Noahstad,USA,2024-02-06,Google Display
2480,Christopher,Beard,jeremy70@example.net,F,28,Teresaburgh,USA,2023-12-14,Affiliate
2481,Bradley,Ford,rwheeler@example.org,M,24,Cassandraton,USA,2023-07-23,Instagram Ads
2482,Timothy,Escobar,wileyaudrey@example.com,F,48,Coxberg,USA,2025-03-24,Affiliate
2483,Mark,Carter,laurenboyd@example.com,M,61,Lake Chad,USA,2025-04-28,Facebook Ads
2484,Ashley,Grimes,mcooper@example.com,F,27,Port Jesseville,USA,2024-05-18,Google Search
2485,Thomas,Wilson,chunglaura@example.net,M,56,West Natashaport,USA,2026-04-27,Google Display
2486,Tiffany,Harris,lisa13@example.net,M,30,West Michael,USA,2025-11-11,Google Display
2487,Austin,Cook,michaelhoffman@example.net,F,48,South Noah,USA,2024-10-01,Affiliate
2488,Gabrielle,Jones,jason57@example.com,F,24,Coxberg,USA,2025-02-11,Google Search
2489,Nicole,Allen,robertbrown@example.com,F,66,West Natashaport,USA,2026-06-24,Google Display
2490,Ryan,Mcgee,jlee@example.org,F,59,South Aaron,USA,2026-07-06,Google Search
2491,Wendy,Macdonald,amyponce@example.com,M,59,Tashatown,USA,2025-12-11,Facebook Ads
2492,Patrick,Jarvis,richard28@example.org,M,53,New Jessica,USA,2024-07-14,Google Display
2493,Brian,Velasquez,janet65@example.com,F,37,West Michael,USA,2025-05-27,Affiliate
2494,Michael,Diaz,kmoore@example.org,M,21,New Jamesside,USA,2025-09-24,Facebook Ads
2495,Alec,Johnson,rachel51@example.org,M,24,Lake Roberto,USA,2025-01-08,Google Display
2496,Holly,Cross,prestoncory@example.org,M,18,Port Keith,USA,2026-07-14,Google Display
2497,Steven,Romero,rdavis@example.org,F,61,New Kellystad,USA,2023-12-20,Google Search
2498,Linda,Padilla,dfleming@example.net,M,62,Lake Roberto,USA,2025-08-26,Affiliate
2499,Gary,Johnson,samantha54@example.net,F,59,Tashatown,USA,2026-05-13,Instagram Ads
2500,Felicia,Bolton,estradaian@example.com,F,64,Danielchester,USA,2025-11-24,Google Display
2501,Rachel,Howard,smithmichelle@example.net,F,30,Port Colleenhaven,USA,2026-04-20,Google Search
2502,Christian,Rodriguez,michellearias@example.com,M,39,Robinsonshire,USA,2026-06-11,Google Display
2503,Diana,Parks,scott95@example.org,M,38,Juliechester,USA,2024-11-09,Google Display
2504,Bradley,Davenport,hubbardjanet@example.org,F,39,Juliechester,USA,2024-12-07,Google Display
2505,Andrea,Galvan,dawn31@example.org,F,45,Robinsonshire,USA,2023-07-28,Facebook Ads
2506,Philip,Bernard,taramejia@example.org,M,26,East Nathaniel,USA,2024-02-25,Affiliate
2507,Phyllis,Wilson,michael03@example.com,F,43,Lake Chad,USA,2023-09-05,Google Display
2508,Cheryl,Compton,caleb84@example.net,F,26,Herrerafurt,USA,2025-05-20,Google Search
2509,Clayton,Walker,nicole92@example.net,F,32,Danielchester,USA,2024-08-14,Facebook Ads
2510,Kathleen,Sanchez,gina52@example.org,F,27,East Nathaniel,USA,2024-08-17,Affiliate
2511,Chad,Brown,khudson@example.org,F,41,Lake Nicoleview,USA,2025-06-22,Email
2512,Raymond,Patterson,jonespaul@example.com,M,59,South Aaron,USA,2024-12-22,Facebook Ads
2513,Bradley,Dominguez,wendymason@example.net,F,25,New Jessica,USA,2025-08-01,Google Display
2514,Jennifer,Huber,ashleyroberts@example.net,F,41,North John,USA,2025-08-21,Affiliate
2515,Valerie,Atkins,smithtravis@example.com,F,33,Lake Mark,USA,2025-10-26,Google Search
2516,Meghan,Cook,robinsoncynthia@example.org,M,66,New Jamesside,USA,2023-10-05,Email
2517,Jason,Gray,david62@example.com,M,43,Herrerafurt,USA,2023-11-10,Google Search
2518,Amanda,White,burtondoris@example.net,F,44,New Mariotown,USA,2025-08-25,Facebook Ads
2519,Edward,Mccormick,mark11@example.org,F,54,Juliechester,USA,2025-10-03,Facebook Ads
2520,Anthony,Williams,ccombs@example.com,F,21,Wilkersonmouth,USA,2024-04-10,Google Search
2521,Dana,Haley,pdixon@example.org,F,67,Wilkersonmouth,USA,2023-12-31,Facebook Ads
2522,Rebecca,Davis,ywallace@example.org,M,41,Jacquelineland,USA,2025-05-23,Instagram Ads
2523,Adam,Kemp,susan75@example.net,F,36,New Mariotown,USA,2025-03-18,Facebook Ads
2524,Tina,Hayes,christopherwatkins@example.net,M,53,East Lydiamouth,USA,2025-11-09,Facebook Ads
2525,Larry,Foster,stephanieallen@example.net,F,56,Lake Chad,USA,2025-12-15,Facebook Ads
2526,Harold,Smith,stephengomez@example.org,F,27,Robinsonshire,USA,2023-10-11,Google Display
2527,Steven,Ford,nealdavid@example.com,F,42,New Stephanie,USA,2023-11-20,Email
2528,Laurie,Wilkinson,jenniferpierce@example.org,F,35,South Noah,USA,2024-02-10,Facebook Ads
2529,Jackie,Jackson,carlosmeadows@example.net,F,36,New Mariotown,USA,2025-11-25,Facebook Ads
2530,Alexa,Browning,parksariana@example.com,F,53,Juliechester,USA,2023-11-11,Email
2531,Daniel,Kim,martin81@example.net,F,27,Adamsborough,USA,2025-04-23,Email
2532,Lawrence,Brady,sjackson@example.org,M,50,Danielchester,USA,2024-09-08,Facebook Ads
2533,Zachary,Fletcher,sally78@example.net,M,67,Jasonfort,USA,2025-05-09,Google Display
2534,Jason,Kelley,jfranklin@example.net,F,22,Lake Chad,USA,2026-04-08,Email
2535,Timothy,Jackson,martin40@example.net,F,64,West Donald,USA,2023-10-31,Google Display
2536,Willie,Jackson,dmartin@example.org,M,66,Danielchester,USA,2025-03-13,Affiliate
2537,Christina,Herrera,derekdougherty@example.org,M,52,Port Colleenhaven,USA,2024-04-19,Instagram Ads
2538,Joshua,Freeman,diana28@example.net,F,61,New Jessica,USA,2023-11-15,Facebook Ads
2539,Robert,Ashley,barbara30@example.net,F,51,New Stephanie,USA,2023-12-03,Google Display
2540,Courtney,Smith,walterstiffany@example.com,M,50,North John,USA,2026-05-10,Affiliate
2541,Heather,Robinson,davidgonzales@example.com,M,38,New Mariotown,USA,2026-02-04,Facebook Ads
2542,David,Liu,nathanlee@example.org,F,34,South Noah,USA,2025-01-19,Facebook Ads
2543,Robert,Mercado,mking@example.org,F,39,East Courtneychester,USA,2025-08-03,Instagram Ads
2544,Mallory,Cooper,sarahgonzales@example.com,F,65,Lake Roberto,USA,2024-08-11,Affiliate
2545,Rebecca,Davis,davidjones@example.org,F,54,South Aaron,USA,2025-07-01,Google Search
2546,Vicki,Davis,harrisonnicholas@example.net,F,32,Port Colleenhaven,USA,2023-08-31,Google Search
2547,Shirley,Perkins,davidglover@example.com,M,52,Daviston,USA,2024-04-14,Google Display
2548,Tammy,Weaver,carl66@example.org,F,45,North John,USA,2023-12-30,Email
2549,Christopher,Melton,barnesalexis@example.org,F,24,East Nathaniel,USA,2024-08-23,Instagram Ads
2550,Angela,Richardson,zskinner@example.com,M,49,Teresaburgh,USA,2026-05-28,Instagram Ads
2551,Natalie,Williams,jackiespears@example.org,F,28,Ramirezstad,USA,2025-04-03,Affiliate
2552,Linda,Cox,turnerjustin@example.com,F,27,South Noah,USA,2024-06-11,Affiliate
2553,Barry,Sanford,rpetty@example.com,F,26,New Stephanie,USA,2025-05-10,Affiliate
2554,Jacob,Walker,tcooper@example.net,M,31,Teresaburgh,USA,2025-05-10,Instagram Ads
2555,Gary,Lopez,paulhamilton@example.org,F,30,Tashatown,USA,2023-10-22,Instagram Ads
2556,Tanya,Scott,vwade@example.com,M,42,New Kellystad,USA,2026-05-14,Affiliate
2557,Angela,Flores,craigrobertson@example.net,F,19,East Courtneychester,USA,2025-06-14,Google Display
2558,Stephanie,Ferguson,mavery@example.net,F,52,Lake Roberto,USA,2025-05-24,Affiliate
2559,Jodi,Conrad,danielleramsey@example.net,M,24,Daviston,USA,2023-10-18,Google Search
2560,Carolyn,Fleming,jeffrey85@example.org,F,38,Lake Chad,USA,2026-03-16,Google Search
2561,Jennifer,Rivers,stacey25@example.net,M,35,Coxberg,USA,2023-09-19,Instagram Ads
2562,Amanda,Walker,stacy03@example.org,M,20,New Kellystad,USA,2023-10-12,Instagram Ads
2563,Mary,Charles,xsullivan@example.net,M,59,Jacquelineland,USA,2024-05-05,Google Search
2564,Michelle,Osborne,khendricks@example.net,F,56,Danielchester,USA,2024-05-07,Email
2565,Mark,Chavez,jennifer53@example.com,F,58,East Courtneychester,USA,2026-06-11,Affiliate
2566,Samuel,Elliott,phillip98@example.com,M,66,Port Jesseville,USA,2026-06-06,Instagram Ads
2567,Bryce,Clark,david25@example.com,F,28,Herrerafurt,USA,2024-08-26,Facebook Ads
2568,Amanda,Odonnell,sara94@example.net,F,56,South Noah,USA,2023-10-21,Affiliate
2569,Matthew,Hodges,marcuscase@example.net,M,41,Robinsonshire,USA,2024-09-07,Affiliate
2570,Kevin,Griffin,castanedajohn@example.com,F,63,New Jamesside,USA,2026-02-25,Facebook Ads
2571,Joshua,Allen,bakerpaul@example.com,M,36,Adamsborough,USA,2023-09-13,Email
2572,Elizabeth,Baker,johnmerritt@example.com,F,21,Lake Roberto,USA,2025-12-28,Google Display
2573,Kevin,Stewart,jason07@example.net,F,43,Ericmouth,USA,2024-10-12,Google Display
2574,Diane,Ellis,woodwarderin@example.org,M,55,Jacquelineland,USA,2023-08-19,Facebook Ads
2575,Debbie,Simon,wbentley@example.org,M,59,Teresaburgh,USA,2023-12-20,Affiliate
2576,David,Richardson,jdavis@example.com,F,49,Danielchester,USA,2024-06-30,Facebook Ads
2577,Jason,Ochoa,jocelyn26@example.net,M,56,West Natashaport,USA,2025-12-08,Facebook Ads
2578,Jordan,Richard,fwilliams@example.org,F,62,Jasonfort,USA,2025-06-21,Email
2579,Frank,Wong,holtrobert@example.com,F,63,Jacquelineland,USA,2026-03-03,Google Display
2580,Lori,Walker,iford@example.net,M,53,New Kellystad,USA,2024-10-31,Facebook Ads
2581,Evelyn,Russell,taylorrodriguez@example.org,M,57,Ramirezstad,USA,2025-06-24,Google Search
2582,Brandon,Hines,lisa78@example.org,F,54,Daviston,USA,2023-08-13,Google Search
2583,Sharon,Nguyen,johnsonsamantha@example.com,M,50,Danielchester,USA,2026-02-10,Email
2584,Gregory,Anderson,jacob73@example.org,F,53,Cassandraton,USA,2024-10-26,Google Search
2585,Cassandra,Perez,hammondjeff@example.com,F,20,Lake Nicoleview,USA,2025-02-16,Affiliate
2586,Courtney,Miller,rebekahgonzalez@example.org,M,26,South Noah,USA,2024-09-04,Instagram Ads
2587,Michael,Fletcher,uthompson@example.org,F,25,Lake Nicoleview,USA,2025-05-06,Affiliate
2588,Jacob,Barber,wbowers@example.org,F,50,East Lydiamouth,USA,2025-09-13,Facebook Ads
2589,Tammy,Bell,reneehernandez@example.org,M,23,Lisatown,USA,2025-06-18,Affiliate
2590,Kelli,Ramos,patriciamorrison@example.org,M,58,New Jessica,USA,2023-07-19,Email
2591,Michael,Wells,kimberlyperez@example.org,F,56,East Lydiamouth,USA,2024-10-23,Affiliate
2592,Christopher,Bell,harrisonchristopher@example.org,F,21,Cassandraton,USA,2025-03-13,Email
2593,Stephen,Dixon,ylawson@example.org,M,30,South Patrickmouth,USA,2025-11-01,Google Display
2594,Lindsay,Gallegos,patrickgarcia@example.com,M,66,Coxberg,USA,2023-12-01,Google Search
2595,Randy,Gomez,patriciagrant@example.net,F,19,Ericmouth,USA,2025-06-09,Instagram Ads
2596,Ian,Davis,owade@example.com,F,22,Ramirezstad,USA,2026-04-24,Instagram Ads
2597,Kathleen,Ferguson,kimberly73@example.com,F,61,Adamsborough,USA,2024-11-14,Affiliate
2598,Jose,Thomas,tinahaas@example.org,F,44,Robinsonshire,USA,2026-05-26,Google Search
2599,Samantha,Romero,websterkelly@example.org,M,49,Danielchester,USA,2024-07-31,Google Display
2600,Veronica,Hodge,jenniferortega@example.net,F,38,Jasonfort,USA,2025-06-08,Affiliate
2601,Jack,Navarro,richard62@example.net,F,25,North Noahstad,USA,2026-07-10,Instagram Ads
2602,Matthew,Watson,mcculloughjohn@example.net,F,55,South Aaron,USA,2025-11-30,Facebook Ads
2603,Timothy,Lindsey,wyattdanny@example.org,F,25,Daviston,USA,2024-05-10,Email
2604,Gabriela,Vasquez,careyadam@example.net,F,67,Tashatown,USA,2024-06-27,Affiliate
2605,Melissa,Dodson,delgadomario@example.org,M,20,Lisatown,USA,2026-03-17,Affiliate
2606,Charles,Hampton,richardbrown@example.com,M,61,South Patrickmouth,USA,2025-07-14,Affiliate
2607,Jermaine,Clayton,ysandoval@example.org,M,20,East William,USA,2024-06-25,Google Display
2608,Joshua,Alvarez,lucas91@example.org,M,39,East Lydiamouth,USA,2026-05-09,Google Search
2609,Donna,Richardson,rmadden@example.org,M,23,Cassandraton,USA,2023-10-10,Instagram Ads
2610,Katie,Nunez,ronnie09@example.net,M,19,Teresaburgh,USA,2023-10-26,Affiliate
2611,Jennifer,Vargas,brittanyhayes@example.com,M,40,West Natashaport,USA,2024-08-13,Affiliate
2612,Jack,Woods,shepherdandrew@example.org,F,61,Adamsborough,USA,2024-11-05,Google Display
2613,Eric,Smith,hernandezcharles@example.org,F,19,Herrerafurt,USA,2025-04-04,Google Search
2614,Karen,Jordan,kford@example.net,M,55,New Mariotown,USA,2024-11-26,Google Search
2615,Benjamin,Friedman,klewis@example.com,F,34,Port Jesseville,USA,2025-01-05,Facebook Ads
2616,Timothy,Miller,davidpearson@example.net,F,52,West Donald,USA,2025-11-02,Instagram Ads
2617,Steven,Morgan,awong@example.com,F,51,Juliechester,USA,2024-04-03,Email
2618,Dana,Clark,james91@example.net,M,40,New Jamesside,USA,2025-11-07,Facebook Ads
2619,Mark,Lopez,hunter12@example.org,M,47,Ericmouth,USA,2024-01-07,Google Display
2620,Brenda,Bell,hamptontom@example.com,M,69,New Jessica,USA,2024-05-11,Affiliate
2621,Justin,Bowman,timothy00@example.org,M,25,Lisatown,USA,2024-10-21,Google Display
2622,Anna,Foster,amy67@example.com,F,39,West Natashaport,USA,2024-06-08,Google Search
2623,Seth,Cole,nicole16@example.org,M,61,Ericmouth,USA,2024-09-12,Google Search
2624,Michael,Vazquez,scottmark@example.org,M,53,New Stephanie,USA,2024-10-05,Facebook Ads
2625,Michael,Hale,lgonzalez@example.net,M,22,Teresaburgh,USA,2024-09-13,Google Display
2626,Joseph,Simmons,sydneyalexander@example.org,F,30,Danielchester,USA,2026-03-11,Facebook Ads
2627,Ariana,Howard,nwalker@example.org,M,46,Ramirezstad,USA,2025-08-17,Instagram Ads
2628,Brittney,Ball,michealrodriguez@example.net,F,48,Lake Mark,USA,2024-01-10,Affiliate
2629,Robert,Clark,jimmy15@example.net,F,64,Juliechester,USA,2024-05-30,Instagram Ads
2630,Alice,Horn,cheryl54@example.com,F,33,Ramirezstad,USA,2025-07-07,Email
2631,John,Compton,nancy43@example.com,M,59,Lake Mark,USA,2025-09-02,Affiliate
2632,Kristen,Conner,cheryl69@example.net,M,47,Daviston,USA,2025-04-23,Instagram Ads
2633,Karen,Sanchez,joshua74@example.org,F,33,New Kellystad,USA,2025-04-08,Facebook Ads
2634,Joseph,Ortiz,foxerica@example.net,F,29,New Jessica,USA,2025-08-22,Instagram Ads
2635,George,Walker,vincent29@example.net,F,34,Jacquelineland,USA,2024-12-21,Google Search
2636,Savannah,Mcneil,cory21@example.org,F,33,Ericmouth,USA,2026-07-15,Facebook Ads
2637,Kathleen,Griffin,vazquezdarius@example.com,F,29,Herrerafurt,USA,2025-10-29,Google Search
2638,Timothy,Turner,james65@example.com,F,25,Ramirezstad,USA,2024-12-16,Affiliate
2639,Brenda,Villarreal,benjaminsmith@example.com,F,37,East Courtneychester,USA,2024-05-17,Affiliate
2640,Ryan,Torres,hernandezcheryl@example.net,F,20,Lake Roberto,USA,2023-09-15,Facebook Ads
2641,Anthony,Merritt,daniel13@example.net,M,33,Lisatown,USA,2026-02-18,Google Search
2642,Mathew,Long,allison96@example.org,M,47,Lake Nicoleview,USA,2024-07-14,Google Search
2643,Matthew,Byrd,jmaynard@example.com,M,62,East William,USA,2026-06-16,Google Search
2644,Christian,Berry,sherylgreen@example.com,F,40,East Lydiamouth,USA,2025-03-14,Google Display
2645,Jaime,Dominguez,fhughes@example.org,F,45,Herrerafurt,USA,2024-03-18,Email
2646,Amber,Watson,kennethwhite@example.com,M,68,New Mariotown,USA,2024-01-06,Instagram Ads
2647,Emily,Taylor,jamesellis@example.org,F,57,Lake Chad,USA,2024-05-03,Email
2648,Jared,Rodriguez,jesse79@example.com,F,22,Jasonfort,USA,2025-01-20,Google Display
2649,Heather,Owen,iharrington@example.org,M,37,Ericmouth,USA,2023-08-22,Google Search
2650,Lacey,Hinton,jennifer29@example.com,F,57,New Kellystad,USA,2024-09-08,Google Search
2651,Brandi,Williams,lucasteresa@example.com,M,61,Adamsborough,USA,2026-03-18,Facebook Ads
2652,Caleb,Baker,turnermckenzie@example.org,M,18,Danielchester,USA,2024-01-04,Google Search
2653,Amanda,Moody,stacey22@example.net,F,47,East Courtneychester,USA,2025-05-16,Google Search
2654,Juan,Myers,shanerogers@example.org,F,38,North John,USA,2024-02-21,Google Search
2655,Dennis,Mcknight,albertsmith@example.com,F,37,East Courtneychester,USA,2024-09-29,Instagram Ads
2656,Victoria,Lewis,halljeffrey@example.com,F,23,Danielchester,USA,2024-10-07,Instagram Ads
2657,Scott,Gross,santiagoronald@example.com,F,39,Lisatown,USA,2024-08-21,Instagram Ads
2658,Lisa,Kim,ethomas@example.net,M,35,Lisatown,USA,2025-05-16,Instagram Ads
2659,Karen,Edwards,thompsondarlene@example.org,M,25,Robinsonshire,USA,2023-09-17,Google Display
2660,Shelly,Thompson,jessicahawkins@example.com,F,56,Lake Chad,USA,2025-12-28,Affiliate
2661,George,Johnson,jennifer20@example.org,F,49,East Courtneychester,USA,2025-03-01,Facebook Ads
2662,Stephen,Potts,davisjennifer@example.org,F,50,Robinsonshire,USA,2025-07-12,Google Display
2663,David,Williams,brian64@example.net,F,33,East Nathaniel,USA,2026-03-11,Google Display
2664,Steven,Parsons,deckerthomas@example.net,F,29,Danielchester,USA,2025-08-13,Facebook Ads
2665,Manuel,Green,deanmarisa@example.org,M,55,Cassandraton,USA,2026-04-27,Google Search
2666,Brendan,Ward,amandaknapp@example.org,M,69,Ramirezstad,USA,2025-11-28,Google Search
2667,Taylor,Hernandez,whitelevi@example.org,M,51,Lake Chad,USA,2025-12-13,Affiliate
2668,Brenda,Watts,ilong@example.com,F,31,New Stephanie,USA,2025-09-06,Affiliate
2669,Robin,Hardy,staceywashington@example.net,M,53,New Mariotown,USA,2024-02-08,Facebook Ads
2670,Ashley,Shepard,corymiller@example.org,M,50,Daviston,USA,2023-11-25,Facebook Ads
2671,Stephen,Palmer,heidihaas@example.net,M,40,Danielchester,USA,2024-10-15,Affiliate
2672,Samantha,Mendez,gibsonbrandon@example.com,M,67,Jasonfort,USA,2024-06-01,Facebook Ads
2673,Barry,Soto,carmengomez@example.net,F,62,Cassandraton,USA,2026-06-16,Google Display
2674,Christina,Benson,carlymoss@example.org,F,19,New Mariotown,USA,2025-01-09,Facebook Ads
2675,Gerald,Thomas,vdougherty@example.com,F,58,New Kellystad,USA,2024-04-16,Facebook Ads
2676,Angela,White,wardkeith@example.org,M,38,Tashatown,USA,2023-11-18,Affiliate
2677,Gregory,Shelton,brittany63@example.org,F,19,Tashatown,USA,2025-10-06,Affiliate
2678,Aaron,Ryan,jamesroberts@example.com,F,44,West Natashaport,USA,2024-11-14,Affiliate
2679,Rebecca,Smith,lromero@example.com,M,26,Jasonfort,USA,2023-07-30,Facebook Ads
2680,Steven,Brock,daltonchristina@example.com,F,18,Adamsborough,USA,2025-11-03,Affiliate
2681,Gabrielle,Jones,jake77@example.com,M,28,Ramirezstad,USA,2025-05-31,Facebook Ads
2682,Rebecca,Sanders,ernestrich@example.net,F,20,Adamsborough,USA,2024-06-28,Facebook Ads
2683,Jesse,Lopez,ywells@example.org,M,69,East Nathaniel,USA,2024-01-09,Email
2684,Michael,Hernandez,zmiller@example.com,F,40,Ericmouth,USA,2025-03-03,Google Display
2685,Donald,Jacobs,valdezashley@example.org,F,43,Port Keith,USA,2023-12-30,Instagram Ads
2686,Justin,Jones,jrobinson@example.net,F,21,Ericmouth,USA,2024-06-30,Facebook Ads
2687,Katherine,Haynes,phall@example.com,M,35,Lake Chad,USA,2025-07-19,Google Display
2688,Lisa,Brewer,margaretsharp@example.net,F,23,Lake Mark,USA,2025-11-01,Affiliate
2689,Hector,Reynolds,rogersjonathon@example.net,M,52,Cassandraton,USA,2023-08-16,Google Search
2690,Elizabeth,Morgan,jamierodriguez@example.net,F,39,East Courtneychester,USA,2025-02-26,Affiliate
2691,Melissa,Williams,janetmoore@example.net,F,60,West Natashaport,USA,2023-10-17,Instagram Ads
2692,Melissa,Davis,kimberlywatson@example.com,F,32,North Noahstad,USA,2025-01-28,Google Search
2693,Rhonda,Rodriguez,amanda68@example.com,M,39,Danielchester,USA,2025-02-24,Google Display
2694,Victoria,Evans,garciabrandi@example.net,F,54,Lake Nicoleview,USA,2024-07-10,Google Search
2695,Angela,Brown,vanessa20@example.org,F,69,Ericmouth,USA,2025-12-04,Google Display
2696,Gregory,Reilly,hramos@example.com,F,59,North John,USA,2024-04-11,Instagram Ads
2697,Lee,Murphy,slittle@example.com,F,29,East Courtneychester,USA,2025-10-15,Facebook Ads
2698,Kimberly,Wilson,nramsey@example.com,M,64,South Aaron,USA,2025-07-08,Google Search
2699,Daniel,Thomas,lstokes@example.org,F,66,West Michael,USA,2024-02-14,Affiliate
2700,Andre,Vaughn,mitchellcheryl@example.net,M,59,Danielchester,USA,2024-03-11,Email
2701,Teresa,Campbell,kpace@example.net,M,55,Lake Mark,USA,2026-02-20,Google Display
2702,Christopher,Huffman,whernandez@example.com,F,35,Ericmouth,USA,2025-04-22,Google Display
2703,Brooke,Austin,pearsonwillie@example.org,F,62,New Kellystad,USA,2023-11-16,Instagram Ads
2704,Andrea,Brown,bhenderson@example.net,F,52,Jacquelineland,USA,2025-08-10,Email
2705,Gary,Smith,baileyjames@example.org,F,47,Lake Mark,USA,2025-02-28,Email
2706,James,Foster,smithcrystal@example.com,M,41,East Nathaniel,USA,2025-12-21,Facebook Ads
2707,Joseph,Mercado,andreasmith@example.com,M,59,South Aaron,USA,2025-03-15,Facebook Ads
2708,Evan,Butler,donnacunningham@example.net,F,47,Daviston,USA,2023-09-24,Facebook Ads
2709,Shannon,Ferguson,dmartin@example.com,F,31,New Stephanie,USA,2026-05-06,Google Search
2710,Michaela,Thompson,nicolemason@example.com,F,23,New Jessica,USA,2025-07-24,Email
2711,Nicole,Harris,cynthia86@example.org,M,20,South Aaron,USA,2024-09-25,Facebook Ads
2712,Daniel,Hamilton,tammy10@example.org,M,33,Tashatown,USA,2024-02-11,Instagram Ads
2713,Elizabeth,Moody,rachellove@example.org,M,24,Coxberg,USA,2023-11-03,Facebook Ads
2714,Amber,Romero,michaellopez@example.net,M,69,Daviston,USA,2025-05-05,Affiliate
2715,Melissa,Rice,jeanette06@example.com,F,31,Adamsborough,USA,2025-01-08,Email
2716,Cody,Williams,margaret20@example.net,F,26,South Patrickmouth,USA,2026-03-29,Email
2717,Amanda,Garcia,john19@example.org,F,32,Jasonfort,USA,2024-12-10,Instagram Ads
2718,Sean,Ortiz,shull@example.org,M,38,Port Keith,USA,2024-08-07,Facebook Ads
2719,Brittney,Riley,amberevans@example.net,F,52,North Noahstad,USA,2025-01-13,Google Display
2720,Jessica,Smith,jacquelinebennett@example.net,M,19,East William,USA,2026-05-27,Google Display
2721,Reginald,Cruz,cherylgomez@example.org,M,44,East William,USA,2023-12-16,Instagram Ads
2722,Shane,Parker,matthewwalker@example.com,F,19,Tashatown,USA,2025-07-22,Affiliate
2723,Courtney,Smith,irojas@example.net,F,52,West Natashaport,USA,2026-02-16,Affiliate
2724,Andrew,Adams,tgarza@example.org,F,35,East Lydiamouth,USA,2025-11-01,Email
2725,Audrey,Sanders,hartangela@example.net,F,31,Coxberg,USA,2024-11-30,Google Search
2726,Gina,Jimenez,gina94@example.com,M,37,Herrerafurt,USA,2024-05-15,Instagram Ads
2727,Stephanie,Lee,daniel73@example.com,M,35,Port Jesseville,USA,2026-01-22,Facebook Ads
2728,April,Soto,raymondperkins@example.net,M,27,Port Jesseville,USA,2023-11-12,Facebook Ads
2729,Oscar,Frank,bakerleslie@example.net,M,42,Lake Nicoleview,USA,2024-01-16,Affiliate
2730,Danielle,Drake,murphygeorge@example.org,M,19,Jacquelineland,USA,2024-01-13,Google Display
2731,Donald,Ellis,jross@example.net,M,42,Ericmouth,USA,2026-04-01,Google Search
2732,Andrew,Stephens,amanda45@example.net,F,50,New Kellystad,USA,2023-11-09,Google Display
2733,Jeffrey,Hawkins,nancyballard@example.com,F,53,New Jamesside,USA,2024-12-27,Facebook Ads
2734,Elizabeth,Fernandez,christinedoyle@example.com,M,48,New Kellystad,USA,2026-01-16,Affiliate
2735,Julia,Rodriguez,robert30@example.org,F,31,Danielchester,USA,2026-04-27,Google Display
2736,Sergio,Wood,williamsjason@example.net,M,18,South Patrickmouth,USA,2024-07-30,Email
2737,Peter,Shelton,vargasmolly@example.net,M,63,Port Jesseville,USA,2024-08-11,Google Search
2738,James,Pruitt,paul18@example.com,F,33,Lisatown,USA,2025-11-04,Google Search
2739,James,Gonzales,ryan90@example.net,M,63,North Noahstad,USA,2025-10-29,Affiliate
2740,Robin,Gaines,schmidtfernando@example.net,F,69,Daviston,USA,2025-12-14,Google Display
2741,Anthony,Welch,ronaldoneal@example.org,F,20,Robinsonshire,USA,2023-09-08,Google Display
2742,Joseph,Phillips,david90@example.com,F,52,Danielchester,USA,2024-12-29,Email
2743,Elizabeth,Blevins,xcardenas@example.org,F,58,West Michael,USA,2024-06-11,Affiliate
2744,Benjamin,Thomas,darrylkent@example.net,M,23,Teresaburgh,USA,2025-05-02,Facebook Ads
2745,Monica,Taylor,ltate@example.org,F,42,New Stephanie,USA,2023-12-01,Google Search
2746,Alan,Young,timothy64@example.net,M,30,South Noah,USA,2024-05-29,Affiliate
2747,Kristen,Watson,carolynnguyen@example.org,F,51,Lake Nicoleview,USA,2026-02-01,Facebook Ads
2748,Lisa,Ferguson,adam12@example.com,F,25,North John,USA,2024-07-16,Affiliate
2749,Michael,Garcia,smithjohn@example.org,F,38,South Patrickmouth,USA,2025-07-08,Affiliate
2750,Stacey,Arias,noblekimberly@example.org,F,51,New Jamesside,USA,2026-04-24,Instagram Ads
2751,Danielle,Schultz,bsimpson@example.com,F,21,Port Jesseville,USA,2025-02-24,Google Display
2752,Amy,Sanchez,angela58@example.com,F,42,South Patrickmouth,USA,2024-01-21,Instagram Ads
2753,Breanna,Torres,donald51@example.com,M,32,New Mariotown,USA,2023-11-21,Affiliate
2754,Wayne,Burns,westbrian@example.org,F,21,West Natashaport,USA,2025-02-16,Affiliate
2755,Dana,Cox,greenshawn@example.com,F,62,Herrerafurt,USA,2024-12-15,Google Search
2756,Kathy,Fowler,kelsey47@example.net,F,29,Daviston,USA,2025-09-27,Affiliate
2757,Melissa,Phillips,lwilson@example.com,F,49,Lake Nicoleview,USA,2025-08-25,Instagram Ads
2758,Tina,Stevens,keith93@example.org,M,49,Lake Mark,USA,2024-07-17,Affiliate
2759,Tracy,Ferguson,jamesmoreno@example.com,M,45,Lake Nicoleview,USA,2023-10-17,Instagram Ads
2760,Kristin,Barker,margaretboyd@example.net,M,30,Port Jesseville,USA,2026-06-26,Instagram Ads
2761,Ronald,Johnson,lhunter@example.net,F,48,North Noahstad,USA,2023-09-30,Google Display
2762,Laura,Castillo,sgonzalez@example.net,F,31,East Lydiamouth,USA,2024-11-05,Instagram Ads
2763,Leslie,Brown,davidholt@example.com,M,37,East Nathaniel,USA,2024-07-10,Facebook Ads
2764,Donna,House,timothyshaffer@example.net,M,35,Wilkersonmouth,USA,2023-09-10,Google Search
2765,William,Boyer,roger73@example.com,F,46,Lake Chad,USA,2024-05-19,Instagram Ads
2766,Patrick,Miller,yramos@example.org,M,23,Lake Roberto,USA,2025-04-27,Google Search
2767,Raymond,Frederick,jeffrey62@example.net,F,49,Cassandraton,USA,2025-05-10,Email
2768,Jonathan,Bennett,vgreen@example.org,M,46,Cassandraton,USA,2025-05-16,Email
2769,Barbara,Tyler,rodriguezamanda@example.net,M,60,Danielchester,USA,2024-07-24,Google Search
2770,Jeremy,Smith,marissasutton@example.com,F,19,Wilkersonmouth,USA,2024-01-13,Facebook Ads
2771,Janet,Fernandez,salvarado@example.com,F,40,New Kellystad,USA,2024-01-20,Affiliate
2772,Kenneth,Hill,christine97@example.net,M,36,Lisatown,USA,2024-08-27,Google Display
2773,George,Bartlett,madison75@example.net,F,48,Cassandraton,USA,2025-09-03,Facebook Ads
2774,Michael,Meyer,kirbybrett@example.org,M,68,East Nathaniel,USA,2023-10-04,Facebook Ads
2775,Julie,Ford,wilkinskevin@example.net,M,22,Lake Chad,USA,2024-02-08,Affiliate
2776,Charlene,Heath,murraysara@example.net,M,36,Ramirezstad,USA,2025-02-16,Google Search
2777,Ruth,Baker,lisa43@example.com,M,51,Lake Mark,USA,2025-01-11,Affiliate
2778,Morgan,Mills,ghendrix@example.org,F,27,South Aaron,USA,2024-02-02,Google Display
2779,Jeff,Johnson,karen81@example.org,M,42,New Kellystad,USA,2025-04-11,Affiliate
2780,Chelsea,Odom,hillsabrina@example.net,F,19,Jasonfort,USA,2023-07-30,Instagram Ads
2781,Lori,Rojas,marthagriffin@example.net,M,28,Port Jesseville,USA,2023-09-07,Google Display
2782,Leslie,Castro,lmiddleton@example.org,F,67,East William,USA,2024-03-16,Instagram Ads
2783,Kristina,Davis,julie80@example.net,F,48,Jasonfort,USA,2024-12-08,Google Search
2784,Kaitlyn,Mack,james60@example.net,M,32,Ericmouth,USA,2025-10-10,Google Search
2785,David,Allen,smithsusan@example.net,F,26,Daviston,USA,2023-12-02,Google Search
2786,Ashley,Wells,debbieedwards@example.org,M,40,New Kellystad,USA,2024-04-09,Email
2787,Ronald,Berry,margaret18@example.net,F,36,West Michael,USA,2023-11-29,Instagram Ads
2788,Justin,Brown,kevinespinoza@example.org,F,26,Daviston,USA,2024-09-28,Google Display
2789,Rebecca,Cantu,wharris@example.com,F,52,Teresaburgh,USA,2023-12-18,Affiliate
2790,Scott,Robinson,william96@example.net,F,38,New Jamesside,USA,2024-04-11,Google Display
2791,Michael,Lindsey,bushcourtney@example.net,M,26,East William,USA,2024-07-04,Affiliate
2792,Morgan,Potter,odavis@example.com,M,45,Ericmouth,USA,2024-11-22,Google Search
2793,John,Curtis,phoover@example.net,F,63,Coxberg,USA,2025-01-02,Instagram Ads
2794,Jacob,Reed,garciakelly@example.com,F,68,Lisatown,USA,2026-05-31,Google Display
2795,Christina,Keller,thomaswhite@example.org,M,24,New Kellystad,USA,2026-02-09,Email
2796,Amy,Fisher,vortiz@example.org,M,33,Teresaburgh,USA,2024-06-05,Google Search
2797,Adriana,Gray,jonathan61@example.org,F,33,Coxberg,USA,2026-03-23,Affiliate
2798,Cindy,Horton,cynthia35@example.net,F,50,Adamsborough,USA,2026-02-27,Google Search
2799,Cynthia,Evans,brad51@example.org,M,21,South Noah,USA,2024-02-10,Email
2800,Ann,Smith,abaird@example.com,M,21,Coxberg,USA,2023-12-21,Google Display
2801,Robert,Henderson,bakerjonathon@example.com,M,56,Port Colleenhaven,USA,2024-11-25,Email
2802,Allison,Riley,laura09@example.com,F,57,Wilkersonmouth,USA,2025-04-08,Affiliate
2803,Brady,Simpson,heather90@example.net,F,34,Port Jesseville,USA,2024-01-24,Google Search
2804,William,Gallagher,sheena87@example.com,M,54,Robinsonshire,USA,2026-02-26,Email
2805,Karen,Bell,mariahwang@example.net,F,56,Juliechester,USA,2025-10-15,Affiliate
2806,Shawn,Singleton,chavezpamela@example.org,M,69,Teresaburgh,USA,2025-06-20,Email
2807,Roger,Tran,mccormickkatherine@example.com,F,46,Ramirezstad,USA,2025-11-14,Facebook Ads
2808,Kathy,Johnson,stacey98@example.net,F,69,Teresaburgh,USA,2026-03-31,Google Search
2809,William,Harris,vramos@example.com,M,53,New Jamesside,USA,2026-06-06,Facebook Ads
2810,Jeffrey,Young,ecampbell@example.com,F,55,Jacquelineland,USA,2023-08-02,Google Search
2811,John,Hall,jacobscindy@example.org,F,56,South Aaron,USA,2026-05-15,Facebook Ads
2812,Michael,Hunt,lcosta@example.net,M,67,West Donald,USA,2023-12-04,Google Search
2813,Dean,Baker,tarabradshaw@example.org,F,54,Cassandraton,USA,2025-07-05,Facebook Ads
2814,George,Kane,carrjennifer@example.com,M,69,South Patrickmouth,USA,2024-11-22,Google Search
2815,Dennis,Adams,carl07@example.net,M,52,Tashatown,USA,2025-04-26,Google Search
2816,Janet,Garcia,erikwatson@example.org,M,24,New Mariotown,USA,2026-01-23,Email
2817,Dawn,Brown,tklein@example.org,M,44,Wilkersonmouth,USA,2026-05-29,Google Search
2818,Sandra,Thomas,amy70@example.net,F,45,New Stephanie,USA,2025-09-25,Affiliate
2819,Angela,Hernandez,kbird@example.com,M,39,Juliechester,USA,2024-02-27,Email
2820,Gregory,Miller,ywilkinson@example.org,M,31,North Noahstad,USA,2024-02-06,Google Search
2821,Alexis,Collier,geraldgarcia@example.net,M,24,West Donald,USA,2026-01-10,Google Display
2822,Brett,Lee,gfox@example.net,M,54,New Kellystad,USA,2024-09-08,Affiliate
2823,Brent,Smith,pwest@example.org,F,39,Daviston,USA,2023-09-17,Facebook Ads
2824,Sarah,Maxwell,wheelerkimberly@example.org,M,22,Lisatown,USA,2024-09-18,Google Display
2825,Leah,Griffith,duncanjames@example.net,M,19,Lake Nicoleview,USA,2025-04-17,Instagram Ads
2826,Alejandro,Marshall,anthony17@example.org,F,44,Lake Roberto,USA,2023-12-14,Google Search
2827,Stephanie,Hart,johnsonsteven@example.net,F,38,New Mariotown,USA,2024-12-04,Email
2828,Jake,Osborne,fjackson@example.org,F,55,New Jessica,USA,2024-02-26,Email
2829,Lisa,Knight,pwilkerson@example.com,F,32,East Courtneychester,USA,2025-01-11,Google Display
2830,Jacob,Johnson,leslie46@example.org,F,38,Daviston,USA,2026-07-16,Instagram Ads
2831,Daniel,Jackson,wellsadam@example.com,M,27,South Aaron,USA,2024-06-17,Instagram Ads
2832,Richard,Lucero,mandymalone@example.com,F,40,Tashatown,USA,2026-02-11,Instagram Ads
2833,Sarah,Anderson,douglas60@example.org,M,56,Ramirezstad,USA,2024-07-27,Google Display
2834,Jason,Matthews,thomasjessica@example.net,F,22,Robinsonshire,USA,2025-09-25,Affiliate
2835,Brandy,Torres,esalinas@example.org,M,18,East Nathaniel,USA,2024-09-01,Google Search
2836,Andrew,Craig,wmay@example.com,M,30,West Natashaport,USA,2023-10-29,Google Display
2837,Sandra,Ruiz,pearsoncarrie@example.com,M,38,Cassandraton,USA,2025-09-14,Google Search
2838,Andrew,Arellano,josephcooper@example.net,F,43,Robinsonshire,USA,2024-08-14,Email
2839,Amber,Rodriguez,andersondaniel@example.net,M,67,Cassandraton,USA,2023-11-16,Google Search
2840,Stephanie,Herrera,jacksonrussell@example.com,F,62,West Donald,USA,2026-07-10,Google Search
2841,Jacqueline,Oconnor,jscott@example.com,F,38,Danielchester,USA,2025-12-01,Facebook Ads
2842,Rebekah,Palmer,dmartinez@example.com,M,35,New Kellystad,USA,2026-07-17,Email
2843,Rebecca,Porter,larry40@example.net,F,54,Lisatown,USA,2025-10-16,Google Search
2844,Samuel,Sandoval,daviladaniel@example.org,F,62,Ramirezstad,USA,2025-01-05,Instagram Ads
2845,Christine,Bradley,kimbradley@example.com,F,49,East William,USA,2025-04-04,Facebook Ads
2846,Jessica,Rice,philliphayden@example.net,F,53,Lake Roberto,USA,2023-12-05,Facebook Ads
2847,James,Nguyen,joshuaadams@example.com,F,34,Lake Nicoleview,USA,2024-05-09,Email
2848,Shirley,Williams,davidandrews@example.net,F,52,New Stephanie,USA,2024-10-09,Google Display
2849,Joshua,Lopez,jacksonwhitney@example.org,F,66,Juliechester,USA,2025-10-09,Google Display
2850,Travis,Mcmillan,michellehoward@example.com,M,28,Herrerafurt,USA,2023-07-19,Email
2851,Jared,Robinson,smithamy@example.com,F,38,South Patrickmouth,USA,2024-04-15,Affiliate
2852,Kelly,Klein,lchavez@example.org,F,69,New Kellystad,USA,2025-05-18,Affiliate
2853,Aaron,Meyer,martinezdavid@example.org,F,43,Ericmouth,USA,2023-08-12,Email
2854,Stephanie,Jefferson,vbradley@example.net,F,21,Juliechester,USA,2023-12-31,Instagram Ads
2855,Jimmy,Jennings,sarahharmon@example.net,F,51,Jasonfort,USA,2025-07-24,Email
2856,Sierra,Ray,nsingh@example.org,M,69,South Patrickmouth,USA,2024-09-15,Affiliate
2857,Amber,Quinn,amy18@example.com,F,65,Ericmouth,USA,2024-12-25,Instagram Ads
2858,Jonathan,Sanchez,johnsoncandice@example.net,M,35,New Stephanie,USA,2025-02-01,Affiliate
2859,Gabrielle,Wright,zamorajennifer@example.org,F,57,East Nathaniel,USA,2026-05-27,Affiliate
2860,Christopher,Davis,floreseileen@example.net,M,52,East Nathaniel,USA,2025-06-24,Facebook Ads
2861,Heather,Rivera,katherinemccarty@example.com,M,58,North John,USA,2023-12-29,Email
2862,Andrew,Fields,jonesjames@example.org,M,46,New Stephanie,USA,2024-05-17,Email
2863,Robert,Griffin,mharding@example.net,M,69,Lake Nicoleview,USA,2024-04-17,Email
2864,Brandi,Padilla,jreynolds@example.net,M,46,Cassandraton,USA,2023-09-14,Affiliate
2865,Brian,Taylor,patrickjasmine@example.net,M,55,New Jamesside,USA,2026-04-10,Google Search
2866,Haley,Hernandez,denisepalmer@example.net,M,59,Jacquelineland,USA,2026-04-23,Affiliate
2867,Keith,Smith,htaylor@example.com,F,38,Ericmouth,USA,2025-01-16,Email
2868,Chad,Baker,rebecca73@example.com,F,59,Coxberg,USA,2025-06-15,Email
2869,James,Collins,maxwellgibson@example.org,M,30,Danielchester,USA,2024-06-04,Facebook Ads
2870,Erik,Davis,andrearivera@example.net,F,66,East Courtneychester,USA,2023-11-22,Instagram Ads
2871,Robert,Jones,kristievillegas@example.com,F,58,New Jamesside,USA,2025-03-27,Email
2872,Justin,Cline,cwilson@example.org,F,34,Juliechester,USA,2024-12-08,Google Search
2873,Gerald,Brown,dortiz@example.org,M,26,Cassandraton,USA,2023-12-05,Facebook Ads
2874,John,Thomas,johnsonjennifer@example.net,M,58,Lake Mark,USA,2026-04-07,Instagram Ads
2875,James,Strong,fjones@example.org,M,18,New Jessica,USA,2023-08-19,Facebook Ads
2876,Rebecca,Potts,alexander66@example.com,M,19,East Lydiamouth,USA,2024-03-19,Google Display
2877,Lisa,Vance,larry04@example.net,M,65,Lisatown,USA,2024-01-28,Email
2878,Drew,Gonzales,melissaevans@example.org,F,46,Port Keith,USA,2023-11-12,Facebook Ads
2879,Christopher,Young,victor34@example.com,M,50,East Lydiamouth,USA,2026-01-29,Google Display
2880,Jordan,Bailey,amiller@example.net,M,27,Adamsborough,USA,2024-01-19,Instagram Ads
2881,Shelby,Sherman,margaretbarnett@example.org,F,67,Adamsborough,USA,2024-09-22,Google Search
2882,Valerie,Hicks,ypadilla@example.com,F,57,Cassandraton,USA,2026-05-04,Facebook Ads
2883,Krista,Cisneros,joshuajones@example.net,M,38,Jacquelineland,USA,2026-03-07,Email
2884,Nicole,Ortiz,rdixon@example.net,M,45,Danielchester,USA,2024-06-03,Email
2885,Stuart,Miller,belindafowler@example.com,F,28,Cassandraton,USA,2023-08-03,Google Search
2886,Robert,Cantu,vincent74@example.org,M,51,Adamsborough,USA,2023-12-02,Google Display
2887,Lawrence,Nelson,kyleparker@example.com,F,25,Lake Roberto,USA,2026-03-07,Google Display
2888,Karen,Kelley,hernandezmatthew@example.net,M,39,Daviston,USA,2024-11-03,Affiliate
2889,Johnny,Rodgers,frank49@example.org,M,25,New Jamesside,USA,2023-08-05,Google Search
2890,Reginald,Vazquez,dawn11@example.org,M,66,Jacquelineland,USA,2025-07-21,Email
2891,Cheyenne,Schroeder,schmidtsteven@example.org,M,32,East Lydiamouth,USA,2026-02-11,Email
2892,Roy,Parker,erica48@example.net,F,34,South Patrickmouth,USA,2025-12-17,Facebook Ads
2893,Jennifer,Rice,brenda68@example.org,M,40,New Kellystad,USA,2026-07-10,Google Search
2894,Richard,Cline,reedcorey@example.org,M,41,Jacquelineland,USA,2026-07-10,Email
2895,Hunter,Martin,larry41@example.net,F,62,East Nathaniel,USA,2024-02-07,Google Display
2896,Michelle,Wilson,nwilliams@example.net,M,36,East William,USA,2026-05-25,Google Display
2897,Rodney,Colon,tylergarcia@example.net,F,22,Lake Chad,USA,2025-06-20,Facebook Ads
2898,William,Brown,harrisbryan@example.net,M,49,Lake Nicoleview,USA,2024-02-24,Google Search
2899,Brooke,Pierce,millerlindsey@example.org,F,61,Juliechester,USA,2026-05-11,Google Search
2900,Jason,Ellison,pli@example.org,M,18,New Mariotown,USA,2025-10-17,Email
2901,Tyler,Garcia,jgill@example.com,F,40,Robinsonshire,USA,2023-09-05,Instagram Ads
2902,Kara,Wilkerson,jhenson@example.com,M,54,East Lydiamouth,USA,2025-08-05,Facebook Ads
2903,Christina,Potter,bowenjonathan@example.net,F,25,Cassandraton,USA,2025-06-27,Instagram Ads
2904,Megan,Fields,michelle01@example.org,F,30,East Courtneychester,USA,2024-02-28,Instagram Ads
2905,Samuel,Walker,jasminjohnson@example.org,F,25,Jasonfort,USA,2025-03-20,Affiliate
2906,Erica,Hood,ruizkimberly@example.net,F,40,South Patrickmouth,USA,2025-10-28,Google Search
2907,Jennifer,Mcdonald,brodriguez@example.net,M,60,Adamsborough,USA,2025-08-12,Google Search
2908,Daniel,Gilbert,davidharris@example.net,M,18,Tashatown,USA,2026-03-07,Email
2909,Brianna,Travis,timothy18@example.org,F,62,New Jamesside,USA,2024-12-30,Affiliate
2910,Mary,Williams,laurenpayne@example.net,M,68,East William,USA,2025-09-17,Email
2911,Ana,Mueller,gcamacho@example.org,F,41,East William,USA,2023-08-03,Facebook Ads
2912,Denise,Caldwell,james23@example.com,M,52,Daviston,USA,2026-06-08,Email
2913,Francis,Holloway,yrichards@example.com,F,41,Coxberg,USA,2025-05-08,Email
2914,Kathryn,Arnold,qgreen@example.com,M,34,Lake Roberto,USA,2023-08-08,Email
2915,Lauren,Fleming,carl91@example.org,M,22,South Patrickmouth,USA,2025-04-11,Affiliate
2916,Toni,Huynh,christopherbrown@example.org,M,37,Wilkersonmouth,USA,2026-01-22,Google Display
2917,Patricia,Colon,ejones@example.org,F,38,Juliechester,USA,2024-03-12,Instagram Ads
2918,Michael,Krause,patricia24@example.org,M,57,Cassandraton,USA,2025-08-26,Google Display
2919,Heather,Harvey,beckyroberts@example.com,F,48,Port Jesseville,USA,2025-01-19,Google Display
2920,Jeffrey,Smith,rodgerscaroline@example.org,M,63,West Michael,USA,2025-12-26,Affiliate
2921,Leslie,Perez,craigbuck@example.com,M,53,South Noah,USA,2024-12-20,Affiliate
2922,Michael,Aguirre,zwolfe@example.net,F,28,Port Jesseville,USA,2025-12-04,Facebook Ads
2923,Jerry,Parrish,jesse81@example.org,F,69,West Michael,USA,2023-07-21,Instagram Ads
2924,Andre,Wilson,rhonda64@example.org,F,32,West Donald,USA,2025-01-05,Facebook Ads
2925,Lori,Richards,hfoley@example.com,F,36,Danielchester,USA,2024-12-16,Affiliate
2926,Andrea,Flores,taylorkaylee@example.com,M,24,East William,USA,2026-04-07,Instagram Ads
2927,Mark,Garcia,brittanyhubbard@example.com,F,68,Cassandraton,USA,2025-01-23,Google Search
2928,Matthew,Green,odickerson@example.org,F,45,Lake Chad,USA,2025-10-30,Email
2929,Lisa,Murray,jessicasmith@example.com,M,68,New Stephanie,USA,2025-11-26,Affiliate
2930,Ryan,Rojas,kelsey67@example.com,M,60,Lake Roberto,USA,2023-12-19,Email
2931,Michael,Alexander,murraybruce@example.net,M,22,Lake Roberto,USA,2024-12-07,Instagram Ads
2932,Michael,Trujillo,pschmidt@example.org,F,22,New Stephanie,USA,2024-12-26,Instagram Ads
2933,Jennifer,Robinson,ostewart@example.net,F,47,Port Jesseville,USA,2023-08-04,Affiliate
2934,Jacob,Ramos,pittmanwesley@example.com,M,49,Port Colleenhaven,USA,2025-08-29,Email
2935,Emily,Reyes,annacook@example.com,F,25,East Nathaniel,USA,2025-08-07,Google Display
2936,Richard,Hernandez,hlopez@example.com,M,27,East Courtneychester,USA,2026-07-14,Affiliate
2937,Shane,Patterson,alexdelgado@example.com,M,55,Adamsborough,USA,2025-08-04,Google Display
2938,Douglas,Dougherty,sherryclark@example.net,F,64,South Noah,USA,2026-06-11,Facebook Ads
2939,Richard,Butler,michaelmartinez@example.net,F,49,Danielchester,USA,2024-11-01,Google Search
2940,William,Alvarez,russellemily@example.org,M,65,West Michael,USA,2025-12-07,Facebook Ads
2941,Zachary,Mayer,ogarza@example.org,F,45,Daviston,USA,2023-09-19,Email
2942,Matthew,Wood,jordanreed@example.org,F,34,Adamsborough,USA,2025-08-09,Facebook Ads
2943,Sherry,Munoz,thomaslane@example.net,F,48,Port Jesseville,USA,2023-10-17,Google Search
2944,Rebecca,Carlson,qpatterson@example.org,M,25,New Stephanie,USA,2024-06-26,Facebook Ads
2945,Erin,Rojas,vcole@example.com,M,57,East Courtneychester,USA,2025-01-16,Facebook Ads
2946,Nicole,Porter,max26@example.org,M,42,Port Jesseville,USA,2025-04-21,Instagram Ads
2947,Michelle,Allen,dylan27@example.org,F,26,East Lydiamouth,USA,2026-02-14,Facebook Ads
2948,Kara,Anderson,henrymccarthy@example.org,M,19,New Jamesside,USA,2026-05-17,Google Display
2949,Dylan,Garcia,huffmaria@example.net,F,32,New Jamesside,USA,2026-03-16,Email
2950,Ronald,Martinez,krodriguez@example.org,F,67,New Jessica,USA,2025-11-18,Instagram Ads
2951,Eric,Ware,daniel48@example.com,M,20,Lake Nicoleview,USA,2025-04-10,Instagram Ads
2952,Jesse,Brooks,houstonstephanie@example.org,F,66,Lisatown,USA,2024-03-01,Google Search
2953,Melissa,White,roachjulie@example.net,M,53,Lake Roberto,USA,2025-12-05,Email
2954,Alexander,Shea,jack64@example.com,F,21,North Noahstad,USA,2026-01-11,Affiliate
2955,Bruce,Payne,hayesnicole@example.org,F,31,New Mariotown,USA,2026-04-23,Facebook Ads
2956,Linda,Miller,seanosborne@example.com,M,58,Lisatown,USA,2025-08-07,Facebook Ads
2957,Shelly,Carter,jasongutierrez@example.com,F,58,Adamsborough,USA,2024-02-04,Affiliate
2958,Sabrina,Bennett,melissaroy@example.com,M,42,Herrerafurt,USA,2024-01-09,Facebook Ads
2959,Joshua,Wallace,ruthsmith@example.org,F,67,Lisatown,USA,2026-06-01,Google Search
2960,Antonio,Sanders,jordan25@example.net,F,27,Lake Roberto,USA,2025-09-23,Facebook Ads
2961,Lisa,Pierce,halejeffery@example.net,M,38,East Nathaniel,USA,2024-03-20,Facebook Ads
2962,Steven,Moore,fwhite@example.org,F,53,Juliechester,USA,2026-03-24,Google Display
2963,David,Hughes,denise49@example.com,M,29,North John,USA,2023-09-21,Google Display
2964,Maria,Higgins,vfoster@example.org,M,44,West Natashaport,USA,2024-11-26,Affiliate
2965,Gabriel,Newman,tiffany97@example.com,M,57,Tashatown,USA,2025-05-31,Google Display
2966,Courtney,Brooks,gsharp@example.net,F,19,East Courtneychester,USA,2024-11-05,Email
2967,Lisa,Barnes,wchaney@example.com,M,30,Jasonfort,USA,2026-01-30,Affiliate
2968,Andrew,Williams,ortegasandra@example.net,M,49,Tashatown,USA,2026-06-03,Email
2969,Megan,Larson,jacobjones@example.com,F,48,New Mariotown,USA,2025-11-15,Instagram Ads
2970,Shirley,Macias,christineramirez@example.net,M,33,North Noahstad,USA,2025-04-05,Facebook Ads
2971,Austin,Perez,michaellee@example.org,M,49,New Mariotown,USA,2024-01-23,Instagram Ads
2972,Susan,Sanchez,williamslisa@example.net,M,49,South Aaron,USA,2025-12-16,Google Search
2973,Maurice,Mcpherson,montgomeryjessica@example.com,F,51,Daviston,USA,2024-05-23,Google Display
2974,Laura,Vega,perezrichard@example.net,F,28,Port Keith,USA,2025-12-25,Instagram Ads
2975,Lindsey,Mitchell,cindyfischer@example.org,M,27,Robinsonshire,USA,2024-02-14,Facebook Ads
2976,Francis,Horn,lellison@example.com,M,32,East Lydiamouth,USA,2023-12-09,Email
2977,Lisa,Johnson,daviddecker@example.com,F,34,South Aaron,USA,2025-10-19,Affiliate
2978,Christopher,Hobbs,wallacemathew@example.net,F,57,East Lydiamouth,USA,2024-09-20,Email
2979,Rebecca,Carr,stephaniewilson@example.org,M,35,New Kellystad,USA,2026-06-11,Google Display
2980,Richard,Jones,xparker@example.com,F,26,West Natashaport,USA,2024-01-09,Google Search
2981,Rebecca,Cruz,danielle93@example.com,F,42,West Donald,USA,2024-07-26,Facebook Ads
2982,Valerie,Davis,henrygriffin@example.net,M,57,Lisatown,USA,2024-03-25,Instagram Ads
2983,Timothy,Hall,banderson@example.com,M,31,East Courtneychester,USA,2024-12-17,Google Search
2984,Edward,Farrell,gking@example.org,M,42,Port Jesseville,USA,2025-08-24,Affiliate
2985,Pamela,Simmons,ostokes@example.org,M,67,Lake Roberto,USA,2023-07-22,Google Search
2986,Brittany,Keller,leslie24@example.org,M,39,Lake Nicoleview,USA,2024-02-12,Affiliate
2987,Janet,Brown,michellegomez@example.com,F,69,West Natashaport,USA,2023-10-29,Affiliate
2988,Jason,Ingram,perkinsdaniel@example.org,F,47,New Mariotown,USA,2025-07-17,Email
2989,Brandon,York,dlowery@example.net,F,37,North John,USA,2023-12-18,Google Search
2990,Steven,Dickson,heather42@example.org,F,38,Jasonfort,USA,2026-06-15,Instagram Ads
2991,Walter,Young,courtney58@example.org,M,61,Tashatown,USA,2025-04-25,Facebook Ads
2992,Jill,Costa,kelsey77@example.org,F,49,West Michael,USA,2024-11-01,Facebook Ads
2993,Cynthia,Gallegos,suzannegilmore@example.org,M,68,West Michael,USA,2025-04-23,Google Display
2994,Valerie,Jordan,howardchristina@example.org,M,63,Jacquelineland,USA,2024-01-15,Google Display
2995,Tanner,Daniels,susan40@example.net,F,66,Juliechester,USA,2024-07-17,Instagram Ads
2996,Wesley,Mueller,mariaweaver@example.com,F,38,Port Keith,USA,2025-08-22,Facebook Ads
2997,Jennifer,Woods,bkramer@example.net,F,52,East William,USA,2025-01-24,Facebook Ads
2998,Raymond,Martinez,michaelbradshaw@example.net,F,49,New Jamesside,USA,2026-03-02,Email
2999,Jillian,Miller,kjackson@example.org,M,47,New Kellystad,USA,2024-02-04,Google Search
3000,Michael,Fischer,michaelflynn@example.net,F,56,Port Jesseville,USA,2024-10-04,Affiliate
3001,Katherine,Zhang,ajackson@example.org,F,66,Robinsonshire,USA,2025-04-23,Facebook Ads
3002,Johnathan,White,davissonya@example.org,M,29,Port Jesseville,USA,2024-04-12,Google Search
3003,Joshua,Roberts,brookefrench@example.net,M,58,West Michael,USA,2025-08-25,Google Search
3004,Robert,Jackson,awilliams@example.com,M,64,Jasonfort,USA,2023-07-18,Email
3005,Samantha,Snow,mccartymichael@example.org,M,35,Port Keith,USA,2024-02-05,Instagram Ads
3006,Thomas,Mitchell,smithjesse@example.org,M,38,Port Keith,USA,2023-09-10,Google Search
3007,Kathleen,Andrews,nathangonzalez@example.net,M,30,New Jamesside,USA,2024-01-28,Affiliate
3008,Ethan,Huff,millerbrittany@example.com,M,38,Juliechester,USA,2026-02-05,Affiliate
3009,Heather,Barnes,huynhdouglas@example.com,M,25,Jasonfort,USA,2025-07-09,Instagram Ads
3010,Luke,Campbell,mcleankaitlin@example.org,F,63,Tashatown,USA,2024-12-18,Instagram Ads
3011,Ryan,Anderson,jeffery85@example.org,F,57,West Donald,USA,2023-08-03,Affiliate
3012,Mark,Ford,meredithnunez@example.org,M,63,Teresaburgh,USA,2026-06-29,Email
3013,Olivia,Buchanan,smithsharon@example.net,F,24,Lake Roberto,USA,2024-04-26,Facebook Ads
3014,Jennifer,Hanna,derrick31@example.com,M,40,Herrerafurt,USA,2024-08-03,Instagram Ads
3015,Rachel,Roberts,stevemarshall@example.net,M,61,Port Colleenhaven,USA,2026-03-24,Google Display
3016,Alexandra,Woods,wshannon@example.org,F,49,Adamsborough,USA,2024-10-22,Email
3017,Heather,Tyler,hector04@example.com,F,28,Jacquelineland,USA,2025-12-20,Facebook Ads
3018,Thomas,Garrison,huntscott@example.org,M,39,Port Colleenhaven,USA,2026-01-19,Google Search
3019,Troy,Gilbert,geraldterry@example.org,M,39,Adamsborough,USA,2026-03-10,Instagram Ads
3020,Justin,Robinson,joseph41@example.com,M,60,South Noah,USA,2024-01-18,Instagram Ads
3021,Joseph,Patterson,laura86@example.net,F,42,Ramirezstad,USA,2024-04-23,Affiliate
3022,Ashley,Bright,michaelcarter@example.net,M,39,Lake Nicoleview,USA,2024-08-26,Affiliate
3023,Jeremiah,Wilkinson,robertbradley@example.com,M,45,Lake Chad,USA,2025-08-10,Email
3024,Gerald,Black,bryan00@example.net,F,46,South Aaron,USA,2024-07-23,Google Search
3025,Vincent,Rogers,timothy42@example.org,F,30,Teresaburgh,USA,2024-09-18,Google Display
3026,Joshua,Morris,conleyantonio@example.org,M,35,Adamsborough,USA,2024-12-21,Affiliate
3027,Chris,Powers,torresmeghan@example.net,F,19,Teresaburgh,USA,2024-10-09,Affiliate
3028,Clifford,Walker,joshua70@example.com,F,46,Danielchester,USA,2025-09-22,Google Display
3029,Christopher,Goodwin,natalie46@example.com,F,38,New Mariotown,USA,2023-12-08,Google Display
3030,Natalie,Fischer,ztran@example.org,M,32,Ramirezstad,USA,2024-08-24,Instagram Ads
3031,Kenneth,Benson,lisa99@example.org,M,69,South Patrickmouth,USA,2026-05-11,Instagram Ads
3032,Edward,Alvarez,barbararodriguez@example.net,F,44,Ramirezstad,USA,2024-06-19,Google Search
3033,Blake,Gibson,psmith@example.com,F,67,Juliechester,USA,2024-10-11,Email
3034,Nicole,Johnson,perezjohn@example.com,M,48,West Donald,USA,2026-04-15,Google Search
3035,Brittany,Sanchez,sandersdeanna@example.net,M,32,Herrerafurt,USA,2024-03-05,Facebook Ads
3036,Lisa,Ruiz,kelleyderek@example.net,F,68,South Patrickmouth,USA,2024-02-04,Email
3037,Robert,Mathews,kimberly90@example.net,F,40,West Michael,USA,2024-11-24,Email
3038,Deborah,Jordan,waynerivera@example.net,M,41,Tashatown,USA,2025-12-19,Email
3039,Brandon,Ruiz,ashleyharris@example.net,F,61,East Courtneychester,USA,2025-12-25,Google Display
3040,Heather,Steele,barcher@example.net,F,30,East Courtneychester,USA,2026-01-27,Google Display
3041,Lauren,Little,anthonydana@example.net,F,39,Danielchester,USA,2023-12-16,Google Search
3042,Maria,Benson,bakermelissa@example.com,F,60,Juliechester,USA,2025-11-02,Facebook Ads
3043,Kathy,Gardner,cvega@example.org,M,54,South Patrickmouth,USA,2024-10-06,Instagram Ads
3044,Jamie,Combs,moralesfrancisco@example.net,F,50,Lake Roberto,USA,2026-03-26,Google Search
3045,Alexis,Lee,katiehicks@example.net,M,20,Lake Mark,USA,2023-10-13,Email
3046,Wanda,Velasquez,tracyhoffman@example.com,M,36,South Noah,USA,2025-08-25,Instagram Ads
3047,Tammy,Hammond,stevenellis@example.org,M,40,Cassandraton,USA,2025-02-22,Facebook Ads
3048,Lynn,Parker,george94@example.org,F,46,Robinsonshire,USA,2023-08-20,Email
3049,Jennifer,Garza,teresamiller@example.org,M,47,Jasonfort,USA,2026-06-01,Instagram Ads
3050,Kevin,Mayo,rodriguezmichael@example.net,F,56,New Jessica,USA,2025-05-17,Google Search
3051,Robert,Johnson,egeorge@example.net,F,61,Port Jesseville,USA,2024-07-24,Affiliate
3052,Amanda,Lee,jonathan98@example.org,M,64,Port Colleenhaven,USA,2026-06-02,Google Search
3053,Joseph,Hoffman,donna30@example.net,M,42,East Lydiamouth,USA,2023-12-25,Google Search
3054,Monica,Gregory,owensamber@example.com,F,54,Coxberg,USA,2024-12-15,Google Display
3055,Michelle,Smith,rfinley@example.net,M,64,Lake Nicoleview,USA,2024-03-17,Affiliate
3056,Daniel,Ware,garciadebra@example.com,M,25,Coxberg,USA,2026-03-11,Instagram Ads
3057,Beverly,Sharp,rachelvaldez@example.org,M,59,Ramirezstad,USA,2024-07-12,Google Display
3058,James,Cole,wilsonbrian@example.net,M,33,Teresaburgh,USA,2026-06-23,Email
3059,Robert,Evans,holmesrachel@example.org,F,25,Tashatown,USA,2024-11-26,Google Search
3060,Richard,Rice,ppierce@example.com,M,18,Adamsborough,USA,2026-01-15,Instagram Ads
3061,Megan,Nguyen,guerreroandrew@example.org,F,61,Daviston,USA,2025-02-02,Instagram Ads
3062,Donna,Church,darleneowens@example.com,F,22,South Patrickmouth,USA,2023-10-23,Email
3063,Robert,Smith,ballnicole@example.com,M,20,West Donald,USA,2026-02-13,Instagram Ads
3064,George,Kennedy,janderson@example.org,M,18,East Lydiamouth,USA,2025-02-18,Affiliate
3065,Mary,Allen,bryantcynthia@example.org,M,21,Danielchester,USA,2026-07-11,Affiliate
3066,Robert,Chambers,juan35@example.net,F,57,Jasonfort,USA,2024-09-08,Instagram Ads
3067,Debra,May,yesenia70@example.org,F,52,East Courtneychester,USA,2024-01-29,Affiliate
3068,Jill,Phillips,kennethsandoval@example.com,F,49,Port Colleenhaven,USA,2024-03-09,Google Search
3069,Candice,Richards,summerellis@example.org,F,59,New Mariotown,USA,2023-07-27,Facebook Ads
3070,Andrea,Adams,tsullivan@example.org,M,51,Herrerafurt,USA,2024-04-16,Instagram Ads
3071,Nicholas,Juarez,andersonkaren@example.org,F,60,New Stephanie,USA,2024-09-01,Affiliate
3072,Dean,Hubbard,bobby53@example.net,F,42,Juliechester,USA,2025-11-01,Instagram Ads
3073,Jonathan,Molina,xclarke@example.com,F,27,Lake Roberto,USA,2025-07-31,Email
3074,Tara,Russo,mary88@example.org,F,38,Port Jesseville,USA,2023-11-25,Google Display
3075,Morgan,Hudson,xwright@example.com,M,63,Jasonfort,USA,2026-05-12,Email
3076,Ricardo,Hernandez,susanhall@example.org,F,56,East Lydiamouth,USA,2024-09-07,Facebook Ads
3077,Lindsay,Munoz,ecampbell@example.org,M,44,North Noahstad,USA,2024-08-29,Affiliate
3078,Lance,Velasquez,denniswilliams@example.com,M,44,Robinsonshire,USA,2024-02-06,Affiliate
3079,Alice,Lopez,ielliott@example.org,F,19,New Jamesside,USA,2024-09-10,Instagram Ads
3080,Raymond,Levy,wthompson@example.com,M,58,Lake Roberto,USA,2025-05-16,Google Display
3081,Brittany,Preston,briannamclaughlin@example.net,F,65,Ramirezstad,USA,2025-03-09,Instagram Ads
3082,Jason,Walton,zgrimes@example.net,F,30,Teresaburgh,USA,2025-02-01,Facebook Ads
3083,Jennifer,Hayes,nathannorman@example.org,F,26,Lisatown,USA,2024-06-12,Google Search
3084,John,Fox,millsmichelle@example.com,M,69,Lake Chad,USA,2026-03-25,Google Search
3085,Lisa,Davis,carriereese@example.net,F,53,Coxberg,USA,2023-10-18,Instagram Ads
3086,Vickie,Powell,smithcarl@example.com,M,39,Herrerafurt,USA,2023-09-10,Email
3087,Tiffany,Hale,nthomas@example.net,F,59,Lake Nicoleview,USA,2025-10-13,Affiliate
3088,Carlos,Sparks,melissaharrell@example.net,M,43,Juliechester,USA,2026-05-08,Instagram Ads
3089,Chad,Turner,harrislisa@example.com,M,29,Ramirezstad,USA,2024-07-04,Google Search
3090,Rachel,Bridges,landerson@example.net,F,34,Lake Nicoleview,USA,2025-03-01,Instagram Ads
3091,Deanna,Wall,vphillips@example.net,F,31,New Mariotown,USA,2026-05-13,Instagram Ads
3092,Derek,Kerr,christine20@example.net,F,31,South Noah,USA,2024-02-03,Instagram Ads
3093,Matthew,Hall,bholder@example.net,M,51,New Kellystad,USA,2026-05-15,Google Display
3094,Curtis,Harding,kmartinez@example.net,M,37,Coxberg,USA,2026-04-22,Email
3095,Tiffany,Johnson,richard20@example.org,M,28,Teresaburgh,USA,2024-12-18,Google Search
3096,Michael,Burton,westricky@example.org,F,33,Tashatown,USA,2026-05-09,Google Display
3097,Ryan,Cook,melissa04@example.org,M,68,Ericmouth,USA,2025-12-05,Google Search
3098,Kyle,Scott,louisbrandt@example.net,F,48,Wilkersonmouth,USA,2024-02-15,Affiliate
3099,Donna,Stewart,ddavis@example.com,F,23,Coxberg,USA,2025-01-05,Email
3100,James,Jackson,wewing@example.org,M,36,Daviston,USA,2024-03-21,Instagram Ads
3101,Christopher,Johnston,tammythomas@example.com,M,54,North John,USA,2026-01-16,Affiliate
3102,Julie,Silva,garzazachary@example.org,F,21,Tashatown,USA,2024-03-04,Google Display
3103,Billy,Evans,lisachristian@example.com,M,64,New Stephanie,USA,2024-05-14,Facebook Ads
3104,Shane,Pierce,chantrevor@example.org,F,21,Robinsonshire,USA,2024-11-15,Instagram Ads
3105,Susan,Perry,kimedwards@example.org,M,37,South Noah,USA,2026-04-24,Affiliate
3106,Nicole,Holt,egutierrez@example.net,F,27,Lake Roberto,USA,2023-10-04,Affiliate
3107,Thomas,Johnson,christopher32@example.net,M,41,Danielchester,USA,2025-04-28,Google Display
3108,Christian,Bell,teresajohnson@example.org,M,52,West Donald,USA,2025-03-20,Facebook Ads
3109,Michael,Smith,amy11@example.com,M,43,South Aaron,USA,2026-03-25,Google Search
3110,Shannon,Nelson,pcaldwell@example.net,F,54,South Patrickmouth,USA,2025-07-17,Instagram Ads
3111,Sandra,Williams,anicholson@example.org,F,55,Ramirezstad,USA,2024-05-25,Email
3112,Briana,Mcclain,loveluis@example.com,M,38,Tashatown,USA,2023-11-23,Facebook Ads
3113,Joshua,Smith,cassandrakramer@example.net,M,57,Tashatown,USA,2023-12-28,Google Display
3114,Christopher,Ryan,briannalong@example.org,F,56,Coxberg,USA,2025-11-04,Instagram Ads
3115,Joanna,Williams,rose88@example.com,F,38,Robinsonshire,USA,2025-08-06,Facebook Ads
3116,Joshua,Stanton,kelleramanda@example.org,F,27,Cassandraton,USA,2023-12-31,Affiliate
3117,Marc,Franklin,christopher64@example.net,M,55,Adamsborough,USA,2024-11-08,Affiliate
3118,Caroline,Camacho,matthewbutler@example.org,F,63,Danielchester,USA,2023-09-16,Google Display
3119,James,Duke,joseph08@example.net,M,21,Ericmouth,USA,2026-03-30,Email
3120,Kathleen,Pittman,uwilliams@example.net,M,62,South Patrickmouth,USA,2025-03-20,Instagram Ads
3121,Victoria,Williams,blakeshelton@example.org,F,37,South Noah,USA,2025-05-05,Instagram Ads
3122,Christina,Fernandez,michelle11@example.org,M,34,New Jamesside,USA,2025-08-02,Email
3123,Renee,Cochran,vgarcia@example.net,M,24,Port Keith,USA,2024-05-15,Google Search
3124,Matthew,Williams,laurenallen@example.net,M,21,Port Colleenhaven,USA,2023-11-25,Affiliate
3125,Brittney,Powell,virginia22@example.org,F,46,Lake Chad,USA,2024-06-25,Facebook Ads
3126,Caroline,Ruiz,alvarezstephanie@example.com,M,31,South Noah,USA,2025-09-04,Instagram Ads
3127,Kenneth,Barber,boyererika@example.net,F,20,Wilkersonmouth,USA,2025-11-10,Instagram Ads
3128,Samantha,Woodard,wallacebryan@example.com,M,41,Robinsonshire,USA,2025-10-12,Affiliate
3129,Mackenzie,Armstrong,barbarafisher@example.com,M,54,South Patrickmouth,USA,2025-12-15,Affiliate
3130,Whitney,Anderson,uwhite@example.net,M,33,Teresaburgh,USA,2025-10-26,Affiliate
3131,Nicholas,Smith,theresataylor@example.com,M,69,Juliechester,USA,2023-10-06,Affiliate
3132,Amanda,Smith,todd87@example.org,F,21,South Patrickmouth,USA,2024-03-10,Facebook Ads
3133,Paul,Morales,sarah06@example.org,M,41,Lisatown,USA,2023-09-01,Google Display
3134,Randy,Hamilton,watsondavid@example.net,M,51,Jacquelineland,USA,2026-03-16,Google Search
3135,Christopher,Schultz,mary98@example.net,M,47,Port Jesseville,USA,2023-11-27,Facebook Ads
3136,Michele,Willis,mcneilbrian@example.net,M,35,Daviston,USA,2024-04-03,Facebook Ads
3137,Anthony,Diaz,franklinmatthew@example.net,M,36,Jasonfort,USA,2024-02-22,Instagram Ads
3138,Sherri,Sherman,xhorton@example.org,M,48,West Michael,USA,2026-02-11,Facebook Ads
3139,Autumn,Holloway,dwilliams@example.com,M,36,Lake Chad,USA,2026-04-18,Facebook Ads
3140,Stacey,Michael,jonathan49@example.org,F,66,South Aaron,USA,2023-09-04,Facebook Ads
3141,Justin,Hawkins,heather53@example.net,F,63,Adamsborough,USA,2023-10-25,Email
3142,Angela,Mccoy,higginscaitlin@example.com,M,36,North John,USA,2025-06-06,Instagram Ads
3143,Alyssa,Campbell,kathleen66@example.org,F,39,East Courtneychester,USA,2026-02-22,Facebook Ads
3144,Carla,Jennings,davidjensen@example.org,M,41,Ramirezstad,USA,2024-06-27,Facebook Ads
3145,Rick,Smith,agarcia@example.org,F,62,Adamsborough,USA,2024-06-21,Instagram Ads
3146,Rodney,West,shane26@example.com,M,29,Coxberg,USA,2023-08-04,Affiliate
3147,James,Marsh,diazmichael@example.org,F,47,East William,USA,2024-08-31,Google Display
3148,James,Smith,uhall@example.net,M,55,Tashatown,USA,2026-05-25,Instagram Ads
3149,Rodney,Lamb,rodney58@example.com,M,48,South Noah,USA,2025-04-05,Affiliate
3150,Nathaniel,White,charles39@example.com,F,53,Robinsonshire,USA,2024-06-19,Facebook Ads
3151,Ashley,Brown,uschmitt@example.net,M,36,Daviston,USA,2024-08-21,Google Search
3152,Colton,Cain,usilva@example.net,F,65,North Noahstad,USA,2024-12-03,Affiliate
3153,Ashley,Moss,vgraham@example.com,M,62,New Jessica,USA,2026-01-31,Facebook Ads
3154,Richard,Lewis,paul18@example.org,F,53,Juliechester,USA,2024-02-16,Affiliate
3155,Marco,Lawson,courtney87@example.com,M,47,Jasonfort,USA,2025-03-08,Instagram Ads
3156,Adam,Parks,ingramtara@example.net,F,66,Lake Nicoleview,USA,2025-08-16,Facebook Ads
3157,Melanie,Solis,weaverjohn@example.org,F,50,New Jamesside,USA,2025-12-17,Email
3158,Craig,Lopez,morrisonryan@example.org,F,35,Juliechester,USA,2024-03-11,Email
3159,Melissa,Thomas,rlewis@example.org,M,69,South Aaron,USA,2024-03-04,Email
3160,Yesenia,Sullivan,bill82@example.com,M,66,West Michael,USA,2024-04-06,Facebook Ads
3161,Frank,Foster,lbennett@example.net,M,45,East Lydiamouth,USA,2024-02-07,Instagram Ads
3162,Frederick,Kennedy,christyfletcher@example.org,F,64,Jacquelineland,USA,2025-09-15,Email
3163,Michelle,Pearson,taylorgina@example.org,M,28,Lisatown,USA,2025-04-08,Instagram Ads
3164,John,Frey,hendersonjacob@example.org,F,62,Danielchester,USA,2025-02-02,Google Search
3165,Kelly,Lewis,troy19@example.net,M,50,New Kellystad,USA,2025-02-12,Google Display
3166,Pamela,Smith,urivera@example.org,M,34,Robinsonshire,USA,2024-07-11,Instagram Ads
3167,Joseph,Peterson,cbrown@example.com,F,23,Jasonfort,USA,2024-11-07,Instagram Ads
3168,Hannah,Dean,andreawalker@example.org,F,21,Adamsborough,USA,2023-07-22,Affiliate
3169,Marisa,Kramer,jasonmoore@example.com,M,37,Teresaburgh,USA,2026-07-10,Google Display
3170,Jenny,Hernandez,trevormcdonald@example.org,F,65,New Jamesside,USA,2024-02-26,Instagram Ads
3171,Charles,Tanner,friedmanrichard@example.com,F,64,Jasonfort,USA,2025-09-25,Instagram Ads
3172,Anthony,Lang,clarkmichael@example.org,M,44,Port Colleenhaven,USA,2024-09-04,Facebook Ads
3173,Austin,Mendez,claireflynn@example.org,M,32,West Michael,USA,2025-06-07,Email
3174,Christopher,Holloway,tmoody@example.net,F,23,Teresaburgh,USA,2023-09-14,Google Search
3175,Rachael,Nelson,wkennedy@example.com,M,64,South Patrickmouth,USA,2025-01-22,Affiliate
3176,Ronnie,Fisher,ashley06@example.org,M,31,Lake Roberto,USA,2023-08-02,Google Display
3177,Billy,Mann,lindabates@example.com,M,28,Port Jesseville,USA,2025-06-12,Facebook Ads
3178,Laura,Acevedo,sonya14@example.net,M,56,Ramirezstad,USA,2024-11-19,Instagram Ads
3179,Leslie,Tucker,danschaefer@example.net,M,26,Port Keith,USA,2025-08-22,Email
3180,Ashley,Washington,megan91@example.com,M,43,Jacquelineland,USA,2025-05-04,Email
3181,Janice,Simmons,lisa04@example.net,M,33,East Courtneychester,USA,2025-08-25,Affiliate
3182,Dorothy,Thomas,bhampton@example.com,F,22,East Lydiamouth,USA,2024-03-11,Instagram Ads
3183,David,Walker,patricia12@example.org,M,69,Jacquelineland,USA,2024-01-06,Google Display
3184,Amy,Padilla,guerrerorenee@example.com,M,27,West Natashaport,USA,2025-05-23,Instagram Ads
3185,Anna,Morgan,allen12@example.net,F,67,Lake Mark,USA,2024-11-22,Email
3186,Judith,Huerta,derricklee@example.net,F,20,Port Jesseville,USA,2026-06-17,Google Search
3187,Jacqueline,Torres,oevans@example.org,F,30,Ericmouth,USA,2024-07-25,Google Search
3188,Jennifer,Francis,gbrown@example.net,F,60,Juliechester,USA,2025-02-13,Instagram Ads
3189,Regina,Anderson,ifox@example.net,F,66,South Patrickmouth,USA,2024-12-28,Google Display
3190,Mark,Payne,carlos80@example.com,F,47,New Kellystad,USA,2025-08-20,Google Display
3191,Vanessa,Gonzalez,barbara56@example.com,M,62,Juliechester,USA,2024-12-11,Google Display
3192,Tiffany,Greene,peter58@example.com,M,23,East Lydiamouth,USA,2025-08-08,Email
3193,Cindy,Bradley,rlee@example.net,M,34,East Nathaniel,USA,2024-04-07,Affiliate
3194,Adam,Oliver,zmoore@example.org,M,62,New Jessica,USA,2023-09-11,Google Display
3195,Amy,Berry,robertcruz@example.org,F,68,East Lydiamouth,USA,2023-07-26,Google Display
3196,Robert,Kelly,jessica86@example.com,F,36,Juliechester,USA,2024-07-14,Email
3197,Elizabeth,Mills,wmorris@example.com,F,59,Lake Roberto,USA,2026-03-17,Google Search
3198,Michael,Esparza,jonathanjordan@example.org,M,52,Lake Nicoleview,USA,2023-07-25,Instagram Ads
3199,Paul,Griffin,istokes@example.com,M,63,Port Jesseville,USA,2025-08-04,Facebook Ads
3200,Michael,Perry,michelle41@example.net,M,43,South Aaron,USA,2025-04-23,Affiliate
3201,Thomas,Phillips,lauriewhitaker@example.org,F,68,Danielchester,USA,2025-02-17,Google Display
3202,Rhonda,Bolton,huntjesus@example.com,F,22,Coxberg,USA,2026-01-02,Affiliate
3203,Michelle,Cross,brandondean@example.com,F,46,Juliechester,USA,2024-01-02,Google Display
3204,Jason,Day,thompsonlaura@example.com,F,54,New Mariotown,USA,2025-09-26,Facebook Ads
3205,Amber,Fitzgerald,anthonyfranklin@example.com,F,37,Robinsonshire,USA,2025-10-13,Facebook Ads
3206,Jason,Contreras,silvaryan@example.org,F,66,New Stephanie,USA,2026-01-05,Instagram Ads
3207,Thomas,Washington,rtaylor@example.com,M,38,East Courtneychester,USA,2026-07-07,Google Search
3208,Angela,Rodriguez,paul48@example.org,F,27,South Aaron,USA,2024-06-09,Affiliate
3209,Robin,Marshall,karen67@example.com,F,22,West Donald,USA,2026-07-04,Affiliate
3210,Terri,Smith,tyrone39@example.com,M,53,Juliechester,USA,2025-07-28,Google Display
3211,Pamela,Silva,taylortoni@example.org,M,23,Jacquelineland,USA,2024-01-18,Google Display
3212,Christina,Nelson,solistara@example.com,M,43,West Donald,USA,2026-04-11,Affiliate
3213,Caroline,Farmer,abigail90@example.com,M,21,New Kellystad,USA,2024-02-12,Google Search
3214,Larry,Williams,elliottscott@example.com,F,56,New Kellystad,USA,2024-12-15,Google Search
3215,Amanda,Stevens,stephanie14@example.org,M,56,West Natashaport,USA,2025-01-30,Email
3216,Ronald,Adams,jamesmason@example.net,M,67,East William,USA,2023-12-06,Facebook Ads
3217,Catherine,Buchanan,zhorton@example.com,M,52,Juliechester,USA,2023-11-11,Google Display
3218,Robert,Sanchez,garysnow@example.org,M,18,Teresaburgh,USA,2025-10-02,Instagram Ads
3219,Michael,Dunn,gabriel67@example.com,F,41,Lake Chad,USA,2026-04-30,Google Display
3220,Jason,Sweeney,alee@example.com,F,53,East Lydiamouth,USA,2024-10-01,Email
3221,Megan,Lewis,watsontina@example.net,F,23,New Mariotown,USA,2026-04-24,Google Search
3222,Lauren,Davis,kenneththomas@example.com,F,58,Ericmouth,USA,2026-01-05,Facebook Ads
3223,Lorraine,Hart,ldean@example.org,F,63,New Kellystad,USA,2026-05-06,Google Search
3224,Sarah,Young,ohardy@example.net,M,61,Coxberg,USA,2024-12-18,Affiliate
3225,Shannon,Shaw,hoopernicole@example.org,F,48,East William,USA,2024-12-15,Instagram Ads
3226,Maria,Brown,rstewart@example.net,F,37,East William,USA,2025-03-03,Facebook Ads
3227,Dana,Brown,lisa79@example.com,M,41,Daviston,USA,2025-08-26,Email
3228,Chad,Moody,ucrawford@example.org,F,42,Lake Mark,USA,2025-04-28,Affiliate
3229,Chris,Cardenas,cameronkaitlyn@example.com,F,53,Lake Chad,USA,2025-01-31,Instagram Ads
3230,Michael,Brown,jmorrison@example.net,F,38,Port Keith,USA,2024-06-13,Affiliate
3231,William,Franklin,jjackson@example.org,M,47,Port Jesseville,USA,2025-01-22,Google Display
3232,Andrea,Ramos,aliciacallahan@example.org,M,41,South Aaron,USA,2025-08-07,Facebook Ads
3233,Raymond,Hernandez,chenmatthew@example.org,F,61,New Stephanie,USA,2025-03-08,Instagram Ads
3234,Lindsay,Garcia,yboone@example.org,M,59,Port Jesseville,USA,2025-01-27,Facebook Ads
3235,Dennis,Stokes,zsmith@example.com,M,47,Port Jesseville,USA,2025-09-08,Google Search
3236,Melissa,Carlson,williamsbrenda@example.org,F,39,South Patrickmouth,USA,2024-12-26,Affiliate
3237,Dwayne,Peters,otran@example.org,M,45,Lake Chad,USA,2024-05-14,Facebook Ads
3238,Jasmine,Bates,mstanley@example.com,F,24,Ericmouth,USA,2026-04-22,Google Display
3239,John,Stewart,dhenry@example.net,M,52,South Noah,USA,2025-05-21,Facebook Ads
3240,Michelle,Logan,wendylee@example.com,F,45,New Jamesside,USA,2025-08-12,Email
3241,Alexander,Tucker,jodicannon@example.net,M,31,Lake Nicoleview,USA,2026-03-29,Google Display
3242,Jeffery,Morris,crystal57@example.net,M,27,East William,USA,2026-04-04,Facebook Ads
3243,Michael,Schneider,rwilliamson@example.net,F,33,East William,USA,2024-03-18,Affiliate
3244,Joshua,Short,bradley58@example.net,M,33,North Noahstad,USA,2024-03-03,Instagram Ads
3245,Teresa,Collins,pam01@example.org,M,48,Juliechester,USA,2026-05-09,Email
3246,Tiffany,Mcguire,gonzalezamanda@example.com,F,59,Danielchester,USA,2023-11-19,Google Display
3247,Courtney,Long,manningbrandi@example.com,F,42,West Natashaport,USA,2026-03-06,Google Display
3248,Shannon,Griffin,russodouglas@example.net,F,30,West Donald,USA,2026-06-18,Affiliate
3249,Linda,Burton,ronald44@example.com,F,23,Adamsborough,USA,2026-06-22,Instagram Ads
3250,Autumn,Carter,lorihenderson@example.com,F,61,Coxberg,USA,2026-05-28,Google Display
3251,Lisa,Jones,sharonaustin@example.com,M,26,Wilkersonmouth,USA,2024-03-13,Google Search
3252,Victor,Stanley,kellysierra@example.com,M,62,East William,USA,2024-11-25,Google Display
3253,Sally,Guzman,elainehall@example.net,F,53,Herrerafurt,USA,2024-09-21,Facebook Ads
3254,Anita,Paul,taylormaria@example.com,M,60,Teresaburgh,USA,2025-03-21,Google Search
3255,Sandra,Stanley,wendyperez@example.org,M,37,West Donald,USA,2024-06-10,Google Display
3256,Nicholas,Haney,casey54@example.net,F,35,South Aaron,USA,2024-04-14,Google Display
3257,Ryan,Price,tlozano@example.com,M,60,East William,USA,2025-12-05,Affiliate
3258,Meghan,Fletcher,hthompson@example.com,F,38,New Jamesside,USA,2025-10-09,Affiliate
3259,Ashley,Gardner,dorseytony@example.net,F,21,Robinsonshire,USA,2026-05-04,Affiliate
3260,Sarah,Wilson,ramosmatthew@example.org,F,67,South Patrickmouth,USA,2026-03-27,Instagram Ads
3261,Chase,Beck,ecunningham@example.net,F,50,Coxberg,USA,2026-01-17,Affiliate
3262,Justin,Murillo,kristinevans@example.com,M,44,Wilkersonmouth,USA,2025-07-18,Google Display
3263,Paul,Preston,lisa37@example.com,F,24,North Noahstad,USA,2024-05-28,Affiliate
3264,Jill,Anderson,amandaroberts@example.net,F,23,Lake Mark,USA,2026-07-14,Email
3265,Tasha,Townsend,cainroger@example.net,M,32,New Kellystad,USA,2024-08-02,Email
3266,Sarah,Johnson,lmann@example.org,M,35,Herrerafurt,USA,2025-03-20,Google Display
3267,Jacob,Bennett,vmartinez@example.com,M,49,East Lydiamouth,USA,2026-07-06,Affiliate
3268,Robert,Cisneros,taylorlawrence@example.com,F,28,Lake Chad,USA,2026-04-16,Google Display
3269,Joshua,Shepherd,taylormelinda@example.org,M,37,Lake Nicoleview,USA,2023-12-11,Affiliate
3270,Holly,Robinson,jonesvanessa@example.net,M,41,Jacquelineland,USA,2024-11-08,Instagram Ads
3271,Rodney,Walker,nfreeman@example.net,M,32,Ericmouth,USA,2023-08-04,Facebook Ads
3272,Thomas,Chavez,murphycynthia@example.com,F,65,New Jamesside,USA,2025-12-26,Instagram Ads
3273,David,Carter,jasonfrank@example.com,F,24,Juliechester,USA,2023-09-24,Google Search
3274,Kevin,Foster,ryan42@example.com,M,38,New Jessica,USA,2025-12-25,Affiliate
3275,Daniel,Reyes,ywalton@example.org,F,59,Cassandraton,USA,2023-09-28,Affiliate
3276,Brenda,Christensen,oenglish@example.com,M,43,Port Colleenhaven,USA,2024-08-11,Affiliate
3277,Katherine,Fowler,yjennings@example.com,F,61,Ericmouth,USA,2025-12-23,Affiliate
3278,Kenneth,Williams,saranovak@example.net,F,31,West Michael,USA,2024-07-06,Email
3279,Teresa,Paul,matthew34@example.com,M,54,Jasonfort,USA,2026-04-27,Google Display
3280,Jonathan,Dunn,itaylor@example.net,F,38,East Nathaniel,USA,2024-03-24,Google Display
3281,Aaron,Harrison,suejones@example.com,M,35,West Michael,USA,2024-05-15,Google Search
3282,Jessica,Dominguez,gloria49@example.org,M,22,Lake Mark,USA,2023-12-28,Facebook Ads
3283,Christopher,Green,dfox@example.net,M,20,Ericmouth,USA,2026-01-05,Google Search
3284,Jason,Anderson,robertsbrandy@example.com,M,40,Cassandraton,USA,2024-04-10,Email
3285,Tyler,Graham,palmerbrett@example.net,F,43,Herrerafurt,USA,2025-12-15,Google Search
3286,Wayne,Brown,fhanna@example.com,F,54,New Stephanie,USA,2024-02-28,Affiliate
3287,Christopher,Davis,wrightryan@example.net,M,41,East Lydiamouth,USA,2024-10-12,Facebook Ads
3288,Crystal,Landry,tuckeramy@example.net,M,66,Juliechester,USA,2024-11-28,Google Display
3289,Brandon,Powers,rodney25@example.com,F,36,West Donald,USA,2026-01-22,Affiliate
3290,Richard,Kelley,thomasronald@example.net,M,68,Teresaburgh,USA,2025-07-06,Affiliate
3291,John,Stokes,watsonjose@example.net,M,42,North Noahstad,USA,2025-10-09,Google Display
3292,Alexander,Johnson,jameslopez@example.net,M,38,Port Colleenhaven,USA,2024-11-02,Google Display
3293,Matthew,Holland,renee05@example.org,F,29,New Kellystad,USA,2024-01-18,Google Search
3294,Joyce,Davis,anthonyortiz@example.org,M,58,Danielchester,USA,2023-11-07,Affiliate
3295,Charles,Flores,andrewbird@example.com,F,50,New Kellystad,USA,2024-10-25,Email
3296,John,Allison,davidfarrell@example.com,F,67,New Kellystad,USA,2023-08-27,Affiliate
3297,Vickie,Hall,jackthompson@example.com,M,21,West Natashaport,USA,2024-09-04,Google Search
3298,Diana,Davis,jeffersondaniel@example.org,F,59,South Aaron,USA,2024-04-23,Affiliate
3299,Kristopher,Walker,leedarlene@example.com,M,24,South Noah,USA,2024-02-01,Affiliate
3300,Nicholas,Dudley,ericquinn@example.com,F,39,Ramirezstad,USA,2024-07-19,Google Display
3301,Michelle,Shelton,david42@example.net,F,50,Juliechester,USA,2024-09-28,Facebook Ads
3302,Kendra,Evans,apatterson@example.org,F,34,New Kellystad,USA,2024-05-02,Affiliate
3303,William,Jordan,gordon09@example.com,M,41,West Michael,USA,2024-04-14,Affiliate
3304,Karen,Fields,pweber@example.com,M,51,Port Keith,USA,2025-07-12,Google Display
3305,Andrea,Weber,christygreer@example.com,F,45,East Lydiamouth,USA,2024-10-03,Affiliate
3306,Kim,Cook,wendyholden@example.com,M,60,New Jamesside,USA,2024-08-27,Email
3307,Marvin,Boone,tony62@example.com,F,58,Jasonfort,USA,2025-11-27,Google Display
3308,Monica,Dixon,gbutler@example.com,F,56,Wilkersonmouth,USA,2024-12-17,Google Display
3309,Victoria,Robinson,ssweeney@example.com,F,39,Lake Roberto,USA,2024-01-08,Email
3310,Natalie,Waters,sandra66@example.net,F,66,Lake Mark,USA,2024-06-30,Affiliate
3311,Jesus,Clark,omartinez@example.net,M,34,East Nathaniel,USA,2025-03-13,Google Display
3312,Matthew,Wright,james67@example.net,M,51,Herrerafurt,USA,2023-12-30,Google Search
3313,Dakota,Wells,danielleboyer@example.net,M,23,East Lydiamouth,USA,2026-05-06,Google Display
3314,Stephanie,Mcgee,mariolewis@example.net,M,63,New Stephanie,USA,2024-05-27,Instagram Ads
3315,Amy,Porter,ksanchez@example.org,F,23,Lake Nicoleview,USA,2024-10-12,Google Search
3316,Craig,Cross,kennethruiz@example.net,M,51,Ramirezstad,USA,2024-04-02,Instagram Ads
3317,Charlene,Preston,perrymichael@example.org,M,18,East William,USA,2025-07-25,Google Search
3318,Vincent,Garcia,heatherdavis@example.org,M,27,New Kellystad,USA,2023-08-12,Google Display
3319,Lindsay,Wells,sbrown@example.org,F,38,Lake Chad,USA,2025-11-13,Facebook Ads
3320,Kerri,Hahn,amanda67@example.net,M,22,Wilkersonmouth,USA,2026-04-03,Google Display
3321,Andrew,Kemp,kdennis@example.org,M,19,Lisatown,USA,2023-11-24,Facebook Ads
3322,Tiffany,Werner,lbowers@example.com,F,39,New Mariotown,USA,2025-11-22,Google Display
3323,Scott,White,mary92@example.com,M,65,Coxberg,USA,2026-01-26,Instagram Ads
3324,Kenneth,Christensen,sallylee@example.org,M,19,Cassandraton,USA,2024-12-03,Instagram Ads
3325,Kaitlin,Richards,alexander69@example.com,F,27,Danielchester,USA,2025-01-22,Google Search
3326,Elizabeth,Holder,whiterobert@example.com,M,51,Juliechester,USA,2025-09-12,Affiliate
3327,Ashley,Davis,rhayes@example.org,M,33,Tashatown,USA,2024-10-11,Affiliate
3328,Pamela,Walker,jeffrey10@example.org,F,65,South Noah,USA,2026-05-30,Affiliate
3329,Daniel,Bell,wilsonkimberly@example.org,F,68,West Donald,USA,2025-03-31,Facebook Ads
3330,Joseph,Richards,leejesse@example.com,M,56,Cassandraton,USA,2024-03-10,Facebook Ads
3331,Samantha,Barnes,ndouglas@example.net,M,39,Danielchester,USA,2024-05-12,Affiliate
3332,Laura,Campbell,christopher01@example.com,M,29,New Jamesside,USA,2025-01-09,Email
3333,Jay,Jones,regina11@example.com,F,41,South Noah,USA,2023-07-29,Affiliate
3334,Justin,Pena,ingrambrandon@example.com,M,64,New Mariotown,USA,2025-07-06,Instagram Ads
3335,Sandra,English,hernandezanna@example.com,F,57,Lake Nicoleview,USA,2026-02-07,Affiliate
3336,Sara,Powell,adkinscharles@example.net,F,55,East Lydiamouth,USA,2025-05-08,Email
3337,John,Thomas,jonathanwoodard@example.com,M,27,North Noahstad,USA,2024-06-13,Google Search
3338,Jose,Moore,clarkjames@example.com,M,52,Port Colleenhaven,USA,2023-09-23,Instagram Ads
3339,Timothy,Joyce,tuckersheila@example.net,F,68,New Jamesside,USA,2023-11-04,Google Display
3340,Samantha,Reyes,nguyentimothy@example.net,F,66,Lake Roberto,USA,2026-03-12,Email
3341,Krystal,Wilson,kirstendavis@example.net,M,49,Ramirezstad,USA,2024-06-21,Affiliate
3342,Melanie,Smith,kevinmarshall@example.org,M,24,Port Keith,USA,2024-01-11,Email
3343,Sarah,Peters,robertsdavid@example.net,M,38,East William,USA,2024-12-02,Email
3344,Crystal,Stewart,epeck@example.net,F,37,Adamsborough,USA,2024-03-07,Facebook Ads
3345,Ryan,Sweeney,travis46@example.org,M,43,Herrerafurt,USA,2025-05-11,Email
3346,John,Kramer,johnsondana@example.com,M,21,Lake Chad,USA,2025-05-21,Facebook Ads
3347,Daniel,Odom,pattonyolanda@example.org,F,63,Robinsonshire,USA,2024-04-16,Facebook Ads
3348,Edward,Bailey,jonesjohn@example.com,M,69,South Aaron,USA,2024-03-12,Google Search
3349,Brett,Carlson,lchurch@example.com,F,39,Port Colleenhaven,USA,2023-09-28,Instagram Ads
3350,Amy,Olsen,gary52@example.net,F,32,East William,USA,2025-01-12,Instagram Ads
3351,Larry,Jones,cynthiacampbell@example.net,F,57,Robinsonshire,USA,2025-12-20,Email
3352,Sarah,Owens,abigail56@example.com,F,38,Port Colleenhaven,USA,2025-05-10,Google Display
3353,William,Hendrix,tinajohnson@example.org,M,32,New Stephanie,USA,2025-04-25,Google Display
3354,Courtney,Cross,qhayes@example.com,F,39,Teresaburgh,USA,2024-03-02,Google Search
3355,Michael,Wagner,melissalopez@example.net,M,69,North Noahstad,USA,2025-09-18,Affiliate
3356,Stanley,Price,kathleenward@example.com,M,45,Jacquelineland,USA,2023-08-15,Facebook Ads
3357,Patrick,Smith,alvaradochristopher@example.net,M,31,New Kellystad,USA,2026-04-22,Google Search
3358,Daniel,Walker,ahicks@example.org,M,44,Herrerafurt,USA,2024-04-28,Email
3359,Kristin,Hunt,mcdowelladam@example.net,M,58,New Mariotown,USA,2026-06-26,Google Search
3360,Robert,Weaver,chambersvanessa@example.org,F,57,Herrerafurt,USA,2024-12-31,Affiliate
3361,Amanda,Smith,gjackson@example.net,F,45,Lake Roberto,USA,2023-11-17,Email
3362,Michael,Sparks,donaldthomas@example.org,F,43,New Jessica,USA,2024-02-01,Google Display
3363,Angela,Campbell,thomas28@example.org,M,66,Coxberg,USA,2024-08-13,Google Display
3364,Catherine,Larson,smithchristopher@example.net,M,19,New Jessica,USA,2025-10-18,Affiliate
3365,Joseph,Jacobs,perezpamela@example.org,F,42,New Kellystad,USA,2025-08-28,Email
3366,Sharon,Reed,mckenziesonya@example.com,M,20,Lake Roberto,USA,2024-02-15,Affiliate
3367,Tammy,Acevedo,fredday@example.net,F,25,Port Jesseville,USA,2023-12-08,Affiliate
3368,Margaret,Moody,oroberts@example.net,F,61,New Stephanie,USA,2026-05-08,Affiliate
3369,Michael,Burns,georgesteven@example.org,M,50,Daviston,USA,2023-08-19,Instagram Ads
3370,Sara,Smith,johnsonkevin@example.net,F,59,East Courtneychester,USA,2024-05-28,Google Display
3371,Michelle,Harding,kevinaustin@example.org,M,69,West Natashaport,USA,2025-11-26,Instagram Ads
3372,William,Escobar,keith86@example.com,M,52,South Noah,USA,2024-05-28,Facebook Ads
3373,Nicole,Anderson,thompsondarlene@example.net,M,23,East Nathaniel,USA,2025-03-17,Google Display
3374,Chelsey,Johnson,katelynjimenez@example.net,M,56,Jasonfort,USA,2025-06-21,Affiliate
3375,Tammy,Nunez,stevenrichards@example.org,M,69,West Donald,USA,2025-07-18,Google Search
3376,Connor,Holloway,pking@example.net,F,40,New Kellystad,USA,2024-10-01,Instagram Ads
3377,Barbara,Flores,angela57@example.com,F,42,East William,USA,2025-04-27,Facebook Ads
3378,Kevin,Tate,jacob06@example.net,F,67,West Michael,USA,2026-06-09,Google Display
3379,Ashley,Williams,michael28@example.net,M,60,Cassandraton,USA,2025-12-11,Instagram Ads
3380,Ruben,Bennett,pricerobert@example.org,F,36,New Mariotown,USA,2024-03-29,Google Display
3381,Katelyn,Watson,millerlucas@example.com,M,22,Teresaburgh,USA,2024-10-14,Google Search
3382,Sara,Barnes,evansrachel@example.org,F,68,East Nathaniel,USA,2023-12-18,Google Search
3383,Jeffrey,Smith,james69@example.net,M,28,Lisatown,USA,2024-01-10,Instagram Ads
3384,Chloe,Sanders,kevin72@example.com,F,29,Juliechester,USA,2025-12-13,Instagram Ads
3385,Lisa,Schmidt,johntaylor@example.com,F,27,Port Colleenhaven,USA,2024-01-24,Email
3386,Kevin,Smith,hillshawn@example.org,F,25,Lake Nicoleview,USA,2024-06-19,Email
3387,Jennifer,Peterson,uburke@example.net,M,41,New Jessica,USA,2024-07-22,Facebook Ads
3388,Stephen,Singleton,cruzmary@example.net,M,45,Herrerafurt,USA,2025-12-20,Instagram Ads
3389,Alexis,Ramirez,shannon33@example.org,F,58,New Stephanie,USA,2025-07-07,Affiliate
3390,Christine,Morgan,michael31@example.com,F,53,Lisatown,USA,2025-06-18,Affiliate
3391,Sandra,Taylor,rperez@example.org,F,54,Jacquelineland,USA,2026-04-12,Affiliate
3392,Donald,Graham,rebeccavaughn@example.net,F,38,Tashatown,USA,2023-10-25,Instagram Ads
3393,Eric,Washington,carolinecalderon@example.org,F,25,Wilkersonmouth,USA,2024-06-13,Google Display
3394,Richard,Weaver,rebeccahoward@example.org,F,26,South Noah,USA,2025-04-25,Google Display
3395,Rachel,Reyes,thomasmooney@example.org,M,64,East Lydiamouth,USA,2024-09-24,Affiliate
3396,Valerie,Weiss,maddoxdavid@example.org,M,32,East Lydiamouth,USA,2025-04-20,Google Display
3397,Vincent,Turner,adrian20@example.com,F,65,Ericmouth,USA,2023-10-30,Affiliate
3398,Brenda,Rodriguez,dawnlewis@example.net,M,63,Lake Roberto,USA,2024-03-21,Affiliate
3399,Cassandra,Miller,smithdebbie@example.org,M,57,Ericmouth,USA,2025-09-01,Instagram Ads
3400,Deborah,Jordan,vthomas@example.com,M,35,Ericmouth,USA,2025-09-09,Affiliate
3401,Erica,Graves,palmermiguel@example.net,F,59,East Nathaniel,USA,2024-06-20,Google Display
3402,Jessica,Riley,jeremymitchell@example.com,M,37,East Courtneychester,USA,2025-09-21,Affiliate
3403,Tiffany,Taylor,christophercruz@example.net,M,23,Lake Nicoleview,USA,2024-12-12,Google Display
3404,Sabrina,Ferguson,mitchellnicholas@example.com,M,29,Coxberg,USA,2025-09-29,Facebook Ads
3405,Mary,Wallace,mendezsierra@example.com,M,19,East William,USA,2024-02-17,Affiliate
3406,Christina,Gaines,santiagoterri@example.com,F,24,Port Colleenhaven,USA,2026-06-14,Affiliate
3407,Jennifer,Morgan,gregory76@example.org,F,33,Jacquelineland,USA,2023-12-02,Affiliate
3408,Kristen,Moore,underwooddeborah@example.com,M,20,West Natashaport,USA,2025-03-08,Google Display
3409,Richard,Jones,moorejohn@example.net,M,62,Teresaburgh,USA,2023-11-19,Instagram Ads
3410,Timothy,Payne,ojohnson@example.com,M,20,Lake Roberto,USA,2025-06-10,Google Search
3411,James,Sanchez,jamestucker@example.net,M,44,South Aaron,USA,2024-08-10,Google Search
3412,Eric,Melton,hcardenas@example.net,M,67,East Courtneychester,USA,2024-05-24,Google Display
3413,William,Gutierrez,smiller@example.org,F,60,Lake Chad,USA,2025-05-12,Google Search
3414,James,Williams,shawnrogers@example.org,M,57,Jasonfort,USA,2025-04-02,Affiliate
3415,Amanda,Velez,morganwarner@example.org,M,55,Port Colleenhaven,USA,2024-03-01,Facebook Ads
3416,Jordan,Cooper,njames@example.org,F,50,East Lydiamouth,USA,2026-06-16,Google Display
3417,Kari,Nichols,dakota83@example.net,F,45,New Jessica,USA,2025-01-12,Instagram Ads
3418,Matthew,Jones,paula82@example.org,M,18,New Stephanie,USA,2023-10-29,Google Display
3419,Kimberly,Contreras,olsenlinda@example.org,M,25,East Lydiamouth,USA,2025-08-23,Affiliate
3420,Philip,White,oglenn@example.com,M,54,Tashatown,USA,2023-09-25,Email
3421,Drew,White,leslie53@example.org,F,49,Lisatown,USA,2025-01-03,Google Search
3422,Mary,Chambers,sarah69@example.com,M,65,North John,USA,2026-06-23,Google Display
3423,Jorge,Alexander,brianna22@example.com,F,60,East Lydiamouth,USA,2025-12-26,Google Search
3424,Becky,Erickson,smithrichard@example.org,M,54,East William,USA,2024-06-27,Google Search
3425,Susan,Lane,imurphy@example.com,M,21,Coxberg,USA,2026-02-13,Google Search
3426,Douglas,Chambers,wcannon@example.com,M,47,North Noahstad,USA,2026-03-03,Google Display
3427,Jennifer,White,jodipark@example.net,F,23,Port Jesseville,USA,2024-11-12,Facebook Ads
3428,Kimberly,Scott,michelle12@example.net,M,63,Daviston,USA,2023-11-15,Facebook Ads
3429,Samuel,Patton,rachel22@example.org,F,36,East William,USA,2024-06-02,Instagram Ads
3430,Trevor,Pierce,mitchellmichael@example.com,F,49,West Michael,USA,2025-09-17,Google Display
3431,Steven,Wiley,darren84@example.net,F,26,West Donald,USA,2025-07-05,Google Search
3432,Stephen,Harris,claytonchavez@example.net,F,29,East Courtneychester,USA,2026-01-24,Instagram Ads
3433,Sherry,Meza,jamesbrewer@example.org,F,28,North Noahstad,USA,2025-08-15,Google Display
3434,Sara,Hale,levi67@example.com,F,63,Lake Chad,USA,2025-11-03,Instagram Ads
3435,Sean,Foster,qmccoy@example.org,F,33,East Courtneychester,USA,2026-02-02,Facebook Ads
3436,Kristen,Morton,hgonzalez@example.org,F,18,Port Jesseville,USA,2026-07-05,Facebook Ads
3437,Nicole,Petersen,underwoodmary@example.net,M,62,Lake Mark,USA,2025-07-27,Facebook Ads
3438,Kelly,Hull,paulking@example.net,M,38,Coxberg,USA,2024-02-26,Google Display
3439,Victoria,Lewis,ylowe@example.org,F,47,Robinsonshire,USA,2026-05-20,Instagram Ads
3440,William,Mays,vjimenez@example.net,M,30,Lake Nicoleview,USA,2023-10-20,Affiliate
3441,Jamie,Smith,danielle49@example.com,F,51,Cassandraton,USA,2026-03-20,Google Display
3442,Nancy,Greene,hartmitchell@example.com,F,21,East Nathaniel,USA,2024-05-19,Google Display
3443,Jennifer,Williams,dustinhowell@example.org,M,45,Adamsborough,USA,2026-04-08,Google Display
3444,Sarah,Brooks,jonesrachel@example.com,F,55,Herrerafurt,USA,2024-09-19,Facebook Ads
3445,Thomas,Cobb,fernandezbrandon@example.net,M,48,New Jamesside,USA,2025-09-29,Instagram Ads
3446,Barbara,Todd,mitchelldanielle@example.org,M,44,Wilkersonmouth,USA,2024-05-21,Email
3447,Joseph,Brown,gcruz@example.com,M,22,Jacquelineland,USA,2023-10-09,Facebook Ads
3448,Jason,Rivera,hilldebbie@example.com,F,42,East Courtneychester,USA,2024-06-22,Email
3449,Luis,Wagner,bobbyfowler@example.org,M,20,East Courtneychester,USA,2026-04-23,Google Display
3450,Zachary,Stewart,seth77@example.net,F,50,Lake Mark,USA,2024-04-30,Google Display
3451,Christopher,Ho,mooresteven@example.net,M,21,East Courtneychester,USA,2023-11-07,Instagram Ads
3452,Phyllis,Rose,timothygarcia@example.org,M,42,South Aaron,USA,2023-11-11,Instagram Ads
3453,Zachary,Price,krodriguez@example.net,M,37,South Noah,USA,2024-12-14,Facebook Ads
3454,Marie,Gonzales,elizabethmoore@example.org,F,51,Jacquelineland,USA,2024-12-21,Affiliate
3455,Bobby,Flores,cooktiffany@example.org,F,43,Port Jesseville,USA,2024-08-31,Google Display
3456,Jonathan,Schneider,chapmanrobert@example.com,M,22,South Aaron,USA,2025-08-29,Email
3457,Amy,Wright,vanessalane@example.net,M,52,Port Jesseville,USA,2025-11-08,Email
3458,William,Campbell,jross@example.org,M,45,West Michael,USA,2024-12-12,Facebook Ads
3459,Kimberly,Olson,jonesmark@example.com,M,46,Coxberg,USA,2026-05-01,Facebook Ads
3460,Ronald,Washington,adamgolden@example.org,F,26,Port Jesseville,USA,2023-07-25,Instagram Ads
3461,Kristina,Peterson,rachelmurray@example.com,F,69,New Jamesside,USA,2025-10-21,Email
3462,Russell,Castro,jonathanjones@example.com,M,55,Ericmouth,USA,2025-12-22,Facebook Ads
3463,Jennifer,Martin,nancywood@example.com,F,67,Daviston,USA,2024-10-27,Email
3464,Tammy,Smith,ameyers@example.net,F,23,West Michael,USA,2026-04-17,Instagram Ads
3465,Sandra,Martinez,fowlerkathy@example.org,F,36,East Courtneychester,USA,2025-03-17,Google Display
3466,Jennifer,Jackson,eleon@example.com,M,61,South Aaron,USA,2026-04-21,Google Display
3467,Stephanie,Wilson,donald27@example.net,M,28,East Lydiamouth,USA,2025-01-20,Facebook Ads
3468,Peter,Smith,smithrebecca@example.org,F,19,West Donald,USA,2023-10-06,Google Search
3469,Margaret,Moran,donald44@example.com,F,64,Daviston,USA,2024-03-11,Instagram Ads
3470,Erica,Williams,sallison@example.net,F,61,Lisatown,USA,2024-11-18,Instagram Ads
3471,Terry,Todd,rmichael@example.net,M,61,East William,USA,2025-04-16,Facebook Ads
3472,Thomas,Bennett,zbailey@example.com,F,26,Ramirezstad,USA,2025-11-07,Google Search
3473,Richard,Williams,pwarren@example.org,F,38,South Noah,USA,2024-05-28,Email
3474,Joseph,Smith,edwin42@example.net,M,41,East Courtneychester,USA,2024-09-06,Instagram Ads
3475,Jennifer,Gonzalez,sweber@example.org,F,51,Danielchester,USA,2023-12-04,Google Search
3476,Christopher,Jones,john90@example.com,F,39,East Lydiamouth,USA,2023-08-10,Facebook Ads
3477,Heather,Mendoza,robertfarmer@example.com,M,20,East William,USA,2025-01-08,Affiliate
3478,Danielle,Wilson,benjamin10@example.org,M,29,Jasonfort,USA,2024-09-25,Google Search
3479,Maria,Hernandez,johnsonantonio@example.com,F,45,New Mariotown,USA,2024-08-03,Email
3480,Ashley,Clark,megan59@example.com,F,47,Jacquelineland,USA,2026-02-18,Affiliate
3481,Samantha,Harris,keith83@example.com,F,43,Ramirezstad,USA,2025-01-07,Email
3482,Christopher,Lopez,ashley79@example.org,F,65,Ericmouth,USA,2025-12-30,Facebook Ads
3483,Patrick,Waller,ymercer@example.com,M,38,West Natashaport,USA,2025-07-30,Facebook Ads
3484,John,Moore,christophercooley@example.com,M,45,New Mariotown,USA,2025-08-15,Affiliate
3485,Lisa,Russell,dustin82@example.com,M,43,Port Jesseville,USA,2024-09-20,Affiliate
3486,Mason,Garrison,vanessajimenez@example.org,F,50,North Noahstad,USA,2024-05-30,Facebook Ads
3487,Benjamin,Johnson,andrewmyers@example.org,F,38,East Lydiamouth,USA,2023-10-20,Affiliate
3488,Elizabeth,Bennett,floresbridget@example.net,F,52,Port Jesseville,USA,2025-11-03,Email
3489,Joshua,Holloway,zrich@example.net,M,69,Robinsonshire,USA,2024-02-25,Instagram Ads
3490,Brian,Newman,vanessaflores@example.com,M,51,Daviston,USA,2026-01-29,Email
3491,Renee,James,lisadavis@example.org,F,58,East Nathaniel,USA,2023-09-18,Google Search
3492,Benjamin,Williams,cameronramos@example.org,F,68,South Patrickmouth,USA,2025-09-21,Affiliate
3493,Lisa,Collins,thompsondawn@example.org,M,64,East Courtneychester,USA,2024-07-20,Facebook Ads
3494,Stephanie,Brown,colleenwilliams@example.net,F,35,Daviston,USA,2024-03-26,Email
3495,Sandra,Mccarthy,fbutler@example.org,M,28,Lake Chad,USA,2025-11-08,Email
3496,Phillip,Ferguson,huntlisa@example.org,F,40,Herrerafurt,USA,2026-07-01,Google Search
3497,Emily,Patterson,baileytracey@example.net,M,65,New Stephanie,USA,2024-06-14,Facebook Ads
3498,Stephen,Terry,kayla05@example.net,M,39,Coxberg,USA,2024-03-15,Google Display
3499,Victoria,Roy,johnsonmichael@example.net,M,34,Lake Chad,USA,2026-05-20,Google Display
3500,Emily,Harmon,atkinsryan@example.org,F,22,East Nathaniel,USA,2025-05-10,Google Display
3501,Christine,Roberts,codyrichards@example.org,F,61,West Natashaport,USA,2025-10-13,Google Search
3502,Donald,Henderson,thomasrussell@example.com,M,28,Port Keith,USA,2025-06-26,Facebook Ads
3503,Katherine,Garcia,ssimmons@example.org,M,47,New Stephanie,USA,2025-01-25,Instagram Ads
3504,Timothy,Kane,dominiquedaniels@example.org,M,32,South Aaron,USA,2024-10-08,Google Display
3505,Joel,Gardner,angel62@example.com,F,44,East Lydiamouth,USA,2026-04-26,Instagram Ads
3506,George,Moore,creynolds@example.net,F,52,South Noah,USA,2026-01-13,Email
3507,Zachary,Hudson,sethsanders@example.com,M,50,Lake Chad,USA,2026-07-06,Instagram Ads
3508,Mark,Lopez,fordbeverly@example.org,M,37,Port Colleenhaven,USA,2025-12-20,Instagram Ads
3509,Ariana,Rodriguez,matthew77@example.com,F,33,Robinsonshire,USA,2023-12-31,Affiliate
3510,Marcus,Morrison,bjames@example.net,M,51,South Noah,USA,2026-01-22,Instagram Ads
3511,Rhonda,Wood,stewartsandra@example.net,F,19,Lisatown,USA,2026-05-14,Affiliate
3512,Kelly,Mejia,mcclainkimberly@example.com,M,52,Ramirezstad,USA,2024-12-28,Email
3513,Brandi,Armstrong,brittanyrush@example.com,M,57,East William,USA,2026-02-22,Affiliate
3514,Michael,Davis,hmiller@example.com,F,45,West Natashaport,USA,2025-02-13,Google Search
3515,Benjamin,Marks,kim09@example.org,F,64,Ericmouth,USA,2024-04-30,Affiliate
3516,Brooke,Little,fhoffman@example.com,F,56,Herrerafurt,USA,2025-06-17,Google Display
3517,Victoria,Sims,schroederbrittany@example.org,F,23,Adamsborough,USA,2023-11-30,Facebook Ads
3518,Jessica,Hernandez,brownwilliam@example.net,M,26,Wilkersonmouth,USA,2023-08-26,Instagram Ads
3519,Joshua,Duncan,moralesdawn@example.com,F,37,Port Keith,USA,2023-12-28,Google Search
3520,Howard,Perez,rickyclark@example.org,M,18,Port Colleenhaven,USA,2025-06-11,Affiliate
3521,Alfred,Jackson,smithstephanie@example.net,M,25,Juliechester,USA,2024-02-17,Affiliate
3522,Shelby,Burnett,rebeccacurtis@example.com,F,40,West Natashaport,USA,2023-12-17,Email
3523,Jacqueline,Andrews,john40@example.net,M,20,South Patrickmouth,USA,2025-12-20,Instagram Ads
3524,Troy,Casey,romankathryn@example.com,F,21,South Noah,USA,2024-09-18,Instagram Ads
3525,Elizabeth,Harper,fgregory@example.com,F,42,New Kellystad,USA,2023-09-10,Google Display
3526,Omar,Leach,michaeltorres@example.com,M,64,East Courtneychester,USA,2024-03-13,Google Search
3527,Mark,Jones,jrios@example.net,M,55,Lake Nicoleview,USA,2025-07-13,Facebook Ads
3528,Robert,Pennington,elizabethbrennan@example.net,F,32,Port Keith,USA,2024-02-20,Google Display
3529,Kenneth,Figueroa,donnamcintosh@example.net,M,38,Port Keith,USA,2025-03-08,Instagram Ads
3530,Roy,Moore,ncollier@example.com,F,52,Port Keith,USA,2026-06-24,Affiliate
3531,Maria,Holmes,ericvalencia@example.com,F,63,New Jamesside,USA,2024-12-17,Google Search
3532,Alice,Smith,john69@example.net,M,69,Port Keith,USA,2024-03-13,Google Display
3533,Maria,King,monicadaniel@example.net,M,31,Lake Roberto,USA,2025-08-12,Instagram Ads
3534,Michelle,Johnson,hineskrystal@example.com,M,53,East Courtneychester,USA,2025-12-10,Instagram Ads
3535,Michael,Le,amandamorales@example.org,F,29,Coxberg,USA,2025-09-28,Facebook Ads
3536,Alan,Ellis,gerald93@example.net,M,34,East William,USA,2023-09-06,Email
3537,Taylor,Perez,lmeadows@example.com,M,56,Juliechester,USA,2024-05-08,Google Display
3538,Kristina,Reed,allensara@example.org,M,26,Cassandraton,USA,2024-10-22,Facebook Ads
3539,Matthew,Haney,gomezerica@example.net,M,52,Herrerafurt,USA,2025-08-20,Instagram Ads
3540,Adam,Riddle,barrettsusan@example.org,M,30,South Noah,USA,2024-06-23,Instagram Ads
3541,Matthew,Dyer,reginacarlson@example.net,M,32,East William,USA,2025-08-08,Facebook Ads
3542,Gabrielle,Holloway,woliver@example.com,F,35,Ericmouth,USA,2024-02-09,Instagram Ads
3543,Lauren,Hardy,rodriguezjohn@example.com,M,68,Lake Nicoleview,USA,2025-04-09,Email
3544,Joshua,Melton,dhoward@example.com,F,50,Lake Chad,USA,2023-12-28,Google Search
3545,Ryan,Lowe,lindacooper@example.net,F,23,Lake Nicoleview,USA,2023-09-12,Instagram Ads
3546,Michael,Walker,angelarhodes@example.com,M,44,Lisatown,USA,2024-06-02,Email
3547,Stephanie,Green,zdavila@example.net,F,40,Port Colleenhaven,USA,2026-01-05,Facebook Ads
3548,Connie,Richards,clayton74@example.com,M,44,Robinsonshire,USA,2026-01-11,Facebook Ads
3549,Larry,Sutton,whale@example.com,F,51,North Noahstad,USA,2023-12-13,Email
3550,Jacob,Bruce,pbryant@example.com,F,63,New Kellystad,USA,2024-04-17,Facebook Ads
3551,Cody,Bridges,contrerasmaria@example.com,M,55,New Jamesside,USA,2026-06-07,Instagram Ads
3552,Jennifer,Farmer,kathleenscott@example.org,F,31,Juliechester,USA,2024-01-24,Instagram Ads
3553,Roger,Palmer,dixonkristen@example.com,F,53,Lake Mark,USA,2024-09-19,Instagram Ads
3554,Alexis,Howell,colemanjim@example.net,F,25,Cassandraton,USA,2026-01-15,Google Display
3555,John,Tyler,sandraharper@example.org,M,52,Cassandraton,USA,2024-11-06,Instagram Ads
3556,Troy,Brown,antonio59@example.net,M,36,Lake Mark,USA,2025-02-28,Google Search
3557,Samantha,Martinez,ralexander@example.org,M,47,North John,USA,2026-05-21,Google Search
3558,Stephanie,Lewis,mariaschmidt@example.net,M,31,West Donald,USA,2025-02-18,Facebook Ads
3559,Benjamin,Shaw,sandovaldebra@example.org,M,37,West Natashaport,USA,2023-12-24,Instagram Ads
3560,Cathy,Allen,michael28@example.org,M,66,East Courtneychester,USA,2025-11-24,Email
3561,John,Sanchez,thomaswang@example.com,F,42,West Natashaport,USA,2024-09-04,Instagram Ads
3562,Jack,Lynch,higginskelly@example.org,F,57,New Kellystad,USA,2025-10-15,Affiliate
3563,Courtney,Lee,boydjasmine@example.net,F,41,North John,USA,2024-06-09,Google Search
3564,Ryan,Gilbert,rosemiller@example.org,F,31,North Noahstad,USA,2025-08-07,Google Search
3565,Melissa,Beck,rwebb@example.net,F,43,West Donald,USA,2023-11-12,Google Search
3566,Alfred,Thomas,frysharon@example.net,M,55,East William,USA,2023-12-03,Instagram Ads
3567,Rebecca,Choi,browningjason@example.org,M,40,Adamsborough,USA,2025-01-26,Instagram Ads
3568,Meagan,Thomas,manningjessica@example.com,F,39,South Patrickmouth,USA,2024-03-24,Affiliate
3569,Christine,Moore,randyyoder@example.com,F,65,Lake Roberto,USA,2024-11-14,Facebook Ads
3570,Erin,Graham,bwilson@example.com,F,36,South Noah,USA,2023-12-15,Instagram Ads
3571,Willie,Hayes,ramoskelly@example.net,M,63,Adamsborough,USA,2025-10-06,Instagram Ads
3572,Mary,Miller,brianhill@example.org,M,68,Juliechester,USA,2023-07-29,Google Search
3573,Vanessa,Smith,hnewton@example.org,F,20,Danielchester,USA,2025-03-23,Google Display
3574,Angela,Johnson,juliecollins@example.com,F,59,Daviston,USA,2026-03-09,Email
3575,George,Stewart,zchavez@example.org,F,36,Herrerafurt,USA,2024-04-03,Affiliate
3576,Kimberly,Nelson,joshuacohen@example.com,M,26,Juliechester,USA,2025-07-31,Google Display
3577,Kenneth,Jones,johncoleman@example.net,F,45,Port Colleenhaven,USA,2023-10-31,Email
3578,Charles,Sanchez,seanjones@example.com,F,37,Port Colleenhaven,USA,2023-11-04,Email
3579,John,Brooks,gardnererik@example.org,M,62,Juliechester,USA,2023-11-02,Facebook Ads
3580,Amanda,Payne,laura20@example.net,F,24,Teresaburgh,USA,2025-10-06,Email
3581,Gina,Jones,umills@example.net,M,31,Ericmouth,USA,2024-10-10,Instagram Ads
3582,Robert,Smith,wongjacqueline@example.org,F,26,East William,USA,2025-10-04,Instagram Ads
3583,Caroline,Owens,deborah67@example.org,M,36,West Donald,USA,2023-09-06,Email
3584,Andrew,Anderson,holly10@example.com,F,64,Herrerafurt,USA,2026-04-14,Facebook Ads
3585,Stephen,Hamilton,ann08@example.net,M,69,Wilkersonmouth,USA,2024-07-03,Google Search
3586,Henry,Ellis,christopher19@example.org,M,31,Lake Mark,USA,2025-05-29,Google Display
3587,Lauren,Torres,christinacooper@example.com,M,55,East Nathaniel,USA,2026-01-04,Google Display
3588,Carol,Chavez,cmiller@example.com,M,53,Ramirezstad,USA,2025-09-29,Instagram Ads
3589,Lisa,Watts,bbrady@example.org,M,57,Herrerafurt,USA,2025-04-18,Facebook Ads
3590,Richard,Taylor,yhubbard@example.com,M,34,Juliechester,USA,2025-03-05,Affiliate
3591,Shelby,Watson,gclark@example.org,M,47,East Courtneychester,USA,2025-03-05,Google Search
3592,Melissa,Woods,madeline02@example.net,M,26,North Noahstad,USA,2023-12-18,Affiliate
3593,Grace,Pennington,elizabeth14@example.com,M,50,Lake Nicoleview,USA,2025-11-27,Email
3594,Nina,Thompson,nharris@example.org,M,69,New Jamesside,USA,2024-06-07,Instagram Ads
3595,Erin,Jones,gbutler@example.net,F,42,New Kellystad,USA,2024-06-08,Facebook Ads
3596,Connie,Garcia,kennethperez@example.net,M,31,Lake Roberto,USA,2024-09-24,Facebook Ads
3597,Amanda,Fisher,bgreen@example.com,F,28,New Kellystad,USA,2024-09-15,Instagram Ads
3598,Nicholas,Davila,ewatkins@example.org,F,52,Herrerafurt,USA,2024-03-11,Affiliate
3599,Andrea,Chan,aaronramirez@example.org,F,58,Lake Nicoleview,USA,2025-01-01,Google Display
3600,Carrie,Davidson,sdaniel@example.org,F,31,South Patrickmouth,USA,2025-11-02,Affiliate
3601,Barbara,White,kimberlymann@example.net,M,47,Lake Mark,USA,2023-11-19,Facebook Ads
3602,Dawn,Olson,reyescarmen@example.com,M,58,Lisatown,USA,2023-09-26,Affiliate
3603,Rebecca,Williams,bethmiller@example.com,M,21,West Natashaport,USA,2024-01-20,Instagram Ads
3604,William,Campbell,stoneandrew@example.net,M,21,East William,USA,2023-11-20,Google Display
3605,Heather,Barton,epearson@example.com,F,45,Tashatown,USA,2025-07-29,Email
3606,Alicia,Daniel,marissa74@example.net,F,25,New Stephanie,USA,2025-05-21,Email
3607,Claudia,Brown,sarahtaylor@example.com,F,19,West Michael,USA,2023-12-01,Google Display
3608,Joshua,Nash,vanessa58@example.net,M,58,South Noah,USA,2023-10-30,Facebook Ads
3609,Christine,Alvarado,reynoldstravis@example.net,F,63,Herrerafurt,USA,2025-12-11,Affiliate
3610,Melissa,Grimes,richard31@example.com,M,39,Coxberg,USA,2024-02-22,Email
3611,Clinton,Carlson,marissa72@example.net,M,58,West Michael,USA,2026-02-21,Google Display
3612,Robert,Barnes,chelsea37@example.net,M,33,East Nathaniel,USA,2025-01-23,Email
3613,Christopher,Combs,alicianorris@example.net,M,46,Tashatown,USA,2025-06-27,Google Display
3614,Paige,Brown,heidiwilson@example.org,F,66,Coxberg,USA,2025-06-21,Google Display
3615,Alexander,Jones,ybailey@example.net,M,65,Lisatown,USA,2025-08-18,Google Search
3616,Danny,Walker,robertmartinez@example.org,F,47,Port Jesseville,USA,2023-10-10,Google Search
3617,Christina,Rose,beth04@example.net,M,29,North Noahstad,USA,2025-05-07,Facebook Ads
3618,Brian,Alvarez,carolynbrady@example.com,F,52,West Natashaport,USA,2025-02-02,Google Search
3619,Mason,Walker,pmckee@example.net,M,28,Jacquelineland,USA,2025-05-03,Google Search
3620,Brenda,Blake,hernandezmelissa@example.net,M,63,Port Colleenhaven,USA,2024-03-12,Facebook Ads
3621,Crystal,Thomas,kimberly51@example.com,M,67,Ramirezstad,USA,2025-12-20,Email
3622,Chad,Greene,marcusgilmore@example.org,M,38,East Lydiamouth,USA,2025-06-06,Instagram Ads
3623,Megan,Leach,marilyn62@example.org,M,38,Robinsonshire,USA,2025-12-31,Instagram Ads
3624,Victoria,Mann,hshepherd@example.net,F,22,Ericmouth,USA,2025-03-03,Email
3625,Jesus,George,jonathan38@example.com,M,65,New Stephanie,USA,2024-06-30,Google Display
3626,Clifford,Price,morrisonalan@example.com,M,37,Lisatown,USA,2025-05-03,Google Search
3627,Adrienne,Doyle,curtisroy@example.net,M,54,East Lydiamouth,USA,2024-06-17,Facebook Ads
3628,Nicole,Riley,hartkara@example.net,F,20,Lake Mark,USA,2026-02-21,Google Display
3629,Jacqueline,Murray,markbautista@example.org,M,61,Adamsborough,USA,2024-10-18,Google Display
3630,William,Jones,jasonhowell@example.org,F,50,Herrerafurt,USA,2026-05-06,Affiliate
3631,Shawn,Mendoza,davidsandoval@example.net,M,26,Jasonfort,USA,2024-06-03,Google Display
3632,Alex,Gillespie,david22@example.net,M,26,South Aaron,USA,2026-02-04,Instagram Ads
3633,Joseph,Barker,lisabrown@example.net,M,21,New Mariotown,USA,2026-04-12,Google Display
3634,Jack,Young,kyle01@example.net,F,52,New Mariotown,USA,2023-11-04,Facebook Ads
3635,Krystal,Roberts,kennethstanton@example.com,F,34,Lake Chad,USA,2024-01-04,Instagram Ads
3636,Tracie,Johnson,john50@example.net,F,51,Ericmouth,USA,2025-05-06,Affiliate
3637,Scott,Bell,wilsonjill@example.com,M,41,West Michael,USA,2025-07-07,Instagram Ads
3638,Tina,Butler,alan94@example.org,M,49,Lake Chad,USA,2024-06-20,Email
3639,Michael,Oliver,merritttaylor@example.com,F,18,South Patrickmouth,USA,2024-06-22,Instagram Ads
3640,Daisy,Evans,veronica90@example.net,F,25,Lake Mark,USA,2026-04-09,Google Search
3641,Harold,Dalton,johnsonjames@example.com,F,62,Robinsonshire,USA,2024-07-02,Affiliate
3642,Joseph,Curry,austinfrye@example.org,F,40,Jacquelineland,USA,2024-12-25,Instagram Ads
3643,Jennifer,Reynolds,xgreene@example.org,M,64,New Kellystad,USA,2025-04-02,Email
3644,Jesus,Medina,carrollchristopher@example.org,F,57,North Noahstad,USA,2025-06-02,Facebook Ads
3645,Amber,Webster,houstonlaura@example.com,M,29,East Lydiamouth,USA,2023-12-03,Email
3646,Desiree,Trevino,aaron62@example.net,M,29,Danielchester,USA,2025-10-11,Facebook Ads
3647,Joseph,Lee,emily89@example.org,F,63,Adamsborough,USA,2026-05-26,Instagram Ads
3648,Jonathan,Kennedy,crosbyjoan@example.com,F,64,Lake Chad,USA,2024-11-07,Facebook Ads
3649,Cheryl,Dennis,xparsons@example.com,F,32,New Stephanie,USA,2024-01-26,Google Search
3650,John,Hoffman,iacevedo@example.net,F,58,Ericmouth,USA,2024-07-13,Facebook Ads
3651,Andrew,Adams,lori09@example.com,M,36,Tashatown,USA,2024-01-12,Google Search
3652,Katherine,Hansen,chelsea70@example.org,F,43,New Jessica,USA,2025-04-01,Google Display
3653,Lindsay,Jacobs,ncampbell@example.com,M,69,Cassandraton,USA,2025-05-06,Email
3654,Mary,Ruiz,bradley71@example.net,F,46,Robinsonshire,USA,2025-02-10,Google Search
3655,Adam,Gill,joshua88@example.com,F,39,Coxberg,USA,2024-03-06,Google Display
3656,Joshua,Mitchell,hestrada@example.com,M,57,South Patrickmouth,USA,2024-10-30,Google Search
3657,Brianna,Carr,stephen61@example.com,F,38,West Donald,USA,2025-08-23,Facebook Ads
3658,Melissa,Johnson,fsilva@example.com,F,68,South Aaron,USA,2025-05-28,Google Display
3659,Rebekah,Miller,laurengreen@example.net,F,55,Robinsonshire,USA,2026-05-04,Email
3660,Shane,Rogers,acalderon@example.com,M,37,Jacquelineland,USA,2025-09-22,Affiliate
3661,Aaron,Morgan,racevedo@example.org,M,46,New Kellystad,USA,2024-09-11,Facebook Ads
3662,Eileen,Green,jamesbenson@example.com,F,68,Juliechester,USA,2025-05-17,Instagram Ads
3663,Danielle,Graham,andrew45@example.org,F,21,Lake Roberto,USA,2025-06-24,Instagram Ads
3664,Kimberly,Ortiz,toddcollins@example.org,F,24,Tashatown,USA,2026-01-07,Affiliate
3665,Kara,Baker,laurahamilton@example.com,M,45,Wilkersonmouth,USA,2026-01-14,Google Display
3666,Amanda,Jackson,laurie14@example.org,F,45,Port Colleenhaven,USA,2026-01-28,Google Display
3667,Mark,Baird,ambersavage@example.com,M,21,Ericmouth,USA,2024-10-28,Instagram Ads
3668,Gerald,Bennett,willie16@example.org,M,39,Coxberg,USA,2025-02-03,Google Display
3669,Karl,Sanchez,dvillarreal@example.net,M,29,Coxberg,USA,2024-09-12,Google Search
3670,Marcus,Bell,cortezchristopher@example.org,M,62,Adamsborough,USA,2026-02-03,Google Search
3671,Donald,Dunn,fburke@example.net,F,20,Ramirezstad,USA,2025-06-27,Affiliate
3672,Aaron,Carter,dylan77@example.com,F,39,Cassandraton,USA,2025-02-11,Google Search
3673,Katherine,Williams,paulperry@example.org,F,61,Robinsonshire,USA,2026-05-19,Email
3674,Julie,Lewis,erin39@example.com,M,19,Lake Nicoleview,USA,2024-10-01,Instagram Ads
3675,Kimberly,Gray,jessemedina@example.net,M,41,Adamsborough,USA,2026-06-07,Email
3676,James,Wood,westjeffrey@example.org,M,51,West Natashaport,USA,2026-03-14,Google Display
3677,Kevin,Delacruz,bmurray@example.org,M,44,West Donald,USA,2025-07-27,Google Display
3678,Pamela,Hughes,uwallace@example.net,F,58,Ramirezstad,USA,2023-09-01,Facebook Ads
3679,Christina,Blankenship,qcervantes@example.com,M,18,New Jamesside,USA,2026-06-10,Affiliate
3680,Michele,Austin,debra48@example.net,F,25,South Noah,USA,2024-07-18,Google Search
3681,Briana,Allison,ybrady@example.com,M,40,Ericmouth,USA,2026-03-06,Instagram Ads
3682,Misty,Rivers,thomasowens@example.net,M,55,South Noah,USA,2024-12-19,Google Display
3683,Angel,Wiggins,mullentimothy@example.com,M,23,East Lydiamouth,USA,2024-08-09,Affiliate
3684,Kyle,Wallace,kennethjones@example.com,F,39,Daviston,USA,2025-11-04,Email
3685,Denise,Clark,mccormickdawn@example.org,M,42,New Jessica,USA,2025-04-03,Instagram Ads
3686,Joshua,Johnson,wwatson@example.net,M,35,Ericmouth,USA,2025-01-22,Google Display
3687,John,Roberts,matthew85@example.net,F,34,East Lydiamouth,USA,2025-07-07,Instagram Ads
3688,Michael,Peterson,robinhancock@example.org,M,29,Wilkersonmouth,USA,2026-05-14,Google Display
3689,Russell,Johnson,hensleybenjamin@example.com,F,23,Lake Nicoleview,USA,2023-08-18,Email
3690,Yvonne,Doyle,brownjohn@example.com,M,43,East Courtneychester,USA,2025-04-19,Google Search
3691,Karen,Ward,mmiller@example.net,F,44,East William,USA,2025-11-02,Email
3692,Warren,Vargas,fbass@example.org,M,25,Lake Roberto,USA,2025-03-09,Affiliate
3693,Felicia,Flores,kaitlynwest@example.com,M,36,Adamsborough,USA,2024-09-30,Affiliate
3694,Charles,Cross,fwest@example.net,F,59,East William,USA,2025-06-21,Instagram Ads
3695,Deborah,Dixon,ramirezsteven@example.net,F,18,New Kellystad,USA,2024-10-11,Google Display
3696,Emily,Garrison,jkelley@example.net,F,46,Cassandraton,USA,2025-05-21,Affiliate
3697,Joy,Joseph,richard99@example.com,F,62,New Jessica,USA,2023-08-05,Email
3698,Dawn,Jones,jacquelineholt@example.org,M,66,South Patrickmouth,USA,2025-09-25,Instagram Ads
3699,Audrey,Lopez,bodonnell@example.com,F,52,New Mariotown,USA,2024-05-17,Facebook Ads
3700,Timothy,Allen,jthompson@example.org,M,57,Ramirezstad,USA,2024-04-20,Affiliate
3701,Michael,Robinson,patelnicholas@example.com,M,31,Daviston,USA,2024-12-30,Affiliate
3702,Shannon,Sanchez,kingjessica@example.net,M,52,West Natashaport,USA,2024-07-24,Google Display
3703,Jose,Evans,maria03@example.com,M,65,Wilkersonmouth,USA,2025-05-11,Instagram Ads
3704,Julian,Smith,sabrinaperez@example.net,M,62,New Stephanie,USA,2024-12-26,Facebook Ads
3705,Jeremiah,Howard,medinajulie@example.net,F,37,West Donald,USA,2025-10-22,Facebook Ads
3706,Richard,Collins,gmendoza@example.org,F,66,East Lydiamouth,USA,2023-10-24,Email
3707,James,Richardson,alankelly@example.com,M,30,Danielchester,USA,2024-02-17,Affiliate
3708,Rachel,Waller,amanda15@example.org,F,55,Daviston,USA,2026-05-25,Google Display
3709,Shari,Parsons,dana17@example.net,F,66,Wilkersonmouth,USA,2025-05-08,Email
3710,Matthew,Dean,lambalexandra@example.net,F,63,Teresaburgh,USA,2026-03-15,Google Search
3711,Laura,Jones,teresaspencer@example.com,M,66,Port Keith,USA,2024-07-14,Google Display
3712,Lindsey,Franco,bennettmichael@example.net,F,25,West Donald,USA,2024-01-28,Instagram Ads
3713,Amanda,Dunlap,matthewslarry@example.net,M,60,Port Colleenhaven,USA,2023-10-26,Google Display
3714,Patricia,Cannon,haneysusan@example.org,F,37,Lake Mark,USA,2025-12-31,Affiliate
3715,Michelle,Lopez,jadehendrix@example.org,F,50,Lake Mark,USA,2024-06-23,Affiliate
3716,Eric,Norris,audrey30@example.net,M,43,Ericmouth,USA,2025-10-01,Facebook Ads
3717,Craig,Brown,eric34@example.org,M,56,New Jamesside,USA,2026-07-07,Email
3718,Kenneth,Morales,johncook@example.net,F,38,North Noahstad,USA,2024-08-11,Google Display
3719,James,Brown,floresbenjamin@example.org,M,66,South Patrickmouth,USA,2025-12-20,Email
3720,Kenneth,Cole,powerscory@example.org,M,59,Lake Mark,USA,2025-05-23,Google Display
3721,Pamela,Russell,elizabeth55@example.com,M,60,West Michael,USA,2024-10-05,Google Display
3722,Mary,Reynolds,mark41@example.net,F,58,Cassandraton,USA,2025-10-08,Instagram Ads
3723,Isaiah,Garza,richardaustin@example.net,F,26,Cassandraton,USA,2024-05-05,Google Search
3724,Eric,Butler,donovansamantha@example.org,F,41,Daviston,USA,2023-08-12,Affiliate
3725,Teresa,Hardin,yhendrix@example.net,F,54,East William,USA,2025-05-22,Google Search
3726,Andre,Woodard,ernestwright@example.net,M,66,South Aaron,USA,2023-11-30,Google Search
3727,Amanda,Butler,edwinmiller@example.com,F,58,New Jessica,USA,2024-08-11,Google Search
3728,Danielle,Jackson,khouston@example.com,F,34,Jacquelineland,USA,2026-05-29,Facebook Ads
3729,Anthony,Lee,tyler10@example.org,F,41,Robinsonshire,USA,2024-07-30,Facebook Ads
3730,Jerry,Bates,travis28@example.net,M,38,New Kellystad,USA,2024-11-28,Google Search
3731,Jade,Moore,williamsdeanna@example.com,F,68,Jasonfort,USA,2026-04-13,Instagram Ads
3732,Joseph,Morgan,qmoss@example.org,F,56,Jacquelineland,USA,2025-03-18,Email
3733,Sheila,Thomas,christopher52@example.net,F,58,Port Jesseville,USA,2025-12-23,Email
3734,Mark,Forbes,mccarthydylan@example.net,F,56,Lisatown,USA,2026-05-21,Email
3735,Reginald,Shaffer,robertsanthony@example.org,F,30,Herrerafurt,USA,2024-04-30,Affiliate
3736,Robert,Howard,olivia47@example.com,F,28,Port Keith,USA,2025-08-15,Google Display
3737,Catherine,Peterson,scottchristopher@example.net,F,63,Teresaburgh,USA,2026-06-17,Instagram Ads
3738,Breanna,Rivera,qmccarty@example.org,F,36,West Michael,USA,2023-08-25,Facebook Ads
3739,Rachel,Murphy,ryan23@example.net,M,28,South Aaron,USA,2025-03-21,Facebook Ads
3740,Alyssa,Mcintosh,yluna@example.com,F,30,New Jessica,USA,2024-10-26,Email
3741,Toni,Davila,charlesprice@example.org,M,63,Adamsborough,USA,2024-10-16,Instagram Ads
3742,David,Pennington,dyervictoria@example.net,M,62,Ericmouth,USA,2026-02-23,Facebook Ads
3743,Angela,Smith,timothy94@example.net,F,18,East William,USA,2025-10-20,Affiliate
3744,Rachel,Miller,lewisallen@example.com,M,57,New Jamesside,USA,2023-11-27,Email
3745,Jennifer,Scott,jessica82@example.net,M,61,New Stephanie,USA,2025-04-02,Google Display
3746,Kyle,Lawrence,greenlisa@example.net,M,36,Herrerafurt,USA,2023-09-08,Google Display
3747,Michael,Parker,annchapman@example.org,F,29,Port Keith,USA,2026-06-01,Instagram Ads
3748,Robert,Lewis,wilkinsmark@example.org,M,25,East Lydiamouth,USA,2023-12-03,Instagram Ads
3749,Jessica,Snyder,michelle86@example.net,M,25,Juliechester,USA,2025-02-16,Google Search
3750,Kayla,Davenport,norman29@example.org,M,62,South Noah,USA,2024-08-23,Facebook Ads
3751,Elizabeth,Bates,moniquemoore@example.org,M,29,New Jamesside,USA,2025-09-10,Affiliate
3752,Rachel,Wolf,roseeric@example.com,M,65,Cassandraton,USA,2024-03-03,Google Display
3753,Samuel,Hicks,ronald46@example.com,M,50,North Noahstad,USA,2026-04-06,Instagram Ads
3754,Danielle,Shaw,zramirez@example.net,F,62,New Jessica,USA,2024-03-13,Instagram Ads
3755,Teresa,Gross,mariah75@example.org,M,43,Lake Roberto,USA,2023-10-12,Google Display
3756,Michael,Gonzalez,wmorris@example.net,F,56,Ramirezstad,USA,2025-11-26,Google Display
3757,Mark,Fuller,thill@example.com,M,45,Danielchester,USA,2026-06-10,Facebook Ads
3758,Christopher,Jennings,tara62@example.com,F,22,Lake Roberto,USA,2024-11-15,Google Display
3759,Kathleen,Combs,tylerchristine@example.com,M,25,Ramirezstad,USA,2024-04-24,Affiliate
3760,Jeffrey,Austin,kristin15@example.net,F,42,Juliechester,USA,2024-11-06,Google Search
3761,Olivia,Carr,bmoreno@example.org,F,44,Lake Chad,USA,2026-05-08,Instagram Ads
3762,Alan,Lamb,michaelgordon@example.org,F,63,East William,USA,2023-09-22,Instagram Ads
3763,Daniel,Mueller,millerjill@example.net,M,40,Cassandraton,USA,2024-12-20,Google Search
3764,Danielle,Thompson,duane84@example.net,F,47,Lake Nicoleview,USA,2025-12-01,Email
3765,Jason,Barton,timothyortiz@example.org,M,62,Lake Chad,USA,2025-03-31,Email
3766,April,King,friedmanlinda@example.net,F,64,Cassandraton,USA,2026-06-16,Instagram Ads
3767,Joshua,Leon,reneespencer@example.org,M,40,Port Colleenhaven,USA,2026-01-22,Facebook Ads
3768,Matthew,Robinson,nicholasibarra@example.com,M,66,Ramirezstad,USA,2024-09-28,Google Search
3769,Julie,Garcia,mark46@example.org,M,64,Ramirezstad,USA,2024-07-30,Facebook Ads
3770,Brenda,Stafford,gilbertsamuel@example.com,F,37,Herrerafurt,USA,2026-05-03,Instagram Ads
3771,Makayla,Powell,tylerwilliams@example.com,M,35,Herrerafurt,USA,2025-10-16,Google Search
3772,Randall,Horton,claire11@example.net,F,35,Lake Nicoleview,USA,2025-08-13,Instagram Ads
3773,Jennifer,Nicholson,riley28@example.com,M,19,Wilkersonmouth,USA,2025-10-03,Affiliate
3774,George,Miller,tara38@example.org,F,21,Tashatown,USA,2026-02-15,Affiliate
3775,Emily,Gibson,ana12@example.com,F,47,East Courtneychester,USA,2024-02-02,Email
3776,Jordan,Dunlap,raymond84@example.com,F,50,Port Jesseville,USA,2025-10-15,Google Search
3777,Aaron,Hoffman,guerramaria@example.org,M,53,Port Jesseville,USA,2025-07-17,Affiliate
3778,Patricia,Terry,lawsoncalvin@example.com,F,35,Coxberg,USA,2024-08-31,Facebook Ads
3779,Casey,Armstrong,kerry49@example.org,F,54,Lake Chad,USA,2024-07-23,Instagram Ads
3780,Emily,Jordan,christine28@example.net,F,36,East Courtneychester,USA,2025-10-27,Google Display
3781,Zachary,Schneider,nicholas59@example.org,F,64,West Natashaport,USA,2024-12-26,Affiliate
3782,Michael,Turner,qherrera@example.com,F,45,Adamsborough,USA,2023-11-06,Email
3783,Michelle,Owen,stephanieswanson@example.net,M,57,West Natashaport,USA,2024-05-04,Google Display
3784,Cheyenne,Merritt,ssullivan@example.org,F,37,Port Jesseville,USA,2024-06-09,Email
3785,Daniel,Clark,dowens@example.net,F,66,West Donald,USA,2023-09-08,Affiliate
3786,David,Cook,steven34@example.net,M,50,South Patrickmouth,USA,2026-06-05,Instagram Ads
3787,John,Jones,heather72@example.org,M,29,South Aaron,USA,2024-08-07,Google Search
3788,Michael,Hayden,richard13@example.com,F,68,Lake Mark,USA,2024-05-09,Email
3789,Tammy,Walters,cody85@example.net,F,32,Coxberg,USA,2024-08-31,Facebook Ads
3790,Jason,Ortega,johnthomas@example.com,M,58,Port Keith,USA,2026-06-11,Google Search
3791,Michael,Smith,todd94@example.com,F,56,Port Keith,USA,2024-08-17,Google Search
3792,Walter,Valdez,ywilliams@example.net,M,19,Lake Roberto,USA,2025-11-11,Instagram Ads
3793,Jose,Bowman,robertallen@example.net,F,46,West Donald,USA,2025-10-01,Instagram Ads
3794,Kristin,Little,bsmith@example.com,F,58,Cassandraton,USA,2023-11-06,Facebook Ads
3795,Richard,Watkins,gschultz@example.com,F,27,East William,USA,2025-09-24,Affiliate
3796,Travis,Lawrence,terrimartinez@example.com,F,19,Ramirezstad,USA,2025-09-07,Google Display
3797,Ashley,Vang,victorcampbell@example.net,F,68,West Michael,USA,2025-11-04,Email
3798,Benjamin,Murray,charlotteprice@example.org,M,28,Juliechester,USA,2023-10-11,Google Search
3799,Michael,Byrd,changsamuel@example.org,M,30,Teresaburgh,USA,2026-05-13,Instagram Ads
3800,Steve,Gibbs,autumn78@example.com,M,27,East Nathaniel,USA,2025-08-23,Google Search
3801,Gregory,Rice,erin62@example.org,M,31,New Stephanie,USA,2025-10-16,Affiliate
3802,Michael,Cochran,elizabethtownsend@example.net,F,35,East Courtneychester,USA,2024-10-24,Google Search
3803,Richard,Wright,krystaltucker@example.org,F,68,Port Jesseville,USA,2024-08-24,Instagram Ads
3804,Emily,Kelly,deanmedina@example.com,M,26,Danielchester,USA,2025-11-17,Google Display
3805,Tammy,Hall,lori39@example.org,M,56,South Noah,USA,2023-10-07,Google Display
3806,Jake,Munoz,frederick49@example.org,M,45,Cassandraton,USA,2024-11-02,Google Display
3807,Melissa,Livingston,timothy96@example.com,M,20,West Natashaport,USA,2025-11-06,Google Search
3808,Nicole,Sampson,abigail03@example.net,F,37,Jacquelineland,USA,2025-11-05,Email
3809,Teresa,Contreras,sloanemily@example.org,M,23,Lake Mark,USA,2025-12-15,Facebook Ads
3810,Kim,Kim,ann26@example.org,M,44,Tashatown,USA,2025-01-30,Google Search
3811,Terri,Cooper,uyoung@example.com,M,19,Coxberg,USA,2025-12-21,Facebook Ads
3812,Sonya,Zimmerman,thomaswilliam@example.net,M,46,Jasonfort,USA,2024-09-17,Affiliate
3813,Sheila,Garcia,emilykrueger@example.org,M,55,Lake Roberto,USA,2023-10-08,Google Display
3814,Courtney,Jackson,lindamiller@example.org,M,20,Daviston,USA,2025-04-19,Affiliate
3815,Kristine,Payne,meganpatrick@example.com,F,33,South Noah,USA,2024-09-22,Google Search
3816,Katherine,Flores,crystal46@example.com,F,47,Coxberg,USA,2025-08-23,Facebook Ads
3817,Henry,Parks,joshua11@example.net,F,57,Danielchester,USA,2023-11-01,Email
3818,Kelsey,Patel,christopher67@example.org,M,19,Coxberg,USA,2025-01-28,Google Search
3819,Andrew,Morgan,harrismargaret@example.net,F,34,Danielchester,USA,2025-02-28,Affiliate
3820,Hannah,Robinson,xpalmer@example.org,M,58,West Donald,USA,2025-02-25,Email
3821,Rachael,Atkins,greenemily@example.org,M,29,New Jamesside,USA,2023-08-17,Instagram Ads
3822,Charles,Stanley,jamesmorris@example.org,M,52,East William,USA,2026-03-29,Instagram Ads
3823,Daniel,Ramos,rhondasmith@example.org,M,60,Adamsborough,USA,2025-01-24,Affiliate
3824,Natalie,Foster,taylor70@example.net,F,18,West Michael,USA,2025-04-06,Instagram Ads
3825,Victoria,Stanley,igraham@example.org,M,62,Port Jesseville,USA,2025-11-13,Affiliate
3826,Nicholas,Yang,aaron67@example.net,F,32,Port Colleenhaven,USA,2026-01-21,Facebook Ads
3827,Dana,Lopez,porterbobby@example.net,M,43,New Jessica,USA,2025-02-10,Facebook Ads
3828,Zachary,Hoffman,dakota69@example.org,M,54,Lisatown,USA,2023-09-05,Google Search
3829,Olivia,Lambert,pkirk@example.com,M,38,New Jessica,USA,2025-12-06,Google Search
3830,Jonathan,Jordan,daniel91@example.com,F,66,South Noah,USA,2023-08-27,Affiliate
3831,Jennifer,Cohen,chelseasmith@example.com,M,48,Herrerafurt,USA,2025-12-06,Email
3832,Ashley,Sanford,obrewer@example.com,F,42,Cassandraton,USA,2023-12-08,Instagram Ads
3833,Lisa,Bolton,hfleming@example.net,F,40,New Kellystad,USA,2023-10-01,Email
3834,Michelle,Hansen,lopezvictoria@example.org,F,41,South Patrickmouth,USA,2025-04-13,Affiliate
3835,Steven,Smith,gregory53@example.org,M,55,Teresaburgh,USA,2025-05-03,Email
3836,Dana,Sanders,kimberlypeterson@example.org,M,45,New Stephanie,USA,2024-09-30,Google Display
3837,Adam,Thompson,wduncan@example.org,F,38,South Noah,USA,2025-03-12,Google Search
3838,William,Richardson,wyatt29@example.org,F,60,West Michael,USA,2024-02-21,Facebook Ads
3839,Victoria,Gardner,james91@example.org,F,35,Lake Mark,USA,2024-10-07,Affiliate
3840,Shane,Mcclure,melissa74@example.com,M,53,Wilkersonmouth,USA,2026-04-19,Email
3841,Nicholas,Robinson,david21@example.com,M,52,Ramirezstad,USA,2023-09-07,Affiliate
3842,Lindsey,Davis,jaimeduncan@example.com,M,62,Lake Roberto,USA,2025-01-30,Google Display
3843,Cynthia,Mann,huynhmatthew@example.net,M,26,Ramirezstad,USA,2024-11-26,Facebook Ads
3844,Trevor,Vasquez,mlyons@example.org,M,55,Tashatown,USA,2024-07-30,Google Display
3845,Vincent,Solomon,charles46@example.org,M,47,Danielchester,USA,2024-07-13,Facebook Ads
3846,Sylvia,King,kathleenwelch@example.net,F,61,Ramirezstad,USA,2024-07-03,Email
3847,John,Cruz,darius87@example.com,F,51,East Lydiamouth,USA,2024-11-30,Affiliate
3848,Michelle,Graham,smithjoshua@example.com,F,49,New Kellystad,USA,2024-07-07,Email
3849,Stephanie,Cameron,qrhodes@example.org,M,20,Herrerafurt,USA,2026-01-26,Instagram Ads
3850,Danielle,Kennedy,bradleyperez@example.com,F,20,Juliechester,USA,2025-04-13,Google Display
3851,Robert,Poole,wcook@example.com,M,45,Coxberg,USA,2026-03-26,Instagram Ads
3852,Joseph,Oneill,chankevin@example.com,M,61,South Noah,USA,2026-03-27,Google Display
3853,Michele,Willis,nswanson@example.org,M,32,East Lydiamouth,USA,2025-03-02,Email
3854,Vicki,Hughes,megan27@example.org,M,58,New Kellystad,USA,2024-11-27,Google Display
3855,Kimberly,Silva,lisa47@example.com,M,40,Cassandraton,USA,2026-01-14,Instagram Ads
3856,Daniel,Williams,cmyers@example.com,M,57,Tashatown,USA,2024-05-30,Instagram Ads
3857,Julia,Barnes,khernandez@example.com,F,28,New Jamesside,USA,2023-12-31,Google Display
3858,Paul,Ray,lynchjonathan@example.net,F,65,Wilkersonmouth,USA,2024-09-06,Google Search
3859,Michele,Harmon,cameronnicholas@example.net,M,49,East Nathaniel,USA,2025-09-23,Facebook Ads
3860,Hunter,Glenn,hjones@example.org,F,53,East Courtneychester,USA,2026-05-03,Instagram Ads
3861,Kimberly,Alvarez,dware@example.com,M,50,Coxberg,USA,2025-05-01,Email
3862,Taylor,Sherman,ashleyorozco@example.com,F,41,South Aaron,USA,2023-12-23,Google Search
3863,Jeffrey,Mcdonald,natashamorton@example.com,M,56,South Patrickmouth,USA,2023-10-02,Google Search
3864,Kristen,Brown,wmalone@example.org,F,51,North Noahstad,USA,2023-12-07,Facebook Ads
3865,Carla,Jackson,russelltammy@example.net,F,45,East Courtneychester,USA,2026-04-17,Instagram Ads
3866,Karl,Martin,gabrielleparsons@example.org,F,54,Port Jesseville,USA,2025-11-27,Google Display
3867,Jason,Lawrence,johnnygray@example.com,M,24,West Natashaport,USA,2025-12-26,Google Search
3868,Pamela,Davenport,qknight@example.net,F,21,Teresaburgh,USA,2024-03-22,Google Display
3869,Sally,Ross,destiny35@example.com,M,54,Lisatown,USA,2025-02-26,Affiliate
3870,Peter,Osborne,christopher85@example.org,M,18,Cassandraton,USA,2024-12-27,Instagram Ads
3871,Mary,Johnson,qhensley@example.com,M,18,Lisatown,USA,2025-02-19,Facebook Ads
3872,Maria,Rogers,vchan@example.org,F,64,Jacquelineland,USA,2023-11-11,Facebook Ads
3873,Suzanne,Welch,scottmichael@example.com,M,37,South Noah,USA,2026-04-04,Instagram Ads
3874,Alyssa,Smith,terriortiz@example.com,F,36,Coxberg,USA,2026-06-15,Google Display
3875,Michael,Owen,bhawkins@example.net,M,46,West Michael,USA,2025-02-17,Affiliate
3876,Susan,Stephens,sheltonbobby@example.net,F,27,Danielchester,USA,2025-04-24,Instagram Ads
3877,David,Martinez,starkaustin@example.org,M,35,Ramirezstad,USA,2025-05-29,Google Search
3878,Jennifer,Nguyen,nbrandt@example.net,F,45,West Natashaport,USA,2025-11-14,Google Search
3879,Dorothy,Fernandez,xknight@example.com,M,52,North Noahstad,USA,2024-01-08,Instagram Ads
3880,Nicole,Crawford,kingeric@example.com,F,60,East Lydiamouth,USA,2025-03-30,Affiliate
3881,Laura,Thompson,wellselizabeth@example.com,M,64,Lake Chad,USA,2024-06-21,Google Search
3882,Danny,Smith,kathleenweaver@example.net,M,48,Lake Chad,USA,2023-07-25,Instagram Ads
3883,Adam,Nguyen,whitetony@example.com,F,44,Tashatown,USA,2025-08-06,Instagram Ads
3884,Edward,Smith,jessicadouglas@example.org,M,28,Lake Nicoleview,USA,2023-10-16,Google Display
3885,Paige,Ward,stacey16@example.com,F,66,New Jamesside,USA,2025-02-17,Instagram Ads
3886,Christine,Barrett,brownpamela@example.com,F,66,Lake Roberto,USA,2024-10-14,Instagram Ads
3887,Nancy,Flores,chanmichael@example.com,M,55,West Natashaport,USA,2025-08-02,Google Search
3888,Ashley,King,marciahall@example.net,F,22,New Mariotown,USA,2024-09-26,Facebook Ads
3889,Timothy,Kerr,kelly83@example.org,F,25,Jacquelineland,USA,2023-08-01,Google Display
3890,Tammy,Romero,pthomas@example.net,M,51,Robinsonshire,USA,2025-03-17,Facebook Ads
3891,Raymond,Mann,simmonslaura@example.com,F,65,West Michael,USA,2024-07-19,Email
3892,Tiffany,Hernandez,richardjones@example.net,M,69,New Kellystad,USA,2025-07-14,Facebook Ads
3893,Matthew,Padilla,cunninghamtyler@example.com,M,29,East Lydiamouth,USA,2025-07-20,Affiliate
3894,Anthony,Anderson,duncanbrandon@example.net,F,55,South Patrickmouth,USA,2024-01-03,Google Display
3895,Jennifer,Gomez,jeremyhernandez@example.net,F,18,Port Colleenhaven,USA,2024-11-22,Google Search
3896,Adam,Adams,karenrichards@example.net,F,48,New Jessica,USA,2024-01-11,Google Search
3897,Regina,Cooper,robin11@example.com,F,21,East William,USA,2026-01-26,Google Search
3898,Laurie,Brewer,campbellfrederick@example.org,F,66,Jasonfort,USA,2026-04-03,Email
3899,Steven,Rivas,hturner@example.com,F,62,Cassandraton,USA,2026-04-15,Google Search
3900,Kerry,Cochran,brandimoore@example.org,M,67,New Kellystad,USA,2024-07-31,Google Display
3901,Christopher,Frost,heatherthompson@example.net,M,22,New Kellystad,USA,2025-04-08,Google Search
3902,Tiffany,Conner,pluna@example.net,F,47,New Jamesside,USA,2024-11-04,Instagram Ads
3903,Kristine,Castillo,kenneth43@example.net,F,41,West Donald,USA,2026-03-12,Instagram Ads
3904,Michelle,Dean,kstone@example.net,M,20,Port Jesseville,USA,2026-06-20,Google Display
3905,Nicholas,Woods,rebecca43@example.net,M,28,South Noah,USA,2026-02-21,Affiliate
3906,Deborah,Conley,hinesjeremy@example.net,F,62,Teresaburgh,USA,2025-06-26,Instagram Ads
3907,Danielle,Martinez,aperkins@example.org,F,21,Wilkersonmouth,USA,2025-06-03,Google Search
3908,Jennifer,Bradley,guzmanrobert@example.com,F,43,New Mariotown,USA,2024-12-28,Google Display
3909,Timothy,Anderson,richardneal@example.net,F,44,East Lydiamouth,USA,2026-01-16,Instagram Ads
3910,David,Green,sandrawalker@example.net,M,63,New Mariotown,USA,2024-03-27,Email
3911,Caitlin,Miller,sandra01@example.net,F,60,North John,USA,2024-07-15,Facebook Ads
3912,Steven,Rodriguez,goodwinjack@example.org,F,44,Tashatown,USA,2024-09-24,Email
3913,Rhonda,Green,robert00@example.net,F,59,Lake Mark,USA,2023-09-28,Facebook Ads
3914,Joseph,Hull,jeffrivera@example.net,M,68,Danielchester,USA,2026-07-01,Affiliate
3915,Joshua,Owen,ericryan@example.org,M,67,Tashatown,USA,2026-01-17,Affiliate
3916,Sydney,Holland,christina67@example.com,M,23,Teresaburgh,USA,2025-12-07,Google Search
3917,Christopher,Gomez,clarkegabriel@example.org,M,32,East Lydiamouth,USA,2025-10-07,Google Display
3918,Steven,Chan,cnguyen@example.net,F,47,Lake Roberto,USA,2024-02-25,Google Search
3919,Cassie,Smith,warnerdaisy@example.com,M,59,Tashatown,USA,2024-06-11,Facebook Ads
3920,Shawn,Jones,kevin78@example.com,M,54,Lake Mark,USA,2024-04-16,Email
3921,Joan,Nguyen,donna04@example.org,M,54,Lisatown,USA,2025-06-19,Google Display
3922,David,Harvey,jenniferbrady@example.net,F,59,East William,USA,2024-11-03,Google Display
3923,Stephanie,Shepherd,sophia39@example.org,F,54,East William,USA,2024-06-17,Facebook Ads
3924,Jerry,Andrews,ramirezmelissa@example.net,F,52,Herrerafurt,USA,2025-11-16,Google Search
3925,Brittany,White,greg78@example.net,F,40,South Aaron,USA,2024-03-17,Affiliate
3926,Stephen,Wright,mcclainjohn@example.com,M,23,Ericmouth,USA,2024-03-28,Affiliate
3927,Matthew,Soto,brentodom@example.com,F,21,New Kellystad,USA,2024-06-22,Affiliate
3928,Megan,Hernandez,bmahoney@example.net,M,35,East Courtneychester,USA,2025-04-02,Email
3929,Nicholas,Klein,pmoore@example.org,M,26,Lake Mark,USA,2024-08-01,Instagram Ads
3930,Mario,Jones,martinezlorraine@example.com,M,66,Lake Nicoleview,USA,2023-10-31,Google Search
3931,Anthony,Erickson,stacey58@example.com,M,46,Juliechester,USA,2023-09-15,Google Display
3932,Briana,Burch,hilledwin@example.net,F,30,North Noahstad,USA,2025-12-30,Google Search
3933,Emily,Shah,ftorres@example.net,F,64,West Natashaport,USA,2025-05-28,Google Search
3934,Nathan,Watson,andersonjesse@example.org,M,69,New Stephanie,USA,2026-05-14,Google Display
3935,Kelli,Jones,richardlynn@example.net,F,34,New Mariotown,USA,2026-06-19,Instagram Ads
3936,Michael,Smith,jessicacollins@example.com,M,62,New Jessica,USA,2026-05-04,Instagram Ads
3937,Terri,Jensen,srodriguez@example.com,F,49,East Nathaniel,USA,2026-02-12,Instagram Ads
3938,Lee,Crawford,shannonphilip@example.org,F,65,East Lydiamouth,USA,2024-01-24,Facebook Ads
3939,Zachary,Banks,robert06@example.org,F,39,New Stephanie,USA,2025-10-11,Affiliate
3940,Dennis,Christian,patricia63@example.com,F,21,Port Colleenhaven,USA,2023-12-09,Instagram Ads
3941,Morgan,Smith,uayers@example.org,F,22,East Courtneychester,USA,2024-05-29,Facebook Ads
3942,Brian,Lawson,dlarson@example.org,M,54,Teresaburgh,USA,2024-06-17,Google Display
3943,Gina,Schwartz,gjohnson@example.org,F,58,South Aaron,USA,2025-10-11,Affiliate
3944,Brittany,Rodriguez,hendrickskathy@example.com,F,66,Tashatown,USA,2025-09-28,Google Search
3945,Melissa,Oconnor,toddpalmer@example.net,F,30,Tashatown,USA,2025-03-19,Google Display
3946,Amanda,Clark,lauren61@example.com,F,51,Tashatown,USA,2026-05-11,Facebook Ads
3947,Angela,Wilson,uzimmerman@example.com,M,62,Daviston,USA,2023-10-23,Facebook Ads
3948,Lisa,Gomez,cgalvan@example.com,M,39,North John,USA,2025-06-04,Google Search
3949,Donna,Reyes,iblake@example.org,M,40,New Mariotown,USA,2024-09-06,Email
3950,Gregory,Johnson,tavery@example.com,F,68,Herrerafurt,USA,2024-01-05,Email
3951,Aaron,Little,nunezsherry@example.com,F,20,Lisatown,USA,2024-11-19,Google Display
3952,Cynthia,Ellis,robert07@example.net,M,59,Coxberg,USA,2024-03-18,Affiliate
3953,Jennifer,Norman,brandonross@example.com,M,51,Tashatown,USA,2026-05-26,Email
3954,Abigail,George,dakota45@example.com,F,49,Lisatown,USA,2025-05-13,Facebook Ads
3955,James,Murray,greentimothy@example.net,M,62,South Noah,USA,2023-08-25,Affiliate
3956,Ryan,Rose,ecole@example.net,M,68,Jasonfort,USA,2024-07-22,Email
3957,Travis,Garcia,btorres@example.org,M,66,Lake Mark,USA,2024-08-05,Email
3958,Cathy,Diaz,tclark@example.org,F,38,Jasonfort,USA,2026-04-28,Facebook Ads
3959,Christopher,Williams,jclark@example.org,M,63,New Mariotown,USA,2025-09-13,Affiliate
3960,Dennis,Moreno,roy33@example.com,M,61,Ramirezstad,USA,2025-08-27,Email
3961,Timothy,Allen,corysimpson@example.net,M,38,East Nathaniel,USA,2024-12-26,Affiliate
3962,Brittany,Martin,srodriguez@example.net,F,61,Herrerafurt,USA,2024-12-25,Instagram Ads
3963,Eric,Christian,josebrown@example.com,M,28,East Lydiamouth,USA,2026-05-30,Affiliate
3964,Kelly,Morris,sheakenneth@example.org,F,56,East William,USA,2025-01-23,Google Display
3965,Julie,Johnson,ashleycrawford@example.net,M,21,Cassandraton,USA,2024-12-01,Facebook Ads
3966,Abigail,Mendoza,nicholas63@example.org,M,68,New Kellystad,USA,2024-02-24,Email
3967,Laura,Campbell,kelseybrown@example.org,M,18,Teresaburgh,USA,2025-04-13,Facebook Ads
3968,Kelly,Edwards,christine30@example.com,M,45,Ramirezstad,USA,2025-08-14,Facebook Ads
3969,Jennifer,Rodriguez,redwards@example.com,F,41,New Jamesside,USA,2025-10-22,Email
3970,Elijah,Harvey,michaelboyd@example.com,F,52,Coxberg,USA,2024-01-05,Facebook Ads
3971,Matthew,Chavez,crystal00@example.org,M,30,East Lydiamouth,USA,2023-12-04,Google Display
3972,Benjamin,Walker,benjamin67@example.com,F,64,Port Keith,USA,2026-02-07,Instagram Ads
3973,Theresa,Garcia,christian58@example.net,F,51,North John,USA,2025-10-02,Affiliate
3974,Margaret,Garcia,kelseyhunter@example.org,F,28,North John,USA,2024-07-21,Facebook Ads
3975,Robert,Reynolds,hornjeff@example.org,F,53,New Kellystad,USA,2025-01-02,Affiliate
3976,Angela,Wise,creid@example.net,M,68,Port Keith,USA,2025-03-19,Instagram Ads
3977,Lauren,Butler,donald69@example.com,M,34,Lake Chad,USA,2026-01-11,Email
3978,Lisa,Foley,kevin20@example.org,M,52,Lake Nicoleview,USA,2024-01-09,Google Display
3979,Tiffany,Benson,johnstephens@example.com,F,35,Lake Mark,USA,2024-02-12,Affiliate
3980,Chad,Oneill,stevenevans@example.org,M,57,New Mariotown,USA,2024-03-22,Google Display
3981,Charles,Houston,gentryanthony@example.org,F,39,South Noah,USA,2024-09-06,Google Display
3982,Oscar,Matthews,morakristin@example.net,F,41,North Noahstad,USA,2025-10-30,Google Display
3983,Elizabeth,Ortiz,qmiller@example.com,F,36,East Courtneychester,USA,2026-05-03,Instagram Ads
3984,Kristin,Marks,rivaslisa@example.net,M,54,Lake Mark,USA,2023-12-02,Google Display
3985,Leslie,Gould,pamelabarber@example.com,M,56,New Stephanie,USA,2025-03-22,Google Display
3986,Elizabeth,Lewis,novakjeffrey@example.org,M,38,New Mariotown,USA,2024-05-20,Google Search
3987,James,Jones,rodriguezmichaela@example.net,M,25,North John,USA,2025-06-11,Google Display
3988,Larry,Rush,sandra32@example.com,M,45,Wilkersonmouth,USA,2025-06-14,Instagram Ads
3989,Sean,Matthews,collinsshannon@example.net,F,22,Tashatown,USA,2024-08-16,Google Search
3990,Aaron,Garner,romanraven@example.com,M,34,Lake Chad,USA,2023-11-04,Google Search
3991,Donna,Gordon,chadgonzalez@example.com,M,54,Wilkersonmouth,USA,2025-12-21,Affiliate
3992,Michael,Lozano,leroy22@example.com,F,53,South Aaron,USA,2024-07-11,Facebook Ads
3993,Tiffany,Greene,gibsonjoseph@example.org,M,36,New Kellystad,USA,2024-03-09,Google Search
3994,Victoria,Cole,christine99@example.net,F,44,Tashatown,USA,2024-11-21,Affiliate
3995,Cassandra,Hall,ericksonphillip@example.net,M,51,South Noah,USA,2024-05-29,Affiliate
3996,Jacob,Mccoy,chad60@example.org,F,28,Coxberg,USA,2024-01-17,Facebook Ads
3997,Katherine,Hayes,shelbywarner@example.net,F,62,Juliechester,USA,2023-09-05,Google Display
3998,Tracy,Gould,christophercopeland@example.org,M,64,New Stephanie,USA,2023-08-16,Affiliate
3999,Amanda,Sullivan,kenneth12@example.com,F,29,Herrerafurt,USA,2024-03-21,Affiliate
4000,Benjamin,Galvan,brownscott@example.net,F,38,New Mariotown,USA,2024-09-28,Email
4001,Carol,Mcdowell,ohampton@example.net,F,28,New Mariotown,USA,2025-12-28,Email
4002,Brittany,Hicks,mcdonaldrachael@example.org,F,56,Lake Roberto,USA,2024-10-04,Facebook Ads
4003,Daniel,Mcneil,ayates@example.org,M,45,Lake Chad,USA,2024-11-16,Instagram Ads
4004,Stephanie,Hubbard,desireeedwards@example.com,M,22,North Noahstad,USA,2025-04-30,Google Display
4005,Lisa,Cabrera,wallacedakota@example.org,F,34,Adamsborough,USA,2024-11-13,Instagram Ads
4006,Audrey,Blake,haneyjoshua@example.org,M,37,North Noahstad,USA,2024-01-20,Instagram Ads
4007,Christopher,Mitchell,duffylisa@example.com,F,58,Daviston,USA,2026-02-02,Facebook Ads
4008,Rodney,Ramirez,jesusstanley@example.com,M,63,North John,USA,2025-07-14,Google Search
4009,Jessica,Mercer,nathaniel23@example.net,M,29,Robinsonshire,USA,2026-07-02,Affiliate
4010,Timothy,Frazier,jessicaward@example.org,M,23,South Patrickmouth,USA,2026-03-04,Google Search
4011,Katherine,Collins,paulpowell@example.com,M,34,Port Keith,USA,2024-03-09,Google Search
4012,Paul,Rodriguez,dholland@example.org,M,68,South Patrickmouth,USA,2023-11-08,Google Display
4013,Shawn,Nixon,kathryn24@example.net,M,36,New Stephanie,USA,2025-01-10,Email
4014,Jennifer,Hickman,lauracain@example.com,M,43,Port Jesseville,USA,2026-01-29,Google Search
4015,Nicholas,Rivera,maryhernandez@example.com,F,65,South Patrickmouth,USA,2025-07-09,Affiliate
4016,Paul,Chavez,greenchristian@example.org,F,61,West Michael,USA,2024-05-12,Instagram Ads
4017,James,Martinez,ylowery@example.com,M,61,East Courtneychester,USA,2026-05-10,Email
4018,Russell,Diaz,woodsjeremy@example.com,M,69,Ericmouth,USA,2024-12-05,Email
4019,David,Gilmore,pricematthew@example.com,M,49,North Noahstad,USA,2025-08-20,Instagram Ads
4020,Briana,Salazar,karen64@example.com,M,23,Herrerafurt,USA,2024-03-02,Facebook Ads
4021,Brittany,Benson,johnanderson@example.net,F,53,Daviston,USA,2026-01-23,Email
4022,Cory,Weaver,vsanders@example.net,M,55,Jasonfort,USA,2026-06-09,Instagram Ads
4023,Michael,Martinez,murphychristine@example.org,F,28,Port Jesseville,USA,2024-09-16,Instagram Ads
4024,Brian,Williams,bowerslaura@example.org,F,50,South Aaron,USA,2025-07-18,Google Search
4025,Kara,Miller,roger61@example.net,F,41,North John,USA,2024-12-02,Email
4026,Anna,French,taylorchristopher@example.org,M,40,Lake Roberto,USA,2023-07-19,Google Display
4027,Emily,Hawkins,dianalee@example.com,F,32,Juliechester,USA,2025-07-16,Facebook Ads
4028,Nicholas,Berry,duranglenda@example.net,M,44,Herrerafurt,USA,2026-01-01,Email
4029,Melissa,Woods,emilyrobinson@example.org,F,28,North Noahstad,USA,2024-05-02,Facebook Ads
4030,Jose,Martinez,pfry@example.net,F,68,West Michael,USA,2026-07-09,Facebook Ads
4031,Melissa,Mcmillan,jenny19@example.org,F,67,New Jamesside,USA,2023-12-03,Instagram Ads
4032,Charles,Esparza,natashasmith@example.org,F,34,New Jessica,USA,2025-10-17,Google Display
4033,Alicia,Riggs,david61@example.net,F,68,Lake Roberto,USA,2025-06-07,Instagram Ads
4034,Theresa,Walker,moorerobert@example.org,F,31,Lake Roberto,USA,2025-08-12,Email
4035,Samuel,Allen,logangarrett@example.net,M,44,Teresaburgh,USA,2023-09-28,Email
4036,Melanie,Hamilton,copelanddylan@example.net,F,35,Coxberg,USA,2025-07-17,Email
4037,Jennifer,Gross,tiffanytaylor@example.net,M,45,Port Colleenhaven,USA,2023-12-28,Affiliate
4038,Olivia,Trujillo,lbuck@example.com,M,68,New Mariotown,USA,2026-03-17,Google Display
4039,John,Aguilar,megan22@example.com,F,64,New Jamesside,USA,2024-02-05,Facebook Ads
4040,Christina,Gill,kevin84@example.org,F,64,Daviston,USA,2025-12-12,Google Search
4041,Julie,Patterson,hhunter@example.org,M,21,Jasonfort,USA,2024-06-20,Facebook Ads
4042,Tasha,Walker,mscott@example.net,M,24,Ramirezstad,USA,2025-02-06,Email
4043,Luke,Porter,randalllogan@example.com,F,62,Lisatown,USA,2025-04-28,Instagram Ads
4044,Donna,Benson,khale@example.com,F,52,Lake Roberto,USA,2025-02-18,Email
4045,Sarah,Williams,barbara20@example.net,M,65,Wilkersonmouth,USA,2025-09-24,Facebook Ads
4046,Stephanie,Mckay,bfoster@example.org,F,26,West Natashaport,USA,2023-12-24,Affiliate
4047,Mario,Phillips,thompsonluis@example.net,M,25,East Nathaniel,USA,2025-05-26,Google Display
4048,Ashley,Burns,jennifercordova@example.net,M,69,South Noah,USA,2024-02-17,Affiliate
4049,Maria,Davila,kathryn19@example.net,M,62,North Noahstad,USA,2025-12-28,Facebook Ads
4050,Jonathan,Hayes,jonestimothy@example.org,F,34,South Aaron,USA,2026-07-04,Instagram Ads
4051,Sylvia,Bryant,jennifersimmons@example.com,F,34,East Courtneychester,USA,2024-09-20,Google Display
4052,Denise,Roy,garciamichael@example.net,F,66,West Michael,USA,2024-06-01,Facebook Ads
4053,Melissa,Harris,hoganamy@example.com,M,50,New Jamesside,USA,2024-09-26,Instagram Ads
4054,John,Paul,belindamartin@example.com,F,49,New Jamesside,USA,2026-07-11,Email
4055,Angelica,Dixon,suzanneroberson@example.org,F,25,Lisatown,USA,2025-12-10,Google Display
4056,Benjamin,Ruiz,christopherfields@example.org,F,36,Herrerafurt,USA,2025-09-10,Google Display
4057,Tina,Farmer,amy22@example.org,F,55,East Nathaniel,USA,2024-12-16,Instagram Ads
4058,Adam,Williamson,piercedevin@example.com,M,20,South Patrickmouth,USA,2024-04-20,Facebook Ads
4059,Emily,Kim,tracywolfe@example.org,F,22,Wilkersonmouth,USA,2025-06-06,Instagram Ads
4060,Mark,Moore,michael10@example.org,F,30,East Courtneychester,USA,2026-05-31,Facebook Ads
4061,Nicole,Johnson,montgomeryhaley@example.com,M,64,West Michael,USA,2025-09-03,Facebook Ads
4062,David,Wiley,hannahsmith@example.com,M,63,West Michael,USA,2023-07-29,Google Display
4063,Shannon,Anderson,benjamin83@example.org,M,48,East William,USA,2025-08-29,Affiliate
4064,James,Nelson,nataliebowman@example.org,M,33,Lisatown,USA,2026-07-13,Facebook Ads
4065,Mark,Harris,hooperkatrina@example.org,M,67,Herrerafurt,USA,2026-02-02,Google Display
4066,Ann,Lin,pittsjenna@example.org,M,49,Lake Mark,USA,2023-11-30,Facebook Ads
4067,Mary,Mueller,ehuff@example.net,F,39,Wilkersonmouth,USA,2025-07-27,Email
4068,Albert,Clark,kingjoshua@example.com,M,46,Lake Mark,USA,2023-09-26,Instagram Ads
4069,Andrew,Garcia,dbaker@example.org,F,39,Lake Nicoleview,USA,2023-08-20,Affiliate
4070,Amy,Roberts,andrea15@example.net,M,60,Lake Roberto,USA,2025-07-05,Facebook Ads
4071,Tracy,Evans,kgreer@example.net,F,20,Port Colleenhaven,USA,2023-07-21,Instagram Ads
4072,David,Davis,adam09@example.com,F,27,Wilkersonmouth,USA,2025-05-22,Instagram Ads
4073,Tiffany,Perry,davidcopeland@example.net,F,59,East Lydiamouth,USA,2024-07-15,Google Search
4074,Ernest,Sanchez,deanmcguire@example.net,F,38,Jacquelineland,USA,2026-05-08,Email
4075,Mark,Monroe,traceywong@example.net,F,33,Adamsborough,USA,2024-06-15,Affiliate
4076,Michael,Nelson,blevinsmelissa@example.com,M,29,Lisatown,USA,2025-01-12,Google Search
4077,Richard,Mays,caitlinwilliams@example.org,F,19,North John,USA,2023-10-21,Google Display
4078,Robin,Parsons,luis62@example.com,F,58,Ericmouth,USA,2024-11-17,Instagram Ads
4079,Amy,Medina,fwilliams@example.com,M,41,Teresaburgh,USA,2024-05-15,Instagram Ads
4080,Briana,Montes,scotttamara@example.net,F,52,East Nathaniel,USA,2026-03-20,Instagram Ads
4081,William,Mann,iwilson@example.com,M,47,West Donald,USA,2023-09-29,Affiliate
4082,Pamela,Bridges,gregoryfrey@example.org,M,47,Robinsonshire,USA,2024-08-24,Instagram Ads
4083,Jacqueline,Moyer,donna59@example.org,F,64,Tashatown,USA,2023-09-05,Facebook Ads
4084,Jill,Gomez,cramos@example.com,M,52,Danielchester,USA,2025-05-05,Facebook Ads
4085,Toni,Davis,kristenmayo@example.net,F,36,South Noah,USA,2024-03-18,Email
4086,Jeanne,Blake,jjenkins@example.com,F,67,East Lydiamouth,USA,2026-03-01,Facebook Ads
4087,Mark,Parrish,millerpaul@example.net,M,25,South Noah,USA,2025-04-02,Email
4088,Patricia,Kelly,cbuck@example.org,F,43,Danielchester,USA,2026-03-06,Facebook Ads
4089,Donna,Brandt,darrenharris@example.com,F,66,Juliechester,USA,2025-09-02,Google Display
4090,Brooke,Bennett,sextonjames@example.com,M,57,West Michael,USA,2024-11-03,Instagram Ads
4091,Kaitlin,Anderson,adrianmcneil@example.com,F,24,Port Keith,USA,2024-05-20,Affiliate
4092,Rachel,Yang,jessicaarmstrong@example.net,F,47,Port Colleenhaven,USA,2024-12-24,Facebook Ads
4093,Nicole,Singleton,stevenschultz@example.com,F,24,Robinsonshire,USA,2025-08-18,Email
4094,Savannah,Gaines,jasonrhodes@example.net,F,20,New Jamesside,USA,2025-03-01,Email
4095,April,Gomez,williamgross@example.net,F,18,New Jessica,USA,2026-02-15,Email
4096,William,Hunt,paynekatie@example.org,M,53,New Jamesside,USA,2026-06-14,Google Search
4097,Tanner,Horton,josephpeggy@example.org,F,42,East Courtneychester,USA,2025-06-23,Affiliate
4098,Thomas,Crawford,christina94@example.com,M,54,North Noahstad,USA,2024-06-24,Email
4099,Gabriella,Day,molly44@example.org,F,18,Lake Mark,USA,2026-02-03,Email
4100,Bradley,Powell,juliataylor@example.net,F,32,East Courtneychester,USA,2025-11-09,Email
4101,Matthew,Pena,kayla59@example.org,F,54,Lake Chad,USA,2025-08-11,Google Display
4102,Anthony,Mcbride,john98@example.org,F,30,Jacquelineland,USA,2026-04-22,Instagram Ads
4103,Zachary,Blevins,murraycatherine@example.net,M,57,South Noah,USA,2026-06-10,Affiliate
4104,Michael,Wyatt,oromero@example.net,F,25,Ericmouth,USA,2025-01-12,Instagram Ads
4105,Robert,Andersen,grayalicia@example.org,F,22,Jasonfort,USA,2026-07-08,Email
4106,Erica,Burns,brianramos@example.net,F,26,Robinsonshire,USA,2023-11-02,Email
4107,Gloria,Owens,rdavis@example.net,F,18,West Donald,USA,2026-02-14,Google Search
4108,Leslie,Johnson,vasquezamanda@example.com,F,53,West Natashaport,USA,2025-04-17,Facebook Ads
4109,Edgar,Gonzalez,justin33@example.com,M,52,East Lydiamouth,USA,2025-04-15,Email
4110,Cassandra,Anderson,evelyn02@example.org,F,19,New Jessica,USA,2023-10-21,Instagram Ads
4111,Yvonne,Taylor,kedwards@example.com,F,57,Tashatown,USA,2024-04-03,Facebook Ads
4112,Heather,Page,mitchellshannon@example.com,F,40,East William,USA,2025-04-29,Google Display
4113,Brian,Taylor,johnolson@example.org,M,26,Wilkersonmouth,USA,2024-06-02,Google Display
4114,Laura,Rivera,richardsjennifer@example.com,M,51,Daviston,USA,2024-08-24,Facebook Ads
4115,Heather,Hatfield,gentryeduardo@example.org,M,63,South Noah,USA,2024-10-10,Email
4116,Thomas,Jones,qmccann@example.com,F,31,Lake Roberto,USA,2025-03-26,Google Display
4117,Lauren,Lloyd,mirandadaniel@example.net,M,21,New Jessica,USA,2024-04-16,Google Search
4118,Elaine,Davis,timoconnor@example.org,F,47,Danielchester,USA,2026-01-26,Instagram Ads
4119,Mark,Kim,jgarcia@example.org,M,48,Port Keith,USA,2026-02-24,Instagram Ads
4120,Rebecca,Weaver,dianachen@example.com,M,55,West Michael,USA,2024-09-13,Facebook Ads
4121,Justin,Grant,john04@example.com,M,28,Port Keith,USA,2024-08-26,Affiliate
4122,Lisa,Peterson,brent63@example.net,F,52,New Mariotown,USA,2024-07-16,Google Search
4123,Adam,Jimenez,sandra33@example.net,M,25,East Nathaniel,USA,2023-12-15,Affiliate
4124,Robert,Andersen,bakermadison@example.org,M,20,Lisatown,USA,2023-08-19,Affiliate
4125,Gregory,Harmon,richardbennett@example.net,F,31,New Jessica,USA,2026-06-29,Facebook Ads
4126,Mary,Gould,kwu@example.org,F,30,Port Colleenhaven,USA,2024-02-04,Affiliate
4127,Gina,Hernandez,vbrooks@example.net,M,62,West Natashaport,USA,2023-08-12,Instagram Ads
4128,Dalton,Mejia,reynoldssheena@example.com,F,49,North Noahstad,USA,2023-08-13,Facebook Ads
4129,Jennifer,Blanchard,thompsonbrian@example.net,F,51,Cassandraton,USA,2026-02-01,Email
4130,Johnny,Carr,egraham@example.org,M,62,Jacquelineland,USA,2026-04-12,Instagram Ads
4131,Patrick,Chandler,ginafischer@example.org,F,36,New Stephanie,USA,2025-04-22,Google Search
4132,Cynthia,Combs,beckygray@example.net,F,55,Lake Roberto,USA,2025-05-15,Affiliate
4133,Daniel,Horn,angelmiller@example.org,F,33,Lake Mark,USA,2026-04-20,Instagram Ads
4134,Bobby,Brown,nicoledixon@example.net,M,19,Adamsborough,USA,2024-12-06,Email
4135,Kaitlyn,White,stewartchristine@example.com,F,57,Jasonfort,USA,2025-01-06,Google Display
4136,Amber,Small,pamelamahoney@example.org,F,34,Lake Nicoleview,USA,2024-09-28,Google Search
4137,Edward,Steele,choitina@example.org,M,51,Lake Chad,USA,2024-10-21,Google Search
4138,Barbara,Brown,jonathan65@example.net,M,59,Lake Mark,USA,2025-04-13,Instagram Ads
4139,Derrick,Ibarra,kortiz@example.com,M,33,North Noahstad,USA,2025-12-31,Email
4140,Lynn,Lucas,scott45@example.org,M,55,Adamsborough,USA,2024-08-17,Email
4141,Jeff,Pierce,taylor88@example.com,F,19,Ramirezstad,USA,2023-08-02,Google Display
4142,Adam,Terry,robert77@example.com,M,19,New Kellystad,USA,2025-11-13,Google Display
4143,Brian,Hamilton,rebeccapalmer@example.net,M,43,Lake Roberto,USA,2024-11-26,Instagram Ads
4144,Samantha,Gardner,raymondbrown@example.net,F,30,Port Colleenhaven,USA,2023-12-14,Affiliate
4145,Laura,Thomas,emcdaniel@example.net,M,64,Teresaburgh,USA,2025-06-22,Facebook Ads
4146,Nicholas,Wilson,smithjames@example.com,F,48,Teresaburgh,USA,2023-10-07,Email
4147,Zachary,Coleman,paul68@example.net,F,51,Adamsborough,USA,2023-07-29,Google Search
4148,James,Vaughn,egray@example.net,M,56,New Stephanie,USA,2026-01-21,Google Search
4149,Cynthia,Thomas,priscillabeard@example.com,M,20,Jasonfort,USA,2023-12-11,Instagram Ads
4150,Gail,Allen,emily41@example.com,F,25,West Michael,USA,2025-12-01,Google Display
4151,Christopher,Munoz,angela87@example.org,F,40,Cassandraton,USA,2026-05-03,Affiliate
4152,David,Smith,gtucker@example.com,M,31,South Patrickmouth,USA,2024-01-20,Affiliate
4153,Timothy,Banks,ruizjustin@example.com,F,44,West Donald,USA,2024-03-21,Facebook Ads
4154,Roger,Kelley,deborahcarter@example.org,F,46,East Nathaniel,USA,2025-07-20,Email
4155,Mark,Jones,houseashley@example.org,M,56,West Donald,USA,2023-09-12,Affiliate
4156,Taylor,Ochoa,xpeters@example.org,F,56,West Natashaport,USA,2025-09-21,Instagram Ads
4157,Alexander,Williams,elizabeth97@example.org,F,18,Daviston,USA,2025-08-07,Instagram Ads
4158,Sarah,Hall,antoniosmith@example.net,M,34,Port Colleenhaven,USA,2024-01-22,Instagram Ads
4159,Rachel,Ruiz,dadams@example.net,F,58,New Mariotown,USA,2025-08-15,Affiliate
4160,Elizabeth,Giles,mirandahenderson@example.net,M,47,West Natashaport,USA,2026-02-22,Google Search
4161,Vanessa,Goodman,marie25@example.org,F,30,Jasonfort,USA,2024-09-10,Google Search
4162,Erika,Gilbert,elizabeth20@example.com,M,38,Ericmouth,USA,2023-10-17,Google Display
4163,Justin,Bailey,christopher33@example.com,F,36,South Aaron,USA,2026-05-10,Instagram Ads
4164,Tonya,Saunders,hgray@example.net,F,36,Port Jesseville,USA,2025-07-27,Instagram Ads
4165,Nicholas,Stark,matthew17@example.com,F,42,East William,USA,2025-05-04,Instagram Ads
4166,Brandon,Cox,christina68@example.net,M,39,Daviston,USA,2023-10-12,Google Search
4167,Joshua,Salazar,lewislori@example.com,F,48,North Noahstad,USA,2025-01-19,Instagram Ads
4168,George,Navarro,sean45@example.org,M,34,East Courtneychester,USA,2025-03-28,Facebook Ads
4169,Becky,Kim,jonathanhubbard@example.com,M,40,Lake Roberto,USA,2023-12-24,Instagram Ads
4170,Scott,Garza,valenzuelachristopher@example.org,F,49,East Courtneychester,USA,2026-04-11,Google Search
4171,April,Owen,haydenjohn@example.net,M,27,Coxberg,USA,2024-10-25,Affiliate
4172,William,Spencer,candace21@example.org,M,27,Lake Mark,USA,2024-08-12,Facebook Ads
4173,Barbara,Wilson,brianhopkins@example.net,F,53,Jasonfort,USA,2025-08-17,Email
4174,Debra,Steele,richbill@example.org,M,25,Robinsonshire,USA,2023-12-26,Facebook Ads
4175,Michele,Baker,christina72@example.org,F,69,South Patrickmouth,USA,2024-07-19,Google Display
4176,Martin,Payne,lynnholmes@example.com,F,37,East Courtneychester,USA,2026-04-22,Google Search
4177,Amy,Garcia,tanyanash@example.com,F,49,Herrerafurt,USA,2024-12-14,Affiliate
4178,Felicia,Lynch,sean60@example.com,M,67,New Mariotown,USA,2024-01-25,Email
4179,John,Bryant,olsonamy@example.com,M,31,New Kellystad,USA,2025-08-03,Facebook Ads
4180,Valerie,Hobbs,bakerchristian@example.org,F,67,Tashatown,USA,2025-01-14,Google Display
4181,Amanda,Stokes,lauren92@example.com,F,45,South Patrickmouth,USA,2024-11-17,Instagram Ads
4182,Sherri,Patterson,ilawrence@example.net,F,63,North Noahstad,USA,2024-12-04,Instagram Ads
4183,Thomas,Carter,william74@example.org,F,69,Danielchester,USA,2024-04-01,Google Search
4184,Adam,Hull,jenniferperkins@example.net,M,41,New Stephanie,USA,2026-06-30,Email
4185,Robert,Zamora,vazquezsydney@example.com,F,32,Lake Mark,USA,2024-02-02,Google Search
4186,Shawn,Alvarado,travisbonnie@example.com,F,39,Adamsborough,USA,2024-09-03,Instagram Ads
4187,John,Morrison,hernandezjoshua@example.net,M,47,Robinsonshire,USA,2024-05-26,Affiliate
4188,Kenneth,Munoz,qhiggins@example.com,M,21,East Courtneychester,USA,2024-10-06,Email
4189,Samantha,Jones,robert62@example.net,F,30,New Stephanie,USA,2023-12-10,Email
4190,Sandra,Parrish,churchlisa@example.org,F,40,North Noahstad,USA,2025-07-07,Google Search
4191,Matthew,King,delacruztammy@example.org,F,25,Lake Chad,USA,2024-09-05,Facebook Ads
4192,David,Anderson,john03@example.com,F,35,South Noah,USA,2026-06-04,Google Display
4193,Gregory,Dyer,ajones@example.net,F,29,West Michael,USA,2025-06-27,Instagram Ads
4194,Justin,Bryant,robert11@example.org,F,48,New Jessica,USA,2025-06-02,Email
4195,Jason,Hale,lstephens@example.net,M,31,West Michael,USA,2026-04-03,Affiliate
4196,Amber,Yates,ubutler@example.net,F,51,New Kellystad,USA,2026-03-10,Facebook Ads
4197,Michael,Hensley,william63@example.com,M,35,East Nathaniel,USA,2024-11-03,Email
4198,Jeanne,Phillips,martinmelissa@example.net,M,51,New Jamesside,USA,2025-02-09,Email
4199,Matthew,Jones,robinmills@example.net,M,28,Port Colleenhaven,USA,2024-09-07,Email
4200,Brandy,Pruitt,mary94@example.com,M,58,East William,USA,2025-04-23,Google Display
4201,Jennifer,Fox,gregory82@example.net,M,29,West Donald,USA,2026-01-24,Instagram Ads
4202,Veronica,Cole,murphybradley@example.org,F,66,New Stephanie,USA,2025-07-21,Google Display
4203,Mary,Jackson,udavis@example.org,F,32,Teresaburgh,USA,2024-03-03,Instagram Ads
4204,Erik,Smith,hduffy@example.com,F,48,Lake Mark,USA,2026-06-26,Facebook Ads
4205,David,Ramos,igardner@example.com,M,66,South Patrickmouth,USA,2026-05-18,Google Display
4206,Jacqueline,Strickland,thomasrice@example.net,F,46,New Jessica,USA,2024-09-05,Facebook Ads
4207,Anthony,Sanchez,wagnerroberta@example.com,M,43,South Noah,USA,2025-03-23,Affiliate
4208,Mariah,Kim,fryeadrian@example.org,M,35,Wilkersonmouth,USA,2025-07-16,Facebook Ads
4209,Jeremy,Walker,lisa57@example.org,M,49,Lake Roberto,USA,2024-07-26,Google Search
4210,Ronald,Lee,micheleyork@example.com,M,39,South Aaron,USA,2025-01-15,Google Search
4211,Jennifer,Johnson,mark58@example.com,F,55,Tashatown,USA,2025-08-29,Affiliate
4212,Terry,Brown,kimberlywalker@example.net,M,34,Adamsborough,USA,2025-07-20,Facebook Ads
4213,David,Pierce,blivingston@example.com,F,40,North Noahstad,USA,2025-09-02,Affiliate
4214,Kristina,Williams,markmorgan@example.com,F,41,Port Jesseville,USA,2025-02-08,Email
4215,Jessica,Graves,tinaflynn@example.com,M,67,East William,USA,2025-06-28,Instagram Ads
4216,Kelly,Garcia,imaddox@example.org,M,25,New Mariotown,USA,2024-08-15,Google Display
4217,Brandy,Walsh,ricardo73@example.net,M,58,Port Jesseville,USA,2024-09-18,Google Search
4218,Kristin,Russo,tfranklin@example.com,F,23,New Kellystad,USA,2025-02-01,Google Display
4219,Sara,Baker,oporter@example.org,M,22,Danielchester,USA,2024-02-08,Google Search
4220,Gregory,Charles,justinguzman@example.com,M,61,Port Jesseville,USA,2025-02-22,Affiliate
4221,Samantha,Kim,hopkinsrodney@example.org,M,46,Teresaburgh,USA,2024-04-05,Affiliate
4222,Christina,Case,susan64@example.org,M,45,East William,USA,2025-01-03,Google Display
4223,Andrew,Peters,jamie12@example.net,M,28,Danielchester,USA,2023-09-07,Email
4224,Michele,Sanchez,bensonjohn@example.net,M,18,Port Keith,USA,2025-01-14,Facebook Ads
4225,Michelle,Bennett,florespam@example.org,F,60,New Jessica,USA,2023-08-28,Email
4226,Emily,Potts,lori37@example.com,F,36,New Mariotown,USA,2026-01-21,Instagram Ads
4227,James,Powell,andersondiana@example.com,F,26,Lake Nicoleview,USA,2024-01-15,Email
4228,Katie,Jones,sara59@example.com,M,44,East Lydiamouth,USA,2025-07-10,Instagram Ads
4229,Micheal,Terry,michael75@example.net,F,51,Danielchester,USA,2024-07-28,Google Display
4230,Ashley,Cherry,vancemario@example.net,F,61,West Natashaport,USA,2024-04-06,Google Search
4231,Crystal,Anderson,ramoskevin@example.com,F,21,Lake Mark,USA,2026-03-03,Facebook Ads
4232,Susan,Mitchell,hansenclaudia@example.org,M,53,Cassandraton,USA,2025-08-11,Google Search
4233,David,Castaneda,douglas07@example.net,F,35,South Patrickmouth,USA,2025-11-11,Google Search
4234,Deanna,Mason,fosterlawrence@example.org,M,32,East Courtneychester,USA,2025-05-16,Facebook Ads
4235,Jenna,Davis,travis45@example.org,M,68,Tashatown,USA,2023-09-21,Google Search
4236,James,Clarke,thomascruz@example.net,M,30,Wilkersonmouth,USA,2026-03-10,Affiliate
4237,Steven,Johnson,kevinbrown@example.net,F,36,Herrerafurt,USA,2024-08-18,Google Display
4238,Michele,Jackson,floydjoann@example.com,F,66,West Natashaport,USA,2026-03-06,Google Display
4239,Justin,Doyle,brandilutz@example.com,M,23,New Jamesside,USA,2024-03-29,Google Search
4240,Dawn,Bauer,johnstonchristopher@example.net,F,65,South Aaron,USA,2023-10-23,Instagram Ads
4241,Andrea,Williams,michaelarmstrong@example.net,F,29,Lisatown,USA,2025-03-31,Email
4242,Jasmine,Campbell,qfranklin@example.org,F,68,New Jessica,USA,2023-12-14,Affiliate
4243,Rhonda,Young,markrussell@example.org,F,54,Daviston,USA,2025-03-15,Google Display
4244,Brooke,Blevins,harriskevin@example.net,F,34,East Courtneychester,USA,2026-06-23,Google Display
4245,Jose,Shaw,thomas33@example.net,F,40,Lisatown,USA,2025-11-04,Google Search
4246,Cindy,Holt,tristanroberts@example.org,F,43,West Michael,USA,2023-11-22,Google Search
4247,Darren,Johnson,christineandrade@example.net,M,46,East Lydiamouth,USA,2024-02-26,Google Display
4248,Christopher,Walker,robertsmichele@example.net,F,50,West Michael,USA,2023-08-24,Email
4249,Christine,Sampson,hawkinsdeanna@example.net,M,44,Port Colleenhaven,USA,2023-10-02,Instagram Ads
4250,Noah,Jenkins,eric19@example.org,M,42,North John,USA,2025-07-28,Email
4251,Misty,Johnson,chadrobinson@example.com,F,27,Herrerafurt,USA,2024-09-20,Email
4252,Anna,Velasquez,clintonhaley@example.org,M,64,New Jamesside,USA,2025-10-28,Google Display
4253,Nicole,Garrett,tbrown@example.net,M,40,Jasonfort,USA,2026-03-08,Google Search
4254,Veronica,Pruitt,smithdiana@example.net,M,38,Lisatown,USA,2025-03-09,Email
4255,Anna,Montgomery,uroberts@example.org,M,38,West Donald,USA,2023-11-17,Email
4256,Jennifer,Harrington,hinesvalerie@example.com,M,60,Lake Chad,USA,2026-05-27,Email
4257,Joseph,Richardson,rubiochase@example.net,F,30,West Michael,USA,2024-12-19,Google Search
4258,Peter,Brown,wchavez@example.net,M,54,West Donald,USA,2024-01-02,Google Search
4259,Jasmine,Delgado,jeremypetersen@example.net,F,50,Ramirezstad,USA,2024-03-03,Email
4260,Preston,Conley,gmoyer@example.net,M,41,East William,USA,2023-10-10,Facebook Ads
4261,Denise,Farrell,stewartpamela@example.com,M,61,Teresaburgh,USA,2026-06-22,Facebook Ads
4262,Tasha,Finley,nheath@example.org,F,28,Danielchester,USA,2024-10-25,Facebook Ads
4263,Molly,Johnson,brittney46@example.net,M,34,Lake Mark,USA,2026-02-17,Google Search
4264,Tammy,Sanders,michelletaylor@example.org,M,21,West Michael,USA,2024-03-13,Affiliate
4265,Steven,Johnson,harmonlucas@example.org,M,64,Robinsonshire,USA,2025-11-20,Google Search
4266,Bethany,Delacruz,hillbrandon@example.com,M,42,Juliechester,USA,2024-02-19,Affiliate
4267,Ian,Evans,lloydrichard@example.net,F,47,Herrerafurt,USA,2025-11-17,Affiliate
4268,Kelly,Keith,cindycurtis@example.org,F,26,Ericmouth,USA,2024-12-12,Facebook Ads
4269,Carol,Smith,ginapierce@example.com,M,38,South Aaron,USA,2025-10-08,Affiliate
4270,Michael,Duarte,lewiskayla@example.net,F,37,New Jamesside,USA,2026-05-29,Facebook Ads
4271,Kimberly,Maynard,april23@example.com,M,36,North Noahstad,USA,2025-01-11,Affiliate
4272,Ann,Harris,kgonzalez@example.net,F,36,Port Jesseville,USA,2024-02-13,Email
4273,Stephanie,Patel,scottjoe@example.com,F,29,Adamsborough,USA,2024-11-10,Google Display
4274,April,Gutierrez,zachary74@example.org,M,54,East Lydiamouth,USA,2024-09-20,Google Search
4275,Travis,Davis,rossdaniel@example.com,F,59,Port Jesseville,USA,2024-07-30,Facebook Ads
4276,Gary,Ramos,qjohnson@example.com,F,34,New Stephanie,USA,2025-01-30,Google Display
4277,Adam,Garcia,johnny15@example.com,F,54,Lake Mark,USA,2024-01-29,Google Display
4278,Daniel,Collins,jacquelinesnow@example.org,M,65,West Michael,USA,2024-10-13,Google Display
4279,Patrick,Garcia,mlowery@example.com,F,56,Lake Nicoleview,USA,2023-10-09,Google Search
4280,Zachary,Jackson,pattonmatthew@example.net,M,45,Juliechester,USA,2025-06-08,Facebook Ads
4281,Nicholas,Bell,gregory68@example.org,F,58,Coxberg,USA,2024-09-06,Google Search
4282,Karen,Buckley,vincentdavis@example.com,M,52,South Patrickmouth,USA,2025-12-18,Instagram Ads
4283,James,Wiley,crystal54@example.com,M,64,Coxberg,USA,2026-01-31,Instagram Ads
4284,Michael,Jenkins,ojohnson@example.org,F,65,West Donald,USA,2026-02-04,Google Display
4285,Christopher,Moses,edwinrowe@example.org,M,35,East Lydiamouth,USA,2026-06-13,Google Search
4286,Nicholas,Matthews,gloria17@example.net,M,31,Ericmouth,USA,2026-02-28,Facebook Ads
4287,Jared,Yates,amandabarrett@example.org,M,52,Ramirezstad,USA,2026-05-15,Google Display
4288,Mark,Shelton,ysmith@example.net,M,61,Ericmouth,USA,2024-02-15,Instagram Ads
4289,Anthony,Moran,russellsamantha@example.com,F,58,North John,USA,2023-08-23,Google Display
4290,Daniel,Lopez,melissa03@example.com,M,24,Lisatown,USA,2025-12-28,Google Display
4291,Courtney,Hoffman,monicaali@example.com,F,58,Daviston,USA,2023-08-24,Google Search
4292,Hannah,Thompson,vreilly@example.net,F,30,New Kellystad,USA,2025-07-11,Facebook Ads
4293,Matthew,Mckinney,lisa95@example.com,F,35,New Stephanie,USA,2024-05-25,Email
4294,Kaitlyn,Patterson,kelly17@example.net,F,54,East William,USA,2025-08-21,Google Search
4295,Michael,Graham,gcooper@example.org,M,30,East Nathaniel,USA,2026-06-12,Google Display
4296,Daniel,Rasmussen,wongsean@example.com,F,53,Adamsborough,USA,2024-06-17,Affiliate
4297,Bethany,Logan,brenda35@example.net,M,48,Adamsborough,USA,2023-11-23,Google Display
4298,Robert,Lewis,madelinehenderson@example.net,F,19,South Aaron,USA,2025-01-31,Email
4299,Tom,Davis,brownsean@example.com,M,33,North Noahstad,USA,2025-03-18,Google Display
4300,Sonya,Martinez,daisy57@example.com,M,26,Juliechester,USA,2026-05-26,Instagram Ads
4301,Joan,Allen,morgan94@example.net,M,26,Lake Chad,USA,2024-05-21,Email
4302,Holly,Castaneda,colleenvance@example.org,M,55,Lake Chad,USA,2024-06-25,Instagram Ads
4303,Michael,Hernandez,daniellewebb@example.net,F,28,Cassandraton,USA,2025-02-23,Facebook Ads
4304,Thomas,Howard,kbarrett@example.net,F,39,Danielchester,USA,2023-12-01,Instagram Ads
4305,Jared,Hull,ymcclure@example.com,F,50,Herrerafurt,USA,2025-06-15,Affiliate
4306,Stephanie,Kennedy,petersonann@example.net,F,53,Coxberg,USA,2025-09-23,Facebook Ads
4307,Calvin,Warren,rmoyer@example.net,F,62,Cassandraton,USA,2025-11-30,Google Display
4308,Joshua,Randolph,freemanbarbara@example.org,F,40,South Noah,USA,2026-07-05,Email
4309,David,Turner,yscott@example.net,F,62,North John,USA,2025-06-29,Google Search
4310,Tammy,Kidd,bruceray@example.com,M,62,New Kellystad,USA,2025-12-11,Google Search
4311,Gerald,Saunders,ulewis@example.net,M,51,North John,USA,2025-02-02,Affiliate
4312,Amy,Pearson,tara23@example.com,F,26,Teresaburgh,USA,2026-07-17,Email
4313,Elizabeth,Waller,dellis@example.com,F,41,Lake Nicoleview,USA,2025-03-23,Google Display
4314,Paige,Chen,john51@example.org,M,25,Jasonfort,USA,2023-10-20,Affiliate
4315,Debra,Wise,piercefrank@example.org,M,24,Lake Chad,USA,2024-10-05,Email
4316,Ashley,Richards,awade@example.net,F,53,East William,USA,2023-08-08,Google Search
4317,Amber,Ward,andrealewis@example.net,F,35,Port Keith,USA,2025-06-25,Instagram Ads
4318,Michael,Brown,richard82@example.org,F,20,Lake Roberto,USA,2025-11-06,Facebook Ads
4319,Aaron,Smith,wsmith@example.net,F,45,Port Jesseville,USA,2025-04-28,Instagram Ads
4320,Tonya,Griffin,tonyfrank@example.net,M,23,Port Colleenhaven,USA,2025-06-09,Google Display
4321,Karen,Butler,lwalton@example.org,F,61,North Noahstad,USA,2024-01-13,Facebook Ads
4322,Victor,Pittman,duncanpamela@example.net,F,61,West Natashaport,USA,2024-03-31,Instagram Ads
4323,William,Wheeler,tvasquez@example.net,M,38,Wilkersonmouth,USA,2024-11-11,Affiliate
4324,Robert,Sutton,ebailey@example.com,M,45,Wilkersonmouth,USA,2025-07-24,Affiliate
4325,Joseph,Peterson,scott67@example.com,M,57,Port Jesseville,USA,2024-08-16,Google Search
4326,Joshua,Ayala,waynegriffin@example.net,F,18,East Courtneychester,USA,2024-05-10,Email
4327,Thomas,Bell,leematthew@example.org,F,53,West Donald,USA,2025-10-22,Email
4328,Bruce,Kim,randyfrey@example.org,F,38,New Jessica,USA,2023-09-19,Email
4329,David,Paul,michael57@example.org,M,60,Lake Roberto,USA,2024-04-07,Email
4330,Cheryl,Baldwin,duartesteven@example.com,M,52,North Noahstad,USA,2025-11-14,Affiliate
4331,Benjamin,James,josephross@example.com,M,30,South Noah,USA,2024-08-24,Instagram Ads
4332,David,Erickson,timothychen@example.net,F,66,New Stephanie,USA,2026-06-29,Facebook Ads
4333,Bryan,Lindsey,reginaldglass@example.com,M,27,Teresaburgh,USA,2025-05-06,Email
4334,Jason,Taylor,qhall@example.org,F,61,Jasonfort,USA,2023-12-28,Email
4335,Sherry,Terry,kerritownsend@example.org,F,64,North John,USA,2024-12-09,Affiliate
4336,Paula,Wall,tylerthompson@example.com,F,27,Ramirezstad,USA,2025-10-18,Instagram Ads
4337,Jared,Johnson,jennifersummers@example.net,M,63,West Michael,USA,2025-08-22,Instagram Ads
4338,Nicole,Smith,douglas34@example.org,M,30,North John,USA,2024-02-27,Instagram Ads
4339,Sean,Adams,jesusgill@example.net,M,54,Lake Chad,USA,2023-11-30,Google Display
4340,Courtney,Eaton,amandarichardson@example.net,M,55,Adamsborough,USA,2025-11-03,Facebook Ads
4341,Christopher,Ward,omacdonald@example.org,M,41,Herrerafurt,USA,2024-05-08,Email
4342,Jeffery,Garcia,karen17@example.com,F,19,East Courtneychester,USA,2025-04-04,Affiliate
4343,Paul,Smith,tphillips@example.com,F,39,Adamsborough,USA,2024-06-18,Google Search
4344,Jessica,Vazquez,richardsonelizabeth@example.net,M,34,Jacquelineland,USA,2025-12-01,Email
4345,Steven,Barnett,crystalcole@example.net,F,53,Juliechester,USA,2026-06-14,Google Display
4346,Tammy,Patterson,christina42@example.net,F,31,Wilkersonmouth,USA,2026-07-09,Google Search
4347,Jason,Lang,walkerstephen@example.net,F,27,Teresaburgh,USA,2024-12-12,Facebook Ads
4348,Sabrina,Powers,ericamiller@example.com,M,52,Lake Chad,USA,2023-08-12,Affiliate
4349,Frederick,Wheeler,katherine65@example.com,F,42,New Kellystad,USA,2025-11-18,Google Display
4350,Erin,Luna,martinfoster@example.com,F,20,Danielchester,USA,2026-03-05,Affiliate
4351,Jill,Warren,powellstephen@example.com,F,64,Cassandraton,USA,2025-01-09,Email
4352,Thomas,Pitts,jwright@example.net,F,55,Wilkersonmouth,USA,2024-08-13,Instagram Ads
4353,Christina,Zamora,hallmatthew@example.com,M,34,West Donald,USA,2023-12-25,Google Display
4354,Terry,Jackson,nguyenashlee@example.com,F,29,East Courtneychester,USA,2024-04-08,Instagram Ads
4355,Erica,Phillips,mperez@example.com,M,69,Juliechester,USA,2025-05-22,Google Search
4356,Sally,Roberts,angelabailey@example.net,M,41,East William,USA,2024-05-26,Instagram Ads
4357,Michael,Osborne,james70@example.net,F,46,West Donald,USA,2025-01-05,Email
4358,Anthony,Hernandez,smithdwayne@example.com,M,60,East William,USA,2026-05-13,Email
4359,Omar,Bennett,michaelmyers@example.com,F,42,Jasonfort,USA,2024-02-27,Facebook Ads
4360,Janet,Lopez,justinwagner@example.com,F,53,New Jessica,USA,2025-03-27,Email
4361,Carmen,Jones,gsmith@example.net,M,43,West Natashaport,USA,2023-11-30,Google Search
4362,Carrie,Turner,ufoster@example.org,M,55,South Noah,USA,2025-10-14,Affiliate
4363,Jared,Trevino,roberttorres@example.com,F,18,Coxberg,USA,2025-11-11,Facebook Ads
4364,Angela,Duncan,elizabethpalmer@example.net,F,37,South Noah,USA,2024-08-18,Affiliate
4365,Sheila,Davis,ynorton@example.net,M,45,New Stephanie,USA,2025-07-22,Facebook Ads
4366,Carol,Simpson,xcarter@example.net,F,33,West Natashaport,USA,2025-07-06,Affiliate
4367,Michael,Herring,smithmichael@example.com,F,64,Danielchester,USA,2025-12-26,Instagram Ads
4368,Jennifer,Barnes,jonathan73@example.net,F,34,Port Colleenhaven,USA,2026-06-04,Facebook Ads
4369,Jesus,Alexander,manningkristin@example.net,M,57,West Donald,USA,2024-07-08,Facebook Ads
4370,Walter,Armstrong,paul51@example.net,M,45,Port Keith,USA,2024-02-12,Instagram Ads
4371,Amy,Shannon,lramos@example.net,M,29,Daviston,USA,2026-04-23,Facebook Ads
4372,Amber,Young,qhill@example.com,M,44,South Patrickmouth,USA,2023-09-03,Affiliate
4373,Lori,Romero,wesleyfoster@example.net,M,59,Adamsborough,USA,2024-07-06,Facebook Ads
4374,Edward,Williams,josephwalker@example.org,F,64,Port Jesseville,USA,2024-08-13,Affiliate
4375,Allison,Larson,wendylopez@example.org,M,47,Jasonfort,USA,2025-08-07,Affiliate
4376,Paul,Carson,hbrown@example.net,F,58,Lake Chad,USA,2023-09-05,Email
4377,Mark,Collins,patrick04@example.net,F,51,Teresaburgh,USA,2025-12-13,Facebook Ads
4378,Jason,Powell,bhill@example.net,F,54,Daviston,USA,2026-04-14,Affiliate
4379,David,Harmon,simmonsjacob@example.org,M,23,Lake Roberto,USA,2025-12-24,Instagram Ads
4380,Bradley,Webster,whale@example.net,M,24,South Noah,USA,2025-11-28,Facebook Ads
4381,Jennifer,Dawson,littlerebecca@example.org,M,49,South Patrickmouth,USA,2023-09-02,Facebook Ads
4382,Maria,Martinez,jasonwatson@example.net,F,49,West Natashaport,USA,2024-10-15,Instagram Ads
4383,Jennifer,Morales,briggszachary@example.com,F,42,Port Keith,USA,2025-10-16,Affiliate
4384,Katie,Johnson,kristen73@example.net,M,50,East Lydiamouth,USA,2023-07-30,Google Search
4385,Victoria,Wilkerson,lopezkelly@example.com,F,24,Cassandraton,USA,2026-02-10,Google Search
4386,Cody,Weaver,angelica61@example.net,F,69,New Stephanie,USA,2024-06-05,Affiliate
4387,Ashley,Lane,robingarrett@example.net,M,29,New Stephanie,USA,2024-08-30,Google Display
4388,Natalie,Rogers,powersjodi@example.net,M,33,Cassandraton,USA,2024-03-17,Facebook Ads
4389,Sarah,Jenkins,bmiller@example.net,M,33,Ericmouth,USA,2025-01-07,Instagram Ads
4390,Timothy,Herrera,chelsey29@example.org,F,60,New Mariotown,USA,2025-08-31,Affiliate
4391,Karen,Gould,andre19@example.com,M,53,Lake Chad,USA,2023-10-17,Facebook Ads
4392,Sydney,Robinson,charleslee@example.net,M,30,West Donald,USA,2024-08-07,Google Display
4393,Suzanne,Williams,blake03@example.com,M,24,Jacquelineland,USA,2026-02-28,Google Search
4394,Charles,Hickman,jcox@example.com,M,53,Herrerafurt,USA,2024-09-12,Google Search
4395,Jennifer,Scott,pricedaniel@example.net,M,64,Juliechester,USA,2026-04-19,Affiliate
4396,Stacey,White,vmccormick@example.org,F,68,Port Keith,USA,2025-09-15,Google Search
4397,Debra,Rangel,xvargas@example.org,M,26,New Stephanie,USA,2024-10-30,Google Search
4398,Tracy,Davis,wilsonryan@example.net,F,49,West Michael,USA,2023-09-25,Instagram Ads
4399,Christopher,Martinez,michellepage@example.org,F,28,Port Jesseville,USA,2026-03-02,Instagram Ads
4400,Christina,Franklin,jameswhite@example.com,F,25,New Jessica,USA,2025-04-17,Affiliate
4401,Julie,Mack,brianfrench@example.org,F,50,New Jessica,USA,2023-11-21,Facebook Ads
4402,Justin,Bates,speters@example.net,F,40,Wilkersonmouth,USA,2025-08-24,Email
4403,Wendy,Ochoa,keithjane@example.net,F,42,Wilkersonmouth,USA,2023-11-13,Affiliate
4404,Kathryn,Dalton,rasmussenmichael@example.com,F,25,Lake Chad,USA,2024-01-12,Facebook Ads
4405,Calvin,Webster,laurasmith@example.org,F,62,New Kellystad,USA,2024-10-03,Email
4406,Joshua,Garcia,kingjulie@example.com,M,39,East Courtneychester,USA,2026-01-23,Google Search
4407,Nancy,Miles,qmeadows@example.org,F,21,Ramirezstad,USA,2025-12-15,Google Search
4408,Andrea,Young,qelliott@example.com,F,57,Ericmouth,USA,2025-03-29,Email
4409,Michael,Wilkins,garzalisa@example.net,M,20,New Jessica,USA,2024-07-16,Instagram Ads
4410,Regina,Mason,scarey@example.com,F,46,New Jessica,USA,2024-04-30,Facebook Ads
4411,Raymond,Wheeler,gabriellelittle@example.com,M,58,Teresaburgh,USA,2025-04-04,Affiliate
4412,Billy,Scott,christian29@example.net,M,46,Lake Nicoleview,USA,2023-08-04,Instagram Ads
4413,Christine,Gibson,lvelez@example.com,F,51,New Mariotown,USA,2026-02-01,Google Search
4414,Emily,Burton,shawn69@example.org,F,51,New Stephanie,USA,2026-03-06,Google Display
4415,Lindsay,Lee,myersmelissa@example.com,M,45,Adamsborough,USA,2025-01-10,Affiliate
4416,Alice,Mccoy,harrisonkelly@example.net,M,30,Wilkersonmouth,USA,2024-09-01,Facebook Ads
4417,April,Aguilar,taylorkimberly@example.net,M,32,Daviston,USA,2024-09-14,Google Display
4418,Chelsea,Griffin,wmiller@example.com,F,40,Jasonfort,USA,2024-09-14,Affiliate
4419,Kayla,Fernandez,msmith@example.com,M,61,Port Keith,USA,2025-05-02,Google Search
4420,David,Morton,mwalter@example.net,F,43,Lake Chad,USA,2026-07-15,Google Display
4421,Emily,Webb,martinezmike@example.org,M,21,New Jamesside,USA,2026-01-22,Google Display
4422,Julie,Underwood,bradley15@example.com,F,43,New Mariotown,USA,2026-05-26,Email
4423,Jamie,Love,marcohill@example.org,F,57,Coxberg,USA,2024-07-24,Google Display
4424,Matthew,Newton,smithmanuel@example.net,M,26,New Jessica,USA,2026-01-21,Affiliate
4425,Kyle,Myers,chavezdaniel@example.org,F,22,West Natashaport,USA,2024-07-24,Google Search
4426,Edward,Garrett,marksaunders@example.org,F,49,Coxberg,USA,2025-09-13,Google Search
4427,Zachary,Watson,nsmith@example.net,M,37,West Michael,USA,2024-03-26,Email
4428,Elizabeth,Allen,jessicadawson@example.org,M,67,Daviston,USA,2025-05-10,Google Display
4429,Nicole,Morse,sabrina31@example.com,F,28,New Stephanie,USA,2026-04-09,Google Display
4430,Danielle,Jones,aguirreamanda@example.com,M,32,Lake Chad,USA,2025-01-29,Email
4431,Joseph,Meadows,erinreid@example.com,M,49,East Lydiamouth,USA,2025-04-26,Email
4432,Amy,Norris,brandon21@example.org,M,45,New Stephanie,USA,2024-10-28,Instagram Ads
4433,Alyssa,Perez,travisbentley@example.net,M,39,Jasonfort,USA,2026-03-31,Facebook Ads
4434,Zachary,Shaw,choilinda@example.net,M,58,East Lydiamouth,USA,2024-09-09,Instagram Ads
4435,Michelle,Martin,dcooper@example.net,F,34,Tashatown,USA,2025-11-10,Google Display
4436,Kari,Graham,erinward@example.com,M,43,Tashatown,USA,2024-11-24,Facebook Ads
4437,Justin,Raymond,michelle63@example.net,M,61,Port Jesseville,USA,2024-06-11,Instagram Ads
4438,Alexandra,Patel,kaitlyngay@example.net,F,24,East Lydiamouth,USA,2023-12-28,Facebook Ads
4439,Lance,Adkins,danielleharris@example.org,M,59,Jacquelineland,USA,2023-09-30,Instagram Ads
4440,Steven,Fox,angelarivera@example.org,F,43,Ericmouth,USA,2024-04-18,Affiliate
4441,Michael,Spencer,williamruiz@example.org,M,42,New Kellystad,USA,2026-07-03,Affiliate
4442,Scott,Kennedy,therman@example.org,F,27,East William,USA,2025-02-20,Google Display
4443,Amber,Booker,manuel87@example.org,M,62,Wilkersonmouth,USA,2025-09-17,Facebook Ads
4444,David,Garrett,jared36@example.net,F,36,East Nathaniel,USA,2024-08-15,Affiliate
4445,Jake,Watson,randydavis@example.net,F,28,Ramirezstad,USA,2023-08-24,Google Display
4446,Maureen,Joseph,scottstephanie@example.org,F,30,Tashatown,USA,2023-07-22,Affiliate
4447,Lori,Smith,smiller@example.com,M,25,North Noahstad,USA,2023-12-21,Google Display
4448,Kristina,Harper,michael74@example.com,M,57,Adamsborough,USA,2026-05-04,Instagram Ads
4449,Jason,Larson,hdavis@example.net,F,21,Adamsborough,USA,2026-02-05,Google Search
4450,Jeremy,Cardenas,kristen72@example.net,F,64,West Natashaport,USA,2024-11-02,Google Display
4451,Christina,Johnson,bradyjulie@example.net,M,48,Wilkersonmouth,USA,2024-06-13,Google Display
4452,Kelly,Greene,tdiaz@example.net,M,45,West Michael,USA,2025-08-24,Email
4453,Lisa,Love,grossalexandra@example.org,M,28,Jacquelineland,USA,2026-01-21,Google Search
4454,Thomas,Powell,darrellarmstrong@example.org,F,60,Jasonfort,USA,2025-01-15,Email
4455,Jonathan,Bryant,zacharyhenry@example.com,M,18,North John,USA,2025-04-17,Email
4456,Brandon,Gillespie,davidjackson@example.org,F,66,Lake Roberto,USA,2026-02-26,Affiliate
4457,Marc,Hawkins,csmith@example.org,M,64,Herrerafurt,USA,2025-08-07,Google Display
4458,Tina,Dennis,laurenpeters@example.com,M,69,Robinsonshire,USA,2024-12-02,Instagram Ads
4459,Jennifer,Crawford,stevensjeffrey@example.com,F,55,East Courtneychester,USA,2024-10-10,Facebook Ads
4460,Whitney,Farmer,rsmith@example.com,F,41,Juliechester,USA,2024-09-03,Affiliate
4461,Jennifer,Martin,davidrasmussen@example.net,M,64,East Courtneychester,USA,2025-06-23,Instagram Ads
4462,David,Carpenter,michelegordon@example.net,F,48,East Lydiamouth,USA,2024-01-14,Google Display
4463,Angela,Green,carolgonzalez@example.org,F,58,Robinsonshire,USA,2026-04-06,Google Search
4464,Jennifer,Ward,qhudson@example.org,F,63,Port Keith,USA,2026-03-30,Instagram Ads
4465,Richard,Levy,clayamy@example.org,F,67,Teresaburgh,USA,2023-10-29,Facebook Ads
4466,James,Valdez,jamie58@example.net,F,43,Ericmouth,USA,2024-05-16,Google Search
4467,Natalie,Hart,levydiane@example.com,M,66,Coxberg,USA,2024-08-06,Facebook Ads
4468,Eric,Green,johnsonpaul@example.org,M,67,Adamsborough,USA,2024-12-11,Instagram Ads
4469,Evelyn,Wells,parkerjennifer@example.org,F,22,Tashatown,USA,2025-11-29,Facebook Ads
4470,Johnny,Herring,millerrobert@example.com,F,37,Coxberg,USA,2025-04-13,Google Display
4471,Sara,Rojas,ashley42@example.org,M,69,East Lydiamouth,USA,2025-05-30,Google Display
4472,Victor,Fischer,clarkmelissa@example.org,F,58,Cassandraton,USA,2026-04-09,Email
4473,Phillip,Johnston,tracymurray@example.net,F,28,South Aaron,USA,2025-01-07,Google Search
4474,Tony,Bradley,kristina61@example.org,F,50,Jasonfort,USA,2026-01-16,Email
4475,Kyle,Washington,richardsjeffrey@example.net,F,67,Cassandraton,USA,2023-08-12,Instagram Ads
4476,Amy,Stephens,harold72@example.org,F,55,Port Colleenhaven,USA,2024-02-22,Google Display
4477,Catherine,Frazier,hatkinson@example.com,M,44,New Kellystad,USA,2026-02-21,Facebook Ads
4478,Antonio,Jones,chelseacook@example.net,F,51,New Mariotown,USA,2026-06-11,Google Search
4479,Kyle,White,robertking@example.net,M,32,South Aaron,USA,2024-01-05,Email
4480,Charles,Haney,millermichelle@example.net,F,49,East Courtneychester,USA,2026-05-25,Facebook Ads
4481,Colton,Peck,margaret90@example.com,F,38,Lake Mark,USA,2026-01-22,Facebook Ads
4482,Tina,Hopkins,cooperrebecca@example.org,M,63,Danielchester,USA,2025-02-18,Google Display
4483,Sandra,James,omurray@example.com,F,22,Lisatown,USA,2024-11-24,Email
4484,Tiffany,Silva,zwilson@example.org,F,23,New Jessica,USA,2025-10-29,Google Display
4485,Stephen,Reynolds,emilybrown@example.net,F,55,Lake Mark,USA,2025-12-09,Facebook Ads
4486,Ashley,Gonzales,paulapruitt@example.net,F,39,Port Keith,USA,2026-06-30,Google Search
4487,Dale,Richard,michael79@example.org,F,35,Daviston,USA,2024-01-06,Facebook Ads
4488,Nancy,Owens,wilsonmatthew@example.net,F,31,Adamsborough,USA,2025-05-25,Google Search
4489,Martha,Owens,zharris@example.org,M,27,West Natashaport,USA,2025-09-25,Facebook Ads
4490,Melissa,Smith,aromero@example.net,F,63,Robinsonshire,USA,2025-03-13,Email
4491,Amanda,Davidson,cwebster@example.net,F,30,Jacquelineland,USA,2024-07-27,Instagram Ads
4492,Cassidy,Gonzalez,vincent79@example.com,M,48,Port Colleenhaven,USA,2026-01-11,Facebook Ads
4493,Stacy,Moon,fhill@example.org,M,47,New Kellystad,USA,2024-01-18,Affiliate
4494,James,Burns,zbarrett@example.com,F,20,East Courtneychester,USA,2025-04-29,Google Search
4495,Lindsey,Lindsey,april66@example.net,F,47,Tashatown,USA,2024-04-27,Affiliate
4496,Brandy,Baker,wgarner@example.com,M,23,Teresaburgh,USA,2026-01-25,Email
4497,Lisa,Allen,umeadows@example.net,F,46,Robinsonshire,USA,2023-08-26,Facebook Ads
4498,Danielle,King,john72@example.net,F,25,West Donald,USA,2025-06-26,Facebook Ads
4499,Angie,Nelson,oedwards@example.net,M,61,West Natashaport,USA,2025-05-31,Affiliate
4500,Marvin,Johnson,wballard@example.com,M,62,Juliechester,USA,2025-03-16,Email
4501,Shelly,Mejia,xwarren@example.org,M,60,Jasonfort,USA,2025-02-20,Affiliate
4502,James,Ferguson,lcarpenter@example.net,F,61,East Courtneychester,USA,2025-05-13,Google Display
4503,John,Burke,theresa80@example.net,M,50,Port Keith,USA,2026-04-20,Affiliate
4504,Lisa,Johnson,stephenbrown@example.com,F,34,Ericmouth,USA,2023-10-21,Google Display
4505,Aaron,Hobbs,gregorymayo@example.com,M,65,Port Jesseville,USA,2026-01-21,Email
4506,Leon,Williams,rickblack@example.net,F,28,East Lydiamouth,USA,2024-11-24,Email
4507,Bonnie,Harris,sandra74@example.net,M,30,Lisatown,USA,2024-10-28,Google Search
4508,Heather,Cuevas,vshields@example.org,F,67,Ramirezstad,USA,2024-04-14,Google Display
4509,Melissa,Lynn,ygonzalez@example.net,F,28,Port Keith,USA,2025-05-26,Google Search
4510,Joseph,Rogers,kimberlyerickson@example.net,M,48,West Natashaport,USA,2024-05-23,Google Display
4511,Lisa,Brown,smithcourtney@example.com,M,45,Lake Mark,USA,2023-09-05,Google Search
4512,Linda,Rodriguez,danny48@example.com,M,61,Daviston,USA,2025-04-26,Instagram Ads
4513,Steven,Knight,mharris@example.org,M,23,Daviston,USA,2026-02-17,Affiliate
4514,Andrew,Miller,jason57@example.net,M,58,South Noah,USA,2024-08-27,Google Search
4515,Janice,Kennedy,melissajohnson@example.com,F,33,West Natashaport,USA,2025-07-19,Affiliate
4516,Kayla,Parks,wjohnson@example.com,F,21,North Noahstad,USA,2023-08-18,Instagram Ads
4517,Richard,Rose,ryan70@example.com,M,52,New Jamesside,USA,2023-10-19,Affiliate
4518,Meghan,Lyons,pughcarol@example.org,F,65,West Michael,USA,2026-03-11,Facebook Ads
4519,Raymond,Davis,ashleyanderson@example.com,F,43,West Natashaport,USA,2024-12-05,Google Display
4520,Michael,Newman,susan13@example.org,F,29,West Natashaport,USA,2025-01-14,Google Search
4521,Savannah,Griffin,sabrina80@example.com,F,28,Lake Nicoleview,USA,2025-04-12,Email
4522,Katherine,Burton,xkirk@example.org,M,54,Jasonfort,USA,2026-03-15,Google Search
4523,Lori,Adams,djohnson@example.net,F,42,Wilkersonmouth,USA,2024-02-27,Google Display
4524,Amanda,Brewer,rschmidt@example.net,M,35,Tashatown,USA,2026-06-14,Affiliate
4525,Linda,Perez,steven65@example.net,F,36,Ramirezstad,USA,2024-05-25,Email
4526,Erika,Parrish,christine72@example.net,M,40,Juliechester,USA,2023-09-19,Google Search
4527,Alejandro,Wilson,gspencer@example.org,F,55,Robinsonshire,USA,2025-12-01,Affiliate
4528,Kristi,Lara,john16@example.com,M,35,Danielchester,USA,2025-10-10,Email
4529,Mark,Weber,stacy40@example.net,F,43,Ericmouth,USA,2025-03-24,Instagram Ads
4530,Ashley,Stewart,andrewforbes@example.net,F,23,East Lydiamouth,USA,2023-08-23,Google Search
4531,Connie,Watson,kirkmallory@example.org,F,21,South Patrickmouth,USA,2024-10-23,Affiliate
4532,Colleen,Brown,erik02@example.net,F,61,New Jamesside,USA,2026-05-21,Instagram Ads
4533,Dominique,Morales,jefferychung@example.org,M,68,North John,USA,2026-04-10,Google Search
4534,Michael,Brandt,joseph03@example.org,F,46,Daviston,USA,2024-11-11,Facebook Ads
4535,Dawn,Wilson,joshua02@example.net,F,51,East Nathaniel,USA,2024-12-06,Affiliate
4536,Sandra,Johnson,michelleburton@example.com,F,34,Jacquelineland,USA,2024-03-09,Google Display
4537,Angela,Morse,johnsondavid@example.org,M,60,Juliechester,USA,2025-07-15,Email
4538,Amanda,Lyons,imahoney@example.org,M,60,North Noahstad,USA,2024-06-11,Google Display
4539,Nancy,Casey,knightrenee@example.org,M,33,Ramirezstad,USA,2026-04-09,Facebook Ads
4540,Michael,Schmidt,hrobinson@example.com,F,19,Port Keith,USA,2024-11-15,Instagram Ads
4541,Makayla,Greene,brendafox@example.net,F,51,East Nathaniel,USA,2023-12-29,Google Display
4542,Mariah,Rivera,joel15@example.org,F,25,Ramirezstad,USA,2025-02-24,Google Display
4543,Todd,Heath,kathyberg@example.com,F,30,Adamsborough,USA,2026-05-04,Google Search
4544,Melissa,Matthews,gordonjack@example.com,M,59,Adamsborough,USA,2024-08-21,Email
4545,Stuart,Barnes,rogersmatthew@example.org,F,25,West Michael,USA,2024-04-10,Google Display
4546,Sharon,Martinez,nluna@example.com,F,47,Tashatown,USA,2026-01-29,Google Search
4547,Jose,Shaw,zgarcia@example.com,F,49,Lake Chad,USA,2023-08-03,Instagram Ads
4548,Jeanette,Phillips,brenda15@example.net,F,53,Lake Mark,USA,2023-08-20,Facebook Ads
4549,Ashley,Pena,richard40@example.org,F,64,Tashatown,USA,2026-04-18,Affiliate
4550,Anthony,Cantu,xlarson@example.com,M,47,North Noahstad,USA,2025-11-23,Google Display
4551,Carolyn,Marsh,michealcook@example.net,F,18,Daviston,USA,2023-10-11,Google Display
4552,Bryan,Sherman,elizabethgriffin@example.com,M,60,New Jamesside,USA,2024-06-10,Email
4553,Katrina,Hayes,rpeck@example.com,M,56,Herrerafurt,USA,2025-04-07,Email
4554,Hector,Campbell,martinezwillie@example.org,M,34,West Natashaport,USA,2026-02-05,Email
4555,Jill,Burnett,timothyharrison@example.org,F,37,New Jamesside,USA,2023-08-05,Google Search
4556,Bryan,Mitchell,patricia94@example.net,M,41,Lake Chad,USA,2026-01-15,Email
4557,Ashley,Mclaughlin,umosley@example.org,F,67,Ericmouth,USA,2024-11-07,Google Search
4558,David,Byrd,kristin71@example.org,M,39,West Natashaport,USA,2024-07-13,Affiliate
4559,Brenda,Cooper,conradkimberly@example.com,F,46,East Nathaniel,USA,2024-11-18,Email
4560,Claire,Moody,yturner@example.org,M,39,Lake Chad,USA,2026-04-11,Google Display
4561,Valerie,Henry,msanders@example.org,F,61,Jacquelineland,USA,2026-05-15,Instagram Ads
4562,Lisa,Fry,joshuacrawford@example.net,F,26,Port Jesseville,USA,2025-12-31,Google Search
4563,Brian,Campbell,cindy55@example.com,M,54,Lake Mark,USA,2025-12-12,Facebook Ads
4564,Susan,Coleman,jamesbauer@example.net,M,27,Ramirezstad,USA,2024-12-29,Email
4565,Tara,Duran,jhicks@example.net,F,53,Tashatown,USA,2024-08-11,Instagram Ads
4566,Alan,Hinton,johnsonrobert@example.net,F,54,Jacquelineland,USA,2023-09-11,Instagram Ads
4567,James,Wells,renee78@example.com,F,45,South Aaron,USA,2025-11-03,Affiliate
4568,Clayton,Robbins,oaguilar@example.com,M,45,West Natashaport,USA,2025-03-18,Google Search
4569,Paige,Osborne,monicabarnett@example.com,M,59,Jacquelineland,USA,2023-08-26,Google Display
4570,Barbara,Stuart,debbie01@example.org,M,60,East William,USA,2024-08-24,Affiliate
4571,Kristy,Arnold,davismike@example.org,M,38,Daviston,USA,2024-01-23,Email
4572,Evan,Mitchell,carrjames@example.net,F,41,Juliechester,USA,2025-09-28,Facebook Ads
4573,Jasmine,Shepard,lsanchez@example.org,F,59,New Jessica,USA,2024-02-05,Affiliate
4574,Aaron,Caldwell,amyfields@example.net,M,57,West Natashaport,USA,2024-01-19,Affiliate
4575,Diana,Crane,allisoncampbell@example.com,M,19,South Patrickmouth,USA,2025-02-06,Google Display
4576,Karen,Gutierrez,preynolds@example.net,M,25,Lake Mark,USA,2026-03-10,Google Display
4577,Nicole,Brock,stephenskerry@example.net,M,65,West Donald,USA,2023-10-27,Google Display
4578,Kelly,Newton,egraham@example.com,F,44,East Courtneychester,USA,2023-12-28,Facebook Ads
4579,Lisa,Parker,scottdeborah@example.org,M,39,New Kellystad,USA,2025-11-04,Google Search
4580,Kathy,Gill,crussell@example.net,M,54,Lake Chad,USA,2025-11-24,Google Search
4581,Mark,Davis,twallace@example.com,F,44,Jasonfort,USA,2025-05-15,Instagram Ads
4582,Gary,Price,talvarado@example.com,M,46,Lake Nicoleview,USA,2024-09-10,Instagram Ads
4583,Chelsea,Mcgrath,john55@example.com,F,20,North Noahstad,USA,2024-10-02,Google Search
4584,Desiree,Gonzalez,alejandro26@example.net,M,61,Tashatown,USA,2025-10-26,Affiliate
4585,Melanie,Mcmillan,ladams@example.com,F,30,Jacquelineland,USA,2024-09-17,Google Search
4586,Elizabeth,Morton,benjamindavid@example.net,F,62,Lake Mark,USA,2024-02-02,Affiliate
4587,Don,Harrington,johnbarton@example.net,F,27,Jasonfort,USA,2026-06-20,Google Display
4588,Debbie,Adams,dtaylor@example.org,F,53,New Stephanie,USA,2024-12-11,Google Search
4589,Jerry,Mann,brian61@example.org,M,26,Herrerafurt,USA,2025-02-01,Instagram Ads
4590,Travis,Turner,tyler30@example.com,F,44,New Jamesside,USA,2025-11-26,Instagram Ads
4591,Mark,Cruz,emma76@example.net,F,51,New Stephanie,USA,2026-01-01,Google Search
4592,Sabrina,Pollard,jshaw@example.net,F,68,East Lydiamouth,USA,2023-07-20,Affiliate
4593,Olivia,Rogers,sabrinawalsh@example.com,M,18,New Stephanie,USA,2025-07-01,Affiliate
4594,Jose,Scott,jason63@example.org,F,49,Lake Nicoleview,USA,2024-12-10,Affiliate
4595,Michael,Rodriguez,qkelly@example.com,F,42,Lake Mark,USA,2024-01-28,Instagram Ads
4596,Bryan,Hernandez,dramos@example.net,M,46,New Kellystad,USA,2023-11-04,Email
4597,Miguel,Williams,christopher91@example.net,F,24,Juliechester,USA,2026-06-16,Google Search
4598,Michael,Raymond,ballardrobert@example.net,M,66,New Jamesside,USA,2023-11-06,Instagram Ads
4599,Jeffrey,Koch,brandon14@example.org,F,20,New Kellystad,USA,2026-04-13,Email
4600,Marissa,Mckinney,anolan@example.net,M,37,New Jessica,USA,2026-07-12,Google Search
4601,Jacob,Burns,chandavid@example.org,F,37,Lake Nicoleview,USA,2025-03-09,Email
4602,Aaron,Williams,doyletravis@example.org,M,47,Wilkersonmouth,USA,2024-08-19,Affiliate
4603,David,Miller,michael49@example.com,M,52,New Mariotown,USA,2024-08-17,Email
4604,Carmen,Cook,thomaswarner@example.com,F,52,Teresaburgh,USA,2025-05-23,Google Search
4605,Ruben,Bernard,jason83@example.org,F,66,Danielchester,USA,2024-06-24,Affiliate
4606,Michelle,Burton,vdennis@example.net,M,56,Teresaburgh,USA,2024-08-22,Google Display
4607,Jeffrey,Patterson,larsoneric@example.org,M,44,Lake Nicoleview,USA,2023-11-14,Google Display
4608,Andrea,Bryant,linda37@example.org,M,43,Lake Roberto,USA,2024-05-22,Google Search
4609,Sergio,Levy,bradleysanchez@example.net,M,31,East Lydiamouth,USA,2023-12-03,Instagram Ads
4610,Julian,Marsh,robertjenkins@example.com,M,34,New Kellystad,USA,2026-02-10,Google Search
4611,Gregory,Harris,strongtammy@example.com,M,35,Port Jesseville,USA,2025-01-27,Google Search
4612,Robert,Thomas,vnguyen@example.org,F,62,Tashatown,USA,2024-10-21,Email
4613,Shelby,Shannon,richardsnow@example.net,M,69,Teresaburgh,USA,2023-09-18,Instagram Ads
4614,Shawn,Edwards,cpierce@example.com,M,46,West Donald,USA,2025-04-12,Affiliate
4615,Luis,Krueger,matachristopher@example.net,M,37,Coxberg,USA,2023-10-26,Affiliate
4616,Patrick,Kane,lisabonilla@example.com,M,44,Jasonfort,USA,2025-12-10,Email
4617,Jacob,Lara,alvingrimes@example.com,M,35,South Noah,USA,2025-02-17,Email
4618,Jessica,Haynes,pittsrobert@example.com,M,21,Lisatown,USA,2025-12-30,Google Display
4619,Peggy,Perkins,dustinrodriguez@example.net,M,18,Jacquelineland,USA,2024-03-23,Google Search
4620,Dylan,Thompson,robert85@example.net,M,67,Jacquelineland,USA,2026-05-01,Instagram Ads
4621,Mark,Rodriguez,thomasaustin@example.org,F,18,Port Keith,USA,2026-02-10,Facebook Ads
4622,Denise,Brown,amy05@example.org,F,43,East Nathaniel,USA,2023-09-10,Google Search
4623,Jeffrey,Mitchell,jennifer36@example.org,M,62,Port Jesseville,USA,2025-11-01,Affiliate
4624,Adam,Olson,holly37@example.net,M,37,Herrerafurt,USA,2026-02-26,Email
4625,Aaron,Weiss,david43@example.com,F,69,Lisatown,USA,2026-05-01,Instagram Ads
4626,Antonio,Lucas,hartmanalex@example.net,M,40,Jacquelineland,USA,2024-05-08,Email
4627,Bryan,Fuentes,jane92@example.net,F,27,Tashatown,USA,2026-03-28,Facebook Ads
4628,Mary,Walker,samanthaburton@example.net,M,28,Adamsborough,USA,2025-10-11,Affiliate
4629,Christopher,May,oscar17@example.com,M,58,Port Jesseville,USA,2025-05-11,Google Display
4630,Nicholas,Gomez,snyderjodi@example.net,M,58,South Patrickmouth,USA,2025-11-12,Facebook Ads
4631,John,Gallagher,pollardgina@example.net,F,22,Port Jesseville,USA,2024-08-18,Facebook Ads
4632,Marcia,Miller,jobrien@example.org,M,18,West Natashaport,USA,2024-04-14,Google Display
4633,Debra,Freeman,wandabennett@example.net,F,34,New Stephanie,USA,2025-01-15,Facebook Ads
4634,April,Reeves,jennifer06@example.com,F,39,Cassandraton,USA,2025-08-27,Affiliate
4635,Laurie,Phillips,maria59@example.org,F,51,Port Jesseville,USA,2026-05-03,Email
4636,Miguel,Smith,yphelps@example.com,F,62,East William,USA,2023-07-25,Google Search
4637,Jose,White,harrisonnicole@example.com,F,58,West Natashaport,USA,2024-10-26,Google Search
4638,Denise,Griffith,qrodriguez@example.org,F,46,Port Keith,USA,2024-10-10,Google Search
4639,Kathleen,Spence,efrench@example.org,F,21,South Aaron,USA,2025-03-23,Google Search
4640,William,Grimes,johnsoncatherine@example.org,F,22,New Jessica,USA,2024-11-06,Email
4641,Aaron,Banks,megan08@example.org,M,28,Jasonfort,USA,2025-07-03,Google Search
4642,Brandon,Brennan,victorsullivan@example.org,F,68,South Patrickmouth,USA,2025-02-15,Facebook Ads
4643,Melvin,Anthony,fmarshall@example.com,M,38,Danielchester,USA,2025-11-24,Facebook Ads
4644,Christopher,Lambert,yanderson@example.net,F,52,South Aaron,USA,2023-12-06,Google Display
4645,Susan,Garcia,ronald96@example.com,F,29,Lake Chad,USA,2024-11-04,Instagram Ads
4646,Tamara,Cole,suzanne56@example.net,M,43,East Courtneychester,USA,2025-12-08,Affiliate
4647,Gina,Mooney,edwardgomez@example.org,F,68,North Noahstad,USA,2026-06-16,Google Display
4648,Micheal,Allen,urobles@example.net,F,36,Port Colleenhaven,USA,2025-11-21,Instagram Ads
4649,Chelsea,Bell,crawforddaniel@example.com,M,62,North Noahstad,USA,2025-10-13,Instagram Ads
4650,Natasha,Sharp,mfowler@example.com,M,24,East Lydiamouth,USA,2025-03-02,Email
4651,Andrea,Simon,qacosta@example.net,F,64,Adamsborough,USA,2024-11-21,Email
4652,Tina,Porter,nathanielmercer@example.net,F,24,North Noahstad,USA,2025-07-17,Affiliate
4653,Sierra,Pena,javier35@example.com,F,43,North John,USA,2025-05-10,Instagram Ads
4654,Brittany,Walton,michaelmejia@example.org,M,57,Adamsborough,USA,2025-05-18,Instagram Ads
4655,Bryan,James,ronald91@example.org,M,22,Coxberg,USA,2024-09-08,Instagram Ads
4656,Travis,Ray,khayden@example.org,M,38,North John,USA,2024-03-05,Affiliate
4657,John,Johnson,sanchezangela@example.net,M,31,Adamsborough,USA,2024-03-11,Email
4658,Manuel,Long,zacharyrojas@example.com,F,21,West Natashaport,USA,2024-08-30,Google Display
4659,Joe,Cameron,rodneyjackson@example.org,F,40,West Michael,USA,2025-05-03,Google Search
4660,Joshua,Dunn,lopezeric@example.net,F,59,East Lydiamouth,USA,2026-02-08,Google Search
4661,Bridget,Roberts,david39@example.org,M,37,East Lydiamouth,USA,2025-12-11,Google Search
4662,Derrick,Walker,gnewman@example.com,F,32,Adamsborough,USA,2024-07-19,Google Display
4663,Sarah,Mcguire,gina75@example.net,F,67,East Courtneychester,USA,2025-06-27,Email
4664,Leslie,Sanford,xhardy@example.net,F,69,Daviston,USA,2023-10-12,Facebook Ads
4665,Kevin,Jones,elizabethlewis@example.net,F,62,Lisatown,USA,2024-07-01,Google Display
4666,Michael,Shaw,vincentdonald@example.com,F,46,Herrerafurt,USA,2024-01-07,Google Display
4667,Christine,Robertson,oscarmiles@example.com,F,25,New Jamesside,USA,2024-11-22,Affiliate
4668,Michael,Butler,james91@example.com,M,58,Ramirezstad,USA,2025-02-24,Affiliate
4669,Pamela,Gibbs,drakeamanda@example.com,F,65,Lake Mark,USA,2023-08-05,Google Search
4670,Ashley,Nelson,joseph10@example.net,M,36,Adamsborough,USA,2023-09-29,Google Display
4671,Kevin,Hodge,mgreen@example.com,F,65,Adamsborough,USA,2024-05-18,Email
4672,Brenda,Wilson,rodriguezalicia@example.org,M,56,Ramirezstad,USA,2025-01-21,Email
4673,Natalie,Mendez,lewiseric@example.net,F,63,South Noah,USA,2025-04-20,Facebook Ads
4674,Mike,Maddox,jason48@example.net,M,45,Jacquelineland,USA,2023-10-11,Instagram Ads
4675,Christopher,Moran,wyattkevin@example.com,F,63,Lake Nicoleview,USA,2024-09-23,Affiliate
4676,Dawn,Harrell,rmitchell@example.org,F,44,Robinsonshire,USA,2024-09-11,Affiliate
4677,Kevin,Everett,justin20@example.org,F,21,Danielchester,USA,2026-06-05,Instagram Ads
4678,Maria,Peterson,laura92@example.org,F,32,West Natashaport,USA,2025-07-14,Email
4679,Ashley,Smith,potterjohn@example.com,F,52,Lisatown,USA,2024-03-25,Facebook Ads
4680,Paul,Gentry,marissa47@example.net,M,54,Jasonfort,USA,2023-09-10,Google Search
4681,Ebony,Butler,sarafox@example.org,F,18,South Patrickmouth,USA,2023-09-12,Google Search
4682,Belinda,Ayala,myersmatthew@example.org,M,20,Lake Nicoleview,USA,2024-04-27,Instagram Ads
4683,Kathryn,Miller,aaronjackson@example.com,M,64,Adamsborough,USA,2025-06-10,Affiliate
4684,Tony,Ross,mrobertson@example.com,F,41,New Kellystad,USA,2024-11-06,Instagram Ads
4685,Elizabeth,Miller,joseph33@example.net,F,44,New Stephanie,USA,2024-02-18,Instagram Ads
4686,Philip,Simon,taylormatthew@example.net,M,57,South Patrickmouth,USA,2025-12-10,Instagram Ads
4687,Carlos,Conway,andrea79@example.org,F,53,New Stephanie,USA,2025-07-18,Email
4688,Jessica,Dunn,padillagregory@example.com,F,51,East Nathaniel,USA,2025-04-27,Email
4689,George,Olsen,daycurtis@example.com,F,46,New Jamesside,USA,2024-01-09,Instagram Ads
4690,Brandi,Lawson,robertsjustin@example.org,M,41,Adamsborough,USA,2024-03-11,Google Search
4691,William,Cox,lvalenzuela@example.org,F,41,Ramirezstad,USA,2025-04-14,Instagram Ads
4692,Justin,Jackson,eric12@example.net,F,59,Tashatown,USA,2023-08-20,Instagram Ads
4693,Shannon,Wu,brettbarrera@example.net,F,21,West Donald,USA,2024-06-13,Google Search
4694,Kyle,Montgomery,npowell@example.com,M,20,New Jessica,USA,2025-03-04,Google Search
4695,Hannah,Thomas,sheilagreene@example.org,M,51,Herrerafurt,USA,2025-07-12,Facebook Ads
4696,Stephen,Barnett,gentrylarry@example.com,F,66,East Courtneychester,USA,2025-08-16,Google Display
4697,Barbara,Ferrell,james21@example.net,F,40,Lisatown,USA,2025-07-04,Email
4698,Patricia,Garcia,holmesnicole@example.org,M,69,South Aaron,USA,2023-11-07,Google Search
4699,Richard,Rich,paigeyoung@example.org,M,40,New Stephanie,USA,2025-03-04,Google Display
4700,Sarah,Dudley,dylanbarber@example.net,M,62,South Aaron,USA,2026-04-22,Google Search
4701,Ralph,Bender,obass@example.org,F,22,Lake Mark,USA,2026-07-16,Email
4702,Eric,Cooley,john42@example.org,F,48,Lake Roberto,USA,2025-02-25,Affiliate
4703,Scott,Williams,bwells@example.com,M,58,New Stephanie,USA,2025-11-10,Facebook Ads
4704,Christine,Dennis,bbowman@example.net,M,23,Port Colleenhaven,USA,2024-09-23,Instagram Ads
4705,Terry,Williams,itucker@example.org,M,54,New Stephanie,USA,2023-08-30,Google Display
4706,Debra,White,megan00@example.org,M,27,Lake Roberto,USA,2026-01-15,Affiliate
4707,Holly,Khan,melissa09@example.net,F,57,South Noah,USA,2026-02-17,Google Display
4708,Tammy,Thomas,ibrock@example.com,F,24,New Kellystad,USA,2024-05-16,Affiliate
4709,Ryan,Roberts,kimlisa@example.net,F,56,Lake Roberto,USA,2025-04-27,Instagram Ads
4710,Jared,Thompson,wgoodwin@example.net,F,55,Tashatown,USA,2025-09-06,Email
4711,Beverly,Flores,jeffreysandoval@example.net,F,38,New Jamesside,USA,2024-01-19,Google Display
4712,Sarah,Ray,qwong@example.net,F,37,East William,USA,2024-01-16,Email
4713,Mary,Dunn,eblack@example.net,F,20,New Jamesside,USA,2026-04-19,Facebook Ads
4714,Joshua,Curtis,michaelsloan@example.net,M,68,Adamsborough,USA,2024-03-27,Google Display
4715,Adriana,Guzman,chadmiller@example.com,M,39,New Jessica,USA,2025-08-03,Instagram Ads
4716,Brittany,Craig,lucasedwards@example.com,F,64,Port Colleenhaven,USA,2025-09-14,Google Display
4717,Michael,Briggs,simpsonnicholas@example.net,M,21,New Stephanie,USA,2025-03-21,Google Search
4718,Samantha,Barrera,donna99@example.com,M,45,Port Jesseville,USA,2024-02-19,Instagram Ads
4719,Michael,Gray,abush@example.org,M,29,East Lydiamouth,USA,2025-11-06,Instagram Ads
4720,John,Michael,rhonda51@example.net,M,55,New Jamesside,USA,2025-11-20,Email
4721,Jonathan,Ramirez,joshua22@example.com,M,68,Herrerafurt,USA,2025-04-16,Email
4722,Matthew,Gonzalez,jeannewton@example.net,F,53,Lake Roberto,USA,2023-09-29,Google Search
4723,Kelly,Perkins,donnagomez@example.net,F,64,West Michael,USA,2025-08-27,Affiliate
4724,Sabrina,Johnson,vjimenez@example.org,M,58,Port Jesseville,USA,2025-07-24,Google Search
4725,Tiffany,Roman,wperez@example.com,M,22,East Courtneychester,USA,2025-09-29,Google Search
4726,Alejandro,Castaneda,kingtravis@example.com,M,30,Ramirezstad,USA,2026-03-11,Google Search
4727,Rebecca,Taylor,dennis78@example.com,M,40,Herrerafurt,USA,2026-02-23,Google Display
4728,Susan,Kaiser,nicolemckenzie@example.org,M,67,Juliechester,USA,2024-03-11,Facebook Ads
4729,Margaret,Rodriguez,alexanderolivia@example.net,F,47,Ramirezstad,USA,2025-12-28,Google Display
4730,Desiree,Hudson,michaelvalencia@example.net,M,54,South Patrickmouth,USA,2024-11-14,Google Display
4731,Evelyn,Curry,lcurry@example.com,F,42,Port Jesseville,USA,2024-04-10,Instagram Ads
4732,Melissa,Vance,chadtorres@example.org,F,65,New Mariotown,USA,2024-04-04,Facebook Ads
4733,Vanessa,Hurst,pmartin@example.org,M,44,Port Keith,USA,2025-12-28,Email
4734,Jessica,Cook,emily00@example.org,M,68,Lake Chad,USA,2025-12-26,Instagram Ads
4735,Amanda,Hicks,sanchezrobert@example.net,M,31,Danielchester,USA,2026-05-26,Affiliate
4736,Jennifer,Byrd,andersonvincent@example.com,F,65,Adamsborough,USA,2023-10-09,Google Display
4737,Johnny,Stephens,hwilliams@example.com,M,64,Ramirezstad,USA,2026-06-17,Facebook Ads
4738,Bryan,Walters,ppatel@example.net,F,53,Lake Nicoleview,USA,2024-02-12,Google Search
4739,Katherine,Campbell,aatkins@example.org,M,56,Tashatown,USA,2025-07-15,Facebook Ads
4740,Sydney,Ramirez,elizabeth43@example.net,M,33,Juliechester,USA,2024-02-27,Google Display
4741,Kevin,Garcia,cward@example.org,F,39,North Noahstad,USA,2024-06-04,Google Search
4742,Randall,Jones,daniel13@example.com,F,38,East Lydiamouth,USA,2024-08-22,Facebook Ads
4743,Susan,Gibson,dean72@example.net,F,38,East Lydiamouth,USA,2025-08-02,Instagram Ads
4744,Erika,Carlson,rodney72@example.net,M,25,Juliechester,USA,2023-10-19,Google Display
4745,Nicholas,Norman,despinoza@example.com,M,66,South Noah,USA,2024-10-24,Affiliate
4746,Jill,Hardin,robinsontimothy@example.net,F,33,Robinsonshire,USA,2023-10-09,Instagram Ads
4747,Kristine,Obrien,patelaudrey@example.net,M,48,Port Keith,USA,2024-11-29,Email
4748,Cynthia,Martin,william30@example.com,M,59,Herrerafurt,USA,2024-08-16,Email
4749,Brenda,Flores,znoble@example.org,M,27,Herrerafurt,USA,2025-06-24,Affiliate
4750,Kristy,Clayton,juanryan@example.net,F,49,Robinsonshire,USA,2023-08-20,Facebook Ads
4751,Suzanne,Riley,umaxwell@example.net,M,51,Lake Mark,USA,2023-08-30,Google Search
4752,Connie,Pope,nancy58@example.com,F,26,Lake Chad,USA,2025-05-27,Google Display
4753,Rebecca,Rodriguez,john62@example.org,M,34,Port Keith,USA,2024-08-17,Email
4754,Joshua,Torres,katiesilva@example.com,M,28,Port Keith,USA,2023-10-14,Google Search
4755,Anna,King,uperez@example.com,M,49,Lake Chad,USA,2026-03-26,Facebook Ads
4756,Alan,Rowland,estuart@example.com,F,27,Ramirezstad,USA,2024-02-19,Google Search
4757,Angelica,Ramirez,mcdanielmichael@example.net,F,39,West Donald,USA,2025-06-28,Google Search
4758,Jennifer,Campos,joseph07@example.net,F,34,New Jamesside,USA,2025-09-01,Facebook Ads
4759,Erica,Bryant,dawnmerritt@example.org,F,21,New Jamesside,USA,2026-06-20,Google Display
4760,Lauren,Farmer,yangstanley@example.org,M,65,New Kellystad,USA,2025-07-31,Google Display
4761,Albert,Ramirez,troy11@example.org,M,69,Port Colleenhaven,USA,2024-06-05,Google Display
4762,Daniel,Wallace,amedina@example.com,M,64,Lake Chad,USA,2023-10-29,Facebook Ads
4763,Pam,Cisneros,andrea67@example.org,M,42,Wilkersonmouth,USA,2025-02-08,Instagram Ads
4764,Jonathan,Hill,smartinez@example.com,M,38,Daviston,USA,2026-01-05,Facebook Ads
4765,Susan,Brown,anna67@example.org,M,54,Lake Nicoleview,USA,2023-11-21,Google Display
4766,Alexis,Wilson,aowens@example.org,F,55,Port Colleenhaven,USA,2024-04-08,Google Display
4767,Mark,Frank,donna30@example.com,M,66,West Natashaport,USA,2024-04-10,Affiliate
4768,Kyle,Bennett,kbarton@example.net,M,18,East Lydiamouth,USA,2026-03-02,Google Display
4769,Diane,Scott,fischerdanielle@example.org,F,42,New Jessica,USA,2024-04-28,Instagram Ads
4770,Susan,Palmer,langscott@example.net,F,68,Port Colleenhaven,USA,2026-03-06,Google Search
4771,Vincent,Lawrence,joseskinner@example.org,M,53,Lake Nicoleview,USA,2024-05-23,Google Display
4772,Andrew,Wyatt,garciasarah@example.org,M,34,Herrerafurt,USA,2023-09-20,Instagram Ads
4773,William,Saunders,john31@example.com,M,58,New Kellystad,USA,2026-04-23,Instagram Ads
4774,Hannah,Ochoa,hicksdavid@example.com,M,41,North Noahstad,USA,2024-08-23,Affiliate
4775,Christopher,Montoya,smithjoseph@example.com,F,19,Lake Mark,USA,2024-05-09,Email
4776,Jessica,Moore,eshaffer@example.com,M,57,Jacquelineland,USA,2023-08-18,Instagram Ads
4777,Lisa,Ponce,jason25@example.org,F,32,Port Keith,USA,2026-03-03,Affiliate
4778,Emily,Harris,underwoodjonathan@example.net,F,49,Jasonfort,USA,2023-09-28,Affiliate
4779,Brittany,Mora,bowmananthony@example.org,F,56,New Mariotown,USA,2025-01-03,Email
4780,John,Morales,brianjohnson@example.org,F,23,Herrerafurt,USA,2024-01-27,Google Search
4781,Tiffany,Parker,deborahcoleman@example.com,F,18,West Donald,USA,2025-07-03,Affiliate
4782,Sophia,Goodman,lisa84@example.net,M,64,New Mariotown,USA,2023-12-14,Affiliate
4783,Kimberly,Wilson,rrodriguez@example.com,M,40,Juliechester,USA,2025-07-19,Affiliate
4784,Christine,Baldwin,joseph26@example.net,M,56,Port Jesseville,USA,2023-10-19,Instagram Ads
4785,Joshua,Wilcox,jason58@example.org,M,34,New Kellystad,USA,2024-09-30,Affiliate
4786,David,Davidson,brian14@example.net,M,51,Jacquelineland,USA,2025-04-14,Instagram Ads
4787,Melissa,Collins,whitejames@example.org,F,58,Adamsborough,USA,2024-08-01,Facebook Ads
4788,Mitchell,Hall,william35@example.net,F,46,Lake Nicoleview,USA,2024-01-21,Google Search
4789,April,Rogers,fstewart@example.net,M,26,New Stephanie,USA,2025-07-16,Google Display
4790,Christopher,Parks,xstokes@example.com,F,30,Ramirezstad,USA,2025-11-28,Google Display
4791,Lynn,Barr,henry77@example.com,F,23,Port Colleenhaven,USA,2024-12-27,Google Display
4792,Justin,Browning,lbaker@example.org,M,23,South Noah,USA,2023-08-24,Affiliate
4793,Ronald,Roman,grahampaul@example.net,F,37,Jasonfort,USA,2026-03-01,Instagram Ads
4794,Sandra,Price,vmartinez@example.net,F,69,Jasonfort,USA,2024-11-30,Google Display
4795,Linda,Lang,oford@example.net,F,20,North Noahstad,USA,2024-08-06,Affiliate
4796,Denise,Roberts,gsmith@example.org,F,34,Teresaburgh,USA,2023-11-27,Google Search
4797,Norma,King,xmoore@example.com,M,66,West Donald,USA,2025-12-21,Google Display
4798,Michael,Gonzalez,wwilliams@example.com,M,29,Port Colleenhaven,USA,2023-09-22,Instagram Ads
4799,Mary,Mendez,donaldchen@example.com,M,65,West Michael,USA,2024-12-12,Google Display
4800,Scott,Thomas,michaelhurley@example.org,M,64,Cassandraton,USA,2025-08-30,Email
4801,Kenneth,Martinez,nayala@example.org,F,62,Herrerafurt,USA,2024-08-28,Google Search
4802,Debra,Hall,john98@example.net,F,18,South Patrickmouth,USA,2024-04-26,Google Display
4803,Joseph,Moore,eric36@example.org,M,34,South Aaron,USA,2025-11-25,Instagram Ads
4804,Victor,Lozano,vswanson@example.com,F,20,South Aaron,USA,2025-05-10,Instagram Ads
4805,Kaitlyn,Gomez,megan81@example.org,M,43,West Michael,USA,2024-11-20,Facebook Ads
4806,James,Rodriguez,erin27@example.net,M,32,Wilkersonmouth,USA,2023-11-11,Email
4807,Jeremy,Horn,rachel23@example.net,M,53,New Stephanie,USA,2026-06-09,Email
4808,Phillip,Wade,thomasgarcia@example.com,M,49,Port Colleenhaven,USA,2026-04-19,Google Search
4809,Joseph,Johnson,tiffany46@example.com,M,49,Teresaburgh,USA,2025-07-14,Instagram Ads
4810,Cory,Martin,fhall@example.org,F,21,Lake Chad,USA,2026-06-09,Facebook Ads
4811,Michael,Pace,amandamorrison@example.org,M,35,North John,USA,2024-12-21,Instagram Ads
4812,Debra,Shelton,briana28@example.net,M,66,Port Colleenhaven,USA,2026-05-21,Email
4813,Scott,Velazquez,yhenry@example.com,F,36,Port Jesseville,USA,2024-02-03,Google Search
4814,Colleen,Flores,jay37@example.org,M,60,Coxberg,USA,2025-09-26,Google Search
4815,Dean,Alexander,cathycarrillo@example.net,F,69,Teresaburgh,USA,2024-02-08,Google Display
4816,Mallory,Cooper,smithnicolas@example.com,F,52,Tashatown,USA,2024-11-12,Google Search
4817,Frederick,Scott,stephanie86@example.net,M,57,East Lydiamouth,USA,2025-07-17,Facebook Ads
4818,Patrick,Tyler,jay71@example.com,M,31,New Jessica,USA,2026-04-02,Affiliate
4819,Thomas,Rodriguez,kellyadam@example.net,F,50,Ramirezstad,USA,2025-03-22,Affiliate
4820,Cameron,Chavez,ortegaashley@example.com,M,31,Lisatown,USA,2023-09-12,Google Display
4821,Cindy,Skinner,ocole@example.org,M,51,New Kellystad,USA,2026-06-28,Google Display
4822,Cheryl,Zhang,shelly48@example.com,M,21,Jacquelineland,USA,2023-09-12,Google Display
4823,Tiffany,Moore,xsantiago@example.net,M,41,Daviston,USA,2025-06-17,Google Display
4824,Paula,Johnson,robertmoran@example.org,M,46,Jacquelineland,USA,2025-05-13,Google Search
4825,Thomas,Thompson,kmiller@example.org,M,36,West Michael,USA,2025-02-09,Google Search
4826,Megan,Cantrell,hector95@example.net,M,23,Coxberg,USA,2024-10-13,Facebook Ads
4827,Benjamin,Young,hesslisa@example.net,M,50,Ramirezstad,USA,2025-02-02,Google Display
4828,Steven,Bell,yward@example.net,M,66,South Noah,USA,2023-08-19,Google Search
4829,Gary,Smith,bauermichelle@example.net,M,57,Cassandraton,USA,2024-05-23,Email
4830,Carl,Rogers,stephanienavarro@example.org,F,36,Teresaburgh,USA,2026-05-20,Facebook Ads
4831,Sarah,Williams,wsnyder@example.net,F,18,West Michael,USA,2025-08-23,Affiliate
4832,Todd,Peterson,stefanie09@example.com,F,22,East Lydiamouth,USA,2025-04-08,Facebook Ads
4833,Collin,Rogers,christine72@example.org,F,44,New Kellystad,USA,2024-09-18,Facebook Ads
4834,Christy,Byrd,seanshaw@example.com,F,33,South Noah,USA,2023-11-09,Facebook Ads
4835,Rhonda,Roberts,benjaminmcguire@example.org,F,23,New Jessica,USA,2025-06-30,Facebook Ads
4836,Joseph,Bates,fleminghaley@example.com,F,57,East Courtneychester,USA,2023-12-25,Email
4837,Tony,Hughes,sarahjacobs@example.org,M,30,Danielchester,USA,2026-02-12,Google Search
4838,Rebecca,Rodriguez,ccole@example.com,M,65,Teresaburgh,USA,2025-03-18,Facebook Ads
4839,Erika,Powers,velliott@example.net,M,52,West Natashaport,USA,2026-03-28,Email
4840,Stacey,Patel,enelson@example.org,F,36,Jacquelineland,USA,2023-09-15,Affiliate
4841,Debbie,Pineda,bdavidson@example.com,F,29,East Courtneychester,USA,2026-05-23,Google Display
4842,William,Weber,umedina@example.org,M,33,North Noahstad,USA,2024-11-27,Google Search
4843,Brian,Rasmussen,bailey16@example.net,F,60,New Jessica,USA,2024-05-04,Affiliate
4844,Emma,Harper,saragreen@example.org,F,27,Daviston,USA,2026-07-03,Affiliate
4845,Samuel,Smith,csmith@example.com,F,42,Wilkersonmouth,USA,2025-06-05,Facebook Ads
4846,James,Cooper,ybrooks@example.net,M,37,North Noahstad,USA,2024-01-29,Affiliate
4847,Ryan,Terry,katherinebass@example.org,F,48,Jacquelineland,USA,2025-07-19,Email
4848,Stacy,Moore,tamaraparsons@example.org,F,21,West Michael,USA,2023-12-19,Email
4849,Pedro,Webb,vanessamoore@example.org,F,61,South Noah,USA,2023-07-23,Facebook Ads
4850,Angela,Peterson,kristin15@example.org,F,40,East Nathaniel,USA,2023-12-20,Email
4851,Kevin,Peterson,ajames@example.net,F,19,West Natashaport,USA,2025-02-28,Email
4852,Jennifer,Smith,sabrina83@example.com,F,39,Robinsonshire,USA,2025-07-03,Email
4853,Brandon,Mckay,harrisrenee@example.org,M,68,New Mariotown,USA,2026-01-02,Affiliate
4854,Theresa,Underwood,mmorgan@example.org,M,54,New Stephanie,USA,2025-04-22,Facebook Ads
4855,Marcus,Oconnor,christina97@example.net,M,25,Jacquelineland,USA,2025-12-13,Google Search
4856,Lisa,Johnson,bsolis@example.org,F,24,Coxberg,USA,2023-08-14,Affiliate
4857,Joseph,Bennett,kristin37@example.org,M,31,Wilkersonmouth,USA,2026-07-10,Affiliate
4858,Kristen,Quinn,blairdonna@example.com,F,20,Tashatown,USA,2026-03-21,Email
4859,Justin,Hughes,umiller@example.net,M,67,Coxberg,USA,2026-01-08,Affiliate
4860,Rebecca,Allen,fkim@example.com,F,33,New Jamesside,USA,2026-03-21,Instagram Ads
4861,Jean,Marsh,stevensonjonathan@example.com,M,36,New Jamesside,USA,2026-01-16,Affiliate
4862,Samuel,Martinez,kellyryan@example.com,F,68,North Noahstad,USA,2024-06-19,Google Search
4863,Joshua,Burns,nicole14@example.org,F,35,New Jamesside,USA,2025-09-20,Affiliate
4864,Cassandra,Mason,robertfletcher@example.net,F,69,New Jessica,USA,2025-04-04,Google Search
4865,Christopher,Martin,jenniferjohnston@example.net,F,33,Wilkersonmouth,USA,2026-01-17,Instagram Ads
4866,Alexandria,Randall,davidhart@example.org,F,25,South Patrickmouth,USA,2023-08-02,Facebook Ads
4867,Holly,Martinez,dorothysmith@example.net,F,50,Tashatown,USA,2024-05-12,Affiliate
4868,William,Leblanc,robert71@example.com,F,66,Lake Chad,USA,2026-01-12,Instagram Ads
4869,Elizabeth,Rodriguez,ysantos@example.com,F,29,Coxberg,USA,2023-07-25,Google Search
4870,Leslie,Kelley,barbaramcclain@example.com,M,28,Danielchester,USA,2025-08-07,Facebook Ads
4871,Joanna,Wood,yvasquez@example.net,F,22,Wilkersonmouth,USA,2026-05-19,Email
4872,Karen,Ross,lisa66@example.com,M,44,Adamsborough,USA,2026-02-16,Google Search
4873,Timothy,Long,david85@example.net,M,29,Ericmouth,USA,2023-12-18,Affiliate
4874,Ryan,Rivera,sara17@example.com,F,34,Adamsborough,USA,2023-09-23,Email
4875,Ashley,Medina,lmoreno@example.net,F,23,Port Keith,USA,2025-01-17,Google Display
4876,Wendy,Mcdonald,joy22@example.org,M,50,New Jessica,USA,2024-11-01,Affiliate
4877,Gloria,Spencer,perrycatherine@example.net,F,22,Wilkersonmouth,USA,2026-01-09,Google Search
4878,Tanner,Shelton,rglover@example.org,F,45,West Donald,USA,2023-09-23,Instagram Ads
4879,Lauren,Taylor,bvalencia@example.org,M,31,Adamsborough,USA,2025-04-18,Facebook Ads
4880,John,Mcbride,zoehoover@example.org,M,22,Port Jesseville,USA,2024-04-08,Email
4881,Andrew,Miller,owenwilliam@example.net,F,50,South Aaron,USA,2023-08-10,Affiliate
4882,Michael,Shaw,matthew75@example.com,F,67,East Nathaniel,USA,2023-12-11,Email
4883,Keith,Hernandez,egarcia@example.com,M,65,Coxberg,USA,2024-02-14,Email
4884,Charlotte,Mayer,shawn83@example.com,M,58,Port Jesseville,USA,2023-10-05,Facebook Ads
4885,Shawn,Armstrong,debrabryant@example.org,M,36,West Natashaport,USA,2025-07-06,Affiliate
4886,Mark,Novak,bsloan@example.org,F,39,New Jessica,USA,2025-07-07,Instagram Ads
4887,James,Randall,jennifer86@example.net,F,22,Port Colleenhaven,USA,2024-04-17,Google Search
4888,Steven,Ferguson,markfleming@example.org,F,19,Herrerafurt,USA,2025-08-14,Google Display
4889,Carol,Brady,hamptonsabrina@example.com,M,47,Lake Mark,USA,2023-12-06,Email
4890,Michelle,Villa,cynthia62@example.net,M,64,Adamsborough,USA,2024-02-17,Instagram Ads
4891,Laurie,Sutton,derrick85@example.org,F,56,Robinsonshire,USA,2024-12-30,Instagram Ads
4892,Brittany,Lee,mcunningham@example.org,M,21,South Noah,USA,2023-10-25,Facebook Ads
4893,Natalie,Anderson,mli@example.org,F,50,West Michael,USA,2025-07-31,Affiliate
4894,Wendy,Edwards,marylopez@example.net,M,30,Jacquelineland,USA,2024-11-26,Instagram Ads
4895,Craig,Anderson,dana90@example.net,F,37,Ramirezstad,USA,2024-05-13,Instagram Ads
4896,Michael,Hogan,margaretochoa@example.net,M,24,Lake Mark,USA,2024-05-09,Instagram Ads
4897,Haley,Hernandez,myersronald@example.org,M,32,North John,USA,2025-06-09,Google Display
4898,Joe,Lewis,benjamin24@example.org,F,40,Daviston,USA,2025-09-27,Email
4899,Patrick,Morris,bestalexis@example.org,M,31,Daviston,USA,2025-06-21,Instagram Ads
4900,Lee,Blackburn,cameron42@example.org,F,40,New Stephanie,USA,2023-12-19,Google Display
4901,Justin,Evans,brandon45@example.org,F,36,West Donald,USA,2025-10-27,Google Search
4902,Julie,Lewis,shellyrobertson@example.net,F,46,West Donald,USA,2025-06-18,Google Search
4903,Nicole,Franklin,turnerkristin@example.org,M,37,Adamsborough,USA,2023-08-13,Email
4904,Christine,Mcdonald,caldwellgordon@example.net,F,46,Lake Roberto,USA,2024-07-12,Affiliate
4905,Hannah,Mcmillan,katherineburns@example.net,M,41,Adamsborough,USA,2025-06-21,Affiliate
4906,Tracy,Gomez,scott17@example.org,M,35,Port Colleenhaven,USA,2024-11-15,Email
4907,Thomas,Perez,kyle14@example.com,M,27,North Noahstad,USA,2026-05-10,Email
4908,Hector,Price,rrodriguez@example.org,F,58,Port Colleenhaven,USA,2025-04-13,Google Search
4909,Lauren,Ray,catherinewhite@example.net,M,25,West Natashaport,USA,2023-09-11,Instagram Ads
4910,Dominic,Jones,peckcorey@example.com,F,43,East Nathaniel,USA,2026-01-13,Instagram Ads
4911,Jeffrey,Wright,kimthomas@example.net,F,46,South Noah,USA,2025-02-28,Email
4912,Chloe,Mcclure,patriciaburnett@example.com,M,27,Tashatown,USA,2024-02-10,Email
4913,Janet,Collier,guerracarrie@example.net,F,34,Danielchester,USA,2026-02-19,Email
4914,Jeffrey,Ellison,hernandezscott@example.net,F,19,Lake Roberto,USA,2024-04-08,Instagram Ads
4915,Heather,Cox,fcontreras@example.com,M,23,East Nathaniel,USA,2025-12-13,Google Display
4916,Christopher,Stevenson,lshepard@example.org,M,22,Wilkersonmouth,USA,2023-08-23,Google Display
4917,Sara,Myers,carly00@example.net,M,45,Lake Roberto,USA,2024-05-15,Affiliate
4918,John,Long,philiproberts@example.org,F,58,Lake Roberto,USA,2026-01-05,Affiliate
4919,Kaitlyn,Elliott,qchapman@example.org,F,22,New Stephanie,USA,2024-01-05,Google Search
4920,Kathleen,Leblanc,welchsteven@example.org,M,35,West Natashaport,USA,2024-01-15,Google Display
4921,Pamela,Alexander,luismurray@example.org,F,43,Herrerafurt,USA,2026-01-31,Google Display
4922,William,Khan,udorsey@example.net,M,37,South Patrickmouth,USA,2024-12-27,Google Search
4923,Brian,Moon,amberwatson@example.org,F,58,Jasonfort,USA,2023-08-02,Instagram Ads
4924,Brianna,Lam,ebrewer@example.com,F,66,New Kellystad,USA,2026-03-13,Email
4925,Justin,Wood,tamara03@example.com,F,44,East William,USA,2024-05-13,Email
4926,Robert,Robinson,jenniferwilkins@example.com,M,66,Wilkersonmouth,USA,2025-06-27,Email
4927,Teresa,Santiago,shawna15@example.com,M,29,Lake Roberto,USA,2025-10-15,Email
4928,Jessica,Cook,nedwards@example.com,M,24,Teresaburgh,USA,2026-06-18,Google Display
4929,Katelyn,Roth,daniel76@example.net,M,20,Port Jesseville,USA,2025-07-26,Instagram Ads
4930,Michael,Montoya,robin65@example.com,M,27,Port Keith,USA,2023-07-31,Facebook Ads
4931,Kristen,Davidson,janicewest@example.com,F,51,Cassandraton,USA,2024-01-02,Google Search
4932,Ashley,Foster,zachary21@example.org,M,42,North Noahstad,USA,2025-03-27,Google Display
4933,Jack,Clay,christopher45@example.com,F,52,Daviston,USA,2024-12-25,Google Display
4934,Briana,Richardson,shawnanderson@example.com,F,33,Herrerafurt,USA,2024-09-24,Google Search
4935,Brandon,Jones,shariparker@example.org,M,19,North Noahstad,USA,2024-02-05,Google Search
4936,Meghan,Williams,walkertommy@example.org,F,41,Port Keith,USA,2025-04-25,Affiliate
4937,Douglas,Smith,michaeltodd@example.com,F,27,New Jessica,USA,2026-03-22,Google Display
4938,Emily,Obrien,catherinewood@example.org,M,55,Port Keith,USA,2025-09-10,Google Search
4939,Emily,Raymond,ashley28@example.com,F,39,Port Jesseville,USA,2023-08-15,Instagram Ads
4940,Linda,Rhodes,james08@example.com,F,43,Ericmouth,USA,2025-02-27,Google Search
4941,Jason,Lutz,karen67@example.net,F,60,North Noahstad,USA,2025-05-31,Email
4942,Brent,Rowland,lanceross@example.com,F,56,New Jamesside,USA,2024-09-03,Email
4943,Kyle,Hoffman,anoble@example.net,M,44,East Nathaniel,USA,2026-06-12,Facebook Ads
4944,Cynthia,Clark,rwagner@example.net,F,46,North Noahstad,USA,2024-08-11,Instagram Ads
4945,Jessica,Moreno,beth56@example.org,M,64,Teresaburgh,USA,2025-04-03,Facebook Ads
4946,Laura,Bennett,jasongentry@example.org,M,55,Adamsborough,USA,2024-07-10,Google Display
4947,Jessica,Moore,crystaltorres@example.com,F,37,New Jamesside,USA,2026-04-23,Email
4948,Lori,Obrien,thomasbrown@example.net,F,44,Lake Roberto,USA,2024-05-09,Instagram Ads
4949,Gregory,Norman,jonking@example.com,M,58,North John,USA,2024-10-16,Google Display
4950,Daniel,Gomez,carol61@example.net,M,37,Port Colleenhaven,USA,2023-09-08,Instagram Ads
4951,Nicholas,Palmer,waynedunn@example.net,F,61,North Noahstad,USA,2025-10-12,Affiliate
4952,Heather,Sosa,josephking@example.com,M,36,West Natashaport,USA,2026-03-18,Google Search
4953,Karen,Frazier,christopher69@example.net,M,37,South Patrickmouth,USA,2024-07-07,Affiliate
4954,Lauren,Hall,joshua88@example.org,M,52,South Aaron,USA,2025-08-18,Instagram Ads
4955,Joe,Garcia,amymartinez@example.net,F,64,New Jamesside,USA,2025-10-07,Email
4956,Joseph,Fisher,ballarddeanna@example.org,M,19,Port Colleenhaven,USA,2025-01-09,Facebook Ads
4957,Troy,Montes,crystalbishop@example.org,F,47,Lake Mark,USA,2023-10-25,Facebook Ads
4958,Emily,Moore,jonesjason@example.net,F,51,Port Keith,USA,2025-11-01,Email
4959,Henry,Smith,johngarcia@example.org,M,39,North Noahstad,USA,2024-03-11,Google Display
4960,Sarah,Allen,rwalsh@example.org,M,20,West Natashaport,USA,2025-07-31,Instagram Ads
4961,Kelly,Smith,christopherwashington@example.org,F,23,Tashatown,USA,2024-04-10,Affiliate
4962,Andrea,Herman,hlopez@example.org,F,32,South Patrickmouth,USA,2025-05-30,Facebook Ads
4963,Cassandra,Merritt,connormejia@example.com,M,44,Jasonfort,USA,2025-06-13,Instagram Ads
4964,Raymond,Johnston,smithadam@example.org,F,27,New Kellystad,USA,2025-07-06,Instagram Ads
4965,Danielle,Walton,beannicholas@example.com,F,26,Port Jesseville,USA,2026-01-26,Google Display
4966,Nicole,Hoover,sheilahorn@example.net,M,50,Wilkersonmouth,USA,2024-04-04,Facebook Ads
4967,Vickie,Mueller,ewilson@example.com,F,49,New Mariotown,USA,2024-05-25,Facebook Ads
4968,Trevor,Graham,wilsontiffany@example.org,M,65,Adamsborough,USA,2026-03-28,Email
4969,Hannah,Chavez,timothypatel@example.org,F,23,Port Colleenhaven,USA,2026-04-06,Affiliate
4970,Megan,Brown,dianeoconnor@example.net,M,58,Lake Mark,USA,2023-07-28,Google Search
4971,Molly,Fitzpatrick,justinreeves@example.net,M,53,South Patrickmouth,USA,2023-11-19,Instagram Ads
4972,Mary,Jackson,awade@example.org,F,19,East Courtneychester,USA,2024-08-31,Google Display
4973,Caroline,Mckinney,josephjones@example.org,F,46,Juliechester,USA,2023-12-17,Facebook Ads
4974,Jill,Bell,xcruz@example.org,F,21,New Jamesside,USA,2025-07-05,Google Display
4975,Brad,Martin,danielkim@example.net,M,18,Adamsborough,USA,2024-07-31,Email
4976,Kelly,Rice,garyhughes@example.net,F,36,North John,USA,2023-08-16,Google Display
4977,Kara,Miller,hwagner@example.com,F,43,Danielchester,USA,2026-07-03,Google Search
4978,Taylor,Calderon,mdoyle@example.org,M,42,Teresaburgh,USA,2024-01-30,Facebook Ads
4979,Cody,Lopez,wbaxter@example.org,M,27,Ericmouth,USA,2024-11-02,Google Search
4980,Jesus,Smith,billyberry@example.org,M,32,Adamsborough,USA,2024-12-28,Affiliate
4981,Lindsay,Bender,daniellejohnson@example.net,M,39,Port Colleenhaven,USA,2023-07-31,Facebook Ads
4982,Latoya,Jones,kimberly05@example.org,M,68,East Lydiamouth,USA,2024-11-19,Google Display
4983,Laura,Smith,warren28@example.com,M,65,Wilkersonmouth,USA,2024-10-12,Email
4984,Tracy,Brown,bgordon@example.com,M,38,East Courtneychester,USA,2025-05-16,Affiliate
4985,Brandon,Smith,wendysantos@example.com,M,39,South Aaron,USA,2024-05-11,Google Search
4986,Kelly,Williams,marcrobbins@example.org,M,53,Ramirezstad,USA,2023-10-18,Facebook Ads
4987,Raven,Ramos,cdavidson@example.org,F,51,Port Keith,USA,2026-05-02,Instagram Ads
4988,Devin,Lopez,wilsonhannah@example.org,F,47,Lake Roberto,USA,2023-12-07,Affiliate
4989,Michael,Davis,bryanlee@example.org,M,42,Danielchester,USA,2024-10-28,Instagram Ads
4990,James,Reyes,joneschristine@example.org,M,62,Robinsonshire,USA,2024-08-19,Google Display
4991,Guy,Williams,caleb74@example.com,M,45,Cassandraton,USA,2025-12-12,Google Search
4992,Jennifer,Murray,wnelson@example.com,M,18,Jacquelineland,USA,2025-03-30,Affiliate
4993,Rita,Hawkins,crystaldavis@example.com,F,66,Port Keith,USA,2026-01-12,Google Display
4994,Seth,Keller,parkerkenneth@example.net,M,62,West Donald,USA,2023-10-13,Google Display
4995,John,Mcgrath,rayrobin@example.org,M,21,New Kellystad,USA,2026-07-14,Instagram Ads
4996,Stacy,Hill,holly76@example.com,M,24,North John,USA,2024-11-10,Affiliate
4997,Rachel,Silva,david96@example.net,F,66,East Courtneychester,USA,2023-08-18,Affiliate
4998,Timothy,Carroll,colekirk@example.org,F,26,Ramirezstad,USA,2026-05-04,Affiliate
4999,Timothy,Meza,andersonelijah@example.org,F,53,Daviston,USA,2025-03-17,Affiliate
5000,John,Galloway,kevinwagner@example.org,M,36,Daviston,USA,2024-11-11,Google Display
5001,Diane,Morris,jessicabrown@example.com,F,18,South Noah,USA,2025-06-14,Instagram Ads
5002,Dawn,White,alexandria87@example.org,F,27,New Jessica,USA,2024-08-16,Email
5003,Wayne,Thompson,nbernard@example.net,M,53,Coxberg,USA,2026-03-04,Facebook Ads
5004,James,Fuller,jackie02@example.net,F,26,Herrerafurt,USA,2026-03-31,Affiliate
5005,Anthony,Ochoa,barbaramorales@example.com,M,62,Lake Roberto,USA,2024-02-17,Affiliate
5006,Catherine,Rice,ericawright@example.net,M,63,Cassandraton,USA,2024-03-28,Instagram Ads
5007,Jennifer,Long,zstanley@example.org,F,59,Lake Roberto,USA,2025-11-28,Instagram Ads
5008,Eric,Wright,mariavincent@example.org,F,49,Lake Chad,USA,2026-05-12,Affiliate
5009,Crystal,Brown,jenkinsjames@example.com,F,49,Coxberg,USA,2025-11-18,Google Search
5010,Darryl,Vazquez,christopherross@example.org,F,23,Lake Mark,USA,2024-04-22,Email
5011,Hannah,Cooper,klewis@example.net,F,65,North Noahstad,USA,2025-03-19,Facebook Ads
5012,Hunter,Robinson,stephen44@example.com,F,55,Port Jesseville,USA,2024-08-19,Facebook Ads
5013,Lauren,Wilson,james42@example.org,F,34,Port Jesseville,USA,2023-10-10,Instagram Ads
5014,Tanner,Baker,kelly95@example.com,M,27,Lake Nicoleview,USA,2025-06-20,Google Display
5015,Garrett,Hess,hayden46@example.org,M,67,Cassandraton,USA,2025-01-22,Instagram Ads
5016,Rachel,Jones,martinezrenee@example.com,M,44,Juliechester,USA,2025-10-19,Instagram Ads
5017,Darlene,Thompson,donna42@example.net,M,67,Lake Roberto,USA,2025-05-01,Instagram Ads
5018,Walter,Ramos,scott35@example.org,F,52,North John,USA,2025-07-01,Google Search
5019,Christy,Rice,pbrooks@example.net,F,69,New Kellystad,USA,2025-12-23,Google Display
5020,Michael,Dickerson,marshalllisa@example.com,M,38,South Aaron,USA,2024-08-24,Instagram Ads
5021,Sherry,Jones,melissacastillo@example.net,M,42,Adamsborough,USA,2024-01-28,Facebook Ads
5022,Grace,Young,susan82@example.com,M,45,New Kellystad,USA,2024-07-07,Google Search
5023,James,Jones,taylorrichard@example.com,F,64,Port Keith,USA,2026-04-03,Google Search
5024,John,Mendoza,tcase@example.org,F,32,Port Jesseville,USA,2025-10-11,Affiliate
5025,Vanessa,Reid,crystal06@example.com,M,21,Coxberg,USA,2025-10-02,Google Display
5026,Brittany,Wilson,graymichelle@example.net,M,46,Lake Mark,USA,2024-10-12,Email
5027,Karen,Gentry,ibarradylan@example.org,M,26,West Michael,USA,2025-02-05,Instagram Ads
5028,Travis,Sosa,cruzalbert@example.org,M,44,Jasonfort,USA,2026-02-03,Affiliate
5029,Joseph,Miller,garciarachel@example.com,F,43,New Jamesside,USA,2023-07-20,Google Display
5030,Jessica,Lee,qwilliams@example.org,M,36,Jacquelineland,USA,2024-02-08,Email
5031,Tonya,Martin,gmccormick@example.org,F,45,East Nathaniel,USA,2025-06-17,Instagram Ads
5032,Daniel,Thompson,qoneal@example.net,M,34,East Nathaniel,USA,2025-08-25,Google Search
5033,Amy,Thomas,jeffersonchristine@example.com,M,60,Cassandraton,USA,2025-05-25,Affiliate
5034,Lisa,Goodwin,qwagner@example.org,M,58,Daviston,USA,2023-08-22,Email
5035,Bryan,Jones,ramirezjoseph@example.com,M,59,North John,USA,2024-09-19,Affiliate
5036,Darlene,Walker,tjackson@example.net,M,67,Adamsborough,USA,2026-04-18,Google Search
5037,Carlos,Petty,gene59@example.net,M,37,New Kellystad,USA,2026-02-22,Facebook Ads
5038,Joshua,Hester,nterry@example.com,M,62,East William,USA,2025-08-25,Google Display
5039,Chelsea,Jackson,anthonyedwards@example.com,M,57,New Stephanie,USA,2025-04-07,Facebook Ads
5040,Donna,Burke,peterhamilton@example.com,F,56,New Stephanie,USA,2024-06-23,Facebook Ads
5041,Connie,Williams,catherineblair@example.net,M,66,Robinsonshire,USA,2023-11-08,Email
5042,Adam,Campbell,ashleyhester@example.com,M,40,New Jamesside,USA,2026-06-18,Affiliate
5043,Ryan,Johnson,alyssasaunders@example.net,F,64,New Stephanie,USA,2024-10-09,Affiliate
5044,Cynthia,Reyes,bondrobert@example.com,F,49,Lake Mark,USA,2024-06-18,Affiliate
5045,Taylor,Stark,knoxmark@example.org,F,69,South Patrickmouth,USA,2025-12-07,Affiliate
5046,Christopher,Davis,david22@example.com,M,64,Danielchester,USA,2024-06-22,Email
5047,Diana,Melendez,walterdavid@example.com,F,50,Wilkersonmouth,USA,2024-07-30,Affiliate
5048,Kelly,Shaw,marcbrooks@example.com,F,63,Lake Nicoleview,USA,2024-01-06,Instagram Ads
5049,Joshua,Sanchez,lgallagher@example.com,F,22,Port Colleenhaven,USA,2023-08-28,Google Search
5050,Seth,Kline,kiara57@example.org,M,60,New Kellystad,USA,2024-12-31,Google Search
5051,Michele,Castro,jessica25@example.org,M,65,Juliechester,USA,2024-01-20,Google Search
5052,Sherry,Hurley,robert90@example.org,M,51,West Donald,USA,2025-07-10,Affiliate
5053,Linda,Mejia,melissachapman@example.net,M,57,East Courtneychester,USA,2026-04-07,Google Search
5054,Christine,Hart,kmurphy@example.org,M,28,Robinsonshire,USA,2025-11-26,Google Display
5055,Ray,Scott,thomaslori@example.net,F,67,Port Colleenhaven,USA,2025-02-03,Instagram Ads
5056,Joseph,Kim,castrokatherine@example.com,F,20,Herrerafurt,USA,2025-04-03,Affiliate
5057,Christopher,Anderson,robertsingh@example.com,F,50,Ramirezstad,USA,2026-03-18,Google Display
5058,Jeffrey,Neal,chad39@example.com,F,28,Daviston,USA,2024-09-01,Google Display
5059,John,Martin,robert42@example.net,F,33,South Patrickmouth,USA,2024-11-05,Google Display
5060,Gary,Nelson,donald63@example.org,F,35,West Donald,USA,2024-05-01,Google Search
5061,Rickey,Jones,mfox@example.com,F,47,Coxberg,USA,2023-12-22,Instagram Ads
5062,Hayden,Reyes,wendy33@example.net,M,65,Jacquelineland,USA,2025-01-24,Instagram Ads
5063,Justin,Joseph,castillolinda@example.com,M,27,New Stephanie,USA,2023-09-08,Instagram Ads
5064,John,Duke,bruceochoa@example.com,F,35,Tashatown,USA,2024-05-21,Email
5065,Allison,Turner,bdelgado@example.org,F,55,West Donald,USA,2025-07-15,Affiliate
5066,Erica,Mccoy,christopherruiz@example.net,F,36,Ramirezstad,USA,2025-03-01,Google Display
5067,Jessica,Sutton,johnsonjohn@example.com,M,53,Lake Nicoleview,USA,2024-12-31,Facebook Ads
5068,Tiffany,Frederick,yayers@example.com,F,30,East Lydiamouth,USA,2024-11-27,Email
5069,Melissa,Peterson,wbennett@example.com,F,63,Lisatown,USA,2024-06-09,Instagram Ads
5070,Christina,Brown,rachel81@example.net,M,20,Jasonfort,USA,2024-07-14,Email
5071,Michelle,Wright,kelsey11@example.org,M,27,Juliechester,USA,2023-12-18,Email
5072,Claudia,Andrews,jamie08@example.net,F,55,Port Keith,USA,2025-09-26,Google Display
5073,Derek,Vazquez,denisekoch@example.org,M,18,Ramirezstad,USA,2024-08-21,Google Display
5074,Julie,Jones,matthew07@example.org,M,44,South Noah,USA,2023-12-22,Affiliate
5075,John,Reynolds,floresyvette@example.net,M,63,Coxberg,USA,2026-01-07,Email
5076,Kevin,Hunter,amoore@example.com,M,25,New Kellystad,USA,2025-03-25,Google Display
5077,John,Zhang,shawnkoch@example.net,F,68,Tashatown,USA,2024-11-26,Instagram Ads
5078,Brian,Aguilar,kimmark@example.com,M,63,Danielchester,USA,2026-04-19,Google Search
5079,Michael,Estrada,jeremysalinas@example.com,M,59,North Noahstad,USA,2025-01-23,Facebook Ads
5080,Jamie,Murray,martinamy@example.net,M,34,New Jamesside,USA,2024-05-02,Facebook Ads
5081,Valerie,Hansen,vargaspamela@example.net,M,26,Jasonfort,USA,2025-04-24,Facebook Ads
5082,Susan,Greer,stephanie65@example.net,F,23,Wilkersonmouth,USA,2025-04-16,Instagram Ads
5083,Kara,Graves,lee64@example.com,M,60,Ramirezstad,USA,2024-11-03,Google Search
5084,Katrina,Thomas,johnsoncharles@example.com,M,42,West Donald,USA,2024-01-20,Email
5085,Morgan,Good,xsimpson@example.com,F,56,New Mariotown,USA,2024-04-23,Google Display
5086,Pamela,Cobb,mgill@example.net,F,66,Jasonfort,USA,2024-07-31,Affiliate
5087,Brandon,Barry,nicholas09@example.net,M,45,Lake Mark,USA,2025-10-20,Google Search
5088,Rodney,Thomas,rebecca28@example.net,M,50,East Nathaniel,USA,2023-08-17,Instagram Ads
5089,Lauren,Collins,murrayrachel@example.org,M,54,Lake Chad,USA,2026-01-11,Google Display
5090,Tyler,Nelson,qdavis@example.com,M,26,Port Colleenhaven,USA,2023-07-31,Email
5091,Tony,Montgomery,cruzjoseph@example.com,F,35,Lake Chad,USA,2024-07-06,Email
5092,Gregory,Reed,jenniferdawson@example.net,F,38,South Noah,USA,2026-03-01,Affiliate
5093,Misty,Wolf,gburns@example.com,M,19,Cassandraton,USA,2026-04-21,Affiliate
5094,Susan,Frazier,zsolomon@example.net,M,60,South Patrickmouth,USA,2026-05-08,Facebook Ads
5095,Chad,Howard,urodriguez@example.com,M,55,Herrerafurt,USA,2026-01-19,Google Display
5096,Erica,Miller,lperry@example.com,F,57,Juliechester,USA,2026-06-26,Google Display
5097,Ariel,Fisher,paulrussell@example.org,M,53,New Jamesside,USA,2024-07-26,Email
5098,Nicole,Edwards,ewilson@example.org,F,67,South Patrickmouth,USA,2024-02-29,Email
5099,Matthew,Joyce,davidescobar@example.org,M,60,South Patrickmouth,USA,2025-01-27,Facebook Ads
5100,Nathaniel,Lawson,watkinschristopher@example.org,F,54,New Stephanie,USA,2025-06-19,Google Search
5101,Russell,Bradley,angela69@example.com,F,32,Ericmouth,USA,2025-03-15,Google Search
5102,Alicia,Duncan,fstevenson@example.net,M,45,Port Keith,USA,2024-10-25,Instagram Ads
5103,Jeffrey,Bailey,qsims@example.net,F,35,Coxberg,USA,2024-02-27,Instagram Ads
5104,Ashley,Rivas,henrybailey@example.net,M,51,Port Jesseville,USA,2025-09-27,Affiliate
5105,Robert,Anderson,pughdennis@example.com,F,39,Lake Mark,USA,2024-10-04,Affiliate
5106,Sabrina,Miranda,freemanjames@example.org,M,28,Wilkersonmouth,USA,2025-10-20,Email
5107,Christopher,Petersen,rsanchez@example.net,F,30,New Jamesside,USA,2023-08-05,Email
5108,Alexandria,Contreras,lisasmith@example.org,F,21,Lake Chad,USA,2024-01-24,Google Search
5109,Alexander,Lopez,pruiz@example.net,F,39,Port Jesseville,USA,2024-08-07,Email
5110,Shawn,Myers,gabriel98@example.com,F,24,Teresaburgh,USA,2025-12-11,Facebook Ads
5111,Aaron,Evans,masseyjennifer@example.org,F,60,Adamsborough,USA,2026-02-09,Instagram Ads
5112,Erik,Harris,karenparker@example.net,M,41,Jacquelineland,USA,2024-01-24,Affiliate
5113,Sean,Hancock,yclark@example.com,F,21,New Jessica,USA,2023-12-04,Google Display
5114,Jenny,Cobb,jmiller@example.net,F,45,Jasonfort,USA,2025-08-12,Facebook Ads
5115,Edward,Sanford,mcdanielruben@example.net,F,32,Tashatown,USA,2025-08-27,Affiliate
5116,Brandi,Wagner,qlevy@example.org,M,18,Jasonfort,USA,2025-03-25,Email
5117,James,Banks,mckinneyclifford@example.org,M,20,Herrerafurt,USA,2025-01-18,Email
5118,Christian,Washington,pachecojason@example.com,M,31,New Stephanie,USA,2024-10-24,Facebook Ads
5119,Phillip,Long,timothy81@example.net,F,55,Juliechester,USA,2024-04-12,Instagram Ads
5120,Robert,Sweeney,matthew33@example.net,F,67,Juliechester,USA,2025-01-06,Google Display
5121,Brandon,Thompson,vanessa03@example.com,M,18,South Noah,USA,2024-08-16,Affiliate
5122,Michael,Barker,kellereric@example.com,F,55,Jasonfort,USA,2025-10-05,Google Search
5123,David,Norris,robert19@example.net,F,55,Daviston,USA,2024-07-27,Affiliate
5124,Lisa,Clayton,brianpowell@example.com,F,38,Herrerafurt,USA,2025-03-17,Google Search
5125,Stephen,Jones,srivera@example.net,F,65,East Nathaniel,USA,2024-06-02,Instagram Ads
5126,Amber,Jones,ernest98@example.org,F,46,Lake Mark,USA,2025-01-24,Google Search
5127,Rachel,Blankenship,murphyjoshua@example.com,M,22,South Patrickmouth,USA,2024-11-13,Affiliate
5128,Robert,Andrews,wgutierrez@example.org,M,66,Adamsborough,USA,2025-01-24,Email
5129,Wanda,Benjamin,diane90@example.org,M,27,New Jamesside,USA,2025-03-25,Instagram Ads
5130,Anna,Baker,jake45@example.com,M,45,Jacquelineland,USA,2024-12-25,Facebook Ads
5131,Lisa,Ortiz,vcooper@example.org,M,38,West Donald,USA,2025-11-15,Facebook Ads
5132,Sue,Sexton,terrybrooke@example.net,M,67,New Stephanie,USA,2024-09-28,Instagram Ads
5133,Scott,Lopez,annecurtis@example.net,M,24,Lake Roberto,USA,2025-11-23,Facebook Ads
5134,Michael,Boyle,patricksmith@example.org,M,20,Jasonfort,USA,2025-04-12,Email
5135,Justin,Moore,yjohnson@example.org,M,62,New Kellystad,USA,2025-03-24,Email
5136,Mark,Hall,thorntontrevor@example.org,F,64,Jasonfort,USA,2026-07-12,Affiliate
5137,Samuel,Smith,anthonyhodge@example.org,M,37,North John,USA,2026-04-28,Facebook Ads
5138,Jennifer,Pierce,hardingeric@example.net,M,36,Herrerafurt,USA,2025-05-25,Instagram Ads
5139,Randy,Woods,scottblackburn@example.org,M,52,Port Keith,USA,2025-06-25,Facebook Ads
5140,Jeffrey,Schroeder,valeriebennett@example.com,M,21,East William,USA,2024-12-28,Google Display
5141,Steve,Garcia,baileydonna@example.com,M,22,Ramirezstad,USA,2025-01-05,Facebook Ads
5142,Justin,Atkins,briannaburns@example.org,M,18,Juliechester,USA,2024-06-30,Google Search
5143,Peter,Hayes,charlesking@example.net,M,21,Lake Nicoleview,USA,2023-07-24,Instagram Ads
5144,Sophia,Vang,vanessa88@example.com,F,29,West Natashaport,USA,2025-10-12,Affiliate
5145,John,Guerrero,zachary86@example.net,M,44,Lake Nicoleview,USA,2023-12-01,Google Search
5146,Melissa,Rivera,taylorbrittany@example.org,M,59,South Patrickmouth,USA,2024-10-22,Instagram Ads
5147,Nicole,Anderson,tracey80@example.net,M,40,Ericmouth,USA,2023-08-22,Instagram Ads
5148,Mark,Williams,atkinsonkimberly@example.com,M,42,New Jessica,USA,2023-11-28,Instagram Ads
5149,Leslie,Cobb,williamschad@example.net,M,38,Cassandraton,USA,2025-07-22,Affiliate
5150,Tammy,Schaefer,philip34@example.net,M,69,Port Jesseville,USA,2025-01-11,Instagram Ads
5151,John,Morales,lorifields@example.org,F,41,West Michael,USA,2025-03-16,Instagram Ads
5152,Joshua,Clark,stacey67@example.org,F,42,New Mariotown,USA,2025-02-10,Google Search
5153,Douglas,Harris,belldavid@example.net,F,62,South Aaron,USA,2025-03-02,Affiliate
5154,Johnny,Mcguire,michaeljones@example.org,F,63,Ramirezstad,USA,2026-06-11,Google Display
5155,Brandi,Williams,carolyn09@example.com,F,49,Wilkersonmouth,USA,2024-01-15,Affiliate
5156,Barbara,Brown,lawrencewest@example.net,M,49,Teresaburgh,USA,2025-10-04,Facebook Ads
5157,Brittany,Chandler,kathleentaylor@example.net,F,22,Lake Mark,USA,2025-03-03,Instagram Ads
5158,Seth,Barnes,bprice@example.org,M,53,Lisatown,USA,2026-07-11,Facebook Ads
5159,Paul,Martin,paula13@example.com,F,63,Wilkersonmouth,USA,2023-08-05,Affiliate
5160,Jason,Salazar,ipierce@example.com,M,59,North John,USA,2024-05-27,Google Display
5161,Elizabeth,Delgado,ricewilliam@example.com,M,66,South Patrickmouth,USA,2024-04-04,Facebook Ads
5162,Hannah,Carroll,cynthiasalas@example.com,M,59,Adamsborough,USA,2025-08-29,Email
5163,Henry,Goodwin,williamrich@example.com,F,56,West Natashaport,USA,2023-11-29,Affiliate
5164,Sarah,Hansen,david31@example.org,M,33,New Stephanie,USA,2025-12-24,Google Search
5165,William,Brown,zcalderon@example.com,F,50,South Patrickmouth,USA,2025-01-08,Google Search
5166,Brittany,Huerta,kathrynbaxter@example.org,F,66,West Donald,USA,2026-04-23,Google Display
5167,Alyssa,Haas,cflores@example.com,F,38,Danielchester,USA,2023-08-23,Google Search
5168,Wesley,Goodwin,johnhuff@example.org,M,26,West Michael,USA,2024-10-17,Email
5169,Nicholas,Burns,prodriguez@example.org,M,23,Robinsonshire,USA,2024-05-04,Affiliate
5170,Carla,Bates,nicholaspeterson@example.com,F,68,Daviston,USA,2023-09-26,Google Display
5171,Sandra,Campbell,qwoods@example.net,F,62,Adamsborough,USA,2024-08-19,Google Display
5172,Heather,Parker,shauncannon@example.com,F,52,Tashatown,USA,2024-11-14,Google Display
5173,Kevin,Roman,tonyamorris@example.net,M,56,New Kellystad,USA,2024-10-19,Affiliate
5174,Megan,Munoz,mannlisa@example.com,F,39,Daviston,USA,2026-05-22,Facebook Ads
5175,Kathleen,Garcia,edwardsryan@example.org,M,58,Adamsborough,USA,2025-11-26,Google Display
5176,Amy,Cooper,steve46@example.com,M,22,Coxberg,USA,2026-07-10,Google Search
5177,Deborah,Brown,ipotter@example.org,M,59,East Courtneychester,USA,2026-06-15,Affiliate
5178,Amy,Gordon,victoriavillarreal@example.org,M,40,New Kellystad,USA,2024-04-27,Email
5179,Mario,Brown,bflores@example.org,M,34,Ramirezstad,USA,2024-04-15,Facebook Ads
5180,Connie,Francis,nicholas33@example.net,M,29,Coxberg,USA,2025-04-11,Google Display
5181,John,Hanson,devon57@example.org,M,40,South Noah,USA,2024-07-23,Google Search
5182,Levi,Gilmore,jennifer82@example.com,M,33,New Jamesside,USA,2024-02-13,Google Display
5183,Amy,Colon,lindaali@example.net,F,20,Lake Chad,USA,2025-10-04,Google Search
5184,Rebecca,Marshall,hrodriguez@example.net,F,47,West Michael,USA,2025-07-23,Instagram Ads
5185,Kendra,Espinoza,dcarpenter@example.net,F,39,West Natashaport,USA,2024-04-18,Affiliate
5186,Robert,Trujillo,cynthiajohnson@example.net,F,26,East Courtneychester,USA,2025-03-18,Google Display
5187,Denise,Ramirez,sgoodwin@example.org,M,46,Danielchester,USA,2024-10-12,Affiliate
5188,Cody,Ritter,samanthahogan@example.org,M,64,Wilkersonmouth,USA,2024-01-30,Facebook Ads
5189,Ashley,Ramirez,sarahmiles@example.org,M,54,Adamsborough,USA,2025-01-27,Affiliate
5190,Heidi,Camacho,plopez@example.net,F,40,West Natashaport,USA,2025-04-13,Google Search
5191,Mikayla,Davis,joshua54@example.org,M,30,Jacquelineland,USA,2026-01-27,Email
5192,Chloe,Flores,christophercannon@example.org,F,49,Ramirezstad,USA,2026-03-20,Google Display
5193,Michael,Walker,rebeccamoore@example.org,F,63,East William,USA,2024-11-01,Google Search
5194,James,Contreras,parkersean@example.net,M,69,Jasonfort,USA,2026-05-25,Affiliate
5195,Michael,Garcia,fpena@example.org,F,64,North John,USA,2023-12-26,Google Display
5196,Jocelyn,Richardson,ithompson@example.com,M,65,West Natashaport,USA,2026-04-07,Instagram Ads
5197,Lee,Carter,kennethhughes@example.net,F,40,Jasonfort,USA,2025-08-01,Affiliate
5198,Madison,Hahn,jasonray@example.com,F,62,Herrerafurt,USA,2025-03-05,Google Search
5199,Gregory,Harper,randall36@example.org,F,34,Lake Roberto,USA,2023-10-11,Facebook Ads
5200,James,Smith,paul17@example.org,F,57,West Donald,USA,2025-10-10,Google Display
5201,Tammy,Hernandez,youngjared@example.com,M,38,Ramirezstad,USA,2024-06-23,Google Search
5202,Brandon,Bryan,krista74@example.net,M,19,Adamsborough,USA,2023-10-14,Affiliate
5203,Christopher,Roman,jonathanpearson@example.org,F,54,South Noah,USA,2026-02-12,Email
5204,Erin,Perez,brownstephanie@example.org,F,23,New Stephanie,USA,2024-09-15,Google Search
5205,Jimmy,Bennett,tracimaddox@example.net,M,61,Herrerafurt,USA,2024-05-13,Google Search
5206,Mary,Torres,karen85@example.com,M,35,New Mariotown,USA,2025-05-22,Email
5207,Sara,Bean,franciscoandrews@example.org,M,47,Jacquelineland,USA,2025-11-01,Google Display
5208,Dalton,Smith,alison10@example.com,F,39,New Jamesside,USA,2025-09-26,Google Search
5209,Kim,Burgess,whitepedro@example.org,M,50,Juliechester,USA,2024-06-06,Instagram Ads
5210,Brittany,Walsh,williamwalters@example.org,F,47,Ericmouth,USA,2026-04-09,Email
5211,Jennifer,Vance,rachelramirez@example.org,F,34,Tashatown,USA,2024-10-16,Email
5212,Courtney,Gardner,luis73@example.org,F,60,Lake Roberto,USA,2026-04-09,Google Display
5213,Russell,Brown,rhondahill@example.org,F,49,Port Jesseville,USA,2025-11-12,Google Search
5214,Ashley,Reed,melanie07@example.org,M,59,West Donald,USA,2025-12-11,Facebook Ads
5215,Dawn,Smith,navila@example.net,F,68,Jacquelineland,USA,2024-08-31,Instagram Ads
5216,Gary,Stanley,mooneydanielle@example.net,M,31,Adamsborough,USA,2023-08-20,Google Search
5217,Ronald,Wallace,amber33@example.net,F,27,East Nathaniel,USA,2024-02-21,Instagram Ads
5218,David,Gallagher,spencer55@example.com,F,64,Adamsborough,USA,2025-10-01,Google Display
5219,Cameron,Hart,kellychang@example.org,F,68,West Natashaport,USA,2024-01-05,Email
5220,Lori,White,kellydesiree@example.org,M,53,Port Jesseville,USA,2025-01-25,Email
5221,Michele,Frazier,danielalexander@example.com,M,51,Lake Mark,USA,2025-03-09,Affiliate
5222,David,Ochoa,klawson@example.com,M,26,Port Jesseville,USA,2026-06-09,Email
5223,Melissa,Malone,tdoyle@example.org,F,59,Jacquelineland,USA,2024-05-18,Google Display
5224,Samantha,Brown,john32@example.com,F,45,East William,USA,2023-09-06,Google Search
5225,Katelyn,Tucker,ycervantes@example.org,F,28,Ramirezstad,USA,2025-03-24,Instagram Ads
5226,William,Campbell,blakesarah@example.net,F,31,New Jamesside,USA,2026-01-23,Facebook Ads
5227,Timothy,Long,jason99@example.com,F,56,Ericmouth,USA,2024-01-03,Google Search
5228,Jessica,Todd,leetricia@example.net,F,64,New Kellystad,USA,2024-10-10,Google Display
5229,Jonathan,Davis,irios@example.net,F,36,East Nathaniel,USA,2025-06-28,Instagram Ads
5230,Zachary,Burnett,theresa48@example.com,F,32,Adamsborough,USA,2025-07-11,Facebook Ads
5231,Matthew,Johnson,david23@example.com,F,45,Tashatown,USA,2025-01-03,Google Search
5232,Daniel,Mendez,qking@example.com,M,41,West Natashaport,USA,2025-04-05,Google Display
5233,Jesse,Rodriguez,ruiztodd@example.com,F,25,Lake Chad,USA,2026-02-08,Email
5234,Alejandro,Gonzalez,michael88@example.net,M,60,Adamsborough,USA,2024-05-16,Facebook Ads
5235,Stacy,Foster,ewebster@example.com,M,26,Lisatown,USA,2025-11-19,Google Search
5236,Carol,Sullivan,ramosjeffery@example.com,F,64,West Donald,USA,2025-09-24,Instagram Ads
5237,Katrina,York,jbaker@example.org,F,50,Juliechester,USA,2025-03-20,Email
5238,Amy,Lee,waltermoore@example.org,M,50,East Courtneychester,USA,2025-11-30,Affiliate
5239,Erika,Richards,adam39@example.org,F,36,Coxberg,USA,2025-11-11,Instagram Ads
5240,Daryl,Smith,tlawson@example.com,F,20,North John,USA,2024-12-28,Facebook Ads
5241,Scott,Anderson,sbarnes@example.net,F,27,Adamsborough,USA,2026-05-08,Email
5242,Jay,Yang,egonzalez@example.net,M,57,South Aaron,USA,2023-10-02,Facebook Ads
5243,Leslie,Green,wrightjohn@example.com,M,64,Danielchester,USA,2026-03-15,Facebook Ads
5244,Eric,Greer,katelynrobinson@example.org,M,59,Herrerafurt,USA,2026-05-31,Instagram Ads
5245,Kathryn,Howard,derek60@example.net,M,18,Teresaburgh,USA,2025-07-03,Instagram Ads
5246,Tina,Lopez,shobbs@example.net,M,46,Ericmouth,USA,2026-02-20,Google Search
5247,Christopher,King,thouston@example.com,F,67,Jasonfort,USA,2026-06-24,Facebook Ads
5248,Joseph,Burns,cchase@example.com,F,51,Jasonfort,USA,2025-10-28,Facebook Ads
5249,Stephanie,Williams,eellis@example.net,F,68,Coxberg,USA,2024-06-21,Email
5250,Mackenzie,Price,bailey73@example.net,M,30,Teresaburgh,USA,2024-09-11,Google Display
5251,Kimberly,Johnson,kerriking@example.com,F,18,New Kellystad,USA,2024-12-14,Email
5252,Rebekah,Morales,nielsenapril@example.net,M,51,Ramirezstad,USA,2023-08-09,Google Display
5253,Lisa,Thornton,uburch@example.com,M,46,Cassandraton,USA,2025-06-01,Google Search
5254,Joshua,Lewis,kfoley@example.org,M,65,Jacquelineland,USA,2026-03-28,Facebook Ads
5255,Wesley,Mcguire,kbenton@example.net,M,64,Lisatown,USA,2023-11-05,Affiliate
5256,Luke,Ford,robertparker@example.org,M,30,Lake Nicoleview,USA,2023-11-25,Facebook Ads
5257,Joseph,Trevino,tbarajas@example.com,M,65,West Michael,USA,2024-11-21,Instagram Ads
5258,Robin,Everett,emurphy@example.net,M,66,Herrerafurt,USA,2024-01-09,Email
5259,Marie,Tran,marymatthews@example.org,F,46,Adamsborough,USA,2024-01-16,Google Display
5260,Tracy,Hart,rhonda24@example.net,F,56,New Jamesside,USA,2026-05-29,Email
5261,Brandi,Weber,hjohnson@example.com,F,41,Danielchester,USA,2023-11-04,Facebook Ads
5262,Heather,Byrd,nancy37@example.net,F,43,East Nathaniel,USA,2024-03-22,Facebook Ads
5263,Jasmin,Ramirez,nnolan@example.org,M,34,Port Jesseville,USA,2025-02-17,Email
5264,Miguel,Powell,jonathan14@example.net,M,24,Ramirezstad,USA,2024-06-16,Instagram Ads
5265,Adam,Francis,barry75@example.com,F,30,East William,USA,2023-09-05,Google Search
5266,John,Hensley,williamsroberto@example.org,M,22,New Mariotown,USA,2024-11-16,Google Search
5267,Victoria,Tucker,kwarren@example.org,M,43,Coxberg,USA,2025-09-28,Instagram Ads
5268,Wesley,Villanueva,eric34@example.com,M,66,Port Colleenhaven,USA,2026-07-12,Facebook Ads
5269,Jennifer,Johnston,paulabrooks@example.net,F,20,South Noah,USA,2026-04-20,Email
5270,Timothy,Lee,urussell@example.com,F,24,South Aaron,USA,2024-11-17,Google Display
5271,Sheila,Hicks,shuff@example.net,M,66,Port Jesseville,USA,2026-06-12,Email
5272,John,Estrada,kentmary@example.com,F,56,Jasonfort,USA,2024-02-08,Instagram Ads
5273,Brenda,Dominguez,deborah90@example.com,F,18,New Jessica,USA,2025-08-15,Google Display
5274,Tyler,Martinez,alvarezsarah@example.net,M,66,Lake Mark,USA,2023-08-08,Google Display
5275,Bryan,Middleton,nicholas00@example.com,M,34,South Patrickmouth,USA,2023-11-27,Email
5276,Rachel,Ortiz,dbradford@example.com,F,60,Ramirezstad,USA,2023-12-26,Instagram Ads
5277,Kimberly,Smith,ewingnicole@example.net,M,42,Robinsonshire,USA,2026-07-10,Google Display
5278,Jessica,Harrison,vjordan@example.com,M,20,Ramirezstad,USA,2023-07-28,Instagram Ads
5279,Morgan,Juarez,yvonneellis@example.net,F,32,Ramirezstad,USA,2025-09-14,Email
5280,Sabrina,Watts,williamsoto@example.com,F,46,West Donald,USA,2026-04-08,Google Display
5281,Richard,Sanders,melaniegonzales@example.org,M,60,West Michael,USA,2025-10-04,Email
5282,Larry,Sampson,obowman@example.net,F,49,Ramirezstad,USA,2023-09-29,Email
5283,William,Forbes,nina25@example.com,M,43,East Lydiamouth,USA,2023-09-15,Facebook Ads
5284,Justin,Roman,tinawilliams@example.org,M,33,Port Keith,USA,2024-11-06,Google Search
5285,Andrew,Steele,floreslaura@example.com,M,42,Danielchester,USA,2023-08-22,Affiliate
5286,Lisa,Long,younganthony@example.net,F,45,Adamsborough,USA,2026-02-26,Google Display
5287,Thomas,Davis,erictownsend@example.org,F,26,West Natashaport,USA,2025-12-27,Instagram Ads
5288,Jennifer,Reyes,usullivan@example.com,F,18,Lake Nicoleview,USA,2025-07-05,Email
5289,Mark,Fitzgerald,joshuaburton@example.net,F,46,Jacquelineland,USA,2023-11-19,Facebook Ads
5290,Michelle,Levine,jeffrey32@example.net,M,39,East William,USA,2025-10-11,Facebook Ads
5291,Robin,Owens,diazpamela@example.org,M,33,East William,USA,2026-06-21,Google Search
5292,April,Mckay,hwalker@example.org,M,58,East Lydiamouth,USA,2024-09-04,Google Display
5293,Lindsay,Mathews,vphillips@example.com,F,68,New Stephanie,USA,2023-12-11,Instagram Ads
5294,Daniel,Wilson,vsmith@example.com,M,61,Lisatown,USA,2025-07-16,Google Search
5295,Tina,Smith,cindybrooks@example.net,M,68,Port Jesseville,USA,2024-09-26,Google Display
5296,Trevor,Yates,christopher35@example.net,F,58,Lake Roberto,USA,2025-04-21,Google Search
5297,Mary,Coffey,urios@example.net,F,24,New Jamesside,USA,2024-09-25,Google Search
5298,Edward,Ross,ryan06@example.net,M,31,Cassandraton,USA,2024-02-08,Google Search
5299,Elizabeth,Brown,olsonkathleen@example.net,M,46,New Jessica,USA,2026-02-28,Google Display
5300,Sean,Crane,clinejames@example.net,M,36,Cassandraton,USA,2024-04-17,Affiliate
5301,Matthew,Jones,shawngonzalez@example.com,M,36,Lake Nicoleview,USA,2025-12-18,Instagram Ads
5302,Matthew,Lucas,webertravis@example.net,M,19,Cassandraton,USA,2024-01-08,Facebook Ads
5303,James,Adams,sandersfelicia@example.org,M,58,Tashatown,USA,2024-07-02,Email
5304,Sheena,Ballard,pcarrillo@example.org,F,62,South Noah,USA,2025-12-24,Facebook Ads
5305,David,Leonard,rebecca70@example.net,F,32,Lake Roberto,USA,2025-07-28,Affiliate
5306,Cody,Mayo,nelsonhannah@example.org,M,20,Ramirezstad,USA,2025-04-16,Facebook Ads
5307,Scott,Gilbert,bradley89@example.net,F,28,Juliechester,USA,2024-04-18,Facebook Ads
5308,Seth,Gibbs,angela12@example.com,M,63,Danielchester,USA,2025-02-01,Google Display
5309,Tony,Howe,alansmith@example.org,F,47,Daviston,USA,2024-07-06,Instagram Ads
5310,Amber,Watkins,riveradestiny@example.net,M,57,New Stephanie,USA,2023-09-01,Facebook Ads
5311,David,Smith,justinfranco@example.com,M,35,South Noah,USA,2026-07-11,Affiliate
5312,Angela,Figueroa,morgantina@example.net,F,68,Lake Nicoleview,USA,2024-03-16,Instagram Ads
5313,Susan,Holmes,lpatrick@example.net,F,65,New Jamesside,USA,2023-08-28,Affiliate
5314,Jack,Garcia,yvonnedavis@example.net,F,19,Port Jesseville,USA,2024-10-14,Instagram Ads
5315,Kevin,Johnson,susanjones@example.com,F,49,East William,USA,2026-04-05,Affiliate
5316,Sydney,Gallegos,douglas12@example.net,M,25,New Stephanie,USA,2025-08-07,Google Display
5317,Jessica,Knight,randymoore@example.com,F,39,West Michael,USA,2025-12-30,Affiliate
5318,Joseph,Hicks,brenda59@example.org,M,23,Lake Mark,USA,2026-01-31,Google Search
5319,Paul,Atkins,aaronwalker@example.net,M,29,West Natashaport,USA,2026-01-27,Google Search
5320,Julie,Wood,tyler16@example.com,F,64,Lake Nicoleview,USA,2024-08-09,Email
5321,Melissa,Ellison,clarkjustin@example.net,M,57,West Donald,USA,2025-05-31,Affiliate
5322,Melissa,Turner,groberts@example.com,F,53,East Nathaniel,USA,2024-05-09,Email
5323,Benjamin,Cruz,james22@example.org,M,32,Adamsborough,USA,2023-08-12,Affiliate
5324,Wendy,Kaiser,gcruz@example.org,F,45,Daviston,USA,2024-10-12,Instagram Ads
5325,Patricia,Caldwell,lisa57@example.com,F,69,West Donald,USA,2024-07-03,Google Display
5326,Randy,Gordon,wattsmelissa@example.org,F,66,Lake Mark,USA,2025-04-09,Instagram Ads
5327,Larry,Brandt,miguelschultz@example.com,F,62,Port Colleenhaven,USA,2026-01-24,Google Display
5328,Emma,Wells,anne81@example.net,F,35,East Courtneychester,USA,2024-01-22,Facebook Ads
5329,Ryan,Reyes,laustin@example.com,F,19,Herrerafurt,USA,2025-07-15,Google Search
5330,Carla,Patrick,kgraham@example.org,F,30,Tashatown,USA,2024-04-06,Google Display
5331,Amber,Miller,theodorehall@example.com,M,62,Robinsonshire,USA,2023-11-29,Google Search
5332,Jamie,Stevenson,tammy78@example.net,M,32,West Natashaport,USA,2025-11-17,Google Search
5333,Antonio,Stein,patriciasmith@example.com,M,37,New Stephanie,USA,2025-01-12,Instagram Ads
5334,Erica,Johnson,annecox@example.org,M,46,Coxberg,USA,2023-12-11,Facebook Ads
5335,Paul,Chang,joseph35@example.net,F,59,Cassandraton,USA,2024-03-08,Email
5336,Cody,Beard,heather91@example.org,M,46,Teresaburgh,USA,2025-10-09,Facebook Ads
5337,Jacob,Allen,wilcoxryan@example.net,M,20,New Jessica,USA,2025-10-15,Email
5338,Tammy,Gates,beasleyrobert@example.com,M,36,West Michael,USA,2026-06-03,Affiliate
5339,Jonathan,Olson,karenmarquez@example.org,F,20,Danielchester,USA,2023-10-13,Facebook Ads
5340,Monique,Phillips,williamwright@example.com,F,31,West Donald,USA,2026-01-30,Email
5341,Glenn,Smith,daysergio@example.net,F,57,Teresaburgh,USA,2024-12-20,Affiliate
5342,Christine,Reed,jacobfitzpatrick@example.com,F,21,West Michael,USA,2023-12-21,Email
5343,Mark,Vargas,dennisanderson@example.com,F,69,Daviston,USA,2024-12-21,Affiliate
5344,Kayla,Bryant,michael50@example.org,M,28,West Michael,USA,2026-07-12,Affiliate
5345,Dominique,Boyd,jacob14@example.net,F,48,New Kellystad,USA,2024-06-20,Affiliate
5346,Wanda,Perez,olopez@example.net,M,60,East William,USA,2026-01-09,Email
5347,Jennifer,Ferguson,gregory04@example.com,M,49,Danielchester,USA,2024-07-15,Instagram Ads
5348,Hailey,Holt,miguelshaw@example.net,M,44,East Lydiamouth,USA,2024-06-22,Instagram Ads
5349,Karen,Brown,ujohnston@example.org,F,47,East Lydiamouth,USA,2025-08-03,Instagram Ads
5350,Gregory,Peterson,deannabrown@example.com,M,60,Port Jesseville,USA,2024-06-22,Facebook Ads
5351,Christopher,Barnes,svargas@example.com,M,19,New Jamesside,USA,2025-10-12,Google Search
5352,Sean,Chavez,meyerkathleen@example.net,M,66,Ramirezstad,USA,2025-11-26,Instagram Ads
5353,Jason,Perry,marksmolly@example.com,M,26,Lake Roberto,USA,2025-05-25,Google Search
5354,Kelly,Walsh,janetbrown@example.net,F,45,Cassandraton,USA,2025-03-23,Google Display
5355,Kaitlin,Thompson,susan01@example.net,F,48,Coxberg,USA,2024-05-20,Facebook Ads
5356,Jason,Freeman,rtaylor@example.org,F,51,Jasonfort,USA,2025-01-21,Google Display
5357,Kimberly,Gray,kelly99@example.com,F,32,Ramirezstad,USA,2025-07-31,Google Search
5358,Ashley,Zimmerman,lisabauer@example.org,F,65,North John,USA,2023-09-04,Email
5359,Jennifer,Martinez,davisjonathan@example.net,F,42,North John,USA,2025-12-29,Email
5360,Elizabeth,Carlson,fwhite@example.com,M,53,Danielchester,USA,2025-01-03,Facebook Ads
5361,Brenda,Rodriguez,cunninghamraymond@example.org,F,25,Adamsborough,USA,2025-06-10,Google Search
5362,Kristen,Ritter,beckalan@example.net,M,26,New Jessica,USA,2024-05-03,Affiliate
5363,Shelby,Robertson,rmccullough@example.org,F,54,Juliechester,USA,2025-07-09,Email
5364,Timothy,Nunez,nancy96@example.com,M,65,East Courtneychester,USA,2024-08-04,Affiliate
5365,Donna,Harvey,melissadodson@example.com,F,62,Danielchester,USA,2023-11-21,Facebook Ads
5366,David,Marshall,caleb34@example.org,F,56,Robinsonshire,USA,2025-10-26,Google Display
5367,Jimmy,Hall,rford@example.com,M,49,Lake Nicoleview,USA,2025-08-01,Google Search
5368,Tyler,Lewis,paulwhitaker@example.com,M,69,Ericmouth,USA,2025-02-20,Instagram Ads
5369,Timothy,Williams,smithjeanne@example.net,M,34,Tashatown,USA,2024-11-08,Google Display
5370,Christopher,Smith,rjones@example.net,F,52,Jacquelineland,USA,2024-02-02,Email
5371,William,Sosa,qmiller@example.net,F,54,Robinsonshire,USA,2025-05-01,Google Search
5372,Timothy,Baker,tlong@example.com,F,36,East Nathaniel,USA,2025-05-10,Affiliate
5373,Tyler,Barnett,vhernandez@example.org,F,61,Ramirezstad,USA,2024-12-02,Email
5374,Karen,Jackson,michealhenderson@example.net,F,46,North Noahstad,USA,2025-12-21,Facebook Ads
5375,Kimberly,Moss,ericsherman@example.com,M,24,New Mariotown,USA,2026-05-02,Affiliate
5376,Melanie,Armstrong,nicolenguyen@example.com,M,45,South Aaron,USA,2025-09-22,Google Display
5377,Pamela,Burns,jessica78@example.org,M,26,South Aaron,USA,2025-10-12,Instagram Ads
5378,Donna,Thompson,deniseevans@example.com,F,45,South Noah,USA,2026-01-24,Affiliate
5379,Joseph,Barber,whitenicholas@example.com,F,23,Port Colleenhaven,USA,2025-05-15,Affiliate
5380,Danielle,Lawson,psantiago@example.org,M,46,New Jessica,USA,2025-11-08,Email
5381,Ralph,Valencia,scook@example.com,M,34,Teresaburgh,USA,2024-04-23,Google Display
5382,Betty,Gill,bryce95@example.com,M,33,South Patrickmouth,USA,2026-03-17,Google Search
5383,Richard,Duarte,pearsonjames@example.org,M,40,Robinsonshire,USA,2025-09-04,Google Search
5384,David,Ewing,erika64@example.org,F,48,East Courtneychester,USA,2024-11-17,Facebook Ads
5385,Steven,Figueroa,pittsmary@example.net,M,20,Lake Roberto,USA,2023-11-13,Instagram Ads
5386,James,Valdez,morganwatts@example.com,F,38,Danielchester,USA,2025-10-15,Instagram Ads
5387,Victoria,Welch,kdiaz@example.com,M,43,Juliechester,USA,2026-04-23,Affiliate
5388,Olivia,Cannon,beverly86@example.com,M,53,Juliechester,USA,2024-12-04,Facebook Ads
5389,Heidi,Cook,zachary90@example.com,F,59,Port Keith,USA,2023-10-23,Instagram Ads
5390,Ian,Matthews,mlynch@example.org,F,54,New Mariotown,USA,2024-07-08,Google Display
5391,Jane,White,qsmith@example.org,M,39,South Patrickmouth,USA,2025-04-06,Affiliate
5392,Jay,Dominguez,lewisdavid@example.net,M,59,North Noahstad,USA,2025-04-04,Instagram Ads
5393,Thomas,Green,charles77@example.org,M,29,Herrerafurt,USA,2025-08-15,Affiliate
5394,Judy,Ewing,gerald51@example.net,M,59,South Patrickmouth,USA,2025-04-25,Google Display
5395,Laura,Mullins,xgraham@example.com,F,30,East Courtneychester,USA,2025-03-20,Facebook Ads
5396,Eric,Robinson,michael28@example.com,F,28,Port Colleenhaven,USA,2025-03-18,Facebook Ads
5397,Elizabeth,Kane,ylee@example.net,F,33,Lake Nicoleview,USA,2023-12-30,Facebook Ads
5398,Dylan,Osborne,charlenewalker@example.org,F,25,East Courtneychester,USA,2024-08-12,Email
5399,Douglas,Nash,ugarcia@example.org,F,57,Lake Roberto,USA,2024-08-05,Facebook Ads
5400,Rebecca,Banks,todd26@example.net,M,57,New Jessica,USA,2025-07-14,Affiliate
5401,Melissa,Porter,xhill@example.com,F,62,Lake Nicoleview,USA,2023-08-24,Google Display
5402,Gabrielle,Prince,curtissmith@example.org,M,19,Herrerafurt,USA,2026-07-16,Facebook Ads
5403,Stacy,Barber,foxbrandon@example.net,M,47,Lake Chad,USA,2024-12-25,Facebook Ads
5404,Richard,Collins,karen58@example.org,M,47,Port Jesseville,USA,2025-06-29,Google Display
5405,Luke,Smith,hoffmandarlene@example.net,F,29,East Nathaniel,USA,2026-01-05,Google Search
5406,Tom,Vasquez,jon61@example.net,F,27,Lake Roberto,USA,2024-03-06,Affiliate
5407,Amanda,Ingram,ybennett@example.net,M,61,New Mariotown,USA,2024-06-06,Google Display
5408,Kathryn,Allen,jesusroth@example.com,M,28,East Nathaniel,USA,2024-05-16,Facebook Ads
5409,Audrey,Dickson,stephanieray@example.org,M,32,Port Jesseville,USA,2024-01-05,Instagram Ads
5410,Michelle,Schwartz,waynejensen@example.org,F,33,Herrerafurt,USA,2024-07-30,Affiliate
5411,Howard,Washington,andreafowler@example.org,F,34,East William,USA,2024-05-28,Google Search
5412,Lawrence,Morris,dariusroberts@example.com,M,43,South Aaron,USA,2026-04-08,Facebook Ads
5413,Adam,Kennedy,ejohnson@example.net,M,19,Teresaburgh,USA,2025-03-26,Affiliate
5414,Frank,Jones,stefanie77@example.org,F,67,New Mariotown,USA,2026-06-22,Email
5415,Robert,Smith,beverly98@example.org,M,29,East Lydiamouth,USA,2024-11-10,Instagram Ads
5416,Kenneth,Rowland,pauldiaz@example.net,F,68,Jacquelineland,USA,2024-11-12,Google Display
5417,Allison,Bell,gdrake@example.net,M,43,Port Jesseville,USA,2025-04-30,Affiliate
5418,Erin,Leach,shawn31@example.net,F,40,Lake Nicoleview,USA,2025-05-18,Google Display
5419,Jon,Baker,bbrown@example.org,M,35,North Noahstad,USA,2026-01-28,Instagram Ads
5420,Luke,Morgan,tim74@example.org,F,49,East Nathaniel,USA,2024-11-09,Affiliate
5421,Eric,Thomas,zachary75@example.com,M,66,New Kellystad,USA,2026-04-02,Affiliate
5422,Charles,Vincent,reillykatelyn@example.net,M,55,South Aaron,USA,2024-12-13,Instagram Ads
5423,Nathaniel,Watkins,davidlopez@example.net,M,64,Lake Nicoleview,USA,2023-08-31,Email
5424,Kimberly,Hull,bridget54@example.com,M,20,New Stephanie,USA,2025-10-05,Instagram Ads
5425,Samuel,James,justin59@example.org,M,55,Daviston,USA,2025-04-04,Affiliate
5426,Joshua,Frost,riley71@example.org,F,20,West Michael,USA,2024-02-09,Google Search
5427,Jimmy,Pace,hamptonkathryn@example.com,F,47,Lisatown,USA,2024-04-02,Google Display
5428,Nathan,Moody,cheyenne75@example.net,M,18,Adamsborough,USA,2025-07-21,Google Display
5429,Andrew,Foster,williamcross@example.org,M,47,Port Jesseville,USA,2025-04-29,Affiliate
5430,Sabrina,Fox,ugallagher@example.net,F,62,Coxberg,USA,2024-12-14,Google Display
5431,Denise,Arnold,djoyce@example.com,M,49,Herrerafurt,USA,2024-04-14,Google Display
5432,Brianna,Harrison,biancahess@example.net,F,45,Lake Chad,USA,2024-04-13,Instagram Ads
5433,Samuel,Cruz,carrolldiane@example.com,F,38,Danielchester,USA,2025-01-19,Facebook Ads
5434,Mark,Rogers,gibbskaren@example.net,F,63,West Natashaport,USA,2025-06-21,Facebook Ads
5435,Joshua,Cox,wallacedonald@example.com,F,30,Lake Roberto,USA,2024-01-06,Email
5436,Chelsea,Dudley,parksandre@example.com,M,44,New Kellystad,USA,2025-05-18,Affiliate
5437,Jennifer,Norris,richardhernandez@example.net,M,53,West Donald,USA,2024-01-07,Google Search
5438,Keith,Young,christine15@example.com,F,24,South Noah,USA,2025-01-15,Google Display
5439,Carlos,Ramos,brandylarsen@example.net,F,39,East Lydiamouth,USA,2026-05-19,Email
5440,Scott,Ramirez,angela98@example.com,F,27,East Lydiamouth,USA,2025-07-21,Google Display
5441,Tina,Lambert,adrian55@example.org,F,56,Juliechester,USA,2025-08-12,Affiliate
5442,Lindsay,Diaz,omorgan@example.com,M,32,Lake Nicoleview,USA,2023-12-20,Google Search
5443,Adrienne,Harrell,arthur70@example.com,M,32,Danielchester,USA,2023-10-15,Google Search
5444,James,Williams,ewest@example.org,M,21,New Jessica,USA,2025-02-23,Affiliate
5445,Lonnie,Kelley,lharrington@example.com,F,49,South Noah,USA,2026-02-20,Google Search
5446,Abigail,Cook,jcarroll@example.org,M,40,Adamsborough,USA,2023-11-17,Google Search
5447,Tiffany,Hardy,kylewalker@example.org,M,23,New Stephanie,USA,2024-12-24,Instagram Ads
5448,Aaron,Mercado,ashleypoole@example.net,F,41,East Lydiamouth,USA,2024-08-28,Instagram Ads
5449,Jason,Russell,frances83@example.com,F,37,Teresaburgh,USA,2025-11-17,Affiliate
5450,Kathryn,Hickman,mramos@example.net,F,54,South Noah,USA,2024-09-22,Google Search
5451,Matthew,Gutierrez,xwells@example.com,F,37,Port Jesseville,USA,2025-03-27,Email
5452,Shane,Sanchez,kelly05@example.net,M,29,Lake Mark,USA,2025-10-24,Instagram Ads
5453,Elizabeth,Ramos,michaelsmith@example.org,F,50,Port Colleenhaven,USA,2024-01-30,Email
5454,Haley,Pratt,johnsonamber@example.com,F,45,Ramirezstad,USA,2025-12-17,Google Display
5455,Allison,Hernandez,todd45@example.com,M,25,Cassandraton,USA,2025-06-06,Affiliate
5456,Brandon,Smith,shelly04@example.org,F,18,Jacquelineland,USA,2024-08-26,Instagram Ads
5457,Kristina,Moss,bethany16@example.com,F,54,Port Keith,USA,2023-08-02,Affiliate
5458,Emily,Patterson,millercynthia@example.net,F,39,West Donald,USA,2024-09-09,Instagram Ads
5459,Samuel,Hall,allen47@example.net,F,23,Lake Nicoleview,USA,2025-07-04,Affiliate
5460,Brandon,Williams,matthew40@example.net,F,38,New Stephanie,USA,2025-03-15,Google Display
5461,Devin,Sims,sullivanpatricia@example.net,F,49,New Kellystad,USA,2025-08-03,Google Search
5462,Sara,Cruz,cindy56@example.net,M,52,New Jessica,USA,2024-08-02,Facebook Ads
5463,Heather,Huang,knappjeffrey@example.net,F,32,East Nathaniel,USA,2024-09-21,Google Display
5464,Anna,Powell,ktaylor@example.com,M,22,Lake Roberto,USA,2024-08-18,Instagram Ads
5465,Kellie,Hendricks,washingtonalexandria@example.org,F,63,Danielchester,USA,2024-04-01,Google Display
5466,Calvin,Hines,monica24@example.com,F,67,South Aaron,USA,2025-06-26,Email
5467,Monica,Salazar,pmorales@example.net,F,65,Port Jesseville,USA,2025-05-13,Google Search
5468,Kaylee,Blair,jacqueline88@example.net,M,23,East Courtneychester,USA,2024-10-17,Affiliate
5469,Crystal,Wilkinson,turnergrace@example.com,F,42,West Natashaport,USA,2023-11-15,Facebook Ads
5470,Samuel,Cunningham,fclark@example.org,F,63,East Courtneychester,USA,2026-05-26,Google Display
5471,Walter,Wilson,imontes@example.net,F,57,Cassandraton,USA,2023-11-07,Instagram Ads
5472,Patricia,Hall,noah12@example.net,M,46,Cassandraton,USA,2023-10-31,Google Search
5473,Brian,James,jose66@example.org,M,24,Robinsonshire,USA,2024-08-26,Facebook Ads
5474,Jesse,Moore,jeffery12@example.com,F,57,North Noahstad,USA,2024-10-01,Email
5475,Vincent,Foster,kristinraymond@example.net,F,30,Herrerafurt,USA,2024-08-09,Facebook Ads
5476,Tyrone,Reese,tracy50@example.net,F,55,Ramirezstad,USA,2023-09-21,Facebook Ads
5477,Anne,Wagner,owilson@example.net,M,35,East William,USA,2024-03-15,Facebook Ads
5478,Katherine,Schroeder,cantubenjamin@example.com,F,19,North John,USA,2024-01-23,Affiliate
5479,Sharon,Wilcox,mary47@example.org,F,25,Lake Mark,USA,2026-03-26,Google Display
5480,Mason,Charles,katie52@example.com,M,28,West Michael,USA,2024-04-29,Instagram Ads
5481,Tanya,Fleming,carolmoody@example.net,F,50,East Nathaniel,USA,2025-05-01,Google Search
5482,Jessica,Wood,kellermary@example.org,M,55,New Kellystad,USA,2026-01-18,Facebook Ads
5483,Sarah,Meyers,kingwilliam@example.com,F,65,West Michael,USA,2023-12-13,Instagram Ads
5484,Carrie,Cochran,seanwheeler@example.com,F,44,Ramirezstad,USA,2025-10-01,Email
5485,Larry,Thompson,asantiago@example.net,M,37,Lake Chad,USA,2025-12-12,Facebook Ads
5486,Juan,Lowe,samuel40@example.org,F,29,Danielchester,USA,2024-11-06,Facebook Ads
5487,David,Bell,eric55@example.com,M,60,Jacquelineland,USA,2023-10-20,Google Display
5488,James,Roth,fcortez@example.org,M,48,Jacquelineland,USA,2025-02-21,Google Display
5489,Sheila,Roy,melvin09@example.net,M,44,Port Keith,USA,2024-08-06,Instagram Ads
5490,Sarah,Harrell,kendra75@example.org,F,49,North Noahstad,USA,2024-08-24,Facebook Ads
5491,Raven,Gordon,dixonjoshua@example.net,M,27,East Lydiamouth,USA,2026-04-24,Google Display
5492,Heidi,Gonzales,zjones@example.org,F,20,South Patrickmouth,USA,2024-02-28,Instagram Ads
5493,Antonio,Beck,tracymayer@example.net,M,62,North Noahstad,USA,2025-11-22,Facebook Ads
5494,Edward,Harrison,jwright@example.com,F,44,South Patrickmouth,USA,2023-12-02,Google Display
5495,Sergio,Le,ncarter@example.com,M,52,Juliechester,USA,2026-04-12,Email
5496,Laura,Heath,kathryn87@example.net,F,48,New Jamesside,USA,2025-08-30,Email
5497,Karen,Silva,theresaroberts@example.net,F,32,Ramirezstad,USA,2025-05-17,Affiliate
5498,Kristin,Harris,freed@example.org,F,33,East Courtneychester,USA,2026-07-05,Email
5499,Maria,Christensen,qortiz@example.net,F,30,Adamsborough,USA,2025-12-27,Facebook Ads
5500,Tamara,Smith,jerry67@example.net,F,66,South Aaron,USA,2025-01-17,Email
5501,Kathryn,Johnson,sandersrachel@example.net,F,52,South Patrickmouth,USA,2025-11-15,Email
5502,Nancy,Webb,petersonkevin@example.org,M,69,West Donald,USA,2025-03-16,Instagram Ads
5503,Amanda,Lopez,penalaura@example.net,M,28,West Natashaport,USA,2026-05-14,Affiliate
5504,Jessica,Hunt,sandersjoshua@example.org,F,38,Lake Chad,USA,2024-01-06,Google Display
5505,Rodney,Medina,savagejeffrey@example.net,M,68,Ramirezstad,USA,2026-01-19,Google Search
5506,Joan,Mendez,stephanie11@example.com,F,28,Coxberg,USA,2024-05-15,Google Search
5507,Nicole,Shannon,gstephens@example.com,M,47,Lake Mark,USA,2024-12-30,Instagram Ads
5508,Jordan,Miller,bethany10@example.net,F,65,West Natashaport,USA,2024-09-03,Google Display
5509,Ronald,Porter,joejames@example.org,M,52,New Stephanie,USA,2024-05-30,Instagram Ads
5510,Benjamin,Thomas,lisacollins@example.com,M,39,South Patrickmouth,USA,2025-03-14,Affiliate
5511,Cassie,Thomas,daniel82@example.com,M,55,Juliechester,USA,2026-06-05,Email
5512,Cory,Conner,matthewmoses@example.org,F,48,West Donald,USA,2023-09-27,Google Display
5513,Alyssa,Johnson,michelle99@example.com,M,31,Danielchester,USA,2026-04-24,Google Display
5514,Andres,Taylor,johnsonyolanda@example.com,F,41,East Courtneychester,USA,2025-06-21,Facebook Ads
5515,Ivan,Blanchard,xbarnes@example.org,F,67,New Jessica,USA,2026-06-26,Google Search
5516,Jason,Tran,zhawkins@example.net,M,66,South Noah,USA,2026-05-05,Google Search
5517,Daniel,Williams,thomasgonzalez@example.net,F,49,Lake Nicoleview,USA,2025-08-07,Instagram Ads
5518,Shawn,Mclean,bethlee@example.org,M,53,West Michael,USA,2025-05-08,Email
5519,Stephanie,Johnson,petersonkrystal@example.net,M,49,Robinsonshire,USA,2024-09-18,Google Display
5520,Raymond,Williams,chentraci@example.com,F,32,Lisatown,USA,2025-01-07,Instagram Ads
5521,William,Nguyen,thanson@example.net,M,60,Lake Chad,USA,2026-01-27,Facebook Ads
5522,Christina,Brown,stevenpatel@example.com,M,52,New Jessica,USA,2026-05-12,Facebook Ads
5523,Elijah,Mueller,geraldandrews@example.net,F,20,South Patrickmouth,USA,2025-07-31,Instagram Ads
5524,Tamara,Murphy,rodriguezbrittany@example.net,F,33,New Kellystad,USA,2024-04-15,Google Display
5525,Gabriella,Singleton,tracy54@example.org,F,22,Port Keith,USA,2025-06-19,Instagram Ads
5526,William,Morales,michael47@example.net,F,38,East Lydiamouth,USA,2023-09-13,Instagram Ads
5527,Thomas,Soto,jilladams@example.com,M,27,West Michael,USA,2024-03-11,Facebook Ads
5528,Robert,George,timothybell@example.net,M,36,New Stephanie,USA,2025-06-28,Affiliate
5529,Deborah,Ramirez,amy87@example.com,M,42,Lake Mark,USA,2023-08-29,Email
5530,Nancy,Porter,ncosta@example.net,F,21,East Courtneychester,USA,2023-09-15,Instagram Ads
5531,Jacob,Wallace,codykoch@example.org,M,46,New Jamesside,USA,2025-11-03,Instagram Ads
5532,Victoria,Mann,campbelljason@example.org,M,36,Lake Roberto,USA,2025-12-17,Facebook Ads
5533,Nicholas,Fisher,edwardsanthony@example.net,F,60,Port Keith,USA,2025-07-29,Email
5534,Vanessa,Sellers,jacob62@example.org,M,19,Tashatown,USA,2025-12-21,Email
5535,Patrick,Parks,chrishughes@example.com,F,27,Port Keith,USA,2023-12-07,Instagram Ads
5536,Paul,Massey,jerrygray@example.com,M,60,Jacquelineland,USA,2023-09-13,Facebook Ads
5537,Andrea,Moore,smiththomas@example.net,F,42,Lake Chad,USA,2024-11-20,Google Search
5538,Carolyn,Perkins,steven40@example.com,M,37,South Aaron,USA,2025-10-30,Email
5539,Cassandra,Walsh,anthony19@example.net,M,65,Coxberg,USA,2023-07-30,Instagram Ads
5540,Mckenzie,Sherman,robert73@example.net,M,36,Lisatown,USA,2024-08-13,Google Display
5541,Leah,Cuevas,carly17@example.com,M,40,Herrerafurt,USA,2024-04-04,Instagram Ads
5542,Ian,Rodriguez,hernandezjacob@example.net,F,41,New Stephanie,USA,2025-11-22,Google Search
5543,Nicholas,Gamble,sandersmark@example.com,F,28,Jacquelineland,USA,2023-08-10,Google Display
5544,Kenneth,Jackson,michaelgriffin@example.com,M,63,Cassandraton,USA,2024-05-28,Affiliate
5545,Elizabeth,Carpenter,thomas75@example.org,M,51,Lake Chad,USA,2023-12-30,Affiliate
5546,Jennifer,Shields,rbenson@example.com,M,45,Lake Roberto,USA,2024-01-12,Google Display
5547,Traci,Stewart,hacevedo@example.net,M,22,East William,USA,2025-08-26,Google Search
5548,Megan,Warren,moralesjessica@example.org,F,22,Teresaburgh,USA,2023-11-03,Google Display
5549,Tara,Stewart,darren48@example.com,F,68,East Nathaniel,USA,2026-07-11,Email
5550,Olivia,Burch,rrobinson@example.org,F,38,Teresaburgh,USA,2024-11-15,Google Display
5551,Sandra,Harrison,christopher06@example.com,F,29,West Natashaport,USA,2025-05-02,Email
5552,Kyle,Raymond,danielsthomas@example.org,F,67,New Jessica,USA,2024-02-13,Email
5553,Adrian,Martinez,fitzpatrickrichard@example.org,F,21,Lake Chad,USA,2024-12-04,Email
5554,Paul,Clark,wilsonemily@example.com,F,66,Herrerafurt,USA,2024-03-07,Facebook Ads
5555,Jeffrey,Davis,gibsonanthony@example.org,M,59,Lake Roberto,USA,2026-06-09,Email
5556,Theodore,James,bgreen@example.org,F,37,East Lydiamouth,USA,2025-04-02,Facebook Ads
5557,Elizabeth,Christian,kelly26@example.net,F,55,Juliechester,USA,2023-09-18,Google Display
5558,Patricia,Kim,melissajones@example.com,F,42,West Donald,USA,2026-02-25,Facebook Ads
5559,Jamie,Farmer,kevinguerrero@example.org,F,31,Danielchester,USA,2026-01-19,Instagram Ads
5560,Jon,Lutz,natalie66@example.org,M,28,Ramirezstad,USA,2024-05-14,Google Display
5561,Karen,Thomas,stephaniebrown@example.com,M,49,South Patrickmouth,USA,2026-03-24,Email
5562,Nicole,Martinez,hoganroberto@example.net,M,28,East Lydiamouth,USA,2024-04-29,Google Display
5563,Brian,Stone,corey59@example.org,M,35,New Kellystad,USA,2024-04-03,Facebook Ads
5564,Samantha,Henderson,dylan74@example.com,M,44,South Patrickmouth,USA,2024-04-24,Google Search
5565,Jacob,Schaefer,pottskaren@example.com,F,35,Coxberg,USA,2025-04-14,Google Display
5566,Leonard,Jordan,debbie41@example.org,F,40,West Donald,USA,2025-08-13,Instagram Ads
5567,Jason,Baird,velazquezdarlene@example.com,F,28,Herrerafurt,USA,2025-06-19,Google Display
5568,Julia,Clarke,shermanalexander@example.com,M,38,Jacquelineland,USA,2025-03-04,Instagram Ads
5569,Melanie,Williams,knichols@example.net,M,61,Lake Mark,USA,2025-10-16,Google Search
5570,Shawn,Bennett,grantkatie@example.org,M,22,Wilkersonmouth,USA,2026-06-30,Google Display
5571,Joshua,Dominguez,cynthia44@example.com,F,40,East Courtneychester,USA,2024-06-17,Facebook Ads
5572,Tyrone,Young,nathanpena@example.net,F,58,Wilkersonmouth,USA,2026-02-10,Email
5573,Taylor,Reynolds,eric53@example.org,F,42,Robinsonshire,USA,2025-07-16,Google Display
5574,Meagan,Webb,brandon09@example.org,M,58,Wilkersonmouth,USA,2024-12-18,Google Search
5575,Christopher,Adkins,christine89@example.net,M,27,East Lydiamouth,USA,2024-11-19,Email
5576,Dawn,Rojas,gary05@example.net,M,39,East William,USA,2025-11-27,Facebook Ads
5577,Sharon,Johnson,timothy92@example.net,M,36,East Nathaniel,USA,2023-09-29,Google Search
5578,Joseph,Blair,dsanders@example.com,M,18,New Jamesside,USA,2026-05-20,Email
5579,Joyce,Obrien,keithsimmons@example.net,M,24,Teresaburgh,USA,2023-10-29,Google Search
5580,Candice,Hensley,burnettjennifer@example.net,M,21,South Patrickmouth,USA,2026-01-11,Google Display
5581,Kristina,Thompson,nhunt@example.org,F,18,North John,USA,2025-01-27,Google Display
5582,Amanda,Fitzgerald,longlauren@example.org,F,32,North John,USA,2025-10-30,Google Search
5583,Edward,Contreras,stevensbrandi@example.net,F,57,West Donald,USA,2023-12-17,Facebook Ads
5584,Angela,Osborne,jasonsosa@example.org,M,29,South Patrickmouth,USA,2024-07-12,Google Display
5585,Todd,Taylor,summersjeanette@example.org,F,39,South Aaron,USA,2025-02-05,Facebook Ads
5586,Maurice,Sherman,lmartinez@example.net,M,39,New Kellystad,USA,2024-12-03,Google Display
5587,Darren,Hanna,lopezkylie@example.com,F,67,South Patrickmouth,USA,2025-07-02,Affiliate
5588,Troy,Thomas,debra37@example.com,F,64,New Kellystad,USA,2024-01-31,Instagram Ads
5589,Kristen,Lowe,jennifer09@example.com,M,34,Ericmouth,USA,2024-02-05,Email
5590,Scott,Allen,xgreen@example.net,F,46,South Noah,USA,2025-01-24,Google Display
5591,Cameron,Fletcher,douglas05@example.net,M,63,Robinsonshire,USA,2023-12-13,Facebook Ads
5592,Susan,Leon,stephaniemckee@example.org,F,31,East William,USA,2026-02-18,Instagram Ads
5593,Autumn,Howard,zsnyder@example.net,M,67,Daviston,USA,2025-05-13,Email
5594,Randall,Powers,tracystevens@example.com,M,37,Daviston,USA,2024-11-26,Instagram Ads
5595,Jeffrey,Griffith,hendersonerin@example.org,F,67,East Nathaniel,USA,2023-12-04,Email
5596,Edgar,Allen,garciapamela@example.org,F,65,Ramirezstad,USA,2024-04-05,Facebook Ads
5597,Jared,Rodriguez,xmurphy@example.net,M,50,Lake Chad,USA,2023-09-04,Facebook Ads
5598,Miranda,Sullivan,stephanie41@example.org,F,60,Lake Nicoleview,USA,2024-03-05,Facebook Ads
5599,Mackenzie,Martinez,melissaescobar@example.net,M,32,Tashatown,USA,2024-12-29,Instagram Ads
5600,John,Goodwin,xbrown@example.net,F,29,Cassandraton,USA,2025-04-08,Facebook Ads
5601,Jamie,Guerra,wrightalexander@example.net,F,57,Jasonfort,USA,2026-06-20,Email
5602,Anna,Gonzales,timothyjackson@example.org,F,37,Lake Nicoleview,USA,2026-05-24,Google Search
5603,Daniel,Cabrera,donaldbanks@example.net,F,47,Adamsborough,USA,2023-07-25,Email
5604,Wendy,Carlson,gjones@example.net,M,55,New Mariotown,USA,2024-03-28,Email
5605,Sara,Kirby,joseph98@example.net,F,20,West Natashaport,USA,2025-11-26,Instagram Ads
5606,Linda,Fernandez,seanramirez@example.net,M,45,New Jamesside,USA,2024-11-08,Google Display
5607,Joy,Hall,davislaura@example.com,F,43,South Noah,USA,2023-09-23,Google Search
5608,John,Adams,kevindiaz@example.com,F,47,Danielchester,USA,2023-08-21,Affiliate
5609,Melissa,Khan,smithrobin@example.com,F,30,Lisatown,USA,2024-07-04,Email
5610,Sherry,Stone,sallyarnold@example.org,F,30,New Jessica,USA,2025-07-18,Facebook Ads
5611,Kimberly,Johnson,annettereese@example.net,M,19,East Nathaniel,USA,2026-07-09,Instagram Ads
5612,Brian,Arias,travis98@example.org,M,54,Jacquelineland,USA,2026-06-05,Google Display
5613,Zachary,Doyle,stevengay@example.com,M,66,North Noahstad,USA,2025-11-08,Affiliate
5614,Craig,Henson,javierjohnson@example.org,F,55,Daviston,USA,2024-09-07,Affiliate
5615,Robert,Snow,newmanelaine@example.com,F,19,Daviston,USA,2024-03-07,Email
5616,Rebecca,Davis,higginsheidi@example.org,F,53,East Lydiamouth,USA,2026-07-06,Facebook Ads
5617,Brittany,Rogers,anthonysanchez@example.org,M,43,Lake Chad,USA,2025-09-21,Email
5618,Mary,Scott,halltrevor@example.org,F,28,Lake Roberto,USA,2026-06-17,Google Search
5619,Alan,Gould,parmstrong@example.org,M,25,East Courtneychester,USA,2023-08-17,Google Display
5620,Connor,Ryan,natashakemp@example.com,F,61,New Kellystad,USA,2026-07-01,Google Display
5621,Nathan,Anderson,gthomas@example.com,F,57,New Jamesside,USA,2024-02-03,Google Search
5622,Joseph,Beltran,david68@example.com,F,60,Cassandraton,USA,2026-05-04,Google Search
5623,John,Ward,bruce65@example.org,M,39,Danielchester,USA,2025-04-08,Google Display
5624,Catherine,Rogers,patrickherman@example.com,F,37,New Mariotown,USA,2025-06-01,Instagram Ads
5625,David,Johnson,vhatfield@example.net,F,25,East Courtneychester,USA,2023-08-24,Instagram Ads
5626,Michael,Dunn,boonelee@example.net,F,46,Jacquelineland,USA,2024-07-03,Email
5627,Samantha,Medina,zryan@example.net,M,57,Jasonfort,USA,2024-05-01,Instagram Ads
5628,Marc,Murphy,vduarte@example.net,F,43,New Mariotown,USA,2025-09-13,Google Display
5629,Kimberly,Holloway,jorge51@example.com,M,47,North Noahstad,USA,2026-04-24,Facebook Ads
5630,Elizabeth,Barnes,alec20@example.org,M,34,East William,USA,2025-09-24,Instagram Ads
5631,Debbie,Lindsey,austinpollard@example.org,F,37,Danielchester,USA,2024-03-19,Facebook Ads
5632,Jonathan,Burton,morgan58@example.org,M,69,Lisatown,USA,2024-09-14,Facebook Ads
5633,Timothy,Duncan,krista46@example.com,F,33,Port Keith,USA,2024-06-21,Facebook Ads
5634,Jonathan,Cherry,williamskelly@example.org,M,63,Lake Mark,USA,2024-06-03,Google Search
5635,Robert,Sweeney,cindy68@example.org,F,60,New Stephanie,USA,2024-06-06,Facebook Ads
5636,Tammy,Pacheco,george60@example.com,M,24,Lake Chad,USA,2026-07-10,Google Search
5637,Andrea,Jacobs,randy25@example.com,F,33,North Noahstad,USA,2024-10-22,Facebook Ads
5638,Christopher,Lee,hortoncarrie@example.net,M,62,Robinsonshire,USA,2023-10-12,Email
5639,Vanessa,Rodriguez,sparkspatrick@example.org,M,64,Port Jesseville,USA,2025-08-02,Instagram Ads
5640,Nathan,Hawkins,richardsonmark@example.org,F,65,Danielchester,USA,2024-06-19,Facebook Ads
5641,Daniel,Bentley,eparrish@example.com,F,44,New Mariotown,USA,2024-04-24,Google Search
5642,Crystal,Sutton,eavery@example.net,M,40,North John,USA,2025-07-11,Google Search
5643,Natalie,Cardenas,garretthannah@example.org,M,41,Lake Roberto,USA,2025-11-15,Google Display
5644,Eric,Wright,dmorales@example.org,F,26,Lake Chad,USA,2024-08-17,Affiliate
5645,Tabitha,Garcia,samantha46@example.net,M,52,Danielchester,USA,2024-10-19,Email
5646,Michael,Vaughan,johnparker@example.net,M,68,Lake Mark,USA,2025-03-03,Facebook Ads
5647,Jacob,Kline,delacruzmelissa@example.org,F,37,Jasonfort,USA,2026-02-18,Affiliate
5648,Cynthia,Nelson,katrina92@example.net,M,54,Lake Nicoleview,USA,2024-11-30,Google Display
5649,Jennifer,Werner,robbinsjoseph@example.com,F,59,South Aaron,USA,2026-06-16,Google Search
5650,Regina,Johnston,andrew09@example.net,F,34,Coxberg,USA,2024-06-21,Google Display
5651,Matthew,Hodges,penny39@example.org,M,64,East Lydiamouth,USA,2025-06-23,Affiliate
5652,Keith,Figueroa,pcastro@example.com,F,48,Ramirezstad,USA,2025-10-19,Instagram Ads
5653,Timothy,Wade,qbarnes@example.net,F,25,New Kellystad,USA,2024-12-14,Affiliate
5654,Jamie,Schmidt,john25@example.org,M,32,Robinsonshire,USA,2025-03-25,Facebook Ads
5655,Melissa,Gibson,imartinez@example.net,M,48,New Mariotown,USA,2024-11-18,Facebook Ads
5656,Scott,Roman,zcoleman@example.org,M,47,North Noahstad,USA,2025-08-14,Google Display
5657,Christopher,Martinez,patriciamartin@example.com,M,63,New Kellystad,USA,2023-12-03,Affiliate
5658,Barbara,Wong,danielgraham@example.net,M,37,Lake Mark,USA,2025-01-11,Google Search
5659,Sarah,Smith,robert75@example.net,F,56,New Mariotown,USA,2023-11-22,Instagram Ads
5660,Courtney,Singleton,ngross@example.net,F,29,East Courtneychester,USA,2025-04-25,Google Display
5661,Emily,Baird,ewoods@example.org,M,66,East Nathaniel,USA,2024-05-10,Affiliate
5662,Michael,Cole,dduffy@example.org,F,34,Ramirezstad,USA,2026-06-14,Google Display
5663,Wendy,Brady,wardsydney@example.com,M,59,West Donald,USA,2025-05-25,Instagram Ads
5664,Barry,Rivas,stephen52@example.com,F,47,Port Jesseville,USA,2024-09-16,Google Search
5665,Crystal,Henry,sarah84@example.com,M,46,Lisatown,USA,2024-07-20,Facebook Ads
5666,Matthew,Caldwell,wmyers@example.net,F,36,Juliechester,USA,2024-10-09,Instagram Ads
5667,John,Morgan,teresa05@example.org,F,63,Tashatown,USA,2026-07-17,Affiliate
5668,Rachel,Crane,jenningsethan@example.net,F,28,Adamsborough,USA,2024-12-14,Google Display
5669,Allison,Mann,thomasarmstrong@example.net,M,51,Adamsborough,USA,2025-01-24,Affiliate
5670,Angela,Brown,mckenzie26@example.com,F,67,Adamsborough,USA,2023-08-12,Email
5671,Robert,Henderson,frenchjacob@example.com,M,24,East William,USA,2024-11-05,Instagram Ads
5672,Nancy,Baker,darlenetownsend@example.com,F,61,Daviston,USA,2024-02-18,Facebook Ads
5673,Michael,Brown,zmorrison@example.org,F,51,Jasonfort,USA,2024-11-02,Instagram Ads
5674,Jeffrey,Simpson,qbecker@example.org,M,37,Herrerafurt,USA,2024-05-17,Instagram Ads
5675,Daniel,Chaney,willisperry@example.net,F,67,South Noah,USA,2024-10-29,Instagram Ads
5676,Matthew,Bond,vlang@example.net,M,55,Daviston,USA,2024-01-26,Facebook Ads
5677,Barry,Price,baileychloe@example.net,M,41,West Donald,USA,2023-09-23,Affiliate
5678,Colleen,Thomas,mendozabrandon@example.net,F,27,North John,USA,2023-09-25,Google Search
5679,Jason,Horn,mallory90@example.org,F,49,East William,USA,2024-03-02,Facebook Ads
5680,Kelli,Evans,mariereynolds@example.net,F,69,South Aaron,USA,2024-01-26,Instagram Ads
5681,Kimberly,Hanson,arnoldchristopher@example.com,M,32,New Kellystad,USA,2025-07-24,Google Search
5682,Danielle,Velez,wilsonheather@example.net,F,54,Teresaburgh,USA,2026-01-31,Google Display
5683,Robert,Baker,carlosrodriguez@example.org,M,37,East Courtneychester,USA,2025-03-15,Affiliate
5684,Victoria,Bullock,ryan59@example.com,M,20,Tashatown,USA,2023-10-31,Affiliate
5685,Christopher,Thomas,margarethart@example.net,F,54,Port Colleenhaven,USA,2026-06-27,Google Display
5686,Victoria,Morrison,rriggs@example.com,M,57,Lake Mark,USA,2025-06-25,Google Search
5687,Jon,Robinson,margaret83@example.net,M,25,Daviston,USA,2024-12-26,Email
5688,Nicole,Lowe,olivia88@example.com,M,57,Lake Nicoleview,USA,2024-09-11,Google Display
5689,Thomas,Mendoza,courtney50@example.net,F,61,West Natashaport,USA,2024-04-10,Email
5690,Lisa,Simon,iwells@example.net,M,40,Adamsborough,USA,2025-12-03,Email
5691,Wendy,Johnston,moralesmichael@example.com,M,57,South Patrickmouth,USA,2024-08-07,Google Search
5692,Eric,Ramos,joshuawilkinson@example.net,F,28,Robinsonshire,USA,2024-06-16,Instagram Ads
5693,Kim,Dixon,jthomas@example.net,F,63,Coxberg,USA,2024-12-04,Google Search
5694,Jasmine,Lawrence,jessicahobbs@example.net,M,25,Teresaburgh,USA,2025-04-02,Instagram Ads
5695,Joseph,Wheeler,melissaponce@example.com,M,46,West Michael,USA,2024-01-15,Google Display
5696,Tony,Scott,fcalhoun@example.org,M,47,Coxberg,USA,2024-06-04,Facebook Ads
5697,Scott,Bush,candicecline@example.com,F,27,Lisatown,USA,2024-06-25,Facebook Ads
5698,Mary,Campbell,todd18@example.org,F,56,Port Colleenhaven,USA,2023-12-19,Email
5699,Justin,Baker,stevenscurtis@example.org,F,45,New Jamesside,USA,2023-12-12,Email
5700,Kimberly,Ramirez,stephenmcneil@example.org,F,66,West Natashaport,USA,2024-10-22,Affiliate
5701,Samuel,Leblanc,christine35@example.com,M,53,Danielchester,USA,2023-08-19,Email
5702,Brandi,Wood,stanleyanthony@example.org,M,30,Port Colleenhaven,USA,2025-09-13,Affiliate
5703,William,Wood,fbridges@example.org,F,49,Cassandraton,USA,2024-12-21,Instagram Ads
5704,Heather,Ramsey,benitezheather@example.com,F,53,East Nathaniel,USA,2025-03-30,Affiliate
5705,Christopher,Tapia,robert07@example.org,F,54,Port Keith,USA,2023-07-25,Email
5706,Sherry,Thornton,qshepherd@example.org,M,43,East William,USA,2023-10-17,Affiliate
5707,Nicole,Smith,ariel62@example.org,F,39,Ericmouth,USA,2026-01-09,Google Search
5708,Tiffany,Jensen,samanthamoore@example.net,M,21,Lake Nicoleview,USA,2025-07-29,Facebook Ads
5709,Jose,Mcgrath,hjones@example.com,M,48,Herrerafurt,USA,2024-07-18,Affiliate
5710,Meghan,Watkins,pbrown@example.com,F,35,Lake Chad,USA,2026-02-09,Affiliate
5711,Theresa,Nelson,amy04@example.com,F,55,New Jessica,USA,2023-10-17,Google Display
5712,Maria,Dawson,mcknightantonio@example.com,M,41,East Courtneychester,USA,2024-07-23,Instagram Ads
5713,Christopher,Stewart,sandrazimmerman@example.net,M,40,West Donald,USA,2026-05-17,Facebook Ads
5714,Cheryl,Pruitt,jbrown@example.com,F,39,East Lydiamouth,USA,2024-10-05,Email
5715,Kimberly,Lindsey,laura77@example.net,M,19,Lake Roberto,USA,2024-11-07,Instagram Ads
5716,Brandon,Murphy,nicholas57@example.com,M,48,East William,USA,2023-07-27,Instagram Ads
5717,Joshua,White,whancock@example.org,M,28,South Noah,USA,2024-09-13,Instagram Ads
5718,Nancy,Alvarado,xsherman@example.net,M,45,South Patrickmouth,USA,2025-10-28,Google Search
5719,Matthew,Scott,rodgerserik@example.com,M,63,South Aaron,USA,2023-11-14,Email
5720,Darrell,Hoffman,reyesmiguel@example.net,F,49,South Aaron,USA,2023-08-10,Facebook Ads
5721,Charles,Porter,michael70@example.net,F,22,North John,USA,2024-01-20,Google Search
5722,Travis,Kelley,paige44@example.net,M,55,Wilkersonmouth,USA,2024-05-30,Facebook Ads
5723,Rachel,Escobar,julie94@example.org,F,27,Port Keith,USA,2025-10-15,Google Display
5724,Tristan,Soto,gravesmelanie@example.org,M,57,Port Colleenhaven,USA,2024-07-11,Google Search
5725,David,Gonzales,lkrause@example.com,M,63,North John,USA,2025-01-26,Facebook Ads
5726,Natalie,Valentine,jwilliams@example.com,M,41,Lake Chad,USA,2023-09-24,Instagram Ads
5727,Jessica,Ortega,phillipsmorgan@example.org,F,52,Lake Chad,USA,2024-11-17,Email
5728,Patrick,Ryan,cvaldez@example.com,M,61,Lake Nicoleview,USA,2025-02-23,Affiliate
5729,Rachel,Robinson,barbara23@example.net,F,65,New Jamesside,USA,2025-10-15,Google Search
5730,Kristin,Myers,vegalawrence@example.org,F,40,East Courtneychester,USA,2026-02-20,Facebook Ads
5731,Krista,Morris,hoganryan@example.org,F,34,Ramirezstad,USA,2025-08-09,Instagram Ads
5732,Monica,Bailey,pageamanda@example.org,M,18,North John,USA,2023-07-23,Affiliate
5733,Shane,Kennedy,harold45@example.com,F,48,New Mariotown,USA,2024-11-29,Affiliate
5734,Curtis,Garrett,colson@example.com,M,48,West Michael,USA,2024-10-28,Affiliate
5735,David,Davis,laurenthompson@example.org,F,59,East Nathaniel,USA,2024-06-10,Google Display
5736,Michelle,Green,sampsonbrittany@example.org,F,59,Adamsborough,USA,2023-11-16,Affiliate
5737,Eric,Crane,cindy83@example.org,F,51,Port Jesseville,USA,2024-10-23,Facebook Ads
5738,Maria,Buck,kristen08@example.net,M,26,South Patrickmouth,USA,2025-04-09,Instagram Ads
5739,George,Townsend,brittany44@example.net,M,39,New Stephanie,USA,2024-12-08,Google Search
5740,Natalie,Myers,davisemily@example.org,M,30,West Donald,USA,2024-07-27,Affiliate
5741,Richard,Anderson,robertpaul@example.net,F,42,Daviston,USA,2025-02-28,Affiliate
5742,Eduardo,Henry,connermelissa@example.net,M,65,Adamsborough,USA,2024-01-18,Google Display
5743,Brandon,Valdez,stephenperez@example.com,M,35,Herrerafurt,USA,2026-04-29,Facebook Ads
5744,Christine,Dyer,stewartpeter@example.com,M,68,New Mariotown,USA,2025-10-20,Instagram Ads
5745,Ryan,Gutierrez,wliu@example.net,F,29,Danielchester,USA,2026-02-14,Email
5746,Sandra,Francis,dchase@example.org,F,57,Cassandraton,USA,2025-11-19,Email
5747,John,Hensley,jlopez@example.org,M,34,Adamsborough,USA,2025-05-26,Instagram Ads
5748,Gregory,Marks,brandon80@example.com,F,32,Port Colleenhaven,USA,2025-05-21,Google Display
5749,Andrew,Gonzales,pweiss@example.net,F,59,Robinsonshire,USA,2025-01-13,Facebook Ads
5750,Collin,Larsen,cynthiaroberts@example.org,M,32,East Lydiamouth,USA,2025-10-22,Affiliate
5751,Tina,Bowman,iprice@example.com,M,32,New Jessica,USA,2025-02-01,Google Display
5752,Victoria,Ponce,melissafischer@example.net,M,56,South Noah,USA,2024-03-27,Google Search
5753,Anthony,Smith,sbrown@example.com,F,30,Lake Roberto,USA,2026-01-19,Email
5754,Jennifer,Smith,yclay@example.com,F,34,Lake Roberto,USA,2025-03-28,Google Display
5755,Melinda,Sanchez,cindy04@example.com,F,49,East Lydiamouth,USA,2024-12-11,Google Display
5756,Cheryl,Williams,julie30@example.com,M,26,New Jamesside,USA,2024-12-13,Google Search
5757,David,Pena,moorestanley@example.com,F,57,Port Keith,USA,2024-08-24,Affiliate
5758,Whitney,Smith,florescrystal@example.org,M,37,Herrerafurt,USA,2026-03-27,Email
5759,David,Hanson,ruth54@example.com,M,43,West Donald,USA,2024-03-03,Facebook Ads
5760,Amber,Hampton,hector40@example.com,M,44,New Jessica,USA,2024-01-09,Google Search
5761,Franklin,Nguyen,wallacemaxwell@example.org,F,38,Cassandraton,USA,2024-02-04,Instagram Ads
5762,Mitchell,Taylor,charles50@example.org,M,35,New Mariotown,USA,2024-02-09,Facebook Ads
5763,Eric,Mcdonald,owenangela@example.com,M,30,Lisatown,USA,2025-07-24,Google Search
5764,Tina,Reed,david91@example.net,F,33,East Nathaniel,USA,2025-06-13,Email
5765,Christopher,Johnson,underwoodcurtis@example.org,M,26,East Nathaniel,USA,2026-06-12,Email
5766,Sharon,Smith,crystal04@example.net,F,29,East Nathaniel,USA,2026-06-23,Affiliate
5767,Carlos,Patterson,javieringram@example.com,F,61,North Noahstad,USA,2024-10-06,Google Display
5768,Colleen,Mueller,lhoffman@example.com,M,55,East Lydiamouth,USA,2024-11-20,Google Display
5769,William,Hood,bobbywalls@example.net,M,36,Jasonfort,USA,2024-08-26,Google Search
5770,Melissa,Morrison,xirwin@example.com,M,24,Herrerafurt,USA,2024-02-20,Facebook Ads
5771,Lisa,Gonzales,kevinhess@example.org,M,52,New Mariotown,USA,2024-02-26,Facebook Ads
5772,Jamie,Bruce,taylorlawrence@example.org,M,65,Lake Nicoleview,USA,2025-03-30,Facebook Ads
5773,Patricia,Price,molly64@example.org,F,35,West Donald,USA,2026-06-12,Google Display
5774,Michael,Steele,barrettrachel@example.com,M,33,New Jessica,USA,2025-08-15,Instagram Ads
5775,Caitlyn,Sparks,stephanie81@example.com,M,56,Ericmouth,USA,2023-08-21,Google Search
5776,Amy,Flores,hendrickspatrick@example.org,M,21,Port Keith,USA,2025-11-29,Affiliate
5777,Sarah,Rodriguez,lwilliamson@example.com,M,42,New Jamesside,USA,2026-03-05,Google Display
5778,Kimberly,Allen,andersonalan@example.org,M,49,Herrerafurt,USA,2025-12-22,Instagram Ads
5779,Jason,Hess,dalehudson@example.org,M,57,Daviston,USA,2025-11-06,Facebook Ads
5780,Mark,Bishop,tylergreen@example.org,F,30,New Stephanie,USA,2025-11-16,Affiliate
5781,John,Conley,bhickman@example.net,M,62,Danielchester,USA,2024-06-14,Email
5782,Billy,Porter,paulrojas@example.com,M,34,Lisatown,USA,2024-06-26,Google Display
5783,Jessica,Obrien,gharris@example.org,M,66,North John,USA,2024-08-12,Affiliate
5784,Tasha,Washington,cameronkim@example.org,F,54,Port Jesseville,USA,2024-02-23,Email
5785,Nicole,Williams,mjohnson@example.net,F,23,Wilkersonmouth,USA,2025-03-03,Instagram Ads
5786,Kenneth,Porter,hcox@example.net,F,36,New Mariotown,USA,2026-04-23,Google Display
5787,Dillon,Smith,zfranco@example.com,F,30,South Noah,USA,2025-02-15,Instagram Ads
5788,Tracie,Thompson,suarezamy@example.net,M,43,Daviston,USA,2024-09-14,Google Search
5789,Alexander,Hampton,gcastaneda@example.net,F,31,East William,USA,2026-04-08,Facebook Ads
5790,Bryan,Meadows,tchapman@example.net,F,48,New Mariotown,USA,2026-02-20,Instagram Ads
5791,Mike,Stephens,nicholas80@example.com,F,21,Herrerafurt,USA,2025-03-07,Email
5792,Charles,Cole,ericmitchell@example.net,M,56,New Mariotown,USA,2025-05-17,Facebook Ads
5793,Kristie,Holder,hsmith@example.org,M,25,Herrerafurt,USA,2025-03-20,Affiliate
5794,Amanda,Baker,williamsonrobin@example.com,M,42,West Michael,USA,2026-03-13,Instagram Ads
5795,Jonathan,Odonnell,jamesbutler@example.com,M,30,Lake Roberto,USA,2025-02-27,Affiliate
5796,Samantha,Ellis,paulwhite@example.org,F,49,Herrerafurt,USA,2023-10-02,Instagram Ads
5797,Wendy,Watts,vwarner@example.net,F,55,Cassandraton,USA,2024-10-14,Email
5798,Brian,Weeks,treid@example.org,M,55,Ramirezstad,USA,2025-06-18,Affiliate
5799,Amanda,Hardy,wilkinsonjason@example.net,M,45,East William,USA,2024-01-23,Google Display
5800,Theresa,Parsons,scottmartinez@example.net,M,47,Jasonfort,USA,2026-03-05,Instagram Ads
5801,Alicia,Crawford,victoria15@example.com,F,20,New Kellystad,USA,2025-01-01,Instagram Ads
5802,Stephanie,Garcia,egonzalez@example.com,M,45,West Donald,USA,2025-12-31,Google Search
5803,Teresa,Wilson,ybarnett@example.org,F,20,Juliechester,USA,2024-05-09,Affiliate
5804,Brooke,Hill,john17@example.net,F,62,South Patrickmouth,USA,2024-01-08,Affiliate
5805,Jeremy,Aguirre,debra97@example.com,M,51,New Kellystad,USA,2024-11-05,Instagram Ads
5806,Antonio,Parker,dorseyscott@example.com,F,33,Wilkersonmouth,USA,2025-09-08,Instagram Ads
5807,Richard,Prince,riverashane@example.com,M,39,Danielchester,USA,2026-06-15,Google Display
5808,Dominic,Greene,udixon@example.com,F,49,East Courtneychester,USA,2024-07-27,Facebook Ads
5809,David,Leach,edward58@example.com,F,55,East William,USA,2024-09-30,Google Display
5810,Greg,White,mcknightfernando@example.net,F,25,Lake Chad,USA,2024-10-20,Facebook Ads
5811,Christina,Williams,garciaveronica@example.com,M,25,Tashatown,USA,2023-11-09,Email
5812,Zachary,Gonzales,angelalambert@example.net,F,23,Ramirezstad,USA,2024-03-13,Google Display
5813,Joel,Taylor,maryestrada@example.net,M,31,Lake Mark,USA,2025-02-12,Instagram Ads
5814,Devin,Howard,rodney86@example.org,F,49,South Noah,USA,2025-03-26,Instagram Ads
5815,Patricia,Bird,perezrichard@example.com,F,52,East William,USA,2024-05-07,Google Display
5816,Angela,Hansen,james14@example.net,M,27,New Mariotown,USA,2024-01-10,Google Display
5817,Dustin,Hall,adam60@example.org,F,20,East Lydiamouth,USA,2025-09-24,Affiliate
5818,Edgar,Patterson,melissa09@example.com,M,29,South Patrickmouth,USA,2023-10-08,Instagram Ads
5819,Cassidy,Johnson,smithcarla@example.com,F,66,Lake Nicoleview,USA,2024-09-19,Google Display
5820,Mary,Watkins,kyle43@example.org,F,48,Lake Chad,USA,2023-09-15,Google Display
5821,Thomas,Stone,melissa27@example.net,M,46,South Patrickmouth,USA,2024-06-08,Instagram Ads
5822,Katherine,Vazquez,pruittleroy@example.net,M,22,Jacquelineland,USA,2023-12-08,Affiliate
5823,Elizabeth,Pierce,mparks@example.org,F,69,Juliechester,USA,2025-01-14,Instagram Ads
5824,Susan,Moore,xbraun@example.com,M,42,Cassandraton,USA,2025-04-02,Google Search
5825,Daniel,Brady,burtonerika@example.com,F,58,Teresaburgh,USA,2025-10-18,Google Search
5826,Cameron,Wilson,fowlermichael@example.org,M,48,South Noah,USA,2024-10-06,Affiliate
5827,Gregory,Irwin,qodonnell@example.org,F,38,Coxberg,USA,2024-06-21,Facebook Ads
5828,Barbara,Parker,bmorgan@example.net,M,37,New Stephanie,USA,2025-08-07,Facebook Ads
5829,Michael,Boone,justinoneal@example.net,M,56,Lake Mark,USA,2026-02-03,Google Search
5830,Christopher,Ferrell,moorenathaniel@example.net,M,39,East Nathaniel,USA,2026-03-05,Email
5831,James,Roberson,mcooper@example.net,M,21,Danielchester,USA,2026-03-30,Email
5832,Trevor,Stewart,briancummings@example.net,M,30,New Kellystad,USA,2024-07-29,Facebook Ads
5833,Marcus,Rivers,kathrynwilliams@example.org,F,62,East Nathaniel,USA,2024-09-27,Google Display
5834,Shelly,Chandler,kentjohn@example.org,F,59,East William,USA,2025-05-08,Google Display
5835,Troy,Bush,dawn43@example.org,M,67,Port Keith,USA,2025-11-14,Facebook Ads
5836,Theresa,Watkins,michael78@example.com,F,66,East Courtneychester,USA,2026-05-22,Google Search
5837,Rose,Steele,natalie04@example.com,F,37,New Mariotown,USA,2026-05-16,Instagram Ads
5838,David,Fields,nball@example.com,F,69,West Natashaport,USA,2023-12-29,Email
5839,Miranda,Rodgers,dorisphillips@example.net,F,30,North Noahstad,USA,2025-12-05,Google Display
5840,Robert,Burton,johnsoncandace@example.com,F,34,North John,USA,2025-03-21,Instagram Ads
5841,Kelly,Thompson,bethwright@example.com,M,53,Adamsborough,USA,2025-06-14,Facebook Ads
5842,David,Anderson,rodneyhunter@example.net,F,50,Wilkersonmouth,USA,2024-12-13,Google Display
5843,Kimberly,Ponce,justinvargas@example.org,M,18,Port Colleenhaven,USA,2024-07-27,Google Search
5844,Michael,Elliott,wardmelinda@example.net,F,32,West Michael,USA,2025-10-09,Google Display
5845,Jeremy,Gregory,patricia51@example.net,M,30,Lake Roberto,USA,2023-12-26,Facebook Ads
5846,Kaylee,Mitchell,joshua70@example.net,M,34,West Michael,USA,2025-11-10,Google Display
5847,Robert,Pearson,casejohn@example.com,M,41,Ramirezstad,USA,2025-05-16,Google Display
5848,Kelly,Morris,yfernandez@example.net,F,25,Port Colleenhaven,USA,2026-04-17,Affiliate
5849,Melody,Harvey,sclark@example.net,M,67,North Noahstad,USA,2026-01-15,Affiliate
5850,Eric,Martin,bauerian@example.com,F,44,Herrerafurt,USA,2025-06-15,Instagram Ads
5851,Cody,Keller,floresjose@example.com,M,62,Ramirezstad,USA,2026-06-20,Google Search
5852,William,Robinson,dreid@example.org,M,40,Robinsonshire,USA,2025-01-02,Google Search
5853,Mitchell,Johnson,howellstacey@example.net,M,63,New Mariotown,USA,2023-08-08,Google Display
5854,Richard,Anderson,jacobsullivan@example.com,M,25,South Noah,USA,2025-09-07,Affiliate
5855,Morgan,Rich,davidcook@example.org,F,25,Ramirezstad,USA,2023-07-21,Facebook Ads
5856,Kayla,Obrien,scotttravis@example.com,F,43,Jacquelineland,USA,2025-01-30,Email
5857,Yolanda,Newton,scottmiddleton@example.com,M,64,Ericmouth,USA,2025-01-10,Google Search
5858,Mark,Graves,christinehowell@example.org,M,30,Robinsonshire,USA,2024-09-16,Google Display
5859,Linda,Cochran,michael41@example.net,F,56,Port Colleenhaven,USA,2025-12-17,Instagram Ads
5860,Amy,Walker,shaun92@example.net,M,54,Danielchester,USA,2024-01-15,Instagram Ads
5861,Lindsey,Newton,garcialinda@example.com,F,66,Jasonfort,USA,2023-11-09,Facebook Ads
5862,Carrie,Ray,timothycampbell@example.net,M,45,South Aaron,USA,2026-01-13,Email
5863,Victoria,Rosario,dawn33@example.org,M,42,New Stephanie,USA,2023-10-03,Google Search
5864,Deborah,Andrews,charlesortega@example.net,M,33,East Courtneychester,USA,2024-06-09,Affiliate
5865,Troy,Mosley,jensenrodney@example.org,F,19,Wilkersonmouth,USA,2026-02-13,Google Display
5866,Noah,Mccoy,danielsmith@example.org,M,35,New Jamesside,USA,2025-11-25,Affiliate
5867,George,Rice,elizabeth95@example.net,M,34,New Stephanie,USA,2025-07-21,Facebook Ads
5868,Karina,Humphrey,mackmichael@example.net,F,47,Port Jesseville,USA,2023-12-02,Instagram Ads
5869,Mark,Hunt,baxterkristen@example.org,M,56,West Michael,USA,2023-10-30,Affiliate
5870,Isabel,Rivera,paigedavenport@example.com,M,30,Port Keith,USA,2026-07-02,Instagram Ads
5871,Jared,Cross,rschultz@example.org,M,49,Port Jesseville,USA,2025-09-01,Instagram Ads
5872,Sara,Jimenez,lhampton@example.com,F,67,Tashatown,USA,2026-04-11,Facebook Ads
5873,Erica,Alvarez,christopherburgess@example.com,F,46,West Michael,USA,2024-01-13,Email
5874,Jorge,Mcguire,qanderson@example.org,M,63,Robinsonshire,USA,2024-11-16,Facebook Ads
5875,Sean,Lee,collinsdebra@example.com,M,47,West Donald,USA,2025-07-03,Affiliate
5876,Joseph,Logan,wheeleranne@example.net,F,35,East Courtneychester,USA,2024-05-09,Instagram Ads
5877,Tanya,Andrews,qthompson@example.net,M,30,Lake Chad,USA,2024-02-24,Google Display
5878,Joshua,Church,katiegriffin@example.net,F,60,East William,USA,2023-10-07,Instagram Ads
5879,Michael,Nash,elizabethgutierrez@example.com,F,38,Robinsonshire,USA,2023-07-24,Email
5880,Sean,Flores,huangeric@example.org,M,47,Daviston,USA,2025-06-25,Facebook Ads
5881,David,Johnson,christopherschmidt@example.com,M,38,Lake Chad,USA,2023-12-08,Instagram Ads
5882,Andrew,Kelly,hillmaria@example.com,M,65,New Kellystad,USA,2024-10-14,Google Display
5883,Stephanie,Jones,ushaffer@example.com,M,34,East Courtneychester,USA,2025-08-08,Instagram Ads
5884,Laura,Schmitt,brian43@example.com,M,57,South Noah,USA,2026-07-12,Affiliate
5885,Kayla,Smith,philipwatson@example.com,F,36,South Patrickmouth,USA,2024-09-04,Instagram Ads
5886,Kevin,Wood,dcox@example.org,M,69,South Patrickmouth,USA,2025-09-19,Google Display
5887,Brianna,Woods,christopher05@example.org,M,32,North John,USA,2024-11-03,Google Display
5888,Mark,Smith,johnbrown@example.com,F,26,Adamsborough,USA,2026-03-20,Google Search
5889,Ronald,Park,collinstodd@example.org,M,69,New Jamesside,USA,2026-02-18,Instagram Ads
5890,Mary,Monroe,jeffrey73@example.org,F,27,Lake Mark,USA,2024-07-04,Google Display
5891,Kimberly,Russo,amysmith@example.com,F,61,Ericmouth,USA,2025-09-02,Email
5892,Chad,Macdonald,mhernandez@example.org,M,48,Herrerafurt,USA,2026-05-07,Facebook Ads
5893,Leah,Gray,mikayla71@example.org,M,40,Port Colleenhaven,USA,2024-11-02,Facebook Ads
5894,David,Munoz,ryanberg@example.org,F,69,Coxberg,USA,2024-07-15,Affiliate
5895,Brian,Wilson,ksandoval@example.net,M,47,Lisatown,USA,2026-02-08,Email
5896,Taylor,Lynch,daltonjohnston@example.com,M,50,Port Colleenhaven,USA,2024-10-11,Instagram Ads
5897,Antonio,Conrad,jnunez@example.com,M,69,Jacquelineland,USA,2024-05-10,Facebook Ads
5898,Robert,Jones,edwardroy@example.net,M,26,Jacquelineland,USA,2024-03-14,Email
5899,William,Potter,jennifer79@example.net,M,64,Jasonfort,USA,2025-01-25,Email
5900,William,Scott,spencerhowell@example.net,M,18,New Jessica,USA,2025-10-06,Google Search
5901,Amanda,Jordan,sergioking@example.net,F,61,East Nathaniel,USA,2024-02-08,Instagram Ads
5902,Heather,Smith,hudsonscott@example.com,M,52,Robinsonshire,USA,2024-04-25,Google Display
5903,Lisa,Garza,allen33@example.com,F,28,Ramirezstad,USA,2024-11-24,Instagram Ads
5904,Edward,Barrett,conleypatrick@example.net,M,51,Ericmouth,USA,2025-02-08,Email
5905,Carl,Smith,rebeccawhite@example.com,M,33,North John,USA,2025-10-19,Google Display
5906,Richard,Hurley,davidsonshannon@example.com,M,26,East Courtneychester,USA,2025-12-02,Affiliate
5907,Brian,Ramirez,elizabethpatton@example.net,M,49,Adamsborough,USA,2023-11-10,Google Display
5908,Rebecca,Ortiz,taylorryan@example.org,M,32,South Noah,USA,2023-11-24,Google Search
5909,Desiree,Carr,johnsonraven@example.net,M,29,Robinsonshire,USA,2023-09-08,Facebook Ads
5910,Ryan,Torres,brian58@example.org,M,50,New Jamesside,USA,2024-07-12,Affiliate
5911,Cassidy,Walker,rebecca78@example.net,M,62,Ericmouth,USA,2026-03-15,Google Search
5912,Yvonne,Warner,deangina@example.com,M,31,New Mariotown,USA,2025-11-29,Facebook Ads
5913,Amanda,Brown,dbernard@example.net,M,25,Port Jesseville,USA,2024-10-23,Google Display
5914,Sandra,Jones,kyle16@example.net,M,25,South Patrickmouth,USA,2024-10-27,Email
5915,Jennifer,Davis,rmalone@example.org,F,44,Lisatown,USA,2026-01-18,Affiliate
5916,Joshua,Waller,eoneal@example.org,M,29,New Kellystad,USA,2025-03-19,Google Search
5917,Anthony,Yang,angela40@example.com,F,18,Juliechester,USA,2025-05-30,Affiliate
5918,Timothy,Dawson,jacqueline24@example.org,M,60,South Aaron,USA,2023-08-23,Affiliate
5919,Brian,Miller,francisapril@example.com,F,57,Lake Mark,USA,2023-10-27,Google Search
5920,Michael,Hansen,jthompson@example.net,M,59,Ericmouth,USA,2024-06-21,Email
5921,Kevin,Spears,gbaker@example.net,M,68,West Natashaport,USA,2024-05-09,Affiliate
5922,Tammy,Reed,howardcox@example.net,F,28,Lake Mark,USA,2025-04-05,Google Display
5923,Christopher,Taylor,qhall@example.net,M,56,New Kellystad,USA,2026-01-18,Instagram Ads
5924,Tonya,Ramos,eterry@example.org,F,60,South Aaron,USA,2025-02-19,Email
5925,Barbara,Jefferson,robertojackson@example.net,M,48,Adamsborough,USA,2025-07-08,Google Display
5926,Michael,Wood,heatherscott@example.org,F,34,Robinsonshire,USA,2023-10-26,Email
5927,Alexandra,Smith,edwardsmia@example.com,F,50,Tashatown,USA,2024-10-04,Facebook Ads
5928,Joshua,Garcia,molly13@example.net,M,49,West Natashaport,USA,2025-03-07,Facebook Ads
5929,Patricia,Mcgrath,ericmcconnell@example.com,M,46,New Jessica,USA,2024-08-17,Instagram Ads
5930,William,Lewis,dallen@example.com,F,38,Wilkersonmouth,USA,2026-03-27,Affiliate
5931,Lisa,Hernandez,dylanyoung@example.net,F,38,Ericmouth,USA,2023-12-23,Google Search
5932,Joanne,Carroll,bmoody@example.com,F,57,Teresaburgh,USA,2026-05-16,Instagram Ads
5933,Gabriel,Smith,oliviabrooks@example.org,F,40,Juliechester,USA,2024-10-20,Email
5934,Jonathon,Vazquez,jennifer04@example.net,M,23,Jacquelineland,USA,2024-01-21,Google Display
5935,Patricia,Williams,aprillopez@example.net,M,39,South Noah,USA,2024-08-01,Email
5936,Scott,White,michellecurry@example.org,M,67,Adamsborough,USA,2025-11-03,Google Search
5937,Nancy,Moore,misty73@example.com,M,55,West Donald,USA,2023-08-08,Google Search
5938,Bruce,Bell,margarettaylor@example.org,M,54,New Stephanie,USA,2025-10-23,Google Display
5939,Sharon,Beck,xchaney@example.org,M,62,East Nathaniel,USA,2023-09-25,Affiliate
5940,Mitchell,Horn,xburgess@example.org,M,68,Lake Nicoleview,USA,2026-01-18,Facebook Ads
5941,Katie,Calderon,sharon77@example.com,F,25,Ramirezstad,USA,2025-10-24,Instagram Ads
5942,Melissa,Gardner,flewis@example.org,F,58,West Natashaport,USA,2024-04-02,Email
5943,Scott,Lawrence,bsmith@example.net,F,66,North John,USA,2026-06-16,Google Search
5944,Marvin,Wagner,yatesjanet@example.net,M,52,North John,USA,2025-11-21,Affiliate
5945,Jeffrey,Hopkins,vowen@example.com,M,68,Herrerafurt,USA,2025-08-09,Facebook Ads
5946,Michael,Lee,yconner@example.com,M,28,South Noah,USA,2025-12-17,Facebook Ads
5947,Martin,Moore,sara22@example.org,M,41,Coxberg,USA,2023-07-31,Google Search
5948,Tami,Douglas,kelsey44@example.org,M,66,East Nathaniel,USA,2025-04-22,Email
5949,Grace,Hughes,aprilwest@example.net,M,38,New Jessica,USA,2025-07-29,Affiliate
5950,Sherri,Williams,zhudson@example.net,F,68,Port Keith,USA,2024-02-24,Email
5951,Carol,Morgan,beandiane@example.net,F,19,Danielchester,USA,2024-02-21,Instagram Ads
5952,Jennifer,Jensen,jamesterri@example.net,M,57,Juliechester,USA,2026-07-17,Affiliate
5953,Nicholas,Torres,toddbrooks@example.com,M,36,Teresaburgh,USA,2025-12-05,Affiliate
5954,Daniel,Brown,ocurtis@example.org,M,56,Coxberg,USA,2024-08-15,Google Search
5955,Carmen,Curtis,udurham@example.net,M,45,New Kellystad,USA,2023-08-24,Affiliate
5956,Bonnie,Austin,taylorluis@example.net,M,34,New Kellystad,USA,2025-02-16,Affiliate
5957,Christina,Leonard,byrdsherry@example.net,F,23,North John,USA,2025-10-27,Affiliate
5958,April,Reyes,foxchristopher@example.org,F,36,Lake Chad,USA,2024-12-03,Email
5959,Justin,Garner,janejohnson@example.com,F,55,Daviston,USA,2025-01-28,Google Search
5960,William,Cook,jose43@example.com,M,45,New Jamesside,USA,2023-12-12,Instagram Ads
5961,Daniel,Gonzalez,ttrevino@example.net,F,19,Herrerafurt,USA,2025-01-09,Google Search
5962,Tyler,Butler,kimberlyjones@example.net,F,55,Ramirezstad,USA,2023-10-09,Facebook Ads
5963,Sandra,Brown,jesse43@example.org,F,54,New Jessica,USA,2025-11-09,Facebook Ads
5964,Tonya,Hudson,xrivera@example.com,F,68,Robinsonshire,USA,2025-01-29,Google Display
5965,Kristin,Thompson,hawkinssusan@example.org,F,69,Juliechester,USA,2025-12-22,Instagram Ads
5966,Melanie,Kennedy,fmartin@example.net,F,21,West Donald,USA,2026-05-28,Google Search
5967,Patricia,Garcia,tamarakelly@example.net,M,39,Port Keith,USA,2024-11-12,Google Display
5968,Paul,Robinson,ginarodriguez@example.org,M,43,West Donald,USA,2025-01-04,Google Search
5969,Daniel,Buchanan,parkerjacqueline@example.org,M,66,Lake Mark,USA,2025-01-09,Instagram Ads
5970,Leroy,Stephens,salasamanda@example.net,M,60,Ericmouth,USA,2025-12-23,Google Display
5971,Andrew,Robinson,darren52@example.com,F,53,East Lydiamouth,USA,2024-01-17,Google Display
5972,Randy,Tran,smithmaurice@example.org,F,30,Lake Mark,USA,2026-05-06,Email
5973,Andrew,Nolan,stevensdonna@example.org,M,69,West Michael,USA,2025-10-25,Affiliate
5974,Caleb,Sanders,ericdaniels@example.org,M,49,West Donald,USA,2023-10-08,Instagram Ads
5975,Elaine,Friedman,anthonyknight@example.net,M,34,South Noah,USA,2026-03-16,Google Search
5976,Christopher,Carlson,jonesruth@example.com,M,58,Tashatown,USA,2024-09-15,Email
5977,Paul,Grimes,lisajohnson@example.com,M,53,Jasonfort,USA,2025-01-10,Facebook Ads
5978,Patricia,Moore,nfitzgerald@example.net,F,63,Lisatown,USA,2025-08-06,Google Search
5979,Nicole,Perez,michaelrodriguez@example.com,M,36,Ramirezstad,USA,2025-09-03,Instagram Ads
5980,Robert,Nguyen,johnsonmegan@example.net,M,52,Wilkersonmouth,USA,2024-05-11,Instagram Ads
5981,Shawna,Washington,johnsmichael@example.org,F,63,New Mariotown,USA,2025-12-21,Google Search
5982,Stacey,Garcia,dianejohnson@example.com,M,57,Coxberg,USA,2024-11-14,Affiliate
5983,Brian,Hancock,littlejames@example.net,M,45,New Kellystad,USA,2025-06-09,Facebook Ads
5984,Robert,Rogers,annawalker@example.com,M,18,North Noahstad,USA,2024-03-20,Affiliate
5985,Tina,Blanchard,timothy33@example.net,F,59,Teresaburgh,USA,2023-11-05,Google Display
5986,Luke,Gordon,johnsonangela@example.org,M,35,Port Colleenhaven,USA,2024-09-19,Facebook Ads
5987,Erin,Freeman,daviskyle@example.net,M,65,Jacquelineland,USA,2024-04-07,Email
5988,David,Myers,hannakimberly@example.org,M,57,Port Jesseville,USA,2025-04-10,Google Display
5989,Kayla,Mckee,michelle58@example.net,M,50,Herrerafurt,USA,2025-07-27,Google Display
5990,Jennifer,Roberts,dawn01@example.net,F,29,West Michael,USA,2023-11-10,Facebook Ads
5991,Debbie,Harper,jasonsmith@example.com,F,25,Robinsonshire,USA,2026-06-23,Affiliate
5992,Daniel,Boyd,sullivanalfred@example.net,M,41,Ericmouth,USA,2023-11-17,Email
5993,Tommy,Bailey,hcosta@example.net,F,33,Adamsborough,USA,2025-04-11,Google Display
5994,Evan,Briggs,wkennedy@example.org,M,67,Tashatown,USA,2024-05-20,Email
5995,Clinton,Myers,dorothynunez@example.net,F,21,East Nathaniel,USA,2025-06-04,Affiliate
5996,Justin,Gonzalez,ireed@example.net,M,55,East William,USA,2026-02-25,Instagram Ads
5997,Angela,Blake,kmueller@example.org,M,61,New Jamesside,USA,2023-12-20,Facebook Ads
5998,Adam,Bruce,bmiller@example.org,M,44,Jasonfort,USA,2024-09-10,Google Display
5999,Emily,Perez,sbennett@example.org,M,26,East Nathaniel,USA,2024-04-19,Instagram Ads
6000,Kristen,Sharp,matthew14@example.com,M,64,Jacquelineland,USA,2025-04-14,Affiliate
